record_id,region,soil_type,crop_type,season,growth_stage,irrigation_method,soil_moisture_pct,temperature_c,humidity_pct,rainfall_mm,wind_speed_kmh,soil_ph,nitrogen_ppm,phosphorus_ppm,potassium_ppm,evapotranspiration,irrigation_needed
1,North,Silt,Sugarcane,Zaid,Seedling,Furrow,36.21780832,26.80906561,48.02306139,3.462439427,18.24995777,4.869483357,89.34023957,88.36193149,61.27696845,4.629256465,1
2,North,Peaty,Groundnut,Kharif,Fruiting,Sprinkler,76.55000145,29.20306978,44.96840722,6.866826958,4.61279989,4.743014918,64.30094349,5.641002826,19.43764391,9.98412261,0
3,South,Sandy,Sugarcane,Rabi,Maturity,Sprinkler,,40.6364218,33.21154344,4.135299294,8.665992359,6.916767803,135.0297935,88.77774943,25.90364112,11.93814498,0
4,South,Clay,Cotton,Kharif,Seedling,Flood,51.90609389,25.20013158,65.54500026,0.434889159,16.58201592,8.36446529,30.65698314,13.00194798,37.03758128,10.24837692,0
5,South,Peaty,Rice,Rabi,Seedling,Drip,20.92130483,41.08949054,55.74681204,1.026396831,12.05223361,6.510885236,82.29989824,102.9999146,41.74893354,4.807572191,1
6,Central,Peaty,Soybean,Kharif,Maturity,Flood,20.91961642,17.64403293,84.92757442,1.238002137,18.46427597,4.706060904,98.0294021,56.56125875,49.66367089,8.823776328,1
7,West,Sandy,Cotton,Kharif,Maturity,Sprinkler,14.06585285,38.30395312,22.40821854,1.49111553,24.03019753,5.384874624,115.5790285,121.4659913,52.36930594,6.873157917,1
8,East,Peaty,Soybean,Zaid,Maturity,Sprinkler,70.6323302,40.42642899,68.29009457,4.16668508,2.913667193,5.479171626,56.97594426,136.6667406,93.42185082,9.651695623,0
9,Central,Sandy,Soybean,Rabi,Flowering,Drip,52.07805082,20.45452959,77.22116589,3.505551812,17.73919291,5.851428517,96.16906707,60.48099951,104.4625041,2.684071341,0
10,West,Peaty,Cotton,Kharif,Flowering,Flood,59.56508045,27.91039597,76.96149269,1.135507107,5.758603891,4.674413534,42.44820599,66.78051784,63.32023767,8.019480519,0
11,North,Clay,Tomato,Kharif,Maturity,Flood,11.4409146,19.96499324,86.45554753,0.349724713,10.36191819,8.119570802,60.96665293,85.57139925,185.9957661,9.510334507,1
12,Central,Sandy,Cotton,Zaid,Maturity,Drip,77.89368965,36.19812387,74.67753071,0.940283081,0.821568145,6.562255779,125.3877984,28.58424467,113.3936433,9.373544689,0
13,West,Sandy,Sugarcane,Zaid,Fruiting,Sprinkler,68.27098486,31.06043304,89.58575462,20.79643586,3.397684557,7.183723172,132.9870653,134.4632619,161.4327702,11.59952306,0
14,Central,Peaty,Sugarcane,Rabi,Seedling,Sprinkler,24.86373775,34.0597004,44.94924499,3.160702098,7.994432226,4.768691348,100.6344286,62.78498934,189.4687556,1.642525189,1
15,North,Chalky,Wheat,Zaid,Vegetative,Drip,22.7277477,20.89460901,57.74070626,10.10003655,8.549645132,4.716461871,52.40926471,24.18894871,33.44269849,4.80357306,1
16,North,Silt,Tomato,Kharif,Flowering,Drip,22.83831569,21.35237586,21.05597475,9.444187454,22.48963041,6.845871088,114.8080906,110.5961158,87.71426916,6.2420894,1
17,Central,Chalky,Tomato,Kharif,Flowering,Drip,31.29695701,16.24491977,20.52181905,3.58227922,18.54532273,8.049184042,3.621391442,31.776949,88.80813235,4.407398812,1
18,Central,Chalky,Onion,Kharif,Maturity,Flood,46.73295021,24.66202606,38.00949653,6.132586981,24.3045742,6.613928004,14.38442748,20.81174489,72.66681134,4.40768465,0
19,East,Sandy,Tomato,Zaid,Maturity,Drip,40.2361513,31.79233984,27.56053979,1.070621799,14.97678776,8.01127669,92.59232309,81.61645095,1.825702643,2.937414674,1
20,South,Silt,Rice,Rabi,Maturity,Sprinkler,,40.73804742,39.5158526,5.830121952,6.042843302,7.743965092,40.77480054,97.36681202,167.2742821,9.942465433,0
21,West,Chalky,Groundnut,Kharif,Vegetative,Drip,52.82970263,35.00782342,33.27824709,1.589913193,8.191375748,4.803415143,133.1940706,82.5865974,22.86966092,10.98875949,0
22,North,Loamy,Maize,Zaid,Flowering,Flood,19.76457025,28.0618897,22.13900186,8.920804957,7.995898082,5.307829898,61.04848569,95.1940441,204.0735226,1.905600955,1
23,North,Clay,Rice,Kharif,Vegetative,Furrow,30.4501254,43.59360343,88.19781098,0.437188975,8.162358192,7.130842677,60.11107485,16.75098178,158.4564908,2.703888029,1
24,West,Silt,Sugarcane,Zaid,Seedling,Furrow,35.64532903,36.57735602,20.61673485,7.41708171,16.82410433,6.27400553,94.93113143,69.02261549,118.9020536,3.512982999,1
25,Central,Chalky,Cotton,Rabi,Vegetative,Flood,41.9248989,42.90495609,75.20616083,0.526452072,13.2701982,5.662799255,107.4595987,51.76770339,31.69431564,6.598862322,1
26,East,Chalky,Groundnut,Zaid,Fruiting,Furrow,64.9623173,30.8276392,31.41109152,10.65111639,9.635604452,6.174535424,66.57822334,141.1384494,105.6555591,9.702892366,0
27,West,Clay,Rice,Rabi,Flowering,Drip,23.97716475,22.76712824,,1.813497549,3.727244218,6.280798585,29.96012624,7.195470456,53.52729188,1.786010772,1
28,Central,Sandy,Rice,Rabi,Vegetative,Furrow,45.99641069,16.58480059,86.95969547,5.312270216,0.553479074,8.142209003,108.26321,43.25265944,51.72611753,8.004942842,0
29,North,Chalky,Tomato,Zaid,Flowering,Furrow,51.46901982,36.78254554,69.04258598,3.34229507,5.47086694,4.913833135,44.84917848,136.5700181,170.0534961,2.642690019,0
30,Central,Clay,Cotton,Rabi,Maturity,Furrow,13.25152889,18.63908994,70.41756124,2.28092293,2.686785099,5.618922987,24.5155077,142.6069466,78.03210691,11.68602775,1
31,South,Silt,Potato,Zaid,Vegetative,Sprinkler,52.52813963,24.08325385,20.40043565,-999,19.63612577,6.650259266,88.42962659,119.6107331,92.3983797,10.88650774,0
32,East,Chalky,Onion,Kharif,Flowering,Drip,21.93668866,30.97412724,93.86536746,14.73689965,2.812448945,7.293147707,12.66351338,11.01974538,172.8077712,11.44541134,1
33,South,Chalky,Onion,Rabi,Vegetative,Furrow,14.55361151,31.93249763,85.83744527,0.210727618,18.10570593,7.022549156,135.9893745,81.39647911,17.99707827,2.167802653,1
34,South,Sandy,Sugarcane,Kharif,Vegetative,Furrow,76.42198761,33.01749591,87.13296693,12.55745589,9.641467244,8.266570951,88.53561702,58.01783394,121.8966599,6.368400211,0
35,Central,Chalky,Soybean,Kharif,Vegetative,Flood,77.59424232,19.98765991,69.44334028,4.696282886,1.834459744,7.682435699,138.0253729,116.9356223,118.5342147,2.817712237,0
36,Central,Silt,Wheat,Rabi,Fruiting,Furrow,66.58781437,26.39212214,45.85901965,8.233474595,20.31825124,6.728307368,47.44507929,7.978514158,87.1689867,7.603911059,0
37,West,Sandy,Maize,Zaid,Fruiting,Sprinkler,31.32296384,33.51582681,87.02364868,2.421526692,14.49076426,5.358730767,135.9687226,28.58366899,170.1038015,3.560130239,1
38,North,Silt,Groundnut,Zaid,Vegetative,Flood,16.83704798,44.09456594,41.86376961,3.191808217,5.894037822,6.303496926,20.37871468,70.9332846,193.2924626,9.476940817,1
39,East,Sandy,Groundnut,Zaid,Vegetative,Furrow,57.89631186,36.82893413,62.20336575,10.15709653,22.36702936,7.273528977,5.697268129,22.85891113,95.39385169,8.084028607,0
40,South,Chalky,Soybean,Zaid,Flowering,Flood,40.81067456,,27.47982293,2.679417924,1.131457847,7.851848699,4.617768464,100.4436957,93.51014545,7.287650537,0
41,Central,Silt,Cotton,Kharif,Maturity,Flood,,37.86636175,89.14667226,3.824930134,5.045490205,8.338944898,65.08185188,119.0112471,102.9230646,10.07749874,0
42,North,Loamy,Onion,Zaid,Seedling,Drip,44.66238371,32.75150907,30.55778433,0.102008141,18.8011732,6.921811065,11.62058765,102.1553846,148.2404263,6.503003339,1
43,West,Silt,Cotton,Rabi,Maturity,Furrow,,20.76070107,36.86726043,0.863428689,17.73444826,6.607677469,71.70350378,63.84113848,136.9523596,3.968369144,0
44,Central,Silt,Tomato,Kharif,Flowering,Flood,73.65242815,35.00056956,61.86006186,5.131734999,7.231792343,4.570767692,45.85007049,127.3662116,45.68116459,7.827760465,0
45,West,Loamy,Potato,Zaid,Fruiting,Furrow,28.11459871,33.70138698,77.30697502,6.311133815,1.550621884,4.788396277,46.98805895,19.9644891,13.09854646,11.52768895,1
46,Central,Clay,Tomato,Kharif,Flowering,Drip,56.3765599,33.07407511,66.45134795,4.368562643,21.45195181,5.124419991,88.98525952,37.74909467,194.5970966,7.612752997,0
47,East,Sandy,Tomato,Rabi,Flowering,Drip,31.81977533,29.69357604,37.41004346,0.773395976,7.842440952,4.719039725,22.83372086,70.98325436,53.51930075,7.925813939,1
48,South,Chalky,Sugarcane,Rabi,Seedling,Drip,46.40476148,30.85969812,20.07072819,2.947589671,4.892835373,6.103452955,107.3174718,8.894096837,130.9123204,11.28225749,1
49,West,Silt,Wheat,Zaid,Maturity,Flood,48.26971955,25.03327581,76.78629352,2.193259488,12.90154556,5.847514181,81.48432877,13.87443833,169.8297906,6.668026103,0
50,West,Clay,Onion,Rabi,Fruiting,Flood,22.93981189,30.57938078,93.89054944,3.422536501,22.75567998,7.049416631,128.092248,57.6292889,61.55673386,11.95993208,1
51,West,Peaty,Wheat,Kharif,Flowering,Flood,77.87092394,20.92667717,80.74348402,10.21377536,1.088664446,6.642660432,51.07769153,136.863513,130.2638498,2.756282479,0
52,Central,Clay,Wheat,Rabi,Seedling,Sprinkler,64.25929764,39.15523192,54.51549636,7.477454205,19.1451022,6.883883038,137.5800989,131.7199855,22.11954944,6.907438273,0
53,West,Peaty,Soybean,Zaid,Flowering,Sprinkler,75.76492591,20.57330864,87.7825446,0.438637265,14.3118307,6.387908812,80.61587054,67.56635445,198.8359461,3.341909251,0
54,Central,Sandy,Onion,Kharif,Flowering,Sprinkler,72.63791453,17.5489887,50.73857548,11.0504488,10.63622791,5.610948594,136.2762739,20.61298895,11.92244639,5.986590052,0
55,Central,Peaty,Sugarcane,Zaid,Maturity,Furrow,51.85299852,28.08738079,59.37005632,3.191090454,18.6020111,8.31130126,3.788491567,25.82561011,89.82580814,2.876313005,0
56,East,Loamy,Cotton,Kharif,Maturity,Sprinkler,74.53119645,34.74922319,55.78473255,6.810197415,24.14561061,4.845636639,101.9166851,54.74417792,110.0479446,3.447816487,0
57,Central,Loamy,Cotton,Zaid,Seedling,Furrow,16.19447514,28.13150475,53.57179045,0.754342543,5.730155279,8.255563998,114.3270134,30.46075829,162.0487646,3.318800546,1
58,North,Clay,Tomato,Rabi,Flowering,Sprinkler,23.71880037,23.30262396,78.1393077,5.55422693,3.591184127,5.744952187,7.444260135,12.03146119,24.831346,4.520344729,1
59,West,Loamy,Onion,Rabi,Flowering,Flood,13.16591022,31.74513552,,1.348071528,22.82204363,6.550645781,81.05575296,97.69773511,90.36563464,2.48065538,1
60,South,Loamy,Wheat,Zaid,Flowering,Flood,32.77312315,25.41007006,43.75378415,2.884657059,16.72382694,4.935369291,112.2719211,84.31005248,61.44087176,9.902763925,1
61,West,Clay,Sugarcane,Zaid,Vegetative,Furrow,37.20741028,42.9860307,39.36186257,0.085033336,10.94965054,4.783724273,78.54542153,42.23802991,63.96219672,3.42743157,1
62,North,Silt,Groundnut,Zaid,Vegetative,Flood,28.99443222,42.67935419,22.83104877,0.822077976,14.33148926,6.218181795,8.933902657,112.9475155,159.6515228,5.582258947,1
63,Central,Sandy,Groundnut,Zaid,Flowering,Drip,68.01162564,30.0711546,63.73963714,0.482997766,18.64034763,7.466789506,97.08261373,112.5125887,1.119493732,1.176628521,0
64,East,Peaty,Tomato,Zaid,Maturity,Furrow,34.97273287,24.83651982,37.24710616,1.370501439,19.32579747,5.57745911,8.483568054,71.19528568,153.5621465,2.153696976,1
65,Central,Clay,Maize,Rabi,Seedling,Drip,29.66541568,37.11397242,31.11004415,0.526903079,22.99735452,6.749391556,114.4456453,13.99722055,166.1316782,10.8589909,1
66,East,Loamy,Wheat,Zaid,Maturity,Flood,47.98872582,16.1013883,69.03724729,5.886817087,10.67106972,5.614601362,6.024785663,133.178063,184.77926,10.20876224,0
67,South,Peaty,Tomato,Kharif,Seedling,Furrow,19.86469575,29.24307018,71.09069434,0.147349527,7.33527275,6.054452244,19.23563334,96.95577591,128.5107697,10.25014698,1
68,West,Silt,Potato,Kharif,Fruiting,Flood,66.15378865,25.08970183,76.41161692,4.808277916,15.99160667,8.125785274,38.51506267,35.82236878,68.3583423,5.52488759,0
69,Central,Chalky,Rice,Rabi,Flowering,Flood,15.21854506,,57.76826723,0.758231439,10.39319748,7.923358502,88.67107092,88.51590932,87.58312017,2.556838787,0
70,East,Sandy,Potato,Zaid,Flowering,Flood,79.08208556,15.36009082,87.05409539,14.51680998,14.86496135,6.564070174,136.6902739,58.7281169,198.7958969,2.186839736,0
71,East,Sandy,Tomato,Rabi,Vegetative,Drip,64.05713385,31.58444627,90.2257065,13.52233861,10.49964496,5.45242251,16.49519937,92.12569776,180.6432994,7.661629973,0
72,North,Loamy,Groundnut,Rabi,Fruiting,Drip,23.91009771,37.21990743,80.55282048,1.277708125,3.824894667,5.272735651,19.97907369,68.71127988,95.02281137,10.1101258,1
73,North,Silt,Tomato,Zaid,Vegetative,Flood,10.3865482,29.55053963,67.66951115,4.765049759,11.73566879,8.316349412,51.64185554,70.39346178,193.3279165,10.9012593,1
74,West,Sandy,Maize,Kharif,Maturity,Flood,67.08229999,17.5620909,42.77907152,0.142024736,17.27294555,5.310866386,117.0706793,106.7029033,168.7057495,4.176048156,0
75,East,Peaty,Wheat,Kharif,Vegetative,Flood,59.48001407,44.1738417,93.72086912,13.42571369,19.98209519,7.732673244,65.41233339,88.99023318,184.7234216,4.531292268,0
76,South,Peaty,Cotton,Zaid,Seedling,Furrow,61.03050176,30.54031294,40.56021254,3.701060904,12.33315692,5.975880838,45.02548404,11.59314023,140.0103331,2.109643225,0
77,East,Chalky,Groundnut,Zaid,Flowering,Sprinkler,63.98892427,33.42558733,35.19926915,-999,4.130947255,8.44263939,78.56853651,9.479167715,175.8190789,9.518507682,0
78,East,Loamy,Wheat,Zaid,Maturity,Furrow,15.18312562,22.09829348,53.16155853,2.096552521,10.36719274,5.972622961,36.47324764,44.22633944,182.812059,4.032592982,1
79,Central,Silt,Groundnut,Zaid,Fruiting,Flood,35.092601,29.50494255,24.2630428,0.399814806,19.65734822,5.9060665,56.16238701,62.3856695,18.86339983,6.290224165,1
80,Central,Peaty,Groundnut,Zaid,Flowering,Furrow,18.11083417,27.87448476,93.38708485,2.495674795,10.32148177,7.049854516,46.56472089,39.90727108,197.8694802,11.21787035,1
81,North,Sandy,Onion,Kharif,Maturity,Flood,70.41723981,17.24687526,64.13251673,5.542197219,17.41326984,8.346067227,112.5797431,94.46167942,68.39068525,9.274373034,0
82,Central,Peaty,Potato,Rabi,Fruiting,Flood,53.63086888,18.18481061,61.77140687,3.173352867,12.68034204,8.404838423,129.3958017,28.2906501,90.17939946,1.580116859,0
83,East,Chalky,Maize,Rabi,Seedling,Sprinkler,33.16286174,40.12417559,69.18472099,2.42028701,6.030578128,7.328824586,106.3401069,102.100459,162.3402706,1.089700539,1
84,Central,Sandy,Potato,Kharif,Seedling,Sprinkler,14.44908452,22.19459857,57.27677358,0.634379636,19.9037627,7.518425463,61.47170064,112.1068576,136.3037426,9.661487185,1
85,North,Silt,Groundnut,Zaid,Fruiting,Flood,31.76876252,20.84874814,22.40476378,1.404783994,2.105336352,6.753608704,70.60689685,18.0262996,183.077282,7.077502607,1
86,West,Loamy,Tomato,Zaid,Flowering,Sprinkler,32.76283254,30.14734354,65.92334666,0.527598685,13.12225707,7.523102957,17.51031715,94.36690529,82.11761891,8.923678503,1
87,South,Chalky,Maize,Rabi,Seedling,Sprinkler,61.07243248,38.06241394,73.71304077,8.238262682,5.222275856,7.93911862,104.5610596,139.4082165,76.52407355,2.72496854,0
88,East,Chalky,Sugarcane,Zaid,Maturity,Furrow,54.62902299,16.85839556,51.25617955,0.726515341,1.676640714,6.444381213,83.50659512,27.9594535,6.496214156,10.59252635,0
89,South,Loamy,Groundnut,Rabi,Flowering,Drip,72.10489198,32.30423759,76.79716791,4.523952649,12.57334843,6.979449051,126.3415995,131.8489105,94.85870222,9.506574769,0
90,West,Loamy,Tomato,Kharif,Fruiting,Flood,43.05504476,18.57631329,37.02509745,2.098381149,12.4890539,6.649266781,28.0855601,87.87695264,148.4345079,10.79922805,0
91,East,Clay,Soybean,Kharif,Seedling,Drip,18.37159722,16.09383152,36.59574433,1.280777395,17.67252254,6.749882454,106.3616571,85.68700576,61.74163711,4.752056909,1
92,South,Loamy,Soybean,Rabi,Seedling,Flood,59.92713511,16.58231856,32.10627408,5.100878898,18.61876733,8.060191639,95.85403264,7.528788937,94.8589353,4.032757148,0
93,West,Loamy,Sugarcane,Zaid,Vegetative,Furrow,63.2549534,40.02492325,47.89960698,3.05325106,18.19478722,5.922467321,37.21837473,108.5035404,44.97654254,2.669045839,0
94,East,Sandy,Cotton,Rabi,Vegetative,Flood,49.28940383,18.53917451,83.52590265,2.555340493,10.23896832,5.332736102,93.43300954,69.34959263,158.4215002,11.23097359,0
95,West,Chalky,Groundnut,Rabi,Flowering,Sprinkler,63.9677026,16.35454093,82.09340466,4.492892676,15.79224468,6.325120441,129.4122733,104.5702868,12.40487007,2.945121239,0
96,East,Silt,Onion,Kharif,Flowering,Flood,44.56569175,28.13699661,48.7118156,3.379165967,14.42363107,5.332340762,128.5810383,117.33126,144.6035263,2.312489571,0
97,East,Silt,Sugarcane,Rabi,Fruiting,Sprinkler,46.59129806,40.31980416,64.1839052,1.808324067,10.5390439,6.493601703,100.7477204,75.95047414,77.68270241,3.119460299,1
98,West,Peaty,Tomato,Kharif,Fruiting,Furrow,39.92787129,22.87225129,,4.094246939,14.93031735,8.114032421,6.730235755,38.22842543,8.527194224,9.485198994,1
99,North,Loamy,Rice,Kharif,Fruiting,Sprinkler,11.77933887,27.65137853,38.0905081,5.535721564,23.68119692,6.969734082,122.1170072,20.52801125,174.9612654,10.78482158,1
100,South,Silt,Tomato,Kharif,Vegetative,Furrow,17.55239989,16.19767598,32.61058144,0.135279452,4.822343592,7.921731413,92.08900498,23.27295355,99.98298195,9.920048021,1
101,North,Silt,Sugarcane,Rabi,Seedling,Drip,12.200043,28.47235542,92.90719949,3.135596304,22.64430239,5.164763678,43.46079545,125.7055248,122.8603888,7.195624082,1
102,Central,Chalky,Cotton,Rabi,Seedling,Furrow,54.54872879,32.32839242,66.31679849,0.297069225,1.33638785,8.10349437,26.21505064,17.91882387,150.0662918,11.93272676,0
103,South,Silt,Soybean,Zaid,Fruiting,Sprinkler,32.00491868,32.12721161,93.60617914,1.031465444,7.709730323,6.907148658,16.26854082,55.78064059,134.2902588,1.757394709,1
104,East,Silt,Groundnut,Zaid,Vegetative,Drip,45.59994838,24.97280077,45.33169903,4.110687174,7.203631215,4.627039155,7.033165896,48.46982371,149.8256585,10.53910846,0
105,South,Sandy,Maize,Kharif,Fruiting,Sprinkler,73.52965317,24.46599542,72.7273775,10.05663145,15.6591277,7.032475821,105.5744547,125.4910717,156.2677453,5.704852479,0
106,South,Loamy,Cotton,Zaid,Maturity,Furrow,27.45045604,18.19870857,36.69527274,10.7196093,3.280623794,8.305587825,33.01801985,69.2655576,120.7760638,6.006345836,1
107,Central,Silt,Groundnut,Zaid,Flowering,Drip,38.72680461,26.00394962,39.59001285,0.362552452,22.0586903,4.816668002,3.395411046,144.4847305,74.95575534,2.40354383,1
108,North,Sandy,Groundnut,Kharif,Vegetative,Furrow,62.8885797,17.98484007,58.3926591,2.715927049,20.71378521,6.829824522,55.61789126,106.8729382,49.84414069,1.367762718,0
109,East,Clay,Maize,Kharif,Seedling,Flood,26.01587158,37.99787834,43.97135941,4.37342302,16.30164549,8.161914411,67.56499128,123.3839184,185.0951635,4.482911587,1
110,South,Peaty,Potato,Rabi,Maturity,Flood,15.38859369,43.98822893,32.57161729,0.795388431,11.46034579,4.538780673,23.69223233,14.30747857,198.8345932,2.923388864,1
111,North,Sandy,Maize,Kharif,Flowering,Sprinkler,30.2826017,44.1022337,39.71605265,7.250053392,23.32390105,7.023651706,6.166767063,36.69982701,73.3208648,6.316726317,1
112,Central,Peaty,Tomato,Zaid,Flowering,Flood,21.28549011,40.95213298,22.68112958,6.817486176,20.76866387,6.399609167,26.47756763,19.63969836,23.02369946,2.620635787,1
113,North,Peaty,Tomato,Zaid,Flowering,Flood,75.07883566,33.02376448,72.83177161,11.6828305,12.4828787,5.887957275,95.07438666,67.225186,45.62015206,2.517205102,0
114,Central,Clay,Maize,Zaid,Vegetative,Flood,66.56842657,36.02597092,56.90874928,0.042611116,17.54683386,7.01014596,11.51411482,104.1516858,137.4868059,10.64676883,0
115,South,Clay,Groundnut,Rabi,Vegetative,Sprinkler,54.33826296,23.55617408,27.06822998,1.221096999,14.1732488,4.710808378,77.70518428,24.51421739,35.45134084,11.13424171,0
116,East,Clay,Maize,Zaid,Vegetative,Furrow,71.00224131,33.92311261,32.87704948,8.777717702,14.69855596,7.512252185,20.49767831,18.87443896,159.925066,11.60637829,0
117,North,Sandy,Wheat,Rabi,Seedling,Flood,66.25704538,28.66948648,27.69009036,5.552109505,8.274401736,4.517917908,27.3964843,89.11826857,189.2211992,8.485526872,0
118,Central,Clay,Groundnut,Zaid,Seedling,Flood,23.05990412,29.46052019,65.94446062,11.24000415,11.55211512,5.727742975,55.03090366,33.3953493,197.5485606,9.481181553,1
119,East,Chalky,Tomato,Rabi,Seedling,Furrow,72.47912989,37.73329681,27.06577727,0.294397642,1.95303577,6.515834551,14.11554705,69.5021354,1.911728725,10.19363231,0
120,South,Silt,Potato,Zaid,Maturity,Flood,47.75395693,23.45755067,76.57117498,4.54364653,8.933717292,6.008089002,24.24849039,7.412070521,196.4216038,8.24814265,0
121,North,Sandy,Rice,Rabi,Maturity,Drip,66.52081086,24.54118835,21.53831895,4.208776286,17.39571288,5.729903741,48.8533376,98.68885775,151.7398559,4.632674152,0
122,West,Loamy,Potato,Zaid,Fruiting,Furrow,72.72639099,42.73925373,38.7031841,0.181631495,23.83040076,7.823340582,46.15366077,78.49087534,17.23029761,2.720256983,0
123,East,Clay,Wheat,Kharif,Fruiting,Furrow,32.26024325,16.68672885,86.80000069,3.602818787,24.07660282,8.239330297,104.898008,93.87632035,85.1242961,3.610006379,1
124,North,Sandy,Maize,Kharif,Flowering,Furrow,17.70363472,29.56902895,73.88984886,4.701896623,13.89307173,7.99485074,10.46952272,39.93392511,143.5093223,10.24455457,1
125,Central,Clay,Tomato,Rabi,Flowering,Flood,25.95546138,42.38402401,25.47262497,1.061594092,15.1655563,6.589725252,120.463103,40.39743143,196.120526,8.657069621,1
126,West,Peaty,Wheat,Rabi,Vegetative,Flood,39.8975452,33.31089023,81.58445784,1.596411255,4.643029638,8.036656701,114.2725039,116.1972773,33.64898569,6.013753399,1
127,East,Silt,Groundnut,Zaid,Flowering,Drip,67.26103361,31.39221223,56.97763412,5.113082821,17.3827027,8.183446261,107.2388296,104.1915354,26.1853228,1.323455849,0
128,West,Peaty,Tomato,Rabi,Flowering,Sprinkler,70.25114083,22.49232538,83.50872704,3.158388203,1.766469817,6.136953588,43.31213074,84.06065442,96.83114592,3.928248075,0
129,East,Clay,Onion,Rabi,Maturity,Sprinkler,10.48664914,25.29826467,65.05548308,9.76012203,7.117142145,5.633783438,115.20345,91.08080399,198.4602732,9.017872424,1
130,South,Sandy,Sugarcane,Rabi,Seedling,Furrow,45.75231118,40.56145247,71.1374774,2.095653538,16.70908368,4.893060823,25.59229124,13.63640603,199.1327391,6.636259586,1
131,Central,Chalky,Maize,Zaid,Flowering,Drip,39.21877022,31.77654395,94.51261703,1.550726858,7.757753289,6.416367684,17.41728882,124.1448391,46.72252192,5.790857439,1
132,Central,Silt,Potato,Zaid,Fruiting,Drip,25.54754673,30.44226581,37.42516594,20.95403734,1.246171853,8.285187682,6.293886689,111.6365198,65.46616533,4.450473409,1
133,South,Peaty,Tomato,Kharif,Fruiting,Sprinkler,18.39057571,17.98739141,66.79591811,12.10322791,20.79676023,6.743630112,131.5034508,85.6212724,186.1465571,7.676250136,1
134,East,Silt,Maize,Kharif,Flowering,Flood,33.633062,15.48084469,54.52410425,-999,7.758250178,7.170248407,43.12152568,133.196294,150.6425056,11.63023924,1
135,East,Silt,Tomato,Zaid,Vegetative,Furrow,76.00367927,43.91055566,22.95889647,7.364244455,1.577630621,4.951535274,128.4665032,24.45249662,199.3248679,10.91236008,0
136,Central,Clay,Maize,Kharif,Fruiting,Sprinkler,32.62420524,26.30958502,21.08529811,0.584550187,1.869704113,5.074078657,38.16589861,99.56532097,183.0954144,1.335477319,1
137,North,Silt,Soybean,Kharif,Flowering,Sprinkler,46.31534352,33.09639186,28.94214334,0.139349899,6.29396997,6.357893048,127.0592343,139.6323578,44.09469031,6.290492048,1
138,East,Loamy,Rice,Rabi,Fruiting,Furrow,59.21132712,17.3914522,68.68188054,1.598929763,4.450398681,8.305059196,126.5500674,44.95129986,155.7440062,4.624162279,0
139,South,Loamy,Cotton,Kharif,Flowering,Sprinkler,35.45407217,35.49342857,62.53723159,1.56907545,19.35750294,5.943138566,129.3146463,2.21738554,9.95587247,6.616651286,1
140,Central,Peaty,Tomato,Zaid,Maturity,Furrow,78.02474579,42.97700126,61.50721709,8.555104591,8.042101167,8.009936165,69.4614815,106.5557827,167.6557196,7.668350589,0
141,South,Peaty,Soybean,Zaid,Fruiting,Drip,77.37131065,32.26995759,22.38925719,6.200889275,20.11739463,4.981154374,121.2324802,1.012147046,123.3191363,3.200308748,0
142,South,Chalky,Sugarcane,Rabi,Flowering,Flood,27.62476071,18.78345967,55.19772473,19.9795855,4.346149946,6.968068828,133.1072255,126.5173791,196.0006973,9.597248765,1
143,East,Sandy,Soybean,Kharif,Maturity,Flood,44.80739541,32.45164582,89.34671134,6.215524546,12.32197949,6.902451908,45.44637187,8.163681555,196.8066534,6.225748551,1
144,South,Clay,Groundnut,Kharif,Flowering,Furrow,31.06148169,37.99041639,49.8193902,2.708620113,17.20092834,7.939499,58.6424168,94.65088583,10.41709735,11.9120666,1
145,Central,Peaty,Rice,Zaid,Flowering,Flood,29.93883461,27.1924961,66.86918523,6.00202357,16.29977135,4.513266818,100.6936262,54.69170094,32.90690454,1.276401243,1
146,North,Sandy,Maize,Kharif,Vegetative,Flood,12.58208631,41.39513244,78.48640067,37.61107738,15.02823525,5.259726669,42.05037504,29.48439479,99.2624447,3.086910938,1
147,Central,Chalky,Rice,Rabi,Flowering,Sprinkler,52.66950338,34.4604886,78.79439594,6.19181863,23.12054005,5.378750502,105.5333032,130.247468,180.2961726,8.585927806,0
148,West,Peaty,Potato,Rabi,Fruiting,Flood,45.18753163,41.97746755,58.94600618,7.170733302,5.713128693,8.299864352,10.34490033,108.2056485,166.9612542,8.646977212,1
149,Central,Sandy,Cotton,Kharif,Seedling,Flood,13.60351259,33.70515934,84.34639591,13.93262817,12.34298011,5.114774625,73.2897738,49.36388209,197.6958554,7.404070469,1
150,West,Clay,Wheat,Rabi,Flowering,Flood,29.5052525,,49.353357,0.603223978,22.09981375,4.647849401,17.12388777,41.20219846,126.707244,11.69156032,0
151,East,Clay,Sugarcane,Kharif,Fruiting,Flood,73.57861202,24.29075133,86.65199111,6.100244906,1.94734414,6.637845979,41.0652867,106.7217827,52.59552151,5.568465096,0
152,West,Peaty,Wheat,Rabi,Flowering,Drip,26.76933235,21.05384845,38.01703748,9.512537624,1.397206706,6.61423385,36.20755495,121.3027606,5.146861099,5.587404933,1
153,North,Loamy,Groundnut,Kharif,Seedling,Furrow,20.14264105,42.26479493,41.01623052,15.4368919,5.832557189,7.876187861,117.4504903,103.7983173,45.6999306,11.01524,1
154,East,Silt,Cotton,Zaid,Seedling,Drip,44.26169322,37.81200202,23.98404681,1.184750179,15.82553049,8.295438601,27.09241576,92.79843763,138.4310056,6.922859602,1
155,North,Peaty,Sugarcane,Rabi,Flowering,Furrow,78.99553179,35.29195107,79.66863774,3.505181165,6.496990661,6.654181769,113.1827088,33.04908515,189.8863388,4.891004277,0
156,West,Sandy,Potato,Rabi,Fruiting,Flood,26.94386901,24.02898959,51.27914272,5.705848435,4.755997095,8.21997673,111.1544484,123.6565776,65.7852518,8.908317844,1
157,East,Clay,Wheat,Rabi,Maturity,Flood,,20.52134316,37.18374604,1.421556994,11.47005788,7.400636605,69.84362778,108.7009876,179.5193877,7.8163768,0
158,West,Peaty,Sugarcane,Kharif,Vegetative,Flood,63.31337307,37.69353264,37.38427082,4.587367946,15.33995172,5.558236512,32.73805578,75.00477202,80.95414091,4.370510553,0
159,South,Clay,Cotton,Zaid,Flowering,Drip,26.63462808,29.22473838,87.60499559,1.489192592,6.213942675,8.213682844,31.76548759,74.18022553,63.19560612,4.277216779,1
160,North,Peaty,Maize,Kharif,Fruiting,Sprinkler,60.9751444,21.77368656,82.54374503,2.028253281,7.517279668,7.169772705,65.0894506,82.53008903,104.3130698,5.351740773,0
161,South,Clay,Rice,Kharif,Seedling,Flood,35.74481929,33.49865934,61.5148164,2.912670687,15.33898262,6.156383731,1.233261035,120.1000772,90.66606594,1.787820722,1
162,North,Loamy,Soybean,Kharif,Fruiting,Drip,54.26140814,16.21001556,66.20831003,3.766504366,23.64346055,7.220968338,74.38910565,107.6276346,187.328973,11.36878593,0
163,North,Sandy,Groundnut,Rabi,Flowering,Furrow,54.34707975,24.78510762,55.57441779,2.983423521,16.86854319,6.105251311,133.3891336,124.1555241,95.99267422,3.013220442,0
164,East,Peaty,Rice,Kharif,Fruiting,Sprinkler,47.50422789,29.05670984,49.37499072,3.398149952,19.57260359,4.956735072,21.65896346,73.55600189,56.85375438,3.132067326,0
165,South,Clay,Soybean,Rabi,Fruiting,Drip,16.3202839,19.43875002,88.66076609,1.773304555,9.170252369,7.375914989,80.26838701,90.57411356,172.7259434,8.117422455,1
166,West,Peaty,Rice,Kharif,Flowering,Flood,68.47117469,44.53963433,29.42095276,0.865610573,6.806358985,7.796350449,134.6490164,123.912912,204.7436499,8.96671752,0
167,East,Sandy,Soybean,Rabi,Flowering,Sprinkler,32.45460455,21.27292094,51.38350923,0.242538401,11.35669358,7.415224796,120.4730995,33.68640873,132.8751409,9.105190056,1
168,North,Peaty,Cotton,Zaid,Maturity,Flood,23.05629573,18.9105939,45.8421431,1.090647728,20.17832072,-5,119.0532163,64.38299864,51.34458063,5.125825259,1
169,West,Silt,Soybean,Rabi,Flowering,Drip,12.85425991,21.10604622,57.36130402,4.360695133,11.40749104,8.326540054,115.0589903,89.99457436,48.95709079,10.60661848,1
170,North,Clay,Rice,Rabi,Seedling,Drip,51.36250602,38.07183399,54.32239059,7.711594426,21.16813522,4.601018247,43.26330485,132.6962073,11.82987272,6.983989679,0
171,North,Sandy,Rice,Zaid,Fruiting,Drip,57.42950533,27.76516978,58.91671487,0.927117399,24.71929952,5.83074119,124.6863564,2.296221602,15.8450729,5.824463074,0
172,West,Chalky,Maize,Kharif,Seedling,Sprinkler,11.16114802,31.96247819,30.49392329,0.574559693,1.800666643,5.540369738,131.7876492,30.82310794,187.5715345,9.91425107,1
173,Central,Loamy,Soybean,Rabi,Vegetative,Furrow,45.84651408,15.63027471,58.48561261,6.917299122,1.135253902,4.69250491,69.41093926,33.99532363,19.77985695,3.679173741,0
174,West,Silt,Maize,Rabi,Vegetative,Sprinkler,25.85470426,16.03293926,38.18141104,1.820356365,3.739742573,6.122918772,49.63994662,47.35883864,99.2904889,10.46203988,1
175,East,Peaty,Groundnut,Rabi,Flowering,Furrow,55.16209533,28.37476649,33.82485117,15.13089959,9.609241893,6.992459361,57.99206218,40.85905996,143.1149648,6.92712334,0
176,West,Chalky,Cotton,Zaid,Fruiting,Furrow,22.20565003,39.4996573,24.86256641,6.26437936,3.276055229,8.030211454,46.78890186,85.57012391,174.3227305,10.90063973,1
177,East,Peaty,Potato,Rabi,Flowering,Drip,58.36564167,41.55716636,77.19894191,1.978237647,21.76661194,8.458758865,29.73858188,128.4149383,35.1105448,3.217737842,0
178,South,Silt,Groundnut,Rabi,Maturity,Furrow,37.07147424,17.60119703,52.05814406,1.709232495,0.578656276,7.732358346,86.58278584,92.36178696,89.74462922,11.29669384,1
179,West,Loamy,Cotton,Zaid,Seedling,Sprinkler,75.57109921,31.15089306,,3.708519916,7.894817908,6.374722075,78.76356407,35.02135105,51.55343998,8.566644162,0
180,South,Loamy,Potato,Kharif,Flowering,Drip,19.62646609,42.39689059,74.56950075,0.412261662,4.617365737,7.394817704,64.76190995,125.2441633,52.44373344,7.801613795,1
181,West,Peaty,Sugarcane,Zaid,Maturity,Drip,33.87464457,26.63918263,70.9487499,0.625982623,23.28848325,7.874495154,13.41835414,91.64663943,62.28705803,5.642742714,1
182,East,Peaty,Cotton,Kharif,Seedling,Drip,17.94314649,39.88697494,55.28755393,0.967061449,16.73702512,6.361228786,111.5650151,31.74950812,120.358824,11.519465,1
183,South,Loamy,Wheat,Zaid,Flowering,Sprinkler,74.72855328,19.01086963,49.09238967,7.452135783,22.80075641,7.640217736,24.49069879,52.44164789,3.398381696,5.883115911,0
184,Central,Loamy,Potato,Rabi,Flowering,Sprinkler,71.41375474,43.06183469,48.19699322,3.606265993,24.30821776,6.430609673,16.03868608,114.544897,83.79708869,6.483972477,0
185,West,Loamy,Onion,Zaid,Flowering,Furrow,28.05591394,150,68.00365977,0.053116756,12.42745609,6.045983964,87.22999537,107.1450213,38.30017772,9.596479194,1
186,East,Chalky,Tomato,Kharif,Maturity,Flood,56.19888322,43.24003178,57.10957662,5.596879758,5.857977701,6.604363351,55.81021057,83.60444358,198.2592942,4.133266726,0
187,East,Peaty,Soybean,Kharif,Seedling,Sprinkler,,35.29851701,83.6849186,2.755549393,4.843219655,7.203418951,8.373186549,20.9912879,119.4594776,4.206448441,0
188,North,Clay,Rice,Kharif,Fruiting,Flood,48.86405681,25.90211796,85.60264882,3.575454615,5.572971542,7.407528225,49.77956969,116.4769481,177.9595711,9.528274564,0
189,East,Silt,Tomato,Rabi,Maturity,Flood,,43.14543518,32.79202835,1.204731949,17.71483269,5.926945076,108.0492493,44.59366664,40.11644729,2.414377681,0
190,East,Loamy,Cotton,Zaid,Maturity,Furrow,26.92966036,,30.21752387,4.012380337,1.011143203,6.785281006,86.13488873,111.8817012,166.0532184,10.05260972,0
191,West,Peaty,Rice,Rabi,Maturity,Drip,16.51719375,24.96517566,67.28006945,19.35278363,1.284026826,8.139483496,50.79004322,93.89712304,85.03040457,7.876925091,1
192,South,Sandy,Maize,Rabi,Seedling,Sprinkler,72.80510306,36.02425254,,0.381407692,15.20357356,8.4052516,26.85267083,38.30469084,36.42741121,6.92992143,0
193,West,Peaty,Soybean,Kharif,Vegetative,Furrow,73.029264,37.95948899,21.39280391,1.669798775,16.05142867,5.408992365,88.45138691,30.79353808,156.0552665,3.520203204,0
194,West,Clay,Wheat,Kharif,Fruiting,Furrow,54.31710201,42.88210452,86.6482002,1.391944229,16.63157311,5.271324663,124.2577421,18.98193887,156.212275,9.650049863,1
195,Central,Clay,Tomato,Zaid,Fruiting,Sprinkler,33.73208537,21.14407227,37.01755754,1.428748442,9.297012615,7.206742534,90.47818052,35.08220431,204.1570209,9.854483985,1
196,Central,Chalky,Sugarcane,Kharif,Fruiting,Furrow,34.44467022,38.93994106,89.69604888,2.379757273,20.14862222,6.158735543,113.8065397,22.88520826,160.0921387,6.312360547,1
197,West,Loamy,Sugarcane,Kharif,Vegetative,Flood,60.81689752,37.1563816,73.80758382,8.521759934,13.34061469,4.596889354,73.0138974,89.47243093,29.77978583,5.280858723,0
198,Central,Silt,Rice,Rabi,Maturity,Drip,72.7977182,16.91383669,77.19901174,12.20112112,2.63664075,5.887447483,100.5159549,86.82355225,66.12167207,3.707780213,0
199,North,Peaty,Potato,Zaid,Vegetative,Furrow,72.0960497,26.61669424,35.10961218,1.129581255,19.92748268,7.726978974,125.4717483,84.99494872,92.60401804,9.296574188,0
200,East,Silt,Wheat,Kharif,Fruiting,Furrow,64.59128821,23.48296371,37.56458192,3.914811746,23.82669466,7.689707722,108.245057,93.07402234,25.96382517,8.033971154,0
201,West,Sandy,Potato,Kharif,Maturity,Furrow,54.94221523,24.13471273,59.09508154,5.065370849,1.500907825,6.478740595,127.3795535,118.1437574,161.5479898,3.272941323,0
202,South,Silt,Onion,Rabi,Seedling,Furrow,15.88979755,44.48840639,32.90748895,3.688918397,9.783783468,6.39031174,60.3595443,132.4651432,107.9732003,9.739148877,1
203,Central,Silt,Onion,Kharif,Fruiting,Drip,21.31400999,34.2833224,42.90737695,2.84648091,12.18790112,6.81802977,126.5908357,33.404453,193.6121617,10.70425845,1
204,North,Loamy,Rice,Kharif,Maturity,Drip,72.8987932,36.53028473,44.10968585,1.065814532,3.661769002,5.377586842,87.01941283,85.22730107,120.8081696,1.65171989,0
205,Central,Sandy,Onion,Zaid,Seedling,Drip,52.45003418,44.29852912,31.97224499,3.349295908,21.69272369,6.6041745,121.8068273,11.35875208,107.1943122,9.496627018,1
206,North,Chalky,Tomato,Rabi,Vegetative,Flood,10.64379361,26.31605347,35.3887125,2.564261946,7.103741122,4.54418544,5.512714261,17.42065356,14.64215635,10.38082127,1
207,North,Clay,Maize,Rabi,Maturity,Sprinkler,17.103008,39.05520505,,7.937485963,19.5752135,6.402238219,92.09933347,94.87920038,30.61591051,11.90658689,1
208,North,Silt,Maize,Kharif,Maturity,Sprinkler,56.44512384,28.0359289,32.53968909,7.211242167,16.77486205,5.844204185,118.716511,70.55418145,174.1528457,3.613616488,0
209,West,Sandy,Groundnut,Rabi,Vegetative,Furrow,10.35431087,41.08601015,22.13430439,0.719344238,14.95114556,7.199478424,24.38828471,109.9581526,203.0885755,5.081035257,1
210,East,Sandy,Groundnut,Rabi,Seedling,Drip,21.2565636,20.41972624,67.2016207,0.463422938,4.803571217,7.053414337,92.65017069,61.72323474,85.11172286,11.62810201,1
211,West,Clay,Groundnut,Zaid,Vegetative,Furrow,48.41136526,43.43058531,93.19873395,11.938207,5.517588014,6.023343521,115.49366,18.50176899,166.0676472,2.034171053,1
212,East,Loamy,Groundnut,Rabi,Fruiting,Furrow,58.43266384,21.56315125,44.8410361,3.834058905,1.183710119,4.529091926,40.31291175,126.4477798,128.6550821,6.760786283,0
213,South,Sandy,Maize,Zaid,Flowering,Sprinkler,55.63728817,24.78661521,28.89917774,9.752636765,6.017810745,5.509094518,56.73448591,12.01882832,196.6071511,6.574190378,0
214,Central,Clay,Tomato,Zaid,Vegetative,Flood,25.69885166,37.68576702,62.7790494,0.299552213,8.636090237,7.033391401,79.73248059,27.39987317,48.81813327,7.672025128,1
215,West,Peaty,Rice,Kharif,Fruiting,Furrow,59.85254549,26.81265425,87.97656583,3.73818174,20.8286326,4.789493372,72.68347644,40.16164556,111.6913273,4.638718763,0
216,Central,Sandy,Maize,Rabi,Maturity,Furrow,26.60743612,33.2463413,78.80463349,3.876414293,9.159816668,4.930569687,5.486515025,144.315688,83.80314276,11.18509898,1
217,Central,Peaty,Tomato,Kharif,Fruiting,Flood,32.77797887,28.33720503,66.68869013,9.855699947,18.86554457,7.088140098,13.81409373,60.44467393,111.0517751,3.970673871,1
218,South,Peaty,Wheat,Rabi,Maturity,Sprinkler,62.25439836,37.27109811,43.62923725,0.513542389,10.98605703,7.523069604,14.0653211,72.74773692,55.1159071,8.146650693,0
219,Central,Sandy,Groundnut,Rabi,Flowering,Furrow,55.47430293,21.84993757,60.641013,1.375116428,19.6217078,5.786198832,36.71750677,111.6060289,102.0379634,6.45519725,0
220,East,Clay,Cotton,Rabi,Flowering,Furrow,69.44563873,16.75373962,26.8433631,2.608913114,24.40679001,6.458692262,34.42097579,92.28025987,128.0848501,3.933407977,0
221,West,Peaty,Soybean,Zaid,Vegetative,Flood,56.03290246,23.99788192,70.92090682,10.04366579,5.996038951,8.28284546,103.9111337,122.0060003,16.64925622,3.077391753,0
222,South,Loamy,Potato,Rabi,Flowering,Drip,49.78160223,29.22925995,74.38220142,13.97485187,21.5585403,8.282174249,80.18421404,70.5328515,152.3123872,11.52218337,0
223,East,Silt,Tomato,Rabi,Vegetative,Flood,16.55723375,20.04060157,92.37737172,24.61629589,15.54560216,5.730011098,106.9566519,140.9657647,144.8372074,7.174206078,1
224,East,Chalky,Cotton,Zaid,Seedling,Flood,35.74010621,25.64391869,39.52980191,15.99456782,20.43235654,7.7399515,9.785448038,115.5377924,180.4938083,7.646100034,1
225,South,Peaty,Groundnut,Kharif,Maturity,Sprinkler,28.56416574,26.99949055,21.38423143,0.029797392,16.28964756,6.875776211,67.92999325,58.19798131,87.30059312,9.611850049,1
226,South,Peaty,Maize,Kharif,Vegetative,Furrow,27.07927504,16.72175531,60.92063483,0.244419635,10.59873768,8.401937973,45.3285811,55.28441433,12.64217219,1.893493245,1
227,Central,Silt,Potato,Zaid,Flowering,Flood,78.11073883,32.49921745,73.00928783,0.798536894,5.701873486,6.410454279,118.9915035,134.7762228,94.59953145,8.851406946,0
228,North,Clay,Wheat,Rabi,Flowering,Flood,37.51684073,41.53030284,79.28056069,2.145169131,1.750880633,7.598827472,99.09048197,99.24026719,28.20988027,2.816541513,1
229,East,Loamy,Soybean,Kharif,Maturity,Furrow,72.44325886,19.55228739,34.53041998,8.857373937,13.38795911,7.572548518,121.6961859,90.10787701,132.7265968,9.145291936,0
230,East,Loamy,Sugarcane,Zaid,Maturity,Furrow,54.17970382,32.9342404,39.63146518,11.15859234,24.75815236,6.489731471,6.499797137,109.8854424,9.661962447,2.554615388,0
231,North,Peaty,Cotton,Zaid,Seedling,Flood,65.63679125,34.94217615,58.4443194,1.034102539,18.45104513,7.682520457,100.9152885,81.32090508,76.66926328,10.1574307,0
232,East,Sandy,Wheat,Rabi,Seedling,Drip,45.18459652,27.58004041,44.79506075,4.833503025,8.183638535,5.544161333,75.6011693,23.0791821,16.98279419,8.491178868,0
233,West,Sandy,Potato,Kharif,Flowering,Drip,50.38327192,36.03292762,84.53836149,12.46642738,20.68012,4.989012145,115.5000041,46.286242,0.690118985,5.244793177,0
234,Central,Chalky,Sugarcane,Zaid,Maturity,Furrow,44.47623857,27.3219463,55.53201153,3.115603752,19.2246,6.200654979,71.00248273,80.90200524,196.9142309,4.947178883,0
235,Central,Peaty,Rice,Rabi,Vegetative,Sprinkler,23.66700915,30.13911864,79.96839831,0.546527947,7.040894834,8.274522627,75.62927091,2.634334034,204.2061063,2.638417699,1
236,West,Chalky,Sugarcane,Zaid,Vegetative,Furrow,60.57164807,15.22059134,63.54648204,3.060727588,0.357687245,6.502978433,7.247433332,63.41585222,113.8781051,10.94458691,0
237,North,Sandy,Groundnut,Zaid,Maturity,Drip,29.65406537,35.75160342,77.98176062,2.356381412,2.954065963,7.041036555,93.59320111,109.5914175,48.98594924,2.303822001,1
238,South,Loamy,Maize,Zaid,Fruiting,Flood,11.70211765,34.84028037,44.95047399,4.309699287,21.93265476,6.996649824,38.23958258,23.81393065,186.7753025,6.192851274,1
239,East,Loamy,Groundnut,Kharif,Seedling,Sprinkler,55.18306071,16.15202632,82.35624664,2.887130764,20.91407588,5.030291469,2.757149105,9.361047773,189.2225024,3.601703003,0
240,East,Silt,Soybean,Kharif,Fruiting,Furrow,22.39774756,26.04750322,40.59292367,0.08749065,7.380225022,6.06118753,9.301202751,121.2242254,175.1743227,11.95960259,1
241,South,Loamy,Groundnut,Kharif,Vegetative,Flood,75.8321009,,60.9574106,25.57809058,7.129885657,7.327755892,134.0199853,89.50471093,111.5958468,7.444284567,0
242,South,Chalky,Potato,Kharif,Maturity,Drip,76.77500039,27.62209688,36.05053349,3.921273634,19.82162468,8.387960394,48.45082054,25.60395101,15.31394298,2.645429537,0
243,North,Clay,Wheat,Rabi,Vegetative,Flood,74.04050732,30.05836215,55.66448912,3.208761634,23.44343675,5.172070953,121.530588,116.9142222,18.12998015,8.343203974,0
244,East,Loamy,Wheat,Zaid,Seedling,Sprinkler,35.91110902,42.29790474,43.86314071,15.4631294,19.47843142,6.141767561,134.3548128,95.42877337,183.8070565,11.90769919,1
245,South,Peaty,Rice,Zaid,Vegetative,Furrow,11.08196316,36.51785628,40.0027573,0.847186784,15.13946693,4.880375199,132.0574064,48.4472941,179.5445037,7.655476087,1
246,East,Chalky,Wheat,Zaid,Maturity,Drip,74.98229938,32.46210393,92.52387635,1.048901213,6.066783758,5.469505839,123.4415337,54.54845943,89.05143608,6.03117004,0
247,West,Sandy,Maize,Zaid,Maturity,Drip,39.97289038,38.93414044,32.00555791,8.25168364,13.14369785,6.007037373,125.2781477,22.60378366,67.27169699,4.225971338,1
248,South,Sandy,Groundnut,Kharif,Maturity,Sprinkler,77.66583733,40.93098799,79.04943781,1.511144025,5.837796465,6.662572992,40.46112621,121.1120612,132.0454036,2.013357563,0
249,North,Loamy,Maize,Kharif,Seedling,Furrow,77.4533984,28.70664215,93.81237196,8.027904459,20.2002855,5.422267529,21.20578464,73.80596449,165.4325294,3.510709289,0
250,North,Loamy,Tomato,Zaid,Vegetative,Sprinkler,69.71066188,29.25325095,21.49261128,1.584068079,9.674026988,5.410250645,89.49675869,80.76776611,149.9954131,7.089828575,0
251,East,Sandy,Maize,Kharif,Seedling,Furrow,30.61142244,26.58152807,72.42705605,0.168754178,20.84243042,7.611319917,68.33478286,128.1063277,126.1986023,9.291642685,1
252,East,Sandy,Wheat,Kharif,Seedling,Sprinkler,36.956841,44.0011842,38.96838542,3.63884555,9.54023045,8.350566652,13.82454062,2.295439386,47.45976411,10.65723979,1
253,North,Loamy,Onion,Kharif,Vegetative,Flood,69.57956701,35.91498763,23.03658682,1.095050741,20.60373513,5.794451871,94.85578424,9.703844066,53.81349819,9.730834754,0
254,East,Clay,Onion,Kharif,Fruiting,Furrow,32.18454036,17.49669199,50.21671842,7.090913006,8.332945379,7.251968075,78.80040105,23.42895237,148.4338337,2.380117215,1
255,North,Clay,Cotton,Zaid,Vegetative,Drip,21.86449227,40.8887887,90.14133576,-999,11.00331762,5.532321845,120.8294361,4.355482898,164.5370698,9.508058735,1
256,Central,Sandy,Cotton,Rabi,Seedling,Flood,48.97608837,29.41679823,20.88238208,12.85903752,15.38721048,8.21180902,85.2857314,95.43264271,23.80771356,7.397650008,0
257,North,Silt,Sugarcane,Zaid,Flowering,Flood,75.53083419,17.06261719,64.09142689,7.639021369,1.757190351,7.191609441,80.35246516,91.91252289,38.39589478,6.160183133,0
258,Central,Clay,Sugarcane,Rabi,Fruiting,Flood,58.72208577,31.49151765,57.60473589,0.996988366,23.70517655,7.710707419,61.70524127,30.56627592,139.4964037,7.300405303,0
259,West,Peaty,Maize,Zaid,Fruiting,Drip,49.90428191,27.51492837,85.50381233,8.051147045,14.34014465,4.697416173,64.79018978,21.66393451,79.74225043,1.088828616,0
260,West,Chalky,Rice,Rabi,Flowering,Furrow,16.80235456,41.33248215,26.30012859,5.132440253,12.69550037,6.894023873,133.6133718,21.1242817,115.4750378,1.745032673,1
261,West,Sandy,Tomato,Kharif,Fruiting,Sprinkler,53.05050587,21.11983811,71.11445224,5.527454084,20.98484928,6.610449325,19.38244132,138.2200049,126.0370653,6.78434207,0
262,South,Clay,Onion,Kharif,Vegetative,Drip,79.30376951,39.79393828,71.00822738,8.926786613,21.64406825,5.671987628,62.4706346,100.5581567,159.1217108,2.909811744,0
263,North,Loamy,Wheat,Zaid,Flowering,Flood,19.80588107,31.73066074,70.18100126,4.264515174,13.05651011,5.54971994,91.81581275,84.88718013,165.1719749,7.000950473,1
264,Central,Silt,Sugarcane,Rabi,Flowering,Sprinkler,46.28307567,16.6383091,90.67508712,3.136830106,23.18155814,6.820099209,60.62149038,46.76059641,57.41973028,4.896349291,0
265,Central,Chalky,Wheat,Rabi,Flowering,Drip,71.41611503,44.15535904,81.73156468,5.06182025,1.618444152,7.32594254,39.65018779,62.7912637,110.9658294,10.98153223,0
266,Central,Chalky,Soybean,Zaid,Vegetative,Sprinkler,61.85380324,30.37845732,,1.768806171,2.830644806,4.632691028,40.23003191,12.96385277,25.32240742,11.4465177,0
267,North,Loamy,Groundnut,Kharif,Fruiting,Flood,58.79110187,23.72630563,55.3312138,1.00811599,14.91970575,6.769606328,32.71184648,144.7320238,172.6131096,11.77762524,0
268,West,Chalky,Groundnut,Kharif,Fruiting,Sprinkler,59.17388588,29.08220526,49.84647922,4.793223638,8.851646545,5.181838116,48.14644808,109.4873922,173.3168274,10.88831795,0
269,South,Loamy,Rice,Rabi,Maturity,Flood,35.16438059,40.73573351,43.26104158,1.331875886,11.60562915,5.061450926,122.0344686,90.11070774,61.39867239,11.84479936,1
270,North,Silt,Potato,Rabi,Vegetative,Sprinkler,30.5514291,24.14709373,53.85025439,0.416446704,8.201980447,6.992477952,70.73143705,85.22624331,32.92714252,8.767618383,1
271,South,Sandy,Rice,Rabi,Fruiting,Flood,,20.78029189,48.81456387,0.002771691,10.11813279,5.743480469,33.63342193,73.12558394,14.36881453,11.56596508,0
272,South,Chalky,Tomato,Kharif,Maturity,Sprinkler,66.70793763,18.87213741,52.42504249,4.686542854,20.56615868,6.263520933,53.83374038,37.32697701,117.8701706,8.05971712,0
273,South,Loamy,Rice,Zaid,Maturity,Drip,70.6950623,23.93578195,93.44463992,2.248251129,14.836905,5.939995238,14.81625769,32.8266085,18.74276058,9.901356276,0
274,North,Chalky,Maize,Rabi,Seedling,Flood,73.92683868,38.40144261,26.64747311,6.977906168,24.93361373,7.093345281,126.5650036,79.68220629,139.5219431,2.45100992,0
275,West,Sandy,Onion,Rabi,Vegetative,Furrow,45.79396792,29.14879096,89.16731524,2.351429532,19.67197995,6.380479064,57.14769649,10.17911811,139.0159122,8.508595464,1
276,West,Sandy,Cotton,Zaid,Maturity,Sprinkler,45.10614063,21.82444811,56.01775351,3.327693611,6.841656353,8.353834648,137.2547686,10.79826584,125.8674185,11.2421364,0
277,East,Sandy,Potato,Kharif,Flowering,Furrow,65.88066253,19.98554999,66.78066841,2.613520917,6.608627943,5.909531036,48.65542826,81.31797246,179.6949029,6.940530657,0
278,Central,Chalky,Tomato,Rabi,Flowering,Furrow,55.49747515,24.9818843,82.2637225,5.257328674,8.397456753,7.461137361,117.0898466,133.372747,77.54754201,3.055016849,0
279,Central,Loamy,Sugarcane,Kharif,Seedling,Furrow,59.13768141,43.19773119,47.03472719,2.201363332,21.08148702,5.52917027,35.89394386,132.5694184,184.9652644,6.795774168,0
280,West,Sandy,Cotton,Rabi,Maturity,Drip,65.70548686,25.29080138,52.28164311,16.58901456,0.682191266,6.535012371,10.66140507,1.570103596,7.569700613,8.776350935,0
281,Central,Loamy,Onion,Zaid,Flowering,Sprinkler,72.30037393,44.64372228,50.71388602,13.75585751,5.754531972,6.710279008,4.442670634,15.57216127,23.11518252,9.46767349,0
282,West,Sandy,Potato,Zaid,Maturity,Furrow,33.65966098,29.55691367,48.10482669,9.420291726,22.62296051,5.816437124,84.86357973,84.5462656,84.50214032,6.760722109,1
283,South,Peaty,Rice,Rabi,Flowering,Drip,36.29080668,20.37491755,89.41469912,12.64744544,15.9974109,6.387122116,43.62031403,123.0289797,121.7685688,3.391048266,0
284,East,Loamy,Soybean,Zaid,Vegetative,Sprinkler,16.57873579,41.73420275,82.16974184,2.9813701,5.671177388,5.617114552,62.09278327,138.3951176,6.637005511,11.19357667,1
285,Central,Peaty,Tomato,Zaid,Fruiting,Furrow,50.47960987,28.81066119,28.17499924,3.843993683,5.478624206,4.524003127,114.610585,124.7844228,116.3240666,9.509791581,0
286,South,Sandy,Groundnut,Rabi,Flowering,Drip,12.51595917,36.29014031,28.10925144,6.775773222,21.56545254,5.362593207,34.735132,98.25390462,63.01665488,3.977572407,1
287,Central,Loamy,Tomato,Rabi,Vegetative,Drip,42.59186127,44.5113475,52.09021361,5.956038545,22.34393771,7.30025669,43.21134674,29.07613625,181.8650956,9.929942091,1
288,East,Chalky,Maize,Kharif,Fruiting,Sprinkler,47.98512443,16.50526051,27.39930325,-999,6.403277274,-5,118.3470659,10.53011373,109.3233413,4.826489145,0
289,North,Silt,Sugarcane,Kharif,Seedling,Sprinkler,30.05788765,17.90083679,66.43198215,-999,10.51275895,5.620811469,68.98671827,6.889788489,120.5182512,4.436744791,1
290,East,Peaty,Rice,Kharif,Fruiting,Drip,51.35832824,36.61370224,30.77687054,30.79281261,20.86489347,6.132171995,115.8731234,88.75113377,193.8524713,10.4938429,0
291,South,Clay,Tomato,Kharif,Vegetative,Flood,12.1350175,23.4547501,59.1779948,2.142433924,19.27518597,4.649462641,52.42664049,5.247347582,156.6550605,10.60558727,1
292,East,Clay,Wheat,Zaid,Flowering,Drip,12.61437321,20.52904191,20.54149603,8.948739736,20.34790266,-5,55.77179732,107.1897937,89.84601956,5.383295431,1
293,South,Silt,Onion,Kharif,Seedling,Sprinkler,67.58203925,16.18085639,43.74472613,5.980598981,12.95995477,7.616877133,23.39937065,103.3082569,97.76032107,1.098150856,0
294,East,Silt,Maize,Rabi,Maturity,Drip,35.2133449,15.65540136,70.78930428,5.878327083,22.78872621,6.923945081,128.2884195,11.54356959,132.8243931,3.052221835,0
295,Central,Chalky,Onion,Rabi,Seedling,Drip,18.89423589,38.23456809,56.30292052,-999,8.148788599,5.323082088,125.5497172,131.4602429,41.04083941,11.00225961,1
296,East,Clay,Wheat,Kharif,Fruiting,Flood,,19.03300282,93.37021145,7.69960105,3.916803359,5.52976798,137.790382,75.67974685,18.1734223,10.88624271,0
297,East,Loamy,Rice,Rabi,Vegetative,Flood,63.89954872,29.03161848,85.5577847,11.53176202,17.71830831,7.767208092,56.3425978,131.1435923,63.80348577,5.986792229,0
298,West,Sandy,Wheat,Kharif,Seedling,Sprinkler,25.10747192,33.17690446,46.93030843,1.23301071,13.4838604,5.336336812,114.6060918,130.7334581,159.5684736,4.34528378,1
299,East,Loamy,Onion,Rabi,Seedling,Flood,53.60233331,27.85055402,23.41149061,4.910775152,21.36464422,5.836630903,58.09352243,28.56993926,52.75137875,4.330231213,0
300,Central,Clay,Wheat,Rabi,Flowering,Furrow,15.97432255,15.81319957,83.42197251,2.4890109,2.028981228,7.157434767,63.60183045,55.18375605,26.80563607,10.86914283,1
301,South,Peaty,Soybean,Zaid,Fruiting,Drip,13.61772048,38.50504508,88.34257327,22.80486672,21.09231009,6.744449543,116.1999151,19.52081836,44.89963268,4.572066421,1
302,North,Peaty,Cotton,Zaid,Flowering,Sprinkler,47.19482421,15.31539674,81.54705451,3.258421989,7.33236633,6.343480821,24.83134792,112.3718115,139.189447,6.627382857,0
303,North,Sandy,Onion,Kharif,Flowering,Sprinkler,47.84445851,37.85669683,29.59624557,1.295927739,16.37139168,8.098964364,30.84353082,73.09811275,125.8593516,9.041121557,1
304,North,Sandy,Cotton,Zaid,Fruiting,Sprinkler,54.6200931,41.79913481,94.84363508,2.405182341,1.003219727,5.378841851,44.06195366,134.6770984,141.1045744,3.304291458,0
305,North,Chalky,Rice,Zaid,Seedling,Flood,60.82639336,150,39.39381662,5.304247658,15.23953241,7.465679563,110.3450646,30.19120616,66.00141515,3.792229897,1
306,South,Clay,Onion,Zaid,Vegetative,Drip,78.30964556,31.06627419,74.31536846,0.395699671,17.93179223,5.136255362,52.17121691,99.81331092,184.675506,4.938680824,0
307,South,Clay,Wheat,Kharif,Vegetative,Flood,46.14102438,29.30950178,88.10261573,4.626681603,9.218755363,6.962935334,50.14354916,143.43934,92.61292325,8.196457283,0
308,North,Sandy,Maize,Kharif,Fruiting,Drip,32.60695311,26.67625856,37.67653357,13.38455735,5.385267632,7.982494254,139.8342883,96.48028296,105.3111715,9.992397163,1
309,East,Peaty,Potato,Rabi,Fruiting,Sprinkler,65.66303363,41.62273606,88.1193916,-999,13.44076692,6.331607142,53.73286003,9.97222026,194.5056351,7.013763397,0
310,East,Silt,Sugarcane,Zaid,Vegetative,Sprinkler,28.95825759,41.81800532,43.21111844,0.350361215,20.82977011,7.397178029,34.68787508,85.32153071,200.7518399,2.462216103,1
311,West,Silt,Cotton,Rabi,Vegetative,Drip,40.72799945,25.07449094,93.23099168,25.0957664,8.088683957,7.781573412,87.24991495,26.0771987,135.6162588,5.908700754,0
312,South,Silt,Onion,Rabi,Maturity,Sprinkler,15.49194669,33.45209262,41.09450153,5.998690976,6.311732438,5.0441057,112.2631933,4.422902726,193.6867045,2.404597943,1
313,West,Peaty,Maize,Rabi,Fruiting,Furrow,11.77455204,42.80722686,91.50768686,0.885361736,6.973382716,7.323307581,9.745096721,48.56930111,111.0090142,1.971268866,1
314,Central,Loamy,Onion,Kharif,Flowering,Drip,77.38538903,,24.01584882,0.062469064,23.72830382,8.179364096,86.64491236,38.58509204,62.99300384,7.485784468,0
315,South,Loamy,Rice,Kharif,Seedling,Flood,68.51860844,30.26877121,73.19540088,0.939380592,8.981922894,6.805482439,5.002963823,114.3717803,64.59403547,11.51833323,0
316,North,Peaty,Rice,Zaid,Seedling,Drip,58.71819443,28.58474416,59.90833504,9.10622732,0.090105997,5.244488978,73.68652914,54.18367846,114.5828209,10.21373017,0
317,North,Loamy,Onion,Rabi,Maturity,Furrow,38.62670611,23.36082948,55.84078078,0.109384443,19.5420302,5.007770126,35.97881893,106.2790232,124.0324047,9.519183888,1
318,West,Silt,Tomato,Rabi,Fruiting,Furrow,22.1306024,43.7661562,36.76207357,1.327302739,17.48186988,5.538941322,42.92983767,2.354653833,90.12149933,8.997615625,1
319,South,Peaty,Onion,Kharif,Seedling,Furrow,20.95059299,19.28442913,72.91968423,7.079761105,3.214206615,4.914053076,65.39343496,2.147759348,181.1731541,10.86840643,1
320,East,Sandy,Potato,Zaid,Seedling,Flood,27.51700287,32.39488728,34.31071186,4.410781679,24.62260623,6.553576286,129.7950445,4.250451344,87.47270434,9.281185926,1
321,South,Peaty,Maize,Rabi,Seedling,Sprinkler,48.44586653,23.47650803,61.4631347,7.63320371,15.20155713,4.778818731,99.49342292,31.80697406,56.05184763,7.895650798,0
322,West,Clay,Potato,Zaid,Vegetative,Furrow,60.02171459,23.37024871,38.99340223,6.855068612,12.51948727,5.393618499,131.1583835,54.22822883,1.63628506,5.011480883,0
323,West,Silt,Tomato,Zaid,Maturity,Sprinkler,56.21381637,27.14905762,91.67160348,0.25963267,9.555481691,6.259641776,92.39594064,88.13764145,198.966702,2.110382788,0
324,North,Chalky,Rice,Rabi,Flowering,Drip,29.59537279,44.96378807,22.14733954,11.15185331,22.46681889,6.395659002,0.995084592,142.9575134,168.984223,6.071367002,1
325,North,Silt,Soybean,Kharif,Vegetative,Drip,76.84056965,16.64898921,34.97962101,1.28758707,6.099087035,6.761593941,37.18192763,51.38938722,126.1897149,11.1726266,0
326,Central,Clay,Potato,Kharif,Fruiting,Drip,61.65278417,32.35625455,38.17329548,4.030375062,7.144222505,7.322459851,126.8081609,8.07054148,170.2611621,7.414102919,0
327,West,Silt,Cotton,Kharif,Maturity,Sprinkler,48.80478368,17.47716474,51.05508693,5.168171522,3.060270167,4.688914559,90.08237294,28.26052344,166.1092922,3.029545979,0
328,Central,Chalky,Potato,Zaid,Vegetative,Drip,52.82045224,19.6356249,37.45476814,0.923390923,18.97797739,4.822483809,137.4306131,130.1885159,191.0294099,8.139256393,0
329,Central,Clay,Wheat,Kharif,Vegetative,Drip,39.37200437,28.18688825,56.85118177,18.69691934,14.88873201,4.743436607,21.83496269,101.4099826,79.14387509,6.120084575,0
330,North,Chalky,Onion,Kharif,Maturity,Flood,27.34116927,30.31380394,85.43491424,3.34867651,15.22665423,6.192601262,41.54469663,114.5791195,113.7447096,11.24518097,1
331,East,Clay,Potato,Rabi,Fruiting,Sprinkler,34.91808751,22.76377225,73.40475661,0.296853861,5.461760775,4.66739178,50.73147233,18.00438982,20.21874486,2.770339011,1
332,North,Silt,Rice,Zaid,Maturity,Drip,63.04922773,24.49371393,63.49714854,13.84394334,16.27920973,7.484325067,45.71809454,19.57311336,197.8896623,8.832129234,0
333,South,Peaty,Cotton,Zaid,Maturity,Furrow,11.0075442,17.60901061,26.67523835,4.412682394,19.13646118,5.392000724,35.27881422,16.27567109,201.9510492,8.497627113,1
334,East,Clay,Sugarcane,Zaid,Fruiting,Flood,18.12508484,24.09659352,72.04940813,6.00643537,8.947213268,8.256849973,62.08520021,124.2895288,161.7622708,11.81895736,1
335,West,Sandy,Wheat,Zaid,Vegetative,Drip,13.22018494,43.99675318,32.48107132,3.724053138,20.0336786,6.44561502,89.92173727,30.44530326,93.09480155,7.214033393,1
336,East,Clay,Soybean,Zaid,Fruiting,Sprinkler,12.85101616,43.34122145,78.97755395,9.00111456,8.719764713,6.28530301,43.5759692,93.25700308,101.7961839,10.5873144,1
337,West,Sandy,Tomato,Kharif,Flowering,Drip,69.88224088,25.0463487,38.75425689,0.168474049,18.95346154,7.622154771,11.15798926,74.8441231,89.25022126,1.271853313,0
338,West,Peaty,Wheat,Rabi,Fruiting,Drip,59.25605016,32.12561809,51.27865462,1.562458956,0.843252686,7.352615936,99.19455377,78.93653722,60.12868049,2.35181165,0
339,Central,Clay,Potato,Zaid,Flowering,Sprinkler,43.19216804,42.28786173,46.28526517,3.17107507,13.77911504,6.929236164,64.26231781,28.33812697,108.1972381,4.805324301,1
340,South,Clay,Wheat,Kharif,Maturity,Flood,16.84839125,15.18551468,84.4110436,0.398483426,24.23816402,8.240586825,77.90752285,92.11068355,10.95623925,7.812601369,1
341,North,Clay,Rice,Kharif,Seedling,Sprinkler,44.41311126,39.32050711,29.4908344,6.119290554,24.53111502,6.189037044,63.756092,6.249577496,203.3368477,5.939872795,1
342,Central,Sandy,Soybean,Rabi,Maturity,Flood,43.14302395,43.45108658,62.42336618,2.501600124,7.043814459,7.734126703,124.6500505,144.0534801,86.93027771,3.229658721,1
343,Central,Peaty,Sugarcane,Kharif,Flowering,Furrow,22.12413089,17.73977203,30.65462071,1.591861105,11.03497728,6.020371783,78.2242996,3.880041441,190.1101497,7.481241139,1
344,South,Silt,Onion,Zaid,Fruiting,Furrow,40.36961545,19.84343058,72.85968771,0.01692284,1.5744477,7.853382697,129.2587576,7.272698404,148.4756494,7.233689653,0
345,North,Chalky,Maize,Kharif,Flowering,Sprinkler,37.89533141,43.82238908,87.88085958,6.36179915,21.83353269,5.537898516,71.48054782,47.07387588,59.43829796,6.768922264,1
346,Central,Chalky,Maize,Zaid,Seedling,Furrow,53.10950686,31.12620431,52.59557404,8.973097041,14.21430383,5.657068291,40.96234271,120.5856766,45.52078673,1.996117233,0
347,East,Loamy,Tomato,Rabi,Maturity,Drip,54.45655556,15.42589903,56.60691952,2.512969122,9.627516974,7.211478136,49.7619622,37.29243571,204.1134639,11.19728042,0
348,North,Clay,Cotton,Rabi,Flowering,Furrow,13.17128068,22.72895996,89.55671274,4.15306554,2.819263962,5.35085318,73.0981011,68.430577,158.2859028,7.514808341,1
349,South,Clay,Rice,Rabi,Vegetative,Sprinkler,36.22288302,28.49831023,59.07435415,1.291824432,23.66918214,5.416616748,74.19852129,2.606713021,51.1806022,3.903909219,1
350,East,Clay,Cotton,Kharif,Maturity,Sprinkler,53.8101941,35.78726733,56.56988285,4.866920469,13.2554762,5.721049716,96.22727822,11.43750089,13.82623488,8.561600094,0
351,East,Silt,Soybean,Kharif,Maturity,Sprinkler,45.2195381,36.99481134,63.3746827,0.061058594,7.073198227,7.215715079,31.42928211,88.15507704,142.8678918,4.4969879,1
352,Central,Peaty,Wheat,Kharif,Flowering,Sprinkler,69.95428888,44.86264539,71.69223023,3.353445285,8.755378253,8.05755237,92.238006,28.18197807,62.11837365,6.564416295,0
353,South,Sandy,Groundnut,Kharif,Flowering,Flood,56.10855421,23.62533598,28.01625313,5.167009555,6.767429523,7.198270605,109.0023212,100.6669116,45.37281659,4.752449482,0
354,South,Silt,Rice,Rabi,Seedling,Flood,21.4054099,31.14660306,81.58328958,12.51688734,15.04524522,7.811256977,94.72287853,113.8817204,150.6621701,10.68433429,1
355,Central,Peaty,Onion,Rabi,Vegetative,Sprinkler,14.93981232,30.99970644,52.66287706,2.400963345,23.24908939,6.674242359,67.45593537,123.2984589,139.2485711,11.93378643,1
356,North,Loamy,Potato,Rabi,Flowering,Furrow,54.96934947,27.16935778,25.42613824,7.244897335,21.41734508,4.775692885,138.8352912,19.40090401,98.68959833,2.773002719,0
357,West,Chalky,Wheat,Zaid,Seedling,Flood,11.85579174,20.07485682,78.96370019,4.552624804,11.50952189,4.901864846,56.67384228,66.04873961,193.2444662,1.259368456,1
358,Central,Peaty,Potato,Zaid,Flowering,Sprinkler,51.00429069,44.3236969,48.27124788,13.08730891,20.66248406,6.717567913,14.92268604,137.3268102,139.325865,3.412547577,1
359,East,Peaty,Rice,Zaid,Maturity,Drip,75.8161169,40.5995156,27.52756213,2.540626994,10.57763703,5.811203875,115.0105902,111.9521137,183.1510099,7.489471814,0
360,West,Sandy,Cotton,Kharif,Maturity,Sprinkler,50.28319245,29.94999085,67.53342797,1.921664912,6.307678519,5.382272295,29.70817064,16.95925537,39.06335318,2.913462535,0
361,North,Peaty,Sugarcane,Zaid,Maturity,Furrow,37.17189483,33.09736268,86.00985151,10.90812438,24.58537788,6.365027709,99.85998021,72.86253553,60.81241157,9.926328671,1
362,North,Peaty,Tomato,Rabi,Maturity,Sprinkler,55.03017529,21.81783161,86.58151321,0.252491218,7.597189199,7.165986964,25.05667958,133.7451844,21.42662741,5.495376345,0
363,North,Chalky,Sugarcane,Kharif,Fruiting,Sprinkler,42.07770233,31.31361211,91.82476061,0.733143332,8.093105775,6.039967791,2.36283472,63.8056268,62.43889956,7.715860148,1
364,West,Clay,Rice,Kharif,Maturity,Drip,48.19317525,35.84910399,85.07790948,0.42999273,24.74232169,7.710169029,22.37180453,121.4255533,199.2145575,6.011796258,1
365,Central,Sandy,Rice,Zaid,Vegetative,Drip,75.90253661,30.45501085,20.16056895,9.261050397,3.348187329,7.454092986,52.77841752,71.89733957,197.3855304,10.93660714,0
366,South,Peaty,Wheat,Kharif,Maturity,Drip,37.02718465,44.70855512,48.51808748,0.053320416,19.0133497,7.439659529,14.9265546,15.4876932,155.8792027,1.386488708,1
367,Central,Peaty,Potato,Kharif,Fruiting,Flood,77.28333947,33.34024969,81.39069349,9.890101472,23.39531896,8.440758759,27.67507179,21.43896428,106.8148939,9.022320852,0
368,Central,Clay,Rice,Zaid,Flowering,Furrow,73.37454494,26.12921138,47.46897545,3.00072372,12.79487486,5.680919909,107.0476789,6.767984157,160.0598588,8.173893467,0
369,West,Sandy,Maize,Rabi,Flowering,Drip,23.70537944,38.16456083,65.11613798,0.02016701,0.063044043,7.078902345,107.7837051,28.32063738,113.464825,8.144665341,1
370,East,Loamy,Tomato,Rabi,Fruiting,Drip,14.85529106,20.11387535,65.47377105,2.567856759,9.376473603,7.921913361,114.4483518,129.5740445,0.719243458,5.553883323,1
371,West,Sandy,Rice,Rabi,Maturity,Drip,17.0544601,26.53547441,47.3768978,1.033896157,2.78922481,6.818097736,117.7617331,94.27871666,102.8171502,1.172427513,1
372,East,Silt,Cotton,Zaid,Seedling,Drip,11.2755278,25.40876851,87.83554455,4.896159147,10.40469152,7.658008704,58.86102525,107.1342556,122.7793064,8.581647942,1
373,West,Peaty,Tomato,Kharif,Vegetative,Furrow,16.61100725,27.95421285,57.7421259,5.687162533,19.75066904,6.157808743,121.4569525,90.14091147,54.47841329,10.12418334,1
374,East,Chalky,Soybean,Zaid,Maturity,Flood,57.81047414,38.45339478,54.85881545,3.342541827,10.96778872,6.861965383,73.6311625,56.04819736,41.67518067,1.937533421,0
375,South,Silt,Soybean,Kharif,Fruiting,Furrow,14.98320539,29.52519096,94.81353092,0.206816567,10.79812803,4.722665571,65.88359637,31.44486426,56.13086444,5.857792547,1
376,South,Silt,Rice,Rabi,Maturity,Flood,32.32829412,38.82043351,57.01252731,5.337440615,13.91973692,8.443070423,100.5950861,134.2141147,127.8436887,2.788543393,1
377,North,Loamy,Groundnut,Rabi,Fruiting,Furrow,69.14127177,32.29466709,33.37986889,9.22702871,14.54226462,-5,29.93457759,74.65031833,29.94314356,7.720315651,0
378,North,Peaty,Rice,Zaid,Maturity,Flood,11.6290355,25.26208304,58.48020671,6.370622401,21.40740772,-5,110.5296328,69.75948278,147.6673018,9.64165364,1
379,East,Sandy,Maize,Rabi,Seedling,Furrow,,39.29936231,81.05125516,8.858546685,7.708885981,7.277177113,60.12521572,144.4350928,86.6483383,8.333772214,0
380,Central,Chalky,Rice,Zaid,Seedling,Furrow,29.72983423,22.14869012,78.26452452,1.118903293,20.54178161,5.244200131,17.82135796,55.66984832,72.43631114,4.498660775,1
381,North,Clay,Tomato,Rabi,Vegetative,Drip,18.27153793,21.73148939,79.14363238,10.98608017,14.14834372,4.62411377,16.70366789,123.8481707,165.4824148,2.537059731,1
382,West,Peaty,Cotton,Rabi,Vegetative,Furrow,58.77160158,30.13508772,73.1017838,1.944466786,7.513238743,7.958626431,23.08694414,125.0398887,103.7429661,9.736949607,0
383,South,Silt,Sugarcane,Rabi,Fruiting,Furrow,54.02599927,22.82547738,39.06633718,0.067477349,7.3781511,-5,124.6801828,33.7371805,77.57211504,4.563085443,0
384,North,Silt,Rice,Zaid,Seedling,Furrow,71.42304095,15.27261105,84.65630644,9.270035764,9.028437928,5.555459504,138.7312951,13.75175539,180.0217167,1.243538149,0
385,North,Peaty,Rice,Rabi,Vegetative,Flood,61.45497307,34.44892582,87.0082599,14.22117719,15.56733107,6.746691835,49.97633189,141.4649168,75.4915846,7.285633358,0
386,North,Loamy,Onion,Zaid,Fruiting,Furrow,66.24366513,30.33281464,34.56145225,5.329150679,5.770293284,6.18359409,40.90013931,61.7550453,176.095058,3.713450413,0
387,West,Sandy,Rice,Zaid,Vegetative,Sprinkler,29.74242008,28.36553443,29.78417274,1.316161303,23.00833904,7.106663983,30.62793616,0.321946691,103.3607332,10.25326598,1
388,West,Chalky,Maize,Kharif,Seedling,Flood,22.42076806,44.00905544,93.17037264,1.45005367,14.3728146,6.435172932,115.3343068,72.35758591,42.64145498,2.575807248,1
389,North,Clay,Soybean,Rabi,Maturity,Furrow,62.54303261,32.13597552,85.12429727,3.142351533,23.00039442,7.288932562,29.28904754,89.79855274,125.6277286,5.78280934,0
390,Central,Chalky,Sugarcane,Kharif,Flowering,Flood,66.47843175,40.90294733,86.99271104,11.40563877,1.160108964,7.913693078,129.3726182,112.5327959,58.49132289,3.78443224,0
391,Central,Chalky,Onion,Kharif,Seedling,Flood,79.33535994,19.18350709,86.47822885,0.810228479,8.565284262,5.282228044,93.42905306,136.7266071,30.1668021,8.585617811,0
392,West,Loamy,Groundnut,Zaid,Vegetative,Drip,38.88323738,32.07619389,60.6265118,8.742743335,0.570191517,5.817731522,125.5978908,132.6997412,17.73852114,7.033840003,1
393,West,Chalky,Rice,Rabi,Flowering,Furrow,36.04126601,41.0393888,68.48013025,1.721634682,6.806295377,6.247262346,77.56137962,136.3196939,49.54795384,9.700864912,1
394,South,Chalky,Tomato,Kharif,Seedling,Drip,64.34890725,32.49317272,60.90221391,8.266587713,21.55016181,8.348233792,96.69518071,4.658146498,150.9937016,6.044738327,0
395,Central,Sandy,Sugarcane,Rabi,Vegetative,Flood,33.85624782,36.54042534,23.84047619,12.64562187,0.915242896,5.961334454,86.72413409,103.2072494,171.7898406,1.052892747,1
396,North,Peaty,Soybean,Rabi,Seedling,Drip,75.15301279,26.16130703,75.9127314,2.788659198,10.9036775,6.024399398,116.3673639,32.74940461,176.6527734,3.367161286,0
397,East,Loamy,Wheat,Zaid,Fruiting,Sprinkler,70.08889263,17.77348551,57.8999025,2.271050268,2.939176762,7.113890092,117.0205136,27.19513964,55.38039611,11.99072819,0
398,South,Chalky,Potato,Zaid,Vegetative,Sprinkler,40.02958192,28.73700885,68.57818061,8.10303323,10.42101648,6.17679884,82.57101998,116.0461924,135.4994513,5.458794882,1
399,South,Clay,Maize,Kharif,Flowering,Flood,62.56097475,26.83438173,57.69798537,3.769614694,20.97128961,8.304894983,88.55107091,60.48380493,47.22258228,7.822586187,0
400,North,Sandy,Sugarcane,Kharif,Seedling,Furrow,62.81800119,41.01180547,56.88584917,5.767175577,15.57677584,8.077875042,129.0626289,132.907011,127.6662334,10.95424769,0
401,North,Peaty,Onion,Zaid,Vegetative,Sprinkler,17.21867082,22.31985907,32.88418321,4.875286209,18.41890863,6.553635111,130.1813078,6.153088165,181.8782536,1.225766004,1
402,West,Sandy,Tomato,Kharif,Maturity,Furrow,73.17870347,44.00202683,40.90352864,0.8296168,8.727602886,7.079100936,92.99496975,116.3162203,8.383204933,8.25568136,0
403,Central,Clay,Rice,Kharif,Vegetative,Flood,45.36766607,43.74414359,31.9139519,9.314892808,23.60994238,4.732122248,1.085598944,19.84098964,201.9712619,4.172146714,1
404,West,Peaty,Cotton,Rabi,Seedling,Sprinkler,67.85202263,22.42894929,34.67497217,1.089381684,17.73155234,7.282922112,14.61757007,25.60369423,169.5530149,4.071730809,0
405,Central,Silt,Sugarcane,Kharif,Maturity,Furrow,32.40347207,25.44155866,92.97330353,13.46202692,10.54497048,7.328803492,120.1119544,69.21599875,156.1407338,3.473365436,1
406,Central,Silt,Soybean,Kharif,Flowering,Flood,72.68662599,41.86667223,31.48350843,1.442220423,10.66162001,5.936797183,11.85997629,57.36054143,141.7293932,10.05002138,0
407,East,Loamy,Maize,Kharif,Maturity,Drip,37.24411751,43.99866663,40.19528182,6.619058007,22.96710445,5.378731535,29.89268532,70.49498439,157.9061472,5.102425057,1
408,South,Peaty,Cotton,Zaid,Seedling,Drip,10.7586356,28.30317309,64.29422433,1.674954426,14.41011734,8.160313607,32.27653523,136.3038457,203.892048,1.738281921,1
409,East,Peaty,Maize,Rabi,Maturity,Drip,73.37673835,24.62991137,,1.912055102,17.65948025,6.206819603,84.03286777,95.32139566,157.8892159,2.065362737,0
410,North,Loamy,Cotton,Kharif,Seedling,Flood,16.39006738,30.7828204,31.54805973,1.855331833,10.42588061,7.114824419,80.7285917,42.09486037,72.07816086,2.63475799,1
411,East,Chalky,Groundnut,Zaid,Maturity,Flood,32.35195463,35.63307619,79.52880693,6.889493597,5.592319119,4.63331518,40.51845328,25.07176329,125.8539799,10.88820346,1
412,East,Sandy,Potato,Rabi,Fruiting,Sprinkler,76.50433769,23.20423546,78.89021509,4.068841275,18.0889823,6.156268666,29.06559118,60.90670989,69.06921831,5.701877692,0
413,South,Loamy,Potato,Zaid,Flowering,Drip,76.54250029,37.09419524,37.79882782,10.72587533,15.1955943,7.769035244,107.0344842,65.48794895,198.8634159,11.07654274,0
414,East,Chalky,Sugarcane,Zaid,Flowering,Drip,50.14065217,16.54972071,41.6499727,1.836316294,12.53357201,6.050304002,130.9638618,87.18768944,184.5286452,9.9922742,0
415,South,Peaty,Soybean,Rabi,Flowering,Flood,54.22860485,,90.34908991,5.888156086,15.6005235,6.912644641,7.392795188,38.57039201,116.3621466,10.21670883,0
416,South,Chalky,Potato,Rabi,Fruiting,Flood,41.39118654,26.58863115,81.92535845,6.990794327,5.207139652,5.339423202,18.64526478,111.2888408,160.1611197,4.155149922,0
417,South,Silt,Cotton,Zaid,Flowering,Sprinkler,30.52475402,25.60419576,72.33477748,0.821320569,19.84846766,6.166102595,89.90295842,14.27673559,186.4858233,3.98445854,1
418,South,Sandy,Groundnut,Zaid,Maturity,Flood,33.00651818,24.46899646,26.16749161,2.559041844,23.70407013,8.210550872,112.6218032,81.26573772,49.93805405,7.160752178,1
419,East,Chalky,Maize,Kharif,Vegetative,Sprinkler,57.07629193,29.73059288,51.36980607,3.296797289,22.2775786,6.765806999,110.7664136,90.41208972,118.7937807,5.597174582,0
420,West,Peaty,Potato,Zaid,Fruiting,Sprinkler,62.66621706,24.62200747,61.94764041,2.197856256,8.035893633,8.107725836,100.7556414,29.99057925,98.75184545,6.599667571,0
421,West,Clay,Potato,Rabi,Fruiting,Drip,65.41053306,20.76773755,34.0558466,1.943870378,10.15014433,8.108077198,124.2399136,119.7716458,158.1762277,1.58524622,0
422,North,Silt,Onion,Rabi,Seedling,Drip,65.27327,24.28408647,53.61699366,5.79850215,20.21005749,8.276591202,30.42884314,89.23765816,77.71191687,11.6874921,0
423,South,Silt,Sugarcane,Rabi,Fruiting,Flood,16.38442721,44.24712818,65.07694081,1.21587931,14.87792827,8.08156664,15.02073251,93.62972112,145.3408261,1.639856886,1
424,West,Loamy,Cotton,Rabi,Flowering,Furrow,44.60942133,27.33340251,44.55325101,6.178878407,13.69786109,4.513124516,86.15081581,72.17280834,82.61358325,2.967144274,0
425,North,Peaty,Onion,Zaid,Fruiting,Sprinkler,14.0291132,28.34138331,78.57086142,13.67024092,23.16604919,8.236059566,115.1186248,131.8911615,22.77034725,8.460205773,1
426,East,Peaty,Onion,Zaid,Fruiting,Sprinkler,48.46702176,32.2963497,83.03371862,4.164317113,13.40062402,5.049837756,81.48610099,100.6194993,21.95989348,2.710517069,0
427,North,Loamy,Potato,Rabi,Maturity,Sprinkler,40.9071351,44.50022305,44.27071021,4.726464243,12.87346699,4.659705004,134.8196482,55.36615691,24.40654653,2.175569205,1
428,West,Peaty,Sugarcane,Rabi,Maturity,Sprinkler,72.13929279,22.24803829,82.89928659,0.357118594,1.050464782,4.721554138,111.3790246,34.59785373,6.666574566,2.689824195,0
429,North,Peaty,Rice,Rabi,Fruiting,Furrow,34.56405088,35.43846332,27.76824246,9.993066001,1.735423965,5.895664781,98.11085213,10.30394285,109.2595002,1.681122675,1
430,North,Chalky,Wheat,Kharif,Flowering,Drip,18.19469115,36.47954081,82.8296824,1.680496041,0.185507697,6.983216341,8.436020722,23.97732139,137.7400498,3.764506143,1
431,North,Silt,Onion,Zaid,Maturity,Flood,20.00941774,33.2197325,31.45628238,4.773224255,22.83110564,6.109244786,15.08391342,143.9390281,25.97932237,3.982311981,1
432,West,Sandy,Groundnut,Rabi,Vegetative,Sprinkler,63.30574422,17.65735019,26.21953644,19.34294287,10.2096665,4.602217139,109.8772686,58.98119992,125.43089,6.484842963,0
433,South,Clay,Maize,Zaid,Maturity,Furrow,53.27526443,35.30616827,68.13315533,4.525549858,11.7140344,6.405930537,27.75330958,130.309648,122.536716,5.825947689,0
434,East,Clay,Rice,Kharif,Seedling,Flood,17.07858733,16.92284133,55.39530243,6.449641649,21.13467369,6.268522969,4.036924651,24.73255675,30.15428054,6.210847567,1
435,South,Sandy,Potato,Zaid,Seedling,Flood,15.88747643,32.88427949,88.09179503,2.946816099,15.23115776,7.527397062,127.506496,61.67732634,82.83693299,7.776434546,1
436,Central,Clay,Cotton,Kharif,Fruiting,Drip,59.0678392,37.18743532,47.23918971,0.311323374,15.23753991,5.618451594,124.7127523,139.2751777,154.8028205,3.540575744,0
437,South,Sandy,Maize,Zaid,Fruiting,Flood,15.09341045,21.32909672,41.53641976,7.987530638,7.413360734,5.370124695,30.58773581,13.21417646,3.434985238,2.481745442,1
438,East,Peaty,Sugarcane,Kharif,Flowering,Drip,67.53020415,40.24866023,57.55511796,0.178129884,20.84770935,5.523755831,109.2288761,86.12772115,30.1243162,10.66766107,0
439,North,Loamy,Rice,Zaid,Vegetative,Sprinkler,59.4369559,15.91061417,54.19596393,6.030839875,4.145749401,5.714959291,6.71715257,133.2799256,204.1448167,7.973354735,0
440,South,Chalky,Rice,Kharif,Flowering,Furrow,15.69441464,40.31438591,45.83210347,0.115941785,1.328739804,6.896659493,39.90812054,137.7040891,150.3767039,1.667296233,1
441,West,Peaty,Rice,Rabi,Flowering,Furrow,15.93863999,28.80987152,72.0305974,9.913579514,4.790083938,6.386101942,87.31336716,122.6710842,95.14670724,11.57156815,1
442,Central,Loamy,Groundnut,Rabi,Seedling,Flood,79.0647705,21.5276382,76.96713754,0.857715483,6.693430469,5.847578261,106.8450595,124.1104927,129.1092895,8.623753525,0
443,North,Sandy,Groundnut,Zaid,Vegetative,Sprinkler,36.1989557,19.01334435,83.97379768,3.610527219,7.057776446,5.997256633,1.45588643,94.56652835,173.475299,2.668751063,1
444,North,Peaty,Potato,Kharif,Vegetative,Sprinkler,35.94495029,43.59921503,92.96424535,4.545963718,16.76283997,5.983694641,45.66920586,31.96135067,172.67244,11.66047875,1
445,North,Sandy,Sugarcane,Rabi,Maturity,Drip,66.89596971,17.17996763,39.99921441,3.058254486,5.445614683,8.389626779,30.00837841,105.948389,66.56379427,5.019480776,0
446,South,Chalky,Wheat,Zaid,Fruiting,Furrow,76.30740042,20.9728026,73.70701119,2.083364578,16.91645761,5.431987952,139.8292568,141.8657473,100.7147416,11.82961088,0
447,West,Chalky,Potato,Kharif,Fruiting,Drip,79.02007447,25.43467042,49.56936766,3.153813916,2.278304331,7.772246241,93.93751253,76.26035963,130.8012948,2.136031923,0
448,East,Silt,Cotton,Kharif,Seedling,Sprinkler,62.73647297,33.60704547,70.7811479,1.865588032,3.680061527,7.33284335,56.7940034,37.80111707,14.73886789,2.759661387,0
449,Central,Chalky,Sugarcane,Kharif,Seedling,Sprinkler,36.33817099,31.34403256,55.69862678,2.882355761,12.72053621,4.522280022,10.59136428,83.15330483,193.8883029,8.23161506,1
450,West,Chalky,Rice,Kharif,Maturity,Furrow,15.84505017,18.76930477,94.53298271,2.222950459,23.04739506,8.472704873,83.81383605,100.1385017,88.71207426,1.243578117,1
451,South,Sandy,Wheat,Zaid,Maturity,Flood,64.40028411,23.69183951,74.66766018,4.175913999,21.48918972,7.525757483,89.83820593,30.20064487,76.02677709,1.205586053,0
452,Central,Chalky,Tomato,Kharif,Flowering,Furrow,49.08829748,22.16255313,91.43684753,-999,24.21883606,7.229798345,114.2968299,104.2824554,185.9555741,9.711811154,0
453,West,Peaty,Wheat,Kharif,Fruiting,Sprinkler,39.69554065,21.40628563,82.62271621,22.39557614,16.26197663,6.121298831,40.40075941,85.17776454,24.24876299,2.845583649,0
454,East,Loamy,Tomato,Rabi,Maturity,Flood,73.44480696,27.33433009,87.71757584,3.474443014,16.89537166,6.720812356,137.3999313,88.79073683,8.048463464,11.10668992,0
455,East,Silt,Rice,Kharif,Vegetative,Sprinkler,17.78382376,36.12094358,81.08143979,1.079363227,15.62557497,5.513083583,61.5252035,44.36824981,140.4254945,5.684857784,1
456,North,Peaty,Potato,Kharif,Flowering,Flood,44.4837573,21.52358797,54.43693478,3.241507256,15.57047307,4.641933621,41.43212565,22.51368747,78.92560846,10.6101759,0
457,North,Peaty,Potato,Kharif,Flowering,Drip,10.79475513,26.00036639,38.884134,10.06509135,3.678008627,7.844086634,48.78290676,90.40023482,156.7175408,5.595399425,1
458,East,Peaty,Potato,Kharif,Fruiting,Drip,42.80624494,26.72752281,47.77401316,0.110240377,13.5934739,8.085937975,72.74204742,85.00378343,14.05164536,6.832530055,1
459,North,Silt,Soybean,Zaid,Fruiting,Flood,13.9412293,44.29369588,21.51771745,5.690209376,9.651698336,5.149882546,131.138219,49.01176722,78.67021442,4.481655778,1
460,North,Peaty,Wheat,Zaid,Fruiting,Flood,18.31725414,43.63999071,59.29948756,3.970009278,11.06343039,7.648224383,102.9222317,42.90458179,48.24166847,8.238840595,1
461,East,Chalky,Rice,Zaid,Seedling,Flood,18.22683727,39.00412748,57.87933502,0.928985915,13.09001433,7.464610693,80.79535092,50.35044694,151.6193393,4.500212825,1
462,Central,Loamy,Soybean,Rabi,Fruiting,Sprinkler,55.44472115,22.24976762,59.39378486,8.504380073,3.209904295,5.213500008,22.79345432,71.03308408,46.56987264,3.454871076,0
463,East,Chalky,Cotton,Kharif,Seedling,Furrow,62.22314155,17.04111942,93.05234187,2.301332922,8.987193346,6.18731521,20.90946352,141.3488616,93.87879363,1.891520432,0
464,North,Peaty,Tomato,Zaid,Maturity,Furrow,50.83581356,24.50712413,88.35905026,1.739298342,1.586239022,6.191031683,70.30756793,110.7168702,167.869898,1.634362826,0
465,Central,Clay,Tomato,Zaid,Vegetative,Sprinkler,77.35207839,23.00383648,32.12845837,8.804944634,24.49170326,7.539857033,102.0192186,123.5022622,187.6550598,4.365717885,0
466,North,Sandy,Wheat,Rabi,Vegetative,Drip,36.24094057,30.177774,47.66618912,5.087812619,2.963200721,7.850643623,105.1417042,73.31918749,148.1341877,9.101206798,1
467,South,Clay,Wheat,Rabi,Flowering,Flood,29.99984604,38.3318373,51.79671346,11.42662867,6.463118464,4.879100486,31.62801374,76.28792371,87.99182436,3.26182073,1
468,North,Chalky,Cotton,Kharif,Flowering,Furrow,70.80193897,40.74968817,47.03996884,4.969690042,22.28232317,6.75187694,14.0139318,29.62707591,117.2571043,4.291501952,0
469,West,Loamy,Potato,Kharif,Flowering,Drip,25.6517087,40.34592256,79.88719727,6.751117208,12.06775116,7.546993988,53.8245385,104.5516463,141.3864392,10.9568856,1
470,West,Loamy,Soybean,Kharif,Vegetative,Flood,77.42557776,,59.30282524,9.053057168,3.390930038,7.644762376,128.5441561,61.12968084,179.3611884,8.030732454,0
471,North,Sandy,Groundnut,Zaid,Flowering,Flood,10.85081323,35.6170303,62.90748627,-999,9.605763451,5.091974098,76.35141537,107.6547945,182.1576669,11.11694628,1
472,North,Loamy,Maize,Rabi,Seedling,Drip,77.89151787,24.38502593,83.97601692,7.481639087,2.896699855,6.602020573,44.81396736,59.31303029,190.8487458,11.02348637,0
473,South,Loamy,Groundnut,Zaid,Flowering,Furrow,13.02119384,16.8271663,80.44461151,4.755788944,5.005399927,7.930234825,45.30927357,15.73499215,166.1957753,1.697517507,1
474,Central,Peaty,Maize,Kharif,Maturity,Flood,72.38001796,36.04695797,29.91586421,0.360207909,1.300746174,5.774074306,18.49218633,25.09278473,30.09357687,11.50510257,0
475,Central,Sandy,Wheat,Zaid,Flowering,Flood,46.93907764,15.29482658,73.54359381,3.552259454,10.95568736,6.200467596,66.25132305,117.6776613,153.2661043,1.56295755,0
476,South,Clay,Wheat,Rabi,Seedling,Furrow,,27.27547762,52.65770967,0.430285043,20.16590304,7.717434045,110.790775,37.49939099,166.9914366,11.1818081,0
477,East,Peaty,Potato,Zaid,Vegetative,Furrow,15.16575953,24.88137808,42.09866773,6.658031012,14.64922947,4.857278085,135.5982168,38.33139127,179.9636427,7.014067803,1
478,North,Peaty,Groundnut,Kharif,Vegetative,Flood,48.76979991,35.80132616,23.75141157,3.953818944,15.15863264,7.93797316,70.22329999,134.7583731,189.5874634,6.865085412,1
479,North,Clay,Sugarcane,Kharif,Vegetative,Drip,77.85117749,37.98736418,56.54371703,15.34942834,5.014600752,5.744626867,23.41008822,95.35716532,104.3777618,8.845904689,0
480,West,Loamy,Maize,Kharif,Seedling,Flood,46.61684909,24.12283908,46.65775105,1.011409457,8.597346081,4.505801266,95.61305597,16.57459531,134.2940025,10.67132398,0
481,West,Silt,Tomato,Kharif,Vegetative,Drip,54.05790467,39.34881043,38.86347798,4.657446391,21.1310526,5.43663658,105.950788,20.81986417,1.958319206,7.787050112,0
482,East,Chalky,Wheat,Rabi,Fruiting,Furrow,58.70240823,23.81750282,72.10037972,1.188635218,2.196404608,4.858002564,10.03796492,39.49327774,117.4206314,5.679398392,0
483,Central,Silt,Maize,Rabi,Flowering,Sprinkler,41.81787453,28.3897908,77.71140405,4.76043139,21.44826634,4.869539628,119.0194781,86.12937473,97.00566812,2.230782773,1
484,Central,Chalky,Sugarcane,Kharif,Seedling,Drip,53.92906561,36.81055581,38.35921393,6.412369797,12.09225066,7.271342937,116.1051346,109.1596931,197.2727392,9.681302365,0
485,Central,Loamy,Rice,Rabi,Flowering,Flood,50.90200183,35.78760688,23.70855775,6.406147374,20.92868578,5.355905343,66.15574757,39.8019843,184.8504062,2.411228417,0
486,North,Peaty,Soybean,Kharif,Maturity,Drip,73.08106073,44.62105417,83.65645254,8.438997418,7.950160485,8.238969452,78.45915261,126.2430954,163.5088055,8.990024473,0
487,West,Clay,Wheat,Zaid,Flowering,Furrow,13.18124662,21.75483073,20.74698059,9.605363811,8.47107379,6.565778186,99.87712892,15.83112594,11.68380783,6.807174404,1
488,North,Silt,Groundnut,Zaid,Seedling,Furrow,29.66742327,34.86953741,90.28343704,0.402102412,18.79012171,6.340393032,94.74473751,30.10187937,82.41591267,5.244195172,1
489,East,Peaty,Groundnut,Zaid,Fruiting,Drip,76.52880389,33.29045725,67.07149055,2.102389875,19.62490433,6.237134073,2.315036947,140.7174136,142.6886555,7.742850249,0
490,South,Silt,Rice,Rabi,Fruiting,Drip,72.31846487,42.45295363,44.13849764,5.80971802,5.74111695,7.270350559,17.14094254,19.53800523,6.080452431,9.495916947,0
491,South,Clay,Cotton,Kharif,Vegetative,Sprinkler,41.89597269,19.69086425,38.48584322,3.451618725,24.32178312,6.30905105,22.76267781,128.7761396,48.34182731,11.3525358,0
492,Central,Peaty,Rice,Zaid,Fruiting,Furrow,53.40928185,37.55394491,20.67542482,1.057779409,2.112252606,5.014401425,105.7946245,102.0705859,181.938974,3.911665711,0
493,West,Sandy,Onion,Rabi,Maturity,Flood,29.41668281,32.04805849,37.66035628,4.022735821,1.712574078,8.020688723,61.6116988,10.59762814,26.6050573,11.41843176,1
494,East,Peaty,Groundnut,Rabi,Maturity,Sprinkler,23.16848118,23.23997609,30.32962261,2.616479045,14.88760538,6.213581396,76.37036769,70.13749019,10.53156839,11.57042851,1
495,North,Sandy,Sugarcane,Rabi,Flowering,Sprinkler,42.45888835,29.23304742,65.91246655,2.47179537,18.06851919,4.796018303,108.1762412,75.25200621,119.02008,9.949935659,1
496,East,Loamy,Tomato,Rabi,Maturity,Sprinkler,34.73465596,25.01329791,32.49091914,8.297179111,24.02215323,6.61746395,47.73751767,135.1602466,194.0252462,10.69580892,1
497,East,Clay,Rice,Kharif,Seedling,Furrow,50.85592783,32.37940208,59.64723782,2.61785192,10.12364452,7.089387434,104.8446318,61.060166,171.0980717,8.616702651,0
498,East,Silt,Onion,Rabi,Vegetative,Sprinkler,15.44142459,41.67001832,64.25873168,0.134053612,0.632285225,5.602329857,61.92189845,64.78072424,199.8283635,1.430069419,1
499,West,Loamy,Cotton,Rabi,Maturity,Flood,78.20763654,32.07914953,42.35312738,0.299086227,15.07240849,7.701361631,52.80522629,16.31014444,154.4722465,7.325863992,0
500,East,Loamy,Potato,Kharif,Vegetative,Furrow,79.03475211,33.95167255,22.62987118,9.698190755,7.242400515,7.179103384,46.62521697,92.6800217,89.66080369,9.219250193,0
501,South,Chalky,Onion,Kharif,Vegetative,Furrow,58.87131998,30.56243541,22.79404105,16.17005011,10.82367803,7.101364677,135.0922742,30.5800615,194.0563701,11.35873448,0
502,Central,Chalky,Rice,Zaid,Flowering,Drip,47.52674564,16.53496519,21.97604991,5.830324642,12.21173706,6.183299811,108.0762775,11.24232244,87.45982208,7.274970317,0
503,East,Peaty,Maize,Kharif,Seedling,Sprinkler,31.66693314,21.98575671,75.43435004,2.265679811,1.612815268,8.347661206,2.827431708,144.553255,71.76939635,9.736207461,1
504,North,Peaty,Wheat,Rabi,Flowering,Furrow,66.96565138,29.76005188,43.85072786,13.95175294,12.14954461,5.596756672,134.0381681,39.09629605,91.88016314,8.755425893,0
505,South,Chalky,Potato,Zaid,Maturity,Flood,57.93118208,24.30705851,79.72251395,5.435441029,10.65799167,6.810822004,108.5615482,20.45270894,166.8646606,4.088831774,0
506,East,Chalky,Onion,Kharif,Maturity,Sprinkler,21.38318575,20.45290793,52.37996179,9.300198484,17.81360663,5.73622063,20.88446002,101.4261043,188.1271777,2.702008827,1
507,West,Sandy,Sugarcane,Kharif,Vegetative,Drip,73.76490291,30.12398526,53.97485756,7.259015917,16.14164778,7.479219012,10.68733756,119.1439126,73.32483254,9.259958615,0
508,East,Sandy,Soybean,Zaid,Fruiting,Sprinkler,67.577607,24.6842938,58.46619519,2.383242816,4.630392954,4.691165935,43.14717311,9.291236503,94.76072859,3.571451973,0
509,Central,Loamy,Tomato,Kharif,Vegetative,Flood,76.48599393,22.7432293,73.47735923,3.257169045,5.153472955,4.683575472,87.38541411,15.28202958,184.1571013,3.691607101,0
510,South,Loamy,Potato,Zaid,Seedling,Drip,60.80036559,28.91956252,40.51271494,1.02978639,6.275154469,7.743443878,86.31653648,13.07520442,9.643951228,8.083408626,0
511,Central,Peaty,Tomato,Rabi,Fruiting,Drip,52.93906372,18.99852774,29.11905122,1.726655507,4.473761007,6.237072644,38.61901752,6.809098982,160.6930823,9.679753104,0
512,Central,Peaty,Tomato,Kharif,Fruiting,Furrow,39.27701254,42.83237199,61.70430014,7.528220496,16.43032999,5.864720218,62.39449701,95.6211894,93.11464044,7.405653021,1
513,West,Silt,Rice,Rabi,Fruiting,Drip,75.29099383,41.03106294,44.52332174,11.22056178,24.86075448,6.930107449,29.6646218,85.30541251,77.18626197,10.73481469,0
514,East,Clay,Onion,Zaid,Maturity,Furrow,70.62447227,36.22861757,53.18684853,6.445120032,16.30270851,7.307597375,7.081015923,96.1069652,91.61886483,3.325875962,0
515,Central,Silt,Rice,Kharif,Seedling,Furrow,13.16530691,18.18641483,68.52100313,3.129066257,15.16703865,5.304805387,72.37586544,73.32173867,85.83158848,3.776558725,1
516,South,Clay,Tomato,Kharif,Maturity,Flood,11.84568821,38.27631763,57.05943059,0.452410249,10.24819833,5.241724966,48.5787588,118.5386144,155.1068167,8.006510546,1
517,East,Loamy,Rice,Rabi,Vegetative,Sprinkler,36.35243568,39.23871984,66.52091128,0.293169002,7.814506471,8.332602991,76.00354052,79.26690386,190.2292421,10.12305003,1
518,Central,Peaty,Sugarcane,Zaid,Vegetative,Sprinkler,66.73873315,38.03293853,60.81500016,2.344625572,22.77684392,6.858657226,132.5110251,133.2183055,100.7484442,6.932869818,0
519,North,Silt,Cotton,Kharif,Vegetative,Flood,79.10932905,18.41897661,75.4847279,3.116442795,24.22504685,6.060465909,20.07184364,70.41903721,170.7104261,1.114197306,0
520,North,Chalky,Sugarcane,Rabi,Vegetative,Flood,20.52918238,34.31723871,72.94524633,4.696781317,12.41940439,7.705766779,0.274682564,114.6455059,150.0486298,8.446374421,1
521,North,Clay,Tomato,Rabi,Maturity,Drip,51.58915007,40.02974387,60.06424189,0.032553349,7.255012388,6.600635835,10.76294986,59.06725128,67.78956104,9.949406763,1
522,Central,Chalky,Onion,Kharif,Fruiting,Sprinkler,36.66235996,32.32060204,70.91772656,22.88918116,19.25305519,-5,64.77916145,63.10746474,120.399332,4.041979907,1
523,West,Chalky,Tomato,Kharif,Seedling,Sprinkler,77.89400785,34.39222126,85.51697017,2.262303125,3.311419772,5.326941223,98.97048417,123.1038466,136.6972134,1.596180518,0
524,Central,Sandy,Cotton,Zaid,Flowering,Sprinkler,68.94832462,28.75090438,52.42034658,9.422488702,19.13970594,6.087437065,81.30690446,15.61067613,4.817371238,6.697471759,0
525,South,Clay,Tomato,Kharif,Flowering,Sprinkler,68.68300933,30.8612196,50.95723046,3.828231376,20.47370936,7.939583441,69.28524503,81.91307447,81.170888,1.463707424,0
526,North,Clay,Onion,Zaid,Vegetative,Flood,42.80852119,16.03130575,77.31842156,0.698836576,3.122598616,4.745791664,49.55483835,105.3187878,203.490826,5.576184183,0
527,Central,Chalky,Sugarcane,Zaid,Maturity,Flood,39.03736516,34.16889066,63.69153778,7.986695805,24.42153672,5.374104003,43.39638401,108.8109892,130.6375675,1.195996289,1
528,North,Peaty,Cotton,Zaid,Vegetative,Drip,29.13849504,17.44341639,25.32550852,6.186391202,24.63780726,8.072607275,52.68006451,85.76656144,68.5200342,3.474633952,1
529,South,Silt,Groundnut,Zaid,Maturity,Drip,13.94628477,28.05043783,86.90840118,3.747911356,23.41798698,4.986938276,85.62889356,64.9693502,51.25492808,5.277046971,1
530,West,Loamy,Maize,Kharif,Fruiting,Flood,70.53056634,23.77965293,22.30873267,3.613426756,12.40087024,7.018502873,23.48555382,37.81345436,42.94372843,2.228764787,0
531,West,Silt,Sugarcane,Kharif,Seedling,Furrow,66.90307064,31.36283851,76.12972672,0.45772422,6.151853557,5.354045472,107.9906916,131.8668041,82.33648884,2.255714944,0
532,West,Loamy,Sugarcane,Zaid,Vegetative,Sprinkler,79.98023713,19.00249007,76.9095607,5.333373075,14.55023202,6.92346739,80.53545361,53.61925239,39.61946657,10.09767914,0
533,North,Chalky,Sugarcane,Zaid,Seedling,Furrow,79.7645786,35.74930206,91.4833314,12.10938635,10.49834596,6.032416667,37.68189287,115.8538528,27.71316732,1.455662534,0
534,Central,Sandy,Wheat,Kharif,Fruiting,Drip,48.88021939,38.85034611,24.06008063,0.489414488,5.148716118,4.906707586,70.16141479,4.59151388,74.63297331,8.578628735,1
535,East,Chalky,Onion,Zaid,Flowering,Furrow,63.82911906,19.90063349,64.76426456,1.529307953,10.59191024,6.82990027,134.7890163,33.66453613,124.434937,9.959302543,0
536,South,Chalky,Groundnut,Kharif,Vegetative,Furrow,76.13360109,18.12939262,52.0880428,11.62967667,16.59724589,7.232170988,2.86881408,50.10979497,30.01183233,2.437945895,0
537,North,Peaty,Onion,Kharif,Flowering,Flood,69.47531735,19.36546448,44.79747161,1.672777742,1.77283277,7.221090476,27.93316973,97.37823918,9.090371142,3.14907808,0
538,South,Clay,Groundnut,Kharif,Seedling,Sprinkler,27.31436712,41.31382686,26.77389202,5.3057686,8.335450036,7.048137636,62.77323359,46.30296704,7.099727703,8.056426318,1
539,North,Chalky,Tomato,Rabi,Seedling,Flood,41.53808947,30.84567785,62.19905898,3.826634533,0.44487225,6.500899124,89.38156105,5.997751119,54.81377175,4.47211274,1
540,West,Silt,Groundnut,Kharif,Flowering,Flood,19.04115906,29.01782988,55.92805443,4.535758167,18.73738764,6.577890467,29.71195728,25.21078983,38.97711956,6.240653784,1
541,South,Silt,Rice,Zaid,Fruiting,Drip,76.78357191,18.20135457,27.84158436,2.687464458,16.01728169,7.042560439,130.3965528,37.57897609,110.5473489,10.19602979,0
542,East,Loamy,Potato,Rabi,Seedling,Furrow,52.43222441,34.4866802,65.93671303,1.783313795,1.566803368,7.261037447,89.96008174,25.52688459,93.42263835,2.517814885,0
543,West,Silt,Cotton,Zaid,Maturity,Flood,26.00499639,41.03998776,75.34648402,0.248753743,24.11843899,7.119506955,122.8404729,29.54006122,66.57715594,7.816177741,1
544,West,Clay,Rice,Kharif,Seedling,Flood,57.01904791,39.84557608,77.54587258,6.818379281,0.565538928,6.84778226,46.10451024,111.4987564,170.876281,11.36637495,0
545,East,Loamy,Onion,Rabi,Seedling,Drip,53.26897683,33.78164127,87.90298912,6.853945205,14.74901616,5.123355939,116.0535508,59.74487837,103.5141336,1.632132927,0
546,East,Clay,Wheat,Rabi,Maturity,Flood,35.07139026,17.2583615,50.71030564,5.554321294,19.40918654,5.342466154,52.95069037,58.75099048,18.76364838,1.660074415,0
547,West,Chalky,Tomato,Zaid,Seedling,Drip,17.94903145,18.37191082,91.48045765,5.158981959,19.69740783,5.540896084,35.38524814,140.1579188,60.63169259,7.102166099,1
548,East,Loamy,Tomato,Zaid,Fruiting,Furrow,57.01012369,16.47926961,84.90720538,1.396699045,0.85712839,8.178646628,127.6317475,64.7717665,199.5345496,11.56083376,0
549,West,Clay,Potato,Kharif,Maturity,Flood,46.42153906,22.72437649,42.23761783,0.112991821,22.66037832,7.537580367,12.9105866,134.5104292,200.2803508,3.425210066,0
550,Central,Loamy,Potato,Rabi,Seedling,Furrow,64.06228742,19.06984401,31.9462278,8.269964457,22.9612918,6.711467278,132.0044314,43.36414924,52.20768529,4.638711667,0
551,North,Peaty,Onion,Kharif,Maturity,Flood,46.41144508,22.80144121,52.65420471,3.377897359,14.03475933,5.508227714,64.19212882,58.09080769,34.2834064,2.08512772,0
552,Central,Silt,Tomato,Rabi,Seedling,Furrow,69.65270502,26.55174167,50.1424031,1.832458647,12.05207997,4.943566093,138.9675663,57.46108663,101.61607,4.984719535,0
553,North,Clay,Cotton,Rabi,Seedling,Sprinkler,48.63347871,43.28948352,63.1789479,0.53754693,1.121686577,8.095036904,75.54325152,79.18143069,98.70030822,1.48765728,1
554,North,Sandy,Onion,Zaid,Vegetative,Drip,49.26565801,33.31128179,63.75396742,0.323874564,14.04885356,8.070664063,106.0483441,84.71585717,84.07822589,5.280033975,1
555,Central,Chalky,Groundnut,Zaid,Seedling,Sprinkler,71.36575219,40.04921357,76.24902383,2.145204647,10.23447704,4.942782383,0.989942287,35.97812921,108.5182316,7.110365524,0
556,North,Peaty,Potato,Rabi,Vegetative,Sprinkler,38.24380063,36.31054502,58.24174612,8.167041214,19.32016019,7.688866664,69.53335479,115.0697163,47.6000526,11.72505309,1
557,North,Peaty,Soybean,Rabi,Seedling,Furrow,19.38106599,18.37509392,27.86169807,12.54950712,10.09708917,6.286580277,103.243486,71.99626343,23.56051502,10.00226778,1
558,West,Chalky,Soybean,Rabi,Fruiting,Sprinkler,12.01478734,,84.37185017,11.35307632,17.08952083,5.795867731,109.5957828,1.02131526,116.944599,10.04271952,0
559,North,Clay,Rice,Kharif,Flowering,Furrow,62.8596079,23.25296645,43.23234374,12.62869539,2.535203656,7.456418145,22.12680156,85.74439183,191.1825893,3.50958757,0
560,East,Clay,Onion,Rabi,Vegetative,Furrow,53.42166859,34.17323541,92.84730952,11.91492874,3.323806769,6.957318164,58.65593305,115.718619,28.23860171,1.959581724,0
561,North,Sandy,Potato,Zaid,Flowering,Sprinkler,59.28558377,25.22885921,28.83950815,3.745675827,3.492754766,7.62012043,58.67007414,36.31767698,144.4870185,7.633821745,0
562,South,Chalky,Wheat,Rabi,Flowering,Furrow,24.90749131,44.9301679,91.86883792,1.238562292,1.138137495,4.797315443,14.50971319,5.491296357,89.76882091,6.732520146,1
563,West,Clay,Maize,Zaid,Fruiting,Drip,19.54600329,22.90654438,26.82588552,7.998591081,13.53322148,5.77434808,62.02637108,117.0409051,60.26520089,6.681542642,1
564,West,Chalky,Sugarcane,Kharif,Fruiting,Flood,11.0181266,23.37391412,37.32771035,1.202166906,19.84919315,5.777267402,112.9930142,141.5601238,174.8873898,2.199087848,1
565,North,Sandy,Sugarcane,Kharif,Fruiting,Sprinkler,34.54112912,42.92016767,23.49349566,1.554461979,15.26028009,5.819012369,42.02530327,11.10172413,93.58079738,6.432733837,1
566,South,Clay,Sugarcane,Kharif,Flowering,Drip,51.29423808,15.73933214,72.883486,1.328000563,14.37387214,6.509919491,60.56043307,136.0153371,119.5789629,2.653913147,0
567,South,Sandy,Cotton,Kharif,Seedling,Furrow,37.45708316,35.90066964,83.77240524,3.617850538,17.01559821,5.632055212,134.5342159,52.09478974,90.82653882,5.643260531,1
568,West,Loamy,Sugarcane,Rabi,Maturity,Flood,40.62324454,36.75979172,52.55533114,1.941768053,8.491133077,6.27753444,4.439130625,136.5087432,16.65616424,1.683788959,1
569,Central,Silt,Maize,Zaid,Fruiting,Flood,73.29110861,40.09135732,89.63915563,0.837101961,9.048851791,5.971110372,82.81304751,94.08170198,121.9554608,10.42581859,0
570,South,Silt,Rice,Zaid,Vegetative,Sprinkler,34.37788269,44.23317932,64.27243038,3.018117752,7.856752456,7.441184192,104.0810528,129.0854253,85.86239988,1.144980949,1
571,North,Clay,Groundnut,Kharif,Seedling,Drip,45.97926424,44.26805757,67.25053516,10.35368721,17.80272332,6.914003183,106.5235408,113.9457886,17.78510424,11.33255453,1
572,East,Clay,Onion,Zaid,Fruiting,Sprinkler,64.85571089,16.95830273,83.40644013,4.226283034,4.041008392,7.114517729,100.2313235,4.059672709,122.1414056,10.49181005,0
573,Central,Silt,Wheat,Kharif,Fruiting,Furrow,37.75799476,39.65517968,42.26001538,10.53244446,0.325632008,5.342335576,101.7032021,9.489162837,2.023541068,9.278688798,1
574,North,Silt,Tomato,Zaid,Fruiting,Flood,,34.38929801,46.5699291,1.089985243,14.90491117,5.802008661,8.261773194,76.23296774,42.74667959,11.80805641,0
575,North,Sandy,Rice,Kharif,Maturity,Flood,70.36545961,34.42026403,87.94639394,0.913451366,23.55953412,4.58466179,74.77912668,18.79475788,160.1192551,1.592019968,0
576,Central,Sandy,Soybean,Zaid,Seedling,Drip,76.46644366,18.8504978,87.5722622,4.285124879,15.23519792,4.933498829,109.61567,66.84996468,7.775122096,8.057568167,0
577,East,Loamy,Rice,Rabi,Fruiting,Furrow,20.29514367,34.50561499,93.23620822,3.111849259,19.57304132,5.560216928,13.16910687,138.4213933,132.5698301,10.342323,1
578,Central,Loamy,Tomato,Rabi,Seedling,Flood,74.86113376,44.47447742,87.63787373,5.396587799,16.81976774,4.761854885,1.686989134,42.7398067,194.689924,2.392788062,0
579,West,Sandy,Wheat,Rabi,Seedling,Furrow,44.44814052,42.35455709,29.5529027,7.914632117,12.43591634,6.910529601,114.0386564,70.8923435,35.09445393,7.432524765,1
580,North,Loamy,Tomato,Rabi,Flowering,Flood,,28.17391982,81.77932146,6.957686319,17.95981004,8.492520464,99.72121426,55.71764636,85.50793134,5.333140996,0
581,West,Peaty,Cotton,Kharif,Seedling,Furrow,42.13950294,16.1984392,50.73788586,14.25912716,20.6026031,4.903260856,57.70889837,91.32490982,117.977028,5.794098247,0
582,West,Chalky,Maize,Zaid,Maturity,Furrow,78.60228027,25.8688047,94.3101017,2.539619266,5.618291104,7.784920851,131.6555006,28.10751494,92.33524694,11.03776494,0
583,West,Sandy,Wheat,Zaid,Maturity,Furrow,44.48326658,39.79170935,55.42107232,1.155795087,8.403262012,4.975264989,107.3237333,37.69119707,127.1774257,6.925165953,1
584,East,Loamy,Cotton,Rabi,Maturity,Furrow,33.01261272,36.04497304,61.53770619,4.002689222,5.593143313,7.179656075,135.5005318,124.5213384,82.83999266,2.025882493,1
585,North,Loamy,Onion,Rabi,Maturity,Drip,54.3380598,28.78030967,59.73311864,0.586845658,11.30432389,7.072630412,130.1041363,117.6437525,30.44334645,11.30937791,0
586,West,Clay,Onion,Rabi,Fruiting,Furrow,26.81019331,16.65304605,44.13027724,1.704367403,22.12661377,8.110867739,67.38110442,114.4325049,18.25409376,3.037322876,1
587,West,Clay,Wheat,Zaid,Seedling,Sprinkler,15.31043297,27.80684183,25.62665667,1.165262764,8.630177521,4.955782455,105.659257,111.7833434,152.610847,10.81900498,1
588,West,Clay,Maize,Kharif,Flowering,Drip,19.02158053,29.07074819,87.17384228,2.525574114,9.361672228,5.761777864,93.68679443,66.61843655,48.91790965,11.68012793,1
589,South,Silt,Wheat,Rabi,Fruiting,Drip,18.96320873,42.85666599,80.20068594,0.589508448,21.50918087,4.863119041,113.6023294,105.689162,173.7273141,10.65621209,1
590,North,Chalky,Wheat,Rabi,Vegetative,Sprinkler,20.63318855,34.23258311,30.46450854,0.16179859,12.88435827,6.129533303,110.2763763,56.14469859,152.320585,8.448471556,1
591,West,Silt,Onion,Zaid,Fruiting,Flood,19.71790209,,78.25762035,5.347122212,13.38622499,8.146372694,21.4524758,14.60288913,10.13790279,9.179070018,0
592,East,Silt,Potato,Kharif,Fruiting,Furrow,54.86123214,30.75954793,66.93849995,4.711235748,21.52003008,7.626092604,32.72297445,57.03932304,41.248279,8.698539681,0
593,South,Sandy,Rice,Rabi,Fruiting,Drip,,16.98165923,50.68578409,6.161157329,12.26316843,7.391600402,37.2024208,23.00614141,59.85849459,6.065768266,0
594,South,Clay,Maize,Kharif,Fruiting,Sprinkler,34.19670983,44.17704707,39.05158618,5.399734484,17.03893837,6.632110019,114.5897983,56.67349369,121.868861,4.018616906,1
595,Central,Clay,Rice,Rabi,Flowering,Drip,,25.80179706,84.47965876,0.606854905,2.141116647,8.033942969,113.5038386,43.12665623,166.0145351,4.135030029,0
596,East,Sandy,Maize,Zaid,Maturity,Drip,,29.33602065,72.51411945,1.720055079,4.465792828,6.297767193,69.34694857,86.87829672,12.36831731,9.042846474,0
597,Central,Silt,Rice,Kharif,Seedling,Furrow,56.7290417,25.65851923,61.08049321,0.693590444,10.10940502,5.098742668,81.3165163,52.42336025,51.16983514,7.886400932,0
598,South,Chalky,Potato,Zaid,Maturity,Sprinkler,22.06239098,35.4753519,65.71764004,9.25666853,12.3709767,7.850340892,115.7691014,102.3105012,77.12300129,7.433724374,1
599,Central,Loamy,Sugarcane,Rabi,Flowering,Sprinkler,23.46023132,34.86696475,26.82996366,6.869925269,24.14334253,5.618553312,43.76310409,74.26126875,37.59231669,8.178697217,1
600,Central,Peaty,Cotton,Zaid,Flowering,Flood,12.86080314,36.45966932,55.54398207,1.125270645,24.26629083,4.714534164,7.025028768,133.3263804,111.78488,9.52264859,1
601,Central,Clay,Tomato,Rabi,Fruiting,Sprinkler,21.82545442,23.04429689,34.52752196,-999,21.27992719,5.004152123,67.56350136,13.19868813,97.99050827,9.231750061,1
602,West,Silt,Rice,Rabi,Fruiting,Sprinkler,29.50132373,24.47005443,35.62877593,16.99824175,7.889970882,6.936235665,127.9204001,99.71783235,64.88160662,2.159360464,1
603,South,Loamy,Potato,Rabi,Seedling,Furrow,22.3907339,18.75753693,69.59779717,4.508973518,24.10070727,6.928327856,110.6655565,97.49754725,105.9618118,4.993385547,1
604,Central,Clay,Wheat,Rabi,Fruiting,Furrow,16.20917736,34.66529916,88.34421139,8.07616328,17.23352162,5.540732684,51.32642244,137.8408494,72.94342069,3.903638505,1
605,East,Clay,Tomato,Zaid,Seedling,Sprinkler,18.44451098,16.19391382,50.28174579,1.536642596,9.823503195,7.408720592,9.067990468,53.87502072,70.35478383,6.920625284,1
606,West,Peaty,Groundnut,Rabi,Flowering,Flood,42.25451376,32.93047007,35.58119548,1.178946617,17.54187292,7.594560622,89.16873075,44.28850561,54.4060827,1.675576906,1
607,South,Silt,Onion,Rabi,Seedling,Flood,24.44336029,41.09087655,68.65602029,7.660461783,0.413068245,8.182010505,116.8287114,24.99704941,110.7897765,9.387104522,1
608,South,Chalky,Wheat,Rabi,Seedling,Flood,35.49889027,41.72496445,85.33902848,5.78978091,3.653867057,6.839749995,93.0927993,38.46683473,91.04365586,2.171800671,1
609,North,Sandy,Onion,Zaid,Vegetative,Flood,45.23920896,28.47113281,76.12391008,5.712474956,20.74214279,7.617693457,59.51045307,72.77416205,40.24658075,3.985422285,0
610,South,Loamy,Onion,Zaid,Fruiting,Flood,58.327638,28.77911065,85.15679229,4.02189764,16.13934092,7.512398719,17.26950585,121.4683795,2.658083484,9.610156557,0
611,Central,Loamy,Soybean,Rabi,Maturity,Drip,12.75184979,17.30907549,60.24160033,4.145731996,9.104867532,5.531236194,127.5083942,41.2215575,30.94055583,1.567159812,1
612,North,Silt,Sugarcane,Rabi,Vegetative,Flood,65.95872792,35.12295076,76.39071833,6.653305093,12.51666601,5.740903712,38.63416561,22.87260692,8.781093307,8.262211754,0
613,South,Loamy,Groundnut,Rabi,Vegetative,Furrow,53.95302726,39.63778261,30.50484195,1.573570718,22.62855374,6.413929583,31.40018511,39.45862831,88.4777609,11.16926099,1
614,West,Sandy,Wheat,Rabi,Vegetative,Sprinkler,15.72313224,22.33965164,46.12059615,2.175255952,15.78945274,4.57615587,114.2367332,14.63441138,46.14485505,7.794015989,1
615,South,Loamy,Onion,Zaid,Maturity,Furrow,71.15050369,27.63902645,49.21618734,10.26445652,9.953732098,5.689591093,137.3707914,134.3708354,86.19334317,8.839232361,0
616,West,Silt,Potato,Kharif,Maturity,Sprinkler,74.46106804,40.1651801,58.34718097,1.847101981,3.008166435,6.395531493,92.42243622,126.530502,67.53722404,9.714935598,0
617,South,Sandy,Maize,Kharif,Vegetative,Sprinkler,14.27545719,41.31361403,89.68072702,3.951700944,7.343670041,4.932277181,87.47346846,44.73129896,110.2930362,3.444709544,1
618,South,Peaty,Rice,Zaid,Flowering,Furrow,29.38143537,22.29539941,85.57224202,6.064049752,24.45850582,5.005103551,44.72032169,35.81323331,148.3926999,7.390603098,1
619,Central,Chalky,Tomato,Kharif,Vegetative,Furrow,66.43408959,31.51711904,30.08941192,47.47858107,10.93407657,6.352946943,2.857883096,131.2826105,98.25935732,4.399623876,0
620,South,Silt,Groundnut,Zaid,Seedling,Furrow,62.37817833,20.77479452,32.95922389,2.857226559,11.7959866,7.423860126,26.85170122,0.256932942,12.70345249,3.744449171,0
621,Central,Chalky,Groundnut,Kharif,Seedling,Flood,22.91647135,18.05636292,46.82304122,2.793893363,12.46495081,7.834995724,81.82026112,87.08374156,3.58964869,3.117020566,1
622,North,Peaty,Cotton,Zaid,Maturity,Sprinkler,24.65445263,42.33361504,41.80578994,9.244455587,22.10260057,6.68525559,21.18430465,132.8205453,43.71238909,7.439736768,1
623,South,Loamy,Onion,Kharif,Seedling,Flood,35.9330472,39.61522513,66.10782149,8.186695561,15.09820711,6.39899595,123.737013,73.74083589,87.1183398,9.739851192,1
624,Central,Chalky,Maize,Kharif,Fruiting,Sprinkler,43.91660896,37.80104705,87.70820358,6.566630137,17.34192591,6.037122274,26.3402563,0.430209142,9.205530869,10.63477971,1
625,West,Sandy,Potato,Zaid,Fruiting,Drip,53.27783401,16.46298956,92.17186563,3.110924531,9.735338564,5.27179597,73.09462342,31.73635726,67.18542999,5.714445408,0
626,North,Chalky,Maize,Rabi,Vegetative,Flood,35.82395477,40.31186378,69.02022144,1.95736074,0.727190465,5.086248011,71.68185441,133.7540311,181.8402701,5.101889002,1
627,North,Loamy,Groundnut,Kharif,Fruiting,Sprinkler,42.37743013,28.14132228,82.86194011,4.691793268,23.27432286,7.667585807,84.55238822,2.468251506,18.45389948,8.560375923,1
628,West,Silt,Groundnut,Kharif,Fruiting,Sprinkler,62.32296567,25.2718537,59.39016502,10.44638044,23.72819202,6.360026529,45.84076976,57.24306608,194.4458845,9.58395166,0
629,North,Peaty,Onion,Kharif,Vegetative,Sprinkler,12.5678242,31.39429083,35.62452101,10.76124231,23.72882633,7.661280982,122.2947881,114.5129853,175.617714,3.786512703,1
630,West,Peaty,Groundnut,Rabi,Fruiting,Sprinkler,27.6705861,17.74059728,59.35163091,0.574239927,23.59217717,7.316332144,62.20221504,121.5231941,170.515137,4.270199726,1
631,East,Loamy,Rice,Kharif,Flowering,Drip,59.93447101,37.69939648,61.63119511,2.796144297,20.38104853,5.275583658,98.02150102,69.25315023,177.0499947,6.867326511,0
632,Central,Silt,Onion,Zaid,Fruiting,Furrow,72.66447864,32.47305231,75.68431732,3.124844795,17.11490125,6.541229057,89.02752054,33.710144,16.41030438,5.888242566,0
633,South,Loamy,Wheat,Kharif,Maturity,Drip,45.81742095,20.59770291,36.49122423,18.99690303,21.11274796,6.276066522,16.40185164,86.95718406,30.98945927,8.763665064,0
634,North,Chalky,Wheat,Kharif,Flowering,Furrow,47.24794397,20.64696599,47.62327866,5.665987848,15.01365598,6.195494024,87.16950938,38.24781458,27.54634745,6.549334901,0
635,East,Clay,Maize,Kharif,Vegetative,Flood,17.50204079,20.52745955,47.30206019,2.614882549,3.359240347,6.670284197,77.09837492,37.01331741,22.8045712,2.227590163,1
636,West,Silt,Cotton,Kharif,Vegetative,Drip,41.31886568,16.71007163,91.95796968,0.132017042,9.780454126,8.428327604,125.8045689,117.1019657,67.1808,2.825485143,0
637,South,Silt,Rice,Kharif,Flowering,Furrow,47.28320865,32.63395348,,4.166475328,24.2823728,7.751602391,123.3227291,22.36854612,170.194461,10.92099728,1
638,West,Sandy,Sugarcane,Rabi,Vegetative,Flood,26.97293525,40.21044533,76.63204755,0.50504983,8.77844534,8.114849727,21.13367024,0.800614368,51.65223944,3.501382013,1
639,West,Clay,Rice,Kharif,Maturity,Flood,28.84702617,15.52494642,76.3108536,8.992408787,21.69569784,4.618558333,11.43592038,48.83240647,50.06544419,1.550947006,1
640,West,Peaty,Groundnut,Rabi,Seedling,Drip,36.40989142,16.47013935,39.91581386,6.98210048,2.330286769,5.061345467,41.24291069,71.19122347,138.5571953,9.046000141,0
641,North,Loamy,Groundnut,Kharif,Seedling,Furrow,11.40498384,32.1831083,62.8902267,3.085647365,8.354596059,4.839054641,138.1257999,102.2366568,19.86964594,8.524122582,1
642,East,Peaty,Wheat,Rabi,Vegetative,Furrow,32.54554159,39.58487056,87.072717,2.803676393,8.773833118,5.55292402,3.020328697,113.2617124,73.85739843,7.600836205,1
643,North,Silt,Cotton,Kharif,Maturity,Flood,24.80136049,24.80216672,55.63982896,11.38161323,1.290063578,6.267569968,94.20491354,96.21028561,60.5623929,6.524817699,1
644,South,Chalky,Potato,Kharif,Vegetative,Flood,32.92481465,25.48843196,90.88381305,1.701606627,2.977358255,7.068212991,85.19192274,90.84378765,173.6966771,11.66538389,1
645,East,Loamy,Rice,Zaid,Seedling,Furrow,18.38334923,32.89039492,36.0843672,1.431881041,4.829130278,6.503325065,90.52095926,96.53356474,105.4727619,2.318155255,1
646,South,Peaty,Onion,Kharif,Maturity,Furrow,72.33690965,23.22638667,25.56193293,14.00061634,20.94538977,8.11273566,30.56002457,39.37134505,132.5270806,6.611790608,0
647,North,Loamy,Soybean,Zaid,Vegetative,Drip,51.55147175,15.79825098,86.85904049,8.283848917,1.585049748,8.259423836,31.74042841,55.44239183,26.45203933,7.204494378,0
648,Central,Peaty,Onion,Rabi,Fruiting,Furrow,57.53716234,37.05685554,83.57608985,8.591399994,7.467522534,5.154083805,60.2898915,89.38329264,190.4282434,1.247422102,0
649,Central,Loamy,Rice,Kharif,Seedling,Drip,65.2419867,33.76949739,94.4442407,1.085768968,0.254375065,7.911651681,13.42009299,9.507745751,66.1026916,5.531916673,0
650,East,Peaty,Soybean,Zaid,Seedling,Furrow,44.89095393,32.42267997,,0.773314005,17.39069364,6.426888816,10.44584926,42.82217576,144.9019618,9.610823379,1
651,Central,Peaty,Rice,Rabi,Maturity,Furrow,16.08442017,37.25052387,90.2515945,0.131871572,15.50757725,6.313317885,12.37032349,58.93074699,195.6983669,6.182086308,1
652,West,Loamy,Maize,Rabi,Fruiting,Furrow,47.59745793,35.25692513,82.02117688,1.352758257,16.12455655,7.639757394,80.21708398,77.34889901,104.2730166,10.62806295,1
653,Central,Sandy,Cotton,Zaid,Fruiting,Sprinkler,51.07887826,21.17645965,83.33197498,7.440317594,9.359569618,4.872562036,55.68385997,70.53990557,104.044728,8.092788251,0
654,Central,Loamy,Onion,Kharif,Flowering,Sprinkler,62.18076319,25.57443141,62.68561778,1.37243699,5.206695532,8.02997251,41.10634929,104.1291223,24.03613183,9.426939005,0
655,West,Chalky,Sugarcane,Zaid,Seedling,Sprinkler,40.21616824,18.78330425,48.67734484,6.530088255,18.00800533,7.183453418,44.21471315,68.64686794,80.00648907,9.849281487,0
656,West,Peaty,Groundnut,Zaid,Flowering,Drip,18.9306212,18.8957104,90.09185544,1.451148343,20.27794682,8.001046431,29.01966282,131.0988477,174.7553125,8.584502634,1
657,South,Clay,Wheat,Rabi,Fruiting,Flood,29.86431341,35.28587239,52.40878817,2.515052028,3.465037452,8.477910311,57.61074695,55.14615961,27.69683396,9.24318726,1
658,North,Silt,Soybean,Zaid,Maturity,Drip,35.41576075,40.75800321,60.41145254,20.4206713,12.1707357,6.572017809,28.42812969,76.1788974,188.0883468,8.648415938,1
659,East,Sandy,Cotton,Rabi,Vegetative,Flood,55.21420689,43.88197752,53.45857303,1.403940991,6.217892049,4.873048792,97.72644592,0.465506492,136.7984299,7.055101233,1
660,West,Chalky,Soybean,Zaid,Vegetative,Flood,49.95448133,33.85041353,62.36137355,2.360995205,4.20267153,5.166095452,17.35055177,45.01930368,86.29676619,7.231862622,0
661,East,Loamy,Groundnut,Zaid,Seedling,Furrow,34.92677081,20.5230397,55.28788092,1.791146331,18.35813284,5.79447297,132.7538918,125.6530817,112.0321758,3.088732609,1
662,South,Silt,Groundnut,Kharif,Fruiting,Flood,79.05606742,18.16951036,23.59756689,0.580562707,13.45242339,4.914211769,12.57465162,48.36857722,30.85180459,10.10183157,0
663,Central,Chalky,Sugarcane,Kharif,Flowering,Drip,52.40423735,39.38552915,86.15361395,3.365685052,5.404633309,7.761367305,132.0845,36.71201833,44.58407509,4.433510451,1
664,North,Sandy,Groundnut,Kharif,Maturity,Furrow,26.60587542,32.36269429,53.32953642,2.379630972,7.75000028,5.687471404,116.661296,78.81285955,58.71372755,6.893105707,1
665,North,Clay,Maize,Rabi,Vegetative,Sprinkler,17.12477308,33.54855063,64.17077364,5.935366802,24.16634178,8.403544752,95.29969689,11.41586427,78.89345423,3.745001137,1
666,West,Silt,Onion,Kharif,Vegetative,Flood,20.70013974,38.44386266,30.43908521,8.507616528,21.21698912,7.310365728,127.7222318,77.08274409,187.682009,8.65451477,1
667,Central,Chalky,Sugarcane,Kharif,Vegetative,Furrow,27.21704099,36.09831683,20.2540886,3.929051195,21.99866857,5.193721481,19.49063109,44.03154075,75.35165012,11.72685847,1
668,North,Loamy,Sugarcane,Rabi,Flowering,Sprinkler,21.24769613,40.03374759,38.39675702,0.163630638,11.50030243,6.404170588,24.68406839,55.54991903,107.3862243,9.821342581,1
669,East,Clay,Wheat,Zaid,Seedling,Furrow,23.05969168,16.68641716,72.84395241,4.823760676,15.5951816,6.367536887,35.30136289,114.7479256,33.21536309,7.810050301,1
670,Central,Loamy,Cotton,Rabi,Seedling,Sprinkler,29.95666181,37.4256191,27.43958976,0.28491954,9.419193505,6.470046633,34.27361375,95.9847827,150.8745062,7.242571871,1
671,West,Chalky,Wheat,Kharif,Maturity,Furrow,22.13615167,40.52558272,88.16655803,4.790205416,1.942799392,6.642764683,43.51875793,64.6853835,114.8575741,6.387483831,1
672,East,Silt,Potato,Rabi,Flowering,Sprinkler,72.77357972,23.58405127,36.1266927,5.776388609,10.02673277,4.624692329,80.58832576,83.7398654,90.18102889,3.254685749,0
673,North,Loamy,Potato,Rabi,Seedling,Sprinkler,15.6163622,34.21341822,35.34452107,1.10178486,14.84951883,7.245204503,3.944165583,111.1945195,194.1732254,4.82811057,1
674,East,Chalky,Rice,Kharif,Fruiting,Sprinkler,46.71579727,24.42486192,33.61309712,8.555862513,7.178606769,6.448767101,53.51816331,108.1386431,182.583423,5.470334816,0
675,Central,Clay,Wheat,Zaid,Flowering,Flood,38.72777789,43.73913199,21.04862847,12.10037951,21.19876437,7.663861595,34.4939179,26.87164803,135.1998108,11.39025982,1
676,East,Clay,Tomato,Kharif,Vegetative,Flood,78.76650318,16.00270717,77.88541014,8.385559095,3.777503979,7.761398293,84.92817873,43.63328719,188.9715433,5.681411394,0
677,West,Silt,Maize,Rabi,Vegetative,Flood,17.84272315,32.39378531,85.62758984,1.82000277,9.178227236,5.422140488,137.9237063,50.49435499,115.780268,7.448093903,1
678,North,Silt,Maize,Kharif,Flowering,Drip,37.84989193,19.99510641,66.0622027,4.417218414,3.122597633,4.693691786,72.47164571,27.19363205,169.5221161,11.14666995,1
679,East,Peaty,Onion,Zaid,Flowering,Furrow,77.86293033,36.36660616,34.11499863,12.31465834,10.12080335,7.312935424,59.59593348,1.763410831,83.93933366,6.702690486,0
680,East,Clay,Soybean,Rabi,Flowering,Furrow,70.58549881,20.2767085,41.39584977,1.933202487,0.991532624,8.411051154,51.55409632,25.22525397,17.78255923,3.765947579,0
681,South,Chalky,Sugarcane,Zaid,Vegetative,Drip,67.19504497,22.06149786,55.6945023,8.574765041,6.813734877,6.286631946,109.8928906,117.1954274,203.8004609,5.191067173,0
682,Central,Peaty,Cotton,Kharif,Maturity,Drip,28.05319789,29.83112433,91.57594637,0.04760153,10.01838138,5.538451238,10.07733043,79.15846545,33.95446177,5.130931205,1
683,West,Loamy,Groundnut,Kharif,Seedling,Sprinkler,21.96213112,42.4450485,38.55135289,0.018266841,11.95413408,5.126687578,134.367872,49.54041391,51.55955805,8.861893212,1
684,North,Silt,Rice,Rabi,Flowering,Furrow,56.80502539,21.35143116,74.87344279,7.129578308,13.59240896,5.64978239,58.50850404,88.20994462,33.43619483,4.257328035,0
685,East,Chalky,Rice,Kharif,Seedling,Furrow,75.05631924,19.32720063,52.95861675,7.165831057,6.874778245,5.811678205,43.91810162,107.2759482,69.18330119,9.033174355,0
686,South,Sandy,Rice,Zaid,Fruiting,Flood,48.97340251,37.76930496,42.33855113,7.778945185,13.07603337,6.195498974,136.3695363,51.39202854,59.30242741,10.78166983,1
687,Central,Chalky,Tomato,Rabi,Seedling,Sprinkler,50.01288826,30.01858597,54.19369528,13.29821754,12.72511554,7.121628493,131.0230409,67.58085202,123.225961,4.696803129,0
688,West,Loamy,Potato,Zaid,Seedling,Drip,29.59853656,42.35355337,25.34050382,0.627285031,7.904451272,5.592652224,89.87077957,9.310916417,204.274303,2.488752103,1
689,South,Peaty,Maize,Zaid,Fruiting,Furrow,63.86450532,19.39843671,79.90155282,1.319729976,20.75500827,4.703907054,2.591032479,86.57812775,10.76435637,8.024097861,0
690,Central,Clay,Rice,Rabi,Fruiting,Furrow,23.0930624,34.37783679,38.2476446,11.70272886,13.64102816,5.993114446,104.7948967,51.67902886,159.5808382,4.969399143,1
691,North,Silt,Potato,Zaid,Flowering,Sprinkler,32.65754655,21.98637438,74.40590924,0.975430578,8.306742969,7.922518465,46.97803601,62.8609289,26.2383445,6.873847839,1
692,West,Silt,Maize,Rabi,Fruiting,Sprinkler,39.7805507,19.70281286,25.12612786,5.732125617,23.6834628,6.493406043,54.35923232,61.2770896,4.06618005,7.97582195,0
693,North,Chalky,Potato,Rabi,Fruiting,Sprinkler,,35.50288245,91.63239171,3.780040881,21.12781033,8.359135031,22.22389806,91.69934687,130.9082481,5.485172385,0
694,Central,Loamy,Cotton,Zaid,Vegetative,Drip,26.96868127,32.8105386,34.47612391,0.43429518,24.56469529,6.514486124,73.28413174,83.0074756,179.0296219,11.17163897,1
695,East,Chalky,Rice,Zaid,Seedling,Sprinkler,18.03857773,37.64482375,86.20565572,1.679207811,17.30584687,5.603595268,104.2373635,61.20537693,36.14119386,5.395761196,1
696,East,Loamy,Sugarcane,Rabi,Maturity,Flood,52.74340297,24.28387729,80.71049072,3.673724634,9.455572638,5.273255989,38.22155653,2.458478116,70.03082585,4.3811176,0
697,East,Silt,Groundnut,Kharif,Seedling,Sprinkler,30.20413873,28.43914969,92.58949431,9.564557305,7.021516667,7.278097987,131.4226071,90.03957912,34.59379187,10.74242743,1
698,North,Peaty,Soybean,Kharif,Maturity,Sprinkler,50.6866755,27.16415029,55.84179957,6.147111047,16.58294609,6.645525143,27.26315984,127.5387337,185.8340517,2.499318958,0
699,North,Clay,Cotton,Zaid,Fruiting,Drip,20.80539007,44.52268392,74.55479704,4.862760172,24.52041456,6.915995716,9.276727683,111.5849779,55.42388865,2.366298217,1
700,North,Silt,Onion,Kharif,Vegetative,Sprinkler,43.67980713,23.7674687,47.80329928,3.426221354,15.667877,7.520507157,90.21094227,142.3342667,91.16614274,11.29268028,0
701,East,Silt,Tomato,Kharif,Seedling,Flood,47.28126028,23.84451715,33.82761785,1.773983429,22.04037352,7.403613857,118.9046225,20.16592401,183.4219616,3.298652555,0
702,Central,Loamy,Onion,Rabi,Seedling,Flood,13.62764758,25.63644626,53.23069497,0.634878421,8.227585776,4.673453201,133.4386003,32.26540765,113.3381868,2.63281144,1
703,East,Clay,Onion,Rabi,Maturity,Drip,33.56229947,31.93782244,32.43117615,2.63033962,10.17384456,7.710287621,107.4039415,78.19378246,191.2342092,6.886851344,1
704,Central,Silt,Rice,Kharif,Flowering,Furrow,19.40902739,22.56968233,93.65334671,0.144665234,22.65688099,6.630813228,27.95100161,34.20284684,189.922335,1.514673128,1
705,Central,Loamy,Cotton,Zaid,Seedling,Furrow,14.43624793,42.45869821,27.21848684,1.185298981,18.92166755,6.066834123,136.8725659,5.009718286,94.62820908,7.820165008,1
706,Central,Sandy,Groundnut,Kharif,Fruiting,Drip,79.29721627,22.97056695,64.19087926,2.832426182,24.53525801,6.650077705,128.7210226,58.33180004,119.3884356,5.982238782,0
707,West,Silt,Soybean,Rabi,Maturity,Sprinkler,32.56476915,41.87447195,66.98478914,2.711626051,19.36910524,-5,22.84343919,41.70848645,47.21442611,8.044531609,1
708,North,Sandy,Rice,Kharif,Seedling,Sprinkler,66.69121121,18.10425191,60.35596572,0.22653221,11.21289268,5.098025239,78.23001577,38.24532262,203.0598429,4.123305939,0
709,Central,Clay,Sugarcane,Kharif,Flowering,Sprinkler,27.82484583,34.69688107,69.66394143,4.446542171,13.2767005,6.169661581,77.77243963,138.2100585,57.05491538,10.96019436,1
710,Central,Clay,Soybean,Zaid,Seedling,Furrow,57.70519056,42.20956555,28.71355813,3.989031443,22.51288731,5.842344841,61.95486894,34.57584686,160.5779325,3.97638784,0
711,Central,Silt,Onion,Kharif,Maturity,Sprinkler,63.21595019,20.06248315,61.62638932,0.406615949,13.7911684,5.901635779,137.7993862,18.76772282,64.15865733,8.013211541,0
712,North,Chalky,Potato,Rabi,Flowering,Sprinkler,51.69471184,44.0498088,41.54094283,14.3378434,6.384934354,4.865339754,8.347113205,18.1712924,64.17366373,11.39601036,1
713,West,Peaty,Sugarcane,Rabi,Vegetative,Sprinkler,43.0103332,28.58650081,90.51320475,0.523374748,10.89049532,5.139373952,87.80924718,116.9169907,21.29189997,5.408902172,1
714,North,Loamy,Sugarcane,Zaid,Seedling,Sprinkler,38.82886399,43.37145325,77.15537401,9.649392028,12.90789972,5.14732827,28.74250718,103.6529708,114.7786412,2.775691811,1
715,East,Loamy,Tomato,Zaid,Flowering,Flood,34.42077866,35.30460131,92.93858616,0.001548899,2.417995839,5.992898973,73.82636866,18.77549836,50.19062932,1.752207235,1
716,North,Peaty,Soybean,Kharif,Fruiting,Flood,75.0670401,24.0476061,22.81670523,10.69727829,18.59406686,8.077966179,109.1637081,31.86420223,30.42092534,11.59319796,0
717,North,Sandy,Onion,Kharif,Maturity,Drip,68.14335855,20.64907575,41.38498814,0.099583803,2.733848334,5.324109488,34.54175244,108.3647362,46.46667238,9.400716346,0
718,South,Chalky,Tomato,Zaid,Flowering,Drip,77.55188375,24.11205139,34.656694,7.090205633,10.12294283,6.164770031,55.07033651,39.81937769,51.4740972,11.10847266,0
719,South,Chalky,Soybean,Zaid,Maturity,Drip,18.70080564,17.79052228,20.83659405,2.244662456,20.11556104,5.746437661,133.1075304,142.3236009,103.3371085,8.687163585,1
720,West,Clay,Potato,Rabi,Vegetative,Sprinkler,61.16072326,19.31603899,38.17442977,6.701192996,11.68925904,7.64953325,106.6073033,78.38265966,79.11422249,4.766933546,0
721,North,Silt,Tomato,Rabi,Maturity,Flood,75.68383198,18.13981321,70.90819876,2.568692689,21.05038799,4.700505729,80.18124583,27.84115571,15.47550761,2.353182446,0
722,South,Loamy,Tomato,Kharif,Vegetative,Sprinkler,22.68631463,27.68830631,37.33166916,0.367737151,8.547033051,5.286173582,31.07963429,124.5272259,109.8858595,11.22237545,1
723,North,Loamy,Rice,Kharif,Seedling,Furrow,14.65473872,38.86735129,58.17525841,7.294469259,23.94090735,5.342566169,59.54276125,46.32395416,161.4882276,6.385809485,1
724,Central,Silt,Cotton,Zaid,Seedling,Sprinkler,61.87844545,19.24150663,86.58635862,0.369592871,5.236710795,8.471851201,108.3685847,41.87706648,117.718208,5.361598959,0
725,South,Silt,Wheat,Kharif,Seedling,Furrow,50.21311792,18.909613,72.03184403,12.76295848,0.956603625,6.783100072,114.8760309,47.47897885,199.7807517,7.355712674,0
726,South,Loamy,Groundnut,Zaid,Fruiting,Flood,,34.30286849,49.59718024,0.261595606,21.81066357,5.055833058,34.24486774,111.388601,20.32579267,2.172152536,0
727,South,Loamy,Onion,Zaid,Seedling,Furrow,19.78406636,20.91548946,47.93517042,3.263148829,18.8050679,5.588796557,92.68842946,25.11587771,168.336229,4.401242013,1
728,North,Loamy,Soybean,Kharif,Fruiting,Sprinkler,65.66871183,17.92830114,54.18018605,6.419310398,5.799595927,5.171288376,13.3004189,55.35893814,103.6669973,8.016637178,0
729,Central,Silt,Groundnut,Kharif,Fruiting,Drip,24.1139124,20.00545735,33.27810808,2.49816304,24.61854018,4.998418278,3.249723043,4.470752054,106.9270114,2.10135241,1
730,North,Chalky,Sugarcane,Kharif,Vegetative,Furrow,21.455916,42.71194188,67.55005756,1.224604035,12.55700323,7.688728114,76.81434928,119.8608595,106.4154866,2.487670349,1
731,South,Sandy,Maize,Rabi,Seedling,Furrow,21.49860586,39.64413758,47.31146143,7.11667925,23.776636,6.483010515,31.4131796,49.40422111,66.69035972,6.616466505,1
732,Central,Loamy,Cotton,Rabi,Fruiting,Furrow,67.02023042,25.62193687,83.92740119,7.669210885,12.62571928,7.024840547,11.04768437,35.98507337,66.53377792,7.858028371,0
733,South,Sandy,Onion,Rabi,Maturity,Furrow,56.56380545,34.67462302,76.7414495,12.79998217,11.79686467,5.825004988,102.1759638,84.08452014,129.5281239,3.057018764,0
734,West,Loamy,Rice,Zaid,Vegetative,Sprinkler,46.61457973,31.11827021,65.78848731,2.359347728,11.22846343,6.714780344,69.71644237,102.2238231,9.176842504,1.363930979,0
735,Central,Silt,Sugarcane,Zaid,Seedling,Flood,35.11813389,35.3137279,47.3151667,3.528647378,8.371881903,5.53027613,111.4787815,117.8699254,120.7011393,11.54203582,1
736,West,Peaty,Soybean,Rabi,Fruiting,Drip,71.40403786,35.48013457,35.74488738,2.255936404,13.34253743,5.7321451,92.95219356,50.4288171,148.5410972,1.302419237,0
737,East,Sandy,Groundnut,Kharif,Fruiting,Furrow,37.47115752,33.86202045,78.21138981,1.48584682,11.31386655,7.108951777,102.1726916,117.7836233,73.04689016,1.022572457,1
738,South,Peaty,Tomato,Zaid,Vegetative,Sprinkler,67.16196076,22.98304106,56.48068242,6.952173835,0.918671916,5.101400504,43.03048138,67.40774505,44.55817259,4.556746257,0
739,East,Loamy,Sugarcane,Kharif,Vegetative,Sprinkler,40.7394436,16.17019262,36.85625286,2.074940377,6.510880836,6.968887437,36.8586156,14.66562879,43.74431711,3.446984857,0
740,North,Loamy,Rice,Kharif,Vegetative,Sprinkler,36.38611006,28.66700346,34.63809613,2.79438792,5.328070003,7.908939266,84.12248489,122.714585,16.77712894,7.309449983,1
741,West,Chalky,Sugarcane,Zaid,Seedling,Drip,42.387585,41.72921654,32.40506784,2.584836037,21.68589006,4.981692905,28.01149966,79.40704341,18.39246044,10.83629765,1
742,East,Silt,Rice,Zaid,Fruiting,Furrow,31.09645119,32.08491776,78.28708972,6.235466805,14.97174943,8.089845122,114.1576962,87.35808793,34.17101298,6.292184397,1
743,East,Peaty,Tomato,Kharif,Maturity,Drip,62.33265661,39.97173125,37.1740389,12.49273384,19.09207751,4.817782721,73.20882366,135.9362341,3.930445536,9.506313297,0
744,South,Peaty,Wheat,Rabi,Maturity,Drip,45.19042731,44.74873029,59.49816976,5.494402543,23.92065094,5.895636908,31.77859053,81.07696532,54.57825854,11.00149742,1
745,Central,Loamy,Wheat,Zaid,Maturity,Furrow,26.25488866,19.90848612,53.86597707,3.189343849,16.10098181,6.942037261,87.52355253,0.809611948,62.812375,3.08339619,1
746,South,Clay,Soybean,Zaid,Vegetative,Sprinkler,72.97022013,35.75332917,63.47081744,7.552605647,24.56524979,6.73765904,132.3050029,126.2392969,204.0203569,6.371419747,0
747,South,Chalky,Potato,Zaid,Vegetative,Flood,36.8723855,35.22880721,85.78661753,5.121765083,7.794101291,4.88556429,11.49326172,41.28890665,203.2959862,8.062769996,1
748,North,Clay,Sugarcane,Rabi,Vegetative,Flood,48.04870028,44.39866342,85.08105426,0.312624653,4.656679558,7.695652671,15.30832902,72.75620351,38.3450136,4.650715617,1
749,West,Peaty,Soybean,Rabi,Seedling,Flood,73.45304777,44.56802202,53.83070539,0.502769244,10.0827472,8.392613173,118.1374806,29.70855737,43.67159241,9.137273221,0
750,North,Peaty,Maize,Kharif,Fruiting,Flood,53.69665971,35.60035835,21.15246881,0.193272477,11.76998537,5.224913157,15.34312844,43.06261743,100.840806,8.758464727,0
751,Central,Sandy,Potato,Zaid,Maturity,Sprinkler,18.18286285,22.30844376,51.98328543,3.051538794,22.38403857,8.080523879,5.512551709,99.56408297,30.50078842,5.632037126,1
752,East,Loamy,Cotton,Zaid,Fruiting,Drip,75.78824865,38.95667514,65.46451531,8.739290015,13.99851098,6.727237768,48.71028135,62.2881359,103.3280787,1.967491288,0
753,West,Clay,Soybean,Zaid,Maturity,Furrow,53.93956371,18.21087403,61.83235693,1.877710279,7.304524985,8.243735085,65.33882389,90.93394143,81.87488949,1.127256618,0
754,North,Silt,Cotton,Rabi,Fruiting,Sprinkler,33.44339303,38.42097913,68.85020794,2.423841934,18.56585707,5.204343834,79.72222114,119.4184752,66.54769267,5.062845184,1
755,North,Sandy,Soybean,Zaid,Vegetative,Drip,19.74904509,42.30588372,31.55567994,12.01076257,12.64579843,7.668085573,71.02203256,49.41919322,168.63406,1.902757296,1
756,Central,Clay,Rice,Zaid,Seedling,Sprinkler,65.58176325,26.48500184,68.49013241,9.067064468,4.053298632,4.739126302,127.8458388,82.40930556,169.7641285,9.597868875,0
757,East,Loamy,Rice,Kharif,Maturity,Sprinkler,53.40509291,33.91905885,33.69887141,5.468841883,14.42049469,8.032785787,107.6135341,112.7502445,202.5173407,4.677583616,0
758,East,Loamy,Rice,Rabi,Flowering,Furrow,47.34227644,27.90428196,76.28929855,1.551709607,22.78486342,7.196637689,137.7334358,103.692863,45.73306339,8.327081034,0
759,West,Chalky,Onion,Kharif,Maturity,Furrow,72.57248081,28.13295165,45.43157099,0.622385294,21.06556544,5.981019136,66.70375925,78.27729822,182.0968869,4.81016886,0
760,West,Loamy,Wheat,Zaid,Seedling,Furrow,65.20180479,24.31112667,73.2421575,0.080945814,14.67024932,5.261867294,11.80614538,55.59060906,110.2584156,9.755322585,0
761,South,Clay,Groundnut,Kharif,Fruiting,Drip,20.61724158,37.86388861,23.58991992,0.565903248,9.427079347,7.766132394,133.77429,59.08778728,121.2491834,10.77253746,1
762,Central,Loamy,Maize,Zaid,Maturity,Drip,31.82054475,43.08529692,50.58950192,1.730769874,2.174468777,6.912965286,0.575842622,62.80460574,183.7401089,10.21265564,1
763,West,Chalky,Rice,Zaid,Fruiting,Furrow,27.39423979,43.22252578,72.87758917,4.012467741,11.74122308,5.941663412,108.6534419,50.5826017,193.2393133,6.329209204,1
764,Central,Silt,Tomato,Kharif,Vegetative,Sprinkler,62.07624048,20.24343855,37.01528872,0.330699455,18.80198594,6.275343299,4.379484308,101.3659671,148.9963078,1.92346772,0
765,West,Chalky,Tomato,Kharif,Seedling,Drip,12.34727043,41.24230949,79.64652836,0.732230886,9.006842993,7.806170624,106.5699867,18.18521158,71.30769855,5.088822164,1
766,Central,Loamy,Cotton,Zaid,Seedling,Drip,49.89227794,37.12294324,67.30847998,0.998848688,5.886170639,5.855708773,131.3114516,140.2808475,100.3819379,5.669015942,1
767,South,Sandy,Groundnut,Rabi,Maturity,Furrow,63.372108,22.58512202,64.06713291,4.998118408,23.28449298,4.858530712,54.49644163,112.9528978,126.0860421,11.56279412,0
768,North,Chalky,Wheat,Rabi,Fruiting,Sprinkler,,17.01853839,46.51616407,4.782827388,20.53889251,8.145128689,33.73507917,43.23364256,169.871208,7.220470357,0
769,North,Silt,Soybean,Kharif,Flowering,Furrow,33.94572241,23.03991801,56.18386028,4.001053799,15.95689049,6.049374959,31.67908135,6.169397544,134.8792796,8.049308562,1
770,East,Sandy,Potato,Rabi,Fruiting,Flood,67.48801133,42.3662471,64.80119757,1.441754312,3.419583598,5.893550044,68.84047018,103.13896,74.91676142,9.602039391,0
771,South,Chalky,Groundnut,Rabi,Fruiting,Sprinkler,17.74422159,33.99536025,55.43465854,2.319071642,3.62272101,5.317598476,23.92418501,106.4820615,85.66549253,7.250227139,1
772,North,Chalky,Soybean,Zaid,Fruiting,Sprinkler,69.25166042,36.63163983,72.3734993,0.508445852,2.580489786,8.089690285,94.20930829,139.7252785,10.33972892,7.583330701,0
773,South,Sandy,Onion,Kharif,Fruiting,Furrow,18.92420636,22.71457053,52.52726998,1.283893389,15.40741667,5.370021335,51.56933005,36.78730585,189.4749114,3.698605771,1
774,West,Peaty,Wheat,Kharif,Fruiting,Sprinkler,37.81011034,36.58164467,35.17048863,11.39948348,2.889069912,7.046691472,45.23532894,11.99513808,18.06439773,1.647532683,1
775,East,Peaty,Cotton,Kharif,Maturity,Furrow,65.8106756,15.84364519,36.04503371,19.48363948,21.06567997,8.023060046,64.57998068,132.6945399,118.8858121,8.93524467,0
776,South,Loamy,Soybean,Kharif,Maturity,Sprinkler,20.49421991,26.25964037,20.43528266,5.215787422,24.82412505,4.639654458,75.96225034,37.50411002,178.6886357,10.33553167,1
777,West,Silt,Sugarcane,Zaid,Flowering,Flood,26.04759767,33.80260046,42.57182867,12.43393961,9.158704618,7.815166821,19.87023672,104.6220599,86.27737615,5.532002017,1
778,West,Clay,Sugarcane,Zaid,Seedling,Drip,60.55767979,19.38289697,76.16882304,5.146483952,11.34174617,6.142397687,99.08687093,8.795647485,164.0257249,7.038058986,0
779,East,Peaty,Cotton,Rabi,Seedling,Flood,60.40255756,39.69010723,79.56220316,0.168799978,17.79167942,7.131898301,123.612594,110.2847967,164.7822963,4.380137501,0
780,Central,Silt,Tomato,Kharif,Flowering,Drip,54.8803343,22.05093896,35.18506566,28.66490051,23.42882516,5.989618253,38.91816827,18.41875508,12.26843791,5.952426528,0
781,East,Peaty,Tomato,Zaid,Fruiting,Flood,58.57639111,34.56843338,91.92829977,0.520985417,22.35234434,7.282065025,25.25472626,100.8600205,84.48946377,3.297786989,0
782,West,Chalky,Sugarcane,Zaid,Vegetative,Sprinkler,47.99071103,27.15591428,57.68020951,5.738620896,1.439795719,5.517179658,106.4707593,77.18974194,141.6602248,9.358754889,0
783,South,Silt,Groundnut,Kharif,Maturity,Furrow,27.62593412,32.88130786,88.77340618,1.457354224,4.226795064,4.58772217,25.69584133,138.5457789,86.58246936,6.411029666,1
784,North,Loamy,Wheat,Rabi,Flowering,Flood,34.19871955,18.22351658,73.00739614,2.487746666,18.86492996,8.291150059,5.775722451,5.353058246,111.7592859,7.018722085,1
785,North,Sandy,Maize,Rabi,Seedling,Furrow,22.71184018,15.507384,74.18250673,5.191362322,17.2223277,4.565471056,86.69405085,42.34706814,121.8638704,1.407968861,1
786,West,Peaty,Onion,Zaid,Fruiting,Flood,73.59153929,42.28693282,26.3782716,2.867827478,3.330464851,7.796397159,33.56519828,10.07879301,31.00202223,7.846382315,0
787,South,Sandy,Potato,Zaid,Fruiting,Sprinkler,50.83742563,23.08890026,36.49933452,1.442052081,12.55161455,5.176550373,24.05345725,127.4836571,84.45614726,3.229213932,0
788,East,Chalky,Groundnut,Kharif,Fruiting,Flood,38.05959917,39.59031008,20.6611125,2.035678916,19.52036578,6.068880914,137.4243838,86.11566728,5.834960445,5.217341088,1
789,North,Sandy,Soybean,Kharif,Vegetative,Drip,42.34040626,44.98050901,73.70957304,2.089319155,5.469517057,7.789969506,40.86109768,77.57059379,30.67334706,5.539872701,1
790,West,Clay,Groundnut,Rabi,Flowering,Sprinkler,76.30983377,21.34293774,45.83287163,16.01057347,21.78219089,5.323728601,126.4820606,19.06139436,105.012083,5.936058572,0
791,Central,Clay,Soybean,Zaid,Maturity,Drip,20.73459822,22.95512224,78.99893871,8.01263464,1.324294371,7.962830422,24.95062722,70.90967731,117.5851296,3.50180028,1
792,North,Loamy,Wheat,Rabi,Maturity,Furrow,51.03608824,34.88579363,45.4202165,3.06751142,19.55487713,6.491035756,114.6567985,57.81203,29.97805335,10.35121247,0
793,North,Silt,Maize,Rabi,Maturity,Drip,45.41220752,43.96345904,81.45003142,1.114598634,15.39547249,5.964613851,70.28264223,45.78402088,154.9019504,5.706351658,1
794,West,Loamy,Sugarcane,Rabi,Fruiting,Sprinkler,52.80179648,42.47443045,29.80236903,8.330467535,7.879983666,7.149750987,11.00326768,111.9673985,76.46251701,7.733479037,1
795,Central,Silt,Wheat,Rabi,Seedling,Drip,11.26771287,30.0862656,33.00298676,0.855023997,18.02331371,5.865558888,102.7047411,8.885025776,188.7332354,7.753313003,1
796,West,Chalky,Maize,Zaid,Fruiting,Drip,71.04867363,38.85330848,45.56574047,1.181537949,19.55914488,5.889153436,124.890272,93.76943047,79.47085828,7.676831419,0
797,North,Clay,Groundnut,Rabi,Fruiting,Furrow,75.24827977,19.07237559,50.63655417,2.278637238,23.34747428,7.434105564,22.82237865,119.3339895,30.71125017,7.152498098,0
798,West,Loamy,Wheat,Zaid,Vegetative,Sprinkler,49.55932285,44.32314553,46.15271081,10.61584693,9.194366804,5.739328898,101.5826339,131.559556,155.383944,10.04888323,1
799,North,Silt,Soybean,Zaid,Fruiting,Furrow,58.76555767,43.93059702,,0.706589105,17.1504184,5.303090593,62.30735267,108.1579062,116.3991641,9.938795951,0
800,South,Chalky,Onion,Kharif,Fruiting,Furrow,,19.91186874,27.27135445,0.651877277,15.06540692,7.730584512,105.5418635,40.95607343,79.27107449,5.588590299,0
801,West,Clay,Sugarcane,Rabi,Vegetative,Sprinkler,59.5067044,23.98269374,46.34127647,3.405845903,13.13015174,7.721484135,99.94991275,87.07358178,72.9712185,7.994306529,0
802,East,Silt,Maize,Rabi,Fruiting,Flood,20.677733,18.00464993,82.79299996,1.617655466,22.26041185,6.490342815,3.724032265,20.50352358,30.90763958,2.13112169,1
803,West,Loamy,Tomato,Zaid,Flowering,Sprinkler,50.34018521,23.15152797,25.00978079,4.205080811,0.079182853,6.606622465,25.02094504,16.97379044,69.87109863,1.998499461,0
804,South,Peaty,Soybean,Rabi,Flowering,Flood,52.47005325,39.47867368,90.67576308,3.004086138,7.052790153,7.284306503,65.94381401,92.60050061,6.015548901,6.279080461,1
805,North,Peaty,Potato,Rabi,Flowering,Sprinkler,39.68914699,26.34946821,93.97376317,2.854285862,13.45693099,6.537097167,130.7031841,123.4106099,102.9923924,10.90224426,1
806,South,Chalky,Rice,Rabi,Vegetative,Drip,61.55109649,17.65190901,26.64261304,0.593765489,4.457331541,6.168159836,47.89028395,9.750978226,183.8283671,8.149996728,0
807,South,Loamy,Maize,Kharif,Maturity,Furrow,75.40569103,25.26676574,41.84543917,0.760221026,22.69666334,8.479576773,88.04228584,15.37054116,163.0428132,8.361380649,0
808,West,Chalky,Onion,Zaid,Flowering,Drip,74.7897959,44.44150003,47.93004995,8.604042748,16.18987794,5.090561711,1.691724372,82.01305958,5.846845427,2.734406433,0
809,East,Sandy,Tomato,Zaid,Seedling,Sprinkler,41.558756,33.89050786,78.22935265,10.85264371,11.94707487,6.870911917,99.55776902,31.64071985,180.6583669,5.986348887,1
810,East,Chalky,Rice,Kharif,Seedling,Flood,17.92666321,27.48482839,64.69451091,1.337329241,20.36754398,8.043452104,84.42955679,88.7136278,92.72658992,5.408700395,1
811,West,Peaty,Tomato,Zaid,Fruiting,Sprinkler,78.93888393,19.9961554,68.32742754,0.602147995,11.27215479,7.248860165,100.1552645,31.10885466,39.13275041,9.612761814,0
812,East,Chalky,Onion,Rabi,Maturity,Flood,68.72286605,44.58530392,76.81323671,0.274481371,13.9663253,-5,126.6524858,16.88988627,154.2444508,2.516065064,0
813,East,Peaty,Sugarcane,Rabi,Fruiting,Furrow,18.72638768,39.62547028,28.84842496,4.686264731,0.068774889,5.845338881,20.50985064,79.10837241,66.18907779,6.931101081,1
814,East,Peaty,Tomato,Rabi,Flowering,Sprinkler,74.45893178,23.44431907,82.49070927,6.282531047,9.142513255,5.587971905,36.62254344,125.018295,51.93027674,11.02486653,0
815,Central,Sandy,Onion,Kharif,Seedling,Flood,70.89274534,,72.92148531,2.332528684,3.469761809,7.905089548,139.4093249,99.34268596,33.07027339,10.81705879,0
816,South,Clay,Groundnut,Kharif,Vegetative,Sprinkler,46.318664,16.69876672,63.30062939,5.692109409,17.24221702,6.076458305,21.87975419,118.7151449,99.75749091,10.37570821,0
817,North,Clay,Potato,Kharif,Maturity,Drip,51.3892805,18.61134449,86.73015011,6.240647869,11.97567397,7.338729292,100.8877809,38.61860029,19.14576991,5.124838442,0
818,Central,Sandy,Groundnut,Rabi,Fruiting,Flood,37.93018927,32.42305751,72.52297654,13.69323895,7.543938931,5.090994314,101.5106275,128.4669044,161.0506915,11.3521076,1
819,North,Chalky,Cotton,Zaid,Seedling,Flood,,42.86290264,35.1274972,0.335368061,11.69580848,7.523352502,95.61912447,54.67068031,96.48828822,9.858305595,0
820,West,Sandy,Rice,Kharif,Flowering,Drip,33.46380692,29.90230284,52.23090358,1.067771646,5.240747199,6.695930596,31.8416825,123.6049118,91.63016545,10.36255451,1
821,Central,Loamy,Wheat,Rabi,Flowering,Furrow,66.1997414,40.28836447,57.05321502,0.35493494,23.12716581,5.57444656,30.11876885,68.32046057,0.380061079,11.25589174,0
822,South,Loamy,Wheat,Rabi,Maturity,Sprinkler,10.32424161,28.3765986,24.14132201,10.12453699,1.349315814,6.478015856,93.28774952,38.83935887,167.6620914,11.30701392,1
823,North,Chalky,Rice,Rabi,Fruiting,Furrow,33.34494202,36.25750637,91.5978135,7.86522038,21.63542588,7.287774503,26.07502582,37.7375305,101.0315971,3.640714596,1
824,Central,Loamy,Onion,Rabi,Flowering,Sprinkler,37.87180855,36.95618212,29.64329456,4.274121389,12.78396972,4.547545635,92.61886644,82.31184323,90.17837656,2.40456483,1
825,West,Clay,Groundnut,Zaid,Seedling,Sprinkler,47.61769221,20.21891118,72.30959504,0.436857628,15.4736624,7.049868235,68.95395948,11.45648918,156.0839015,8.599624379,0
826,North,Chalky,Cotton,Rabi,Fruiting,Sprinkler,74.38989315,25.83648177,57.96732771,1.59629274,7.565140523,6.666363113,54.12804147,134.8581482,12.89420257,7.195353523,0
827,South,Silt,Onion,Rabi,Seedling,Flood,34.24421961,34.1190647,21.92241874,1.767114389,24.16744042,5.381144671,42.03252891,39.36220688,75.1694935,4.601691562,1
828,South,Peaty,Groundnut,Zaid,Flowering,Sprinkler,34.28672413,17.12089825,89.35606069,4.11335531,7.046273963,7.511924296,132.6607707,48.66559859,118.0254613,8.528944575,1
829,North,Loamy,Tomato,Zaid,Seedling,Sprinkler,61.62508737,25.84620563,83.88776066,1.49232597,14.72194993,5.713843939,71.13311208,33.82872529,94.41840036,1.68196565,0
830,South,Peaty,Soybean,Rabi,Flowering,Drip,41.65525586,31.04398399,59.31934459,0.378792088,24.83541763,5.607443726,78.57527475,0.436154281,37.23597242,1.519291481,1
831,North,Sandy,Tomato,Kharif,Vegetative,Drip,25.72233761,44.88673479,37.17067521,6.560803267,22.02735991,6.384873396,132.8958519,100.4197843,61.35168407,4.897416426,1
832,West,Clay,Wheat,Kharif,Fruiting,Flood,41.67076613,29.23600688,29.1217168,1.776809116,13.40824563,7.204598714,91.54282453,85.63017065,61.54111432,3.132312858,1
833,North,Loamy,Rice,Rabi,Seedling,Furrow,19.85999143,39.48170271,47.25443596,3.01081515,24.75936307,8.215383904,134.0994099,117.3984583,203.3540146,8.904116558,1
834,North,Chalky,Potato,Zaid,Fruiting,Flood,22.34708906,27.96201855,39.15712108,0.682918144,17.53424654,5.065428973,14.89134367,5.94656215,66.87040936,11.42824022,1
835,North,Chalky,Potato,Rabi,Seedling,Furrow,44.88574409,38.89172168,58.00184008,8.111306494,5.217510404,6.085872483,118.5295484,134.6550685,42.06232282,8.277901551,1
836,North,Silt,Potato,Rabi,Flowering,Drip,39.32478147,32.86244405,92.48069721,4.168163508,10.13990526,4.76795837,46.95804792,47.97860631,168.6406164,8.202628038,1
837,Central,Chalky,Cotton,Zaid,Flowering,Furrow,74.03921307,41.59786325,63.12151199,11.59284205,8.36233335,7.53420299,113.4682535,132.3951301,86.34010728,1.072551308,0
838,South,Clay,Potato,Zaid,Vegetative,Sprinkler,35.36757294,27.32827657,86.74482919,3.420655371,8.600342707,6.290931559,119.7891274,15.5340649,90.99205737,6.635046689,1
839,South,Sandy,Potato,Kharif,Seedling,Flood,50.64118452,33.12913259,68.81591281,14.18729382,19.01141098,7.327716541,38.00830406,107.8684843,112.522258,9.988114522,0
840,East,Chalky,Sugarcane,Kharif,Vegetative,Drip,54.25850015,33.90056042,55.64348949,11.12202233,14.60657318,5.788777696,57.23628631,84.00694356,122.1162854,8.195324019,0
841,Central,Chalky,Rice,Rabi,Seedling,Drip,10.91661196,27.52148825,84.09556721,4.295534897,0.95231779,7.877268966,101.6420096,51.93772621,121.0638981,3.505606231,1
842,South,Chalky,Tomato,Zaid,Vegetative,Drip,56.44761604,19.32936131,55.35260826,13.58243633,21.93621209,6.639312313,13.86778833,11.47564741,7.072443094,10.33322773,0
843,Central,Peaty,Rice,Rabi,Fruiting,Furrow,22.46251768,17.80678221,85.14711279,1.951075519,7.419903512,8.274431287,105.7746948,87.68679393,167.8626987,11.60814397,1
844,North,Clay,Maize,Rabi,Flowering,Flood,77.27492222,15.50014652,41.86825772,2.275710358,24.92687192,4.815258557,15.46620965,3.833783046,39.94482791,4.068921323,0
845,North,Peaty,Maize,Zaid,Seedling,Flood,,41.20602793,29.66098053,0.232722682,23.85476826,6.557107298,128.0238025,72.68590438,59.9301362,3.278037764,0
846,South,Chalky,Sugarcane,Kharif,Maturity,Sprinkler,39.02368866,22.09424737,84.14858483,4.448255041,23.51326792,7.565820984,38.68750106,87.61024349,35.5530516,4.723795951,0
847,West,Loamy,Sugarcane,Rabi,Maturity,Furrow,15.97447677,21.34520248,64.05613728,6.399303566,20.2781901,6.900610592,80.58390856,106.2159434,157.2507148,1.694741123,1
848,South,Chalky,Sugarcane,Zaid,Flowering,Flood,79.78119763,37.08106201,86.68192987,7.425475314,5.515333292,4.592776562,16.40149001,143.743522,119.6498885,10.6077594,0
849,West,Chalky,Cotton,Kharif,Maturity,Furrow,45.15365072,24.60048339,90.33704052,0.811514094,13.3158186,8.389354713,37.72904165,37.71358846,154.8357113,11.22229429,0
850,North,Sandy,Rice,Kharif,Maturity,Drip,51.67695121,30.18134077,24.02212928,2.936365635,5.607565671,-5,56.55370609,46.7465241,133.9466731,7.966333436,0
851,East,Silt,Cotton,Zaid,Maturity,Sprinkler,14.69535342,19.87533196,57.57269764,0.973164428,6.49188639,5.497111465,68.18684274,49.46607529,21.35252006,9.407682941,1
852,North,Clay,Onion,Zaid,Vegetative,Sprinkler,62.49723293,43.79237164,48.12234118,5.425431131,15.27379424,6.442639502,0.009449671,106.0794932,61.80745405,8.355157452,0
853,Central,Chalky,Tomato,Zaid,Vegetative,Flood,24.69339152,40.547442,66.93937978,0.85955788,1.020838634,6.66863243,124.4118067,135.1137939,103.9893577,5.150896522,1
854,North,Peaty,Sugarcane,Rabi,Seedling,Flood,72.86380026,40.91368869,79.51933979,11.72556792,24.23646417,7.56515255,1.074473338,141.2769437,62.51373144,7.952465983,0
855,North,Sandy,Groundnut,Rabi,Vegetative,Flood,24.35977483,27.20321246,41.0442662,1.310946596,22.96682931,6.073094631,108.3158388,137.1426482,42.4973004,10.19952188,1
856,Central,Sandy,Rice,Zaid,Fruiting,Flood,23.34814045,37.87083641,61.75987883,1.722336424,9.519189304,6.259841506,65.88104773,127.5105361,178.3114537,9.908981513,1
857,North,Loamy,Sugarcane,Rabi,Seedling,Furrow,12.55847675,19.31628466,73.15464349,9.515902301,12.8855612,6.639839664,73.34320349,143.6917192,153.2956534,1.891632791,1
858,South,Clay,Onion,Rabi,Maturity,Furrow,43.04468616,15.25857008,30.08233121,3.066761996,11.65298548,6.077548399,29.15716711,54.51213039,70.77011241,6.088610566,0
859,North,Loamy,Tomato,Zaid,Maturity,Sprinkler,49.53887933,15.59918798,81.05501795,0.121442693,22.05499447,8.158192316,85.03156905,137.5065914,156.8275343,5.370536104,0
860,Central,Loamy,Sugarcane,Rabi,Flowering,Drip,14.59960476,32.59805212,65.45821999,3.411889403,17.21504691,7.905007867,75.21246728,110.3478945,128.6454168,9.272096204,1
861,North,Loamy,Rice,Zaid,Seedling,Sprinkler,64.28693317,28.66184716,91.21530778,0.441661256,6.952781186,6.31989478,22.99309693,24.42667963,0.776075395,6.515135335,0
862,Central,Sandy,Wheat,Rabi,Maturity,Drip,41.73021843,30.54046047,45.46466893,21.11477255,11.17103136,4.500779449,33.33666019,6.592452242,77.95371533,4.846712194,0
863,West,Peaty,Soybean,Zaid,Vegetative,Drip,46.70731885,15.22389421,28.11094568,4.435013842,10.72414939,8.103737982,9.366508062,31.10017389,59.54993733,8.769847367,0
864,Central,Peaty,Wheat,Rabi,Maturity,Flood,40.85339229,27.68059859,57.98759008,1.482151922,23.98337921,4.997346294,9.279700093,112.918913,44.67126745,6.209363724,1
865,East,Silt,Potato,Kharif,Maturity,Drip,38.05341426,36.54204484,26.43580788,4.147328606,4.382772763,5.478049661,1.928610033,91.59604778,51.57582578,3.822864305,1
866,South,Chalky,Potato,Kharif,Flowering,Furrow,49.17482319,28.28081106,92.71448925,0.399910358,2.239408432,5.109445137,30.86640557,32.53165732,193.1847935,10.79458615,0
867,North,Silt,Wheat,Zaid,Maturity,Sprinkler,20.86681722,,22.90137187,8.044472907,22.0154708,5.21926228,95.15257184,107.5786109,99.69499894,2.24352633,0
868,South,Peaty,Rice,Rabi,Fruiting,Flood,22.73496913,21.99056893,76.51279258,12.97325406,22.41714974,7.711510152,44.27015434,20.49172472,173.7802872,1.198964776,1
869,North,Loamy,Groundnut,Zaid,Fruiting,Furrow,70.32499347,39.39426013,59.38267986,10.37503248,21.7934772,6.818005767,47.98279778,119.1670021,43.91451619,2.583021359,0
870,West,Sandy,Groundnut,Kharif,Maturity,Sprinkler,76.22808235,32.65293721,47.64654894,2.09091015,12.77442289,8.324380653,18.46675506,115.1533415,35.75277893,2.800075788,0
871,South,Loamy,Maize,Kharif,Maturity,Sprinkler,36.13165214,21.32289298,24.93816234,1.970905955,16.49361071,5.425814049,80.56589347,141.0235158,182.2018656,6.918464201,1
872,North,Loamy,Wheat,Kharif,Fruiting,Flood,28.95212712,22.10161428,66.66251931,0.178589853,14.08407619,6.442539633,47.90010982,21.79053687,101.6194606,7.873520507,1
873,West,Loamy,Potato,Kharif,Vegetative,Furrow,55.07996803,33.84091394,63.8915247,5.269155874,1.736195651,8.409713476,94.68435248,131.4588842,183.5061857,5.934722475,0
874,East,Clay,Potato,Kharif,Seedling,Drip,38.61139198,39.8981878,41.06624548,3.827565646,14.89587242,7.805774057,103.8043256,49.45988624,12.92091484,3.245883698,1
875,North,Clay,Soybean,Rabi,Fruiting,Furrow,11.7770449,27.46883346,88.26662761,3.07488224,0.340353681,7.414462716,81.85700253,60.3286804,187.869282,2.454099887,1
876,West,Loamy,Groundnut,Zaid,Flowering,Sprinkler,20.93068182,22.74901287,42.80825055,11.90981675,8.124685239,5.255900805,38.64973515,67.92453412,85.16628985,6.41367166,1
877,East,Silt,Wheat,Zaid,Fruiting,Drip,60.11805602,41.01034821,53.72940579,0.918886486,23.3073144,7.577621604,71.20509191,90.90108771,31.85094992,7.220313964,0
878,East,Silt,Soybean,Rabi,Seedling,Furrow,56.12467593,35.07804875,60.78218419,0.048566442,7.601131741,5.89026049,35.27031266,144.2406887,140.0934513,4.343575089,0
879,East,Peaty,Soybean,Rabi,Fruiting,Drip,11.89671948,28.44256462,27.51739086,0.38071572,23.49566607,6.622147588,126.4077969,86.99402644,163.3650501,3.424839421,1
880,North,Sandy,Tomato,Zaid,Seedling,Sprinkler,25.53805134,29.63700586,89.91212894,1.263965419,6.253348929,6.936644852,107.294005,134.3738004,9.711819154,1.886519995,1
881,West,Clay,Potato,Kharif,Vegetative,Drip,26.17523576,21.12769404,48.09021143,0.169260606,7.864056012,6.937454846,69.02082684,36.9790893,202.3751748,1.288689357,1
882,North,Chalky,Wheat,Rabi,Vegetative,Flood,57.03249205,33.8040789,26.05844104,3.494254184,15.71018741,7.406093888,135.164,57.76969096,142.8905119,2.163100739,0
883,Central,Loamy,Groundnut,Rabi,Maturity,Furrow,11.37973764,25.76227532,49.04683803,1.885047594,19.04067432,7.146808371,76.54576254,73.15243177,65.88740829,9.162873535,1
884,South,Chalky,Potato,Zaid,Vegetative,Sprinkler,17.28760074,44.8693553,65.01519103,0.995200733,12.5346942,4.773483517,45.99496677,46.82078852,31.01522812,4.784205152,1
885,West,Clay,Soybean,Kharif,Fruiting,Sprinkler,65.99412598,29.40550546,58.52395039,6.933153587,22.05289218,6.329388104,13.36542211,141.6457299,80.46894001,1.301608069,0
886,West,Chalky,Groundnut,Rabi,Flowering,Furrow,22.49812634,29.57656819,72.09064805,1.143616233,1.00601054,7.156086427,76.12439027,105.2241153,45.21596041,6.58981799,1
887,North,Peaty,Potato,Rabi,Fruiting,Furrow,55.69222755,31.97555362,24.16129566,5.817435948,23.05487097,5.683971929,120.4583256,69.43779607,101.3014108,6.896739936,0
888,Central,Silt,Onion,Kharif,Vegetative,Drip,26.67279467,42.50268009,41.34054577,2.148263205,4.907694997,5.752226749,121.3406219,108.9391817,160.2880052,5.715576576,1
889,West,Silt,Cotton,Rabi,Flowering,Sprinkler,16.96089749,39.024543,81.44229326,3.58543493,22.10596863,4.998270191,84.63938934,67.77916237,135.3267297,2.217510932,1
890,Central,Sandy,Wheat,Zaid,Vegetative,Drip,27.02205337,28.53390209,25.99202658,13.58044008,10.02157949,6.174459944,55.08137085,2.497672468,89.36665548,9.304641374,1
891,South,Sandy,Wheat,Zaid,Seedling,Furrow,60.55868523,36.56097798,84.1614466,0.190335395,20.8189264,8.447321737,91.04148313,78.76304413,24.38350454,8.579897471,0
892,West,Peaty,Rice,Kharif,Fruiting,Drip,69.89875277,32.58706496,26.89220691,3.468381677,16.79163875,5.641277445,106.6996496,90.65185672,196.2171691,5.342020521,0
893,Central,Sandy,Potato,Zaid,Flowering,Furrow,68.11539052,29.77101146,82.58406612,9.635249251,4.398540812,6.625747571,57.62746982,142.2750757,55.42595772,5.188968924,0
894,Central,Peaty,Onion,Rabi,Maturity,Sprinkler,37.80284707,20.76947318,47.05913008,4.433347138,22.95118925,7.472949011,66.67558369,5.914962998,56.9560819,2.715286264,0
895,Central,Chalky,Cotton,Zaid,Flowering,Sprinkler,56.76595956,28.9180879,65.91567974,1.620834908,6.137934762,4.553989084,95.28628303,74.25405883,132.3279555,9.289042818,0
896,Central,Chalky,Sugarcane,Kharif,Flowering,Furrow,24.34890068,22.37455761,31.46653367,2.53484149,6.103502967,8.101758238,122.7313649,14.23243972,157.9544725,7.595312948,1
897,North,Clay,Cotton,Zaid,Flowering,Sprinkler,30.52034112,,24.96265413,5.701323588,20.35447242,6.046200739,110.7414529,21.60440573,201.7513169,1.943727901,0
898,West,Loamy,Cotton,Rabi,Maturity,Sprinkler,72.7435073,25.0622044,36.1953653,11.07341572,2.646831389,7.976463947,3.134791705,88.51718415,198.6786734,5.158698043,0
899,North,Silt,Soybean,Rabi,Flowering,Furrow,10.91013465,43.56792044,29.58903634,0.20966709,5.550897659,4.655790636,17.41212813,33.57731828,187.3209075,10.93917037,1
900,Central,Loamy,Soybean,Zaid,Fruiting,Drip,15.98559716,30.9916587,43.43044233,0.371133552,12.59193934,5.082654207,119.3889452,108.6302461,89.23928131,5.976120618,1
901,East,Chalky,Rice,Kharif,Flowering,Furrow,24.55203786,33.94633136,58.57874349,1.965594611,20.76192572,5.790117818,116.7351959,74.55881043,34.16728025,4.574202492,1
902,West,Clay,Rice,Kharif,Vegetative,Furrow,11.85725427,31.28821333,64.15695977,1.324906378,3.687099368,5.881847092,54.43294964,31.64086835,119.8165967,8.08162483,1
903,North,Chalky,Groundnut,Zaid,Flowering,Drip,22.70048046,18.88141851,79.24010805,1.538953759,13.69170586,7.891176892,81.79890913,71.59979325,3.537583637,3.232696155,1
904,Central,Sandy,Rice,Kharif,Flowering,Furrow,50.81290927,26.27463657,69.21799199,1.250454448,17.7810148,4.544804462,126.8182975,0.127850402,40.23101199,6.76183738,0
905,Central,Silt,Rice,Rabi,Maturity,Furrow,39.49971854,17.97438337,65.65687438,1.089692163,21.51488062,7.064447106,127.6182153,125.0973063,0.518526343,8.364750289,0
906,West,Sandy,Soybean,Kharif,Seedling,Furrow,72.48701978,33.68862133,50.88365206,0.69989764,23.38913901,5.025249745,109.6329984,1.838364673,37.00986208,10.40366258,0
907,South,Loamy,Tomato,Zaid,Maturity,Drip,67.22104932,28.40622586,55.53563262,13.58702903,19.61599786,7.792862603,29.34245137,1.016434411,97.3252103,8.617547331,0
908,West,Chalky,Groundnut,Rabi,Maturity,Furrow,33.92721462,38.33954915,51.0890622,0.778531318,16.32070996,7.614293064,102.239593,88.66807176,80.63148377,5.228507769,1
909,North,Sandy,Soybean,Rabi,Flowering,Flood,28.15964034,21.61411443,83.16245225,1.143317383,10.84050213,6.49968411,14.15378053,141.1605342,75.70579581,9.445801907,1
910,South,Peaty,Groundnut,Zaid,Seedling,Drip,36.57846857,19.93698175,37.25003394,1.413576961,2.802753855,5.350748902,125.1513843,124.1103552,170.3453371,10.88239921,1
911,West,Loamy,Wheat,Kharif,Maturity,Drip,51.32064598,27.18996693,20.42906987,13.51642336,17.74342981,7.037981564,20.8808325,36.54274233,138.3742425,6.255399871,0
912,West,Sandy,Soybean,Kharif,Vegetative,Flood,28.76445486,42.7975615,68.84899229,7.047080779,24.81843261,5.125033271,92.72880962,28.51668762,191.9685114,1.04950864,1
913,West,Loamy,Potato,Rabi,Seedling,Furrow,53.69042355,36.31265445,35.18466377,7.796087437,18.41901487,5.26009517,85.4340584,90.78626619,91.29492359,10.69009829,0
914,East,Sandy,Cotton,Rabi,Maturity,Furrow,38.65881565,27.56770874,86.75863522,0.553307481,0.417777343,7.006759609,108.7659518,119.2824733,55.80708347,2.819861908,1
915,West,Sandy,Wheat,Zaid,Flowering,Furrow,48.64330266,30.51816509,84.42847473,9.048900601,12.40649945,8.464913784,77.22085033,52.50140728,25.1503303,2.389580555,0
916,North,Chalky,Potato,Kharif,Vegetative,Sprinkler,40.52885704,17.52639034,25.75455289,2.622874245,15.36616581,8.064243349,8.339320553,62.6914156,137.7656161,4.384464223,0
917,Central,Chalky,Tomato,Rabi,Seedling,Sprinkler,30.61260317,44.53727689,27.97913041,1.524636442,17.24185503,6.872429431,98.81847557,16.74597948,172.5569231,5.179821199,1
918,North,Chalky,Tomato,Kharif,Vegetative,Drip,76.39173149,34.99221914,57.13786942,4.287162859,17.99314589,6.654147075,53.64163824,22.15983108,37.66656967,9.79314368,0
919,West,Loamy,Groundnut,Zaid,Fruiting,Furrow,63.45240559,23.56212205,65.69169971,8.634999089,13.95271103,8.49353952,44.83990017,82.41098128,180.1443126,5.281017236,0
920,South,Clay,Tomato,Rabi,Maturity,Drip,19.8079223,32.57425183,40.61812531,7.540099189,5.584008318,6.689588591,138.8342969,14.88514113,107.8866213,1.53703283,1
921,East,Loamy,Maize,Zaid,Flowering,Flood,70.79275831,,73.75982875,11.03626014,23.55501654,6.180466088,82.65596723,29.2966881,29.53652959,7.99557848,0
922,East,Silt,Soybean,Kharif,Fruiting,Furrow,44.12018388,43.97510006,64.61870157,13.16463382,17.41666169,8.138222143,99.50067026,34.02816848,131.7869816,8.383431258,1
923,East,Silt,Groundnut,Kharif,Flowering,Furrow,72.61865588,20.24354964,44.36180823,1.359844674,5.921000922,5.436737183,73.68565917,64.36905732,106.610812,9.956430129,0
924,South,Clay,Sugarcane,Rabi,Maturity,Drip,65.98986792,34.44090954,21.9028616,2.757004686,8.058045807,4.890103961,107.7961704,6.613734798,5.777627199,5.387526887,0
925,South,Sandy,Wheat,Rabi,Fruiting,Furrow,39.76494531,22.36363388,76.2612711,0.073682957,23.04819177,7.036360137,105.290183,72.4667909,81.84485697,1.946781838,1
926,South,Loamy,Onion,Zaid,Seedling,Sprinkler,11.57285158,36.52684148,,10.57313307,22.18712967,4.883398535,92.0004562,134.6577889,160.8815386,7.083685055,1
927,South,Chalky,Groundnut,Rabi,Fruiting,Furrow,28.80741516,38.30464102,82.58553076,0.839562251,10.12866096,5.992594148,139.6840286,3.547230862,113.8618695,2.330971208,1
928,North,Sandy,Wheat,Kharif,Seedling,Sprinkler,47.91439503,35.20259187,51.5217695,9.883515548,0.95768055,-5,64.37109477,91.49280546,57.81843088,1.187828553,0
929,Central,Sandy,Potato,Rabi,Seedling,Furrow,54.34347539,33.43498381,63.2808082,1.997817698,1.212434222,6.690152268,98.86692876,121.1971429,190.3715615,9.56441819,0
930,South,Silt,Potato,Kharif,Flowering,Drip,28.05213798,41.77407282,85.47115478,2.295386419,7.097957273,8.466638183,111.6889148,45.30682217,48.7447028,5.437516604,1
931,Central,Chalky,Onion,Rabi,Vegetative,Furrow,19.75492519,17.35880133,84.77172507,0.199592506,15.72805548,5.383926893,52.64485934,19.07018903,51.81088142,6.775056893,1
932,West,Chalky,Soybean,Zaid,Vegetative,Drip,68.44511658,24.92744297,47.86396814,1.979149306,14.60486588,6.003025514,64.00450386,6.284269203,72.70106599,8.29134123,0
933,Central,Loamy,Cotton,Zaid,Seedling,Flood,78.90815265,22.44862439,35.66666695,10.9625443,15.84569467,5.028960498,135.6834173,93.36594362,183.3802616,5.411304334,0
934,West,Peaty,Onion,Kharif,Maturity,Furrow,46.79831276,44.64041886,78.13595583,0.129397013,17.9320743,6.930454104,4.520742398,80.07398513,104.0632061,1.562447517,1
935,East,Chalky,Cotton,Zaid,Vegetative,Flood,22.01755001,26.68169339,52.48101527,2.607137065,0.47580634,7.410692729,46.94139155,33.24777332,139.8467071,3.780180235,1
936,West,Chalky,Sugarcane,Rabi,Vegetative,Drip,29.06151286,36.97838098,34.40314952,0.159515834,2.627139879,6.428307293,68.06981473,120.5845096,200.1341554,3.137753105,1
937,North,Silt,Groundnut,Kharif,Maturity,Furrow,11.28734736,35.54175492,87.83190067,2.317511445,8.987086296,5.483325073,0.20509903,106.6484211,160.5757409,11.75133423,1
938,West,Chalky,Tomato,Rabi,Flowering,Flood,74.00091646,21.36243712,34.85781457,0.947580724,3.871499938,6.983553077,125.8777941,40.08217382,35.38302432,9.134559994,0
939,East,Sandy,Onion,Kharif,Seedling,Sprinkler,18.2425758,22.16993041,21.93553761,1.453221566,1.883001064,6.656630893,40.07421603,109.2376383,161.6125555,5.967049981,1
940,East,Sandy,Tomato,Kharif,Fruiting,Sprinkler,50.35615329,23.43853691,21.52099803,10.50223809,16.0241099,5.184742894,36.0786765,35.52416096,153.4091156,1.697041361,0
941,Central,Peaty,Groundnut,Kharif,Fruiting,Flood,29.18386545,27.33381835,66.67365173,2.863941509,20.38341194,6.122727602,114.8456673,97.91378197,47.68648387,2.274355747,1
942,Central,Sandy,Soybean,Zaid,Seedling,Sprinkler,48.79246018,22.02975197,69.62562955,1.599635271,18.81566644,6.240788367,38.91765199,17.18903096,66.69671533,9.941895262,0
943,East,Clay,Wheat,Zaid,Flowering,Sprinkler,55.59942718,15.58954448,43.32812788,4.449928538,20.42599447,8.430471015,92.06716315,100.3747222,145.5762892,11.39994003,0
944,West,Peaty,Tomato,Zaid,Fruiting,Furrow,68.08192626,41.3817917,44.00082419,0.766379245,16.6464136,7.897143329,115.0104401,34.62229075,48.87058428,1.344852029,0
945,West,Chalky,Cotton,Kharif,Vegetative,Sprinkler,,43.96829494,45.46204363,1.501416392,18.38363305,7.437483153,110.9467587,83.00805637,42.67830815,11.01436835,0
946,South,Sandy,Tomato,Zaid,Flowering,Sprinkler,10.76970801,25.24711161,71.01189101,3.951022072,6.794469355,8.055108102,109.4731032,25.00726069,144.2119183,5.186200847,1
947,North,Silt,Sugarcane,Zaid,Maturity,Flood,19.5819941,25.15520638,24.36003433,-999,24.82520091,7.441937623,12.40925978,105.2652074,180.522076,3.349959267,1
948,West,Silt,Maize,Kharif,Seedling,Sprinkler,73.00130493,15.21275438,89.68372645,5.683560854,4.579141362,8.113607421,11.17857546,8.827538287,15.37841994,2.124555932,0
949,East,Clay,Soybean,Zaid,Fruiting,Drip,71.17230543,35.40752065,36.68907831,3.381364795,5.36234686,4.71821246,42.947805,23.98557909,91.41108573,9.489238361,0
950,North,Peaty,Wheat,Kharif,Seedling,Flood,51.81891715,39.76319687,94.97549039,7.391808568,7.223045795,6.324264837,5.032703367,26.69978958,124.4709202,6.158015337,0
951,Central,Peaty,Soybean,Zaid,Maturity,Furrow,52.03618023,19.39824901,32.86420203,14.80612631,24.38331075,7.487593341,70.06016311,5.994819949,138.6367411,10.1566616,0
952,East,Sandy,Soybean,Kharif,Fruiting,Flood,56.55256722,19.78999048,77.8659843,0.615387636,24.70721473,6.833183186,55.26948928,108.0268148,204.220162,3.487728688,0
953,East,Sandy,Rice,Kharif,Seedling,Sprinkler,22.2759895,38.7024975,36.75594087,2.037323104,19.87234374,5.200664657,77.98362776,142.2381132,139.9518519,8.464248405,1
954,Central,Loamy,Onion,Kharif,Maturity,Drip,74.00883621,33.48872245,26.06351012,1.924997789,15.72643996,5.861968346,41.83039541,112.8676793,127.1315932,2.299338754,0
955,West,Chalky,Sugarcane,Zaid,Vegetative,Sprinkler,39.31393674,16.34581673,85.61999933,0.819557843,13.00156438,5.7710975,68.00556042,124.7916345,202.8955012,1.987257525,0
956,Central,Clay,Sugarcane,Kharif,Maturity,Sprinkler,36.81969698,33.67640971,84.40634444,8.311639703,24.26552114,5.545387653,46.86426722,0.871110749,12.43696878,2.467398354,1
957,East,Peaty,Tomato,Kharif,Flowering,Flood,46.32423937,24.26753169,50.26777943,7.133055417,17.39057007,5.872542214,27.32913291,17.09114475,15.25956371,9.897914306,0
958,West,Sandy,Groundnut,Rabi,Flowering,Sprinkler,13.28761767,26.06175466,72.67971069,3.312367048,23.61825321,6.559413154,90.91133536,81.0579492,114.9399179,8.21181709,1
959,Central,Chalky,Potato,Rabi,Maturity,Drip,21.63983581,38.09194255,61.77994495,3.858471795,7.913769987,7.919476099,94.28102621,141.7909883,73.52624594,2.825602811,1
960,West,Peaty,Onion,Kharif,Vegetative,Furrow,61.66235315,39.32805578,83.97170853,0.306952809,8.344369807,7.46813065,116.092437,95.803375,19.82299032,5.232494318,0
961,North,Chalky,Maize,Kharif,Seedling,Flood,15.79590675,27.01069881,43.6291977,4.054108824,21.36811485,7.840998816,122.4652496,54.24982059,62.8220237,9.400546107,1
962,West,Clay,Rice,Zaid,Seedling,Drip,52.22064766,43.41458808,59.27543,7.835282249,3.746373015,8.034414978,98.62466661,21.19164929,138.2426699,4.142418284,1
963,East,Silt,Groundnut,Zaid,Vegetative,Sprinkler,27.17443768,27.19388154,56.40292784,4.264556289,23.64819653,6.164601824,96.24973214,22.16117569,180.5260676,11.13390084,1
964,Central,Clay,Potato,Kharif,Fruiting,Sprinkler,37.25069298,38.15508106,46.54293697,1.541508484,12.68685887,5.884105136,7.934593147,52.59921434,19.33651771,11.0606307,1
965,West,Peaty,Onion,Zaid,Maturity,Furrow,30.20856157,29.51631794,86.85912984,5.506303047,23.16034696,-5,15.3690938,103.5024786,110.7297378,7.081909083,1
966,South,Sandy,Onion,Zaid,Flowering,Drip,34.89709015,41.9259698,32.44084435,2.243077415,8.419819718,8.221966488,113.7587795,4.613797199,60.70369078,7.951716961,1
967,Central,Peaty,Groundnut,Kharif,Flowering,Drip,60.33321336,,31.21314796,3.935897014,17.8989726,4.763292072,32.61317663,123.5657508,136.8018635,8.185401887,0
968,Central,Loamy,Onion,Zaid,Flowering,Furrow,30.79852009,17.62250424,63.26821515,3.342910571,12.07187805,7.464542061,49.77910843,136.5249582,112.6375564,3.843153035,1
969,South,Chalky,Groundnut,Rabi,Seedling,Sprinkler,49.64832482,43.09479994,69.31206725,2.399663809,15.67009076,6.012433218,20.34162951,128.8783868,189.9757562,5.018535276,1
970,West,Clay,Onion,Zaid,Seedling,Sprinkler,43.32352815,39.76604525,34.59644407,6.344832352,12.60931233,8.295123098,27.3212756,132.3889019,7.725196825,2.495352215,1
971,North,Loamy,Soybean,Zaid,Vegetative,Sprinkler,56.45698158,38.73932143,49.30380817,10.76548829,24.17789043,6.178408084,108.558413,2.224195516,96.35764136,11.17358476,0
972,East,Peaty,Sugarcane,Kharif,Fruiting,Flood,75.57808175,21.02734019,90.99228822,0.026130755,17.30263495,7.766433405,36.66034673,141.7798858,39.51570885,8.962343826,0
973,North,Peaty,Sugarcane,Zaid,Maturity,Drip,61.2800468,39.15357626,38.4963067,13.56153519,6.282974216,5.630619329,62.86489528,53.12178166,110.0402503,1.50991893,0
974,East,Chalky,Tomato,Rabi,Flowering,Furrow,25.0458265,40.50398204,70.12705266,3.582233964,22.74192305,5.696354869,21.23399223,126.0457622,174.9837655,7.043261951,1
975,East,Loamy,Potato,Kharif,Vegetative,Flood,,23.67451003,75.51120453,6.032076931,7.350743454,6.88207764,94.91018688,27.08728625,186.8198882,4.773811082,0
976,Central,Sandy,Cotton,Rabi,Fruiting,Drip,,43.56780235,53.60965246,9.676690964,9.290127483,8.491930535,101.9577628,64.74623269,81.63749096,9.968166648,0
977,East,Sandy,Onion,Zaid,Seedling,Furrow,51.65545515,16.49580439,90.31444901,-999,2.553092451,6.570289672,50.63692451,6.40383635,166.4150073,4.781800966,0
978,Central,Clay,Rice,Kharif,Flowering,Furrow,13.59980694,19.4972776,75.24925514,9.008263432,22.49916299,8.245234546,109.8645305,5.811019542,57.50415532,8.085651371,1
979,South,Chalky,Sugarcane,Kharif,Maturity,Sprinkler,44.7456373,31.12743414,54.34434349,0.977762421,7.152800581,7.644999313,33.58693127,136.7750346,1.292513995,2.823143668,1
980,East,Loamy,Cotton,Kharif,Flowering,Sprinkler,51.77899942,32.27377413,62.70014013,0.866814238,6.472940448,7.683457257,96.86654069,117.5379588,175.3240068,7.146310386,0
981,South,Clay,Cotton,Rabi,Flowering,Furrow,33.39707236,,71.94600826,5.357000151,23.00656495,6.243839957,102.1950414,76.82477644,24.47950969,4.232743058,0
982,North,Clay,Rice,Kharif,Maturity,Sprinkler,63.96385426,15.50907388,64.41426353,10.20660738,20.13817156,6.046169001,135.6120329,76.19143517,3.610280289,2.813772646,0
983,Central,Silt,Maize,Zaid,Vegetative,Sprinkler,17.46187772,43.81100324,85.90231879,11.14788973,3.526973038,5.267687232,32.52503313,108.5694197,72.52852099,7.811850616,1
984,Central,Chalky,Maize,Kharif,Maturity,Drip,15.25964472,16.33764278,46.76664967,5.160478821,19.2331126,8.355765068,13.11946721,49.54197333,77.77289787,8.0250532,1
985,West,Clay,Tomato,Kharif,Maturity,Furrow,60.97321293,19.29185858,42.4914305,3.72735482,22.82582745,8.33757445,36.82495912,110.471045,15.83013501,11.81689159,0
986,East,Chalky,Soybean,Zaid,Seedling,Furrow,44.68439213,15.42043553,36.03791671,2.012794833,1.962780455,7.488270937,17.20070752,70.3262151,166.9074425,8.360166656,0
987,West,Chalky,Soybean,Kharif,Vegetative,Furrow,58.18816775,32.005753,22.8337226,19.56021893,20.63037487,5.685009799,23.75720319,92.49802342,83.14650969,6.672809324,0
988,West,Clay,Soybean,Kharif,Vegetative,Sprinkler,40.4379137,42.96800652,23.22604733,1.926075307,13.6855013,5.480718161,46.77603166,139.9002703,100.4343408,11.03882927,1
989,South,Silt,Tomato,Rabi,Fruiting,Drip,27.24814233,34.97841498,85.25413948,6.816525401,16.72993623,8.45444097,57.95870454,68.34075584,54.24817993,10.11108901,1
990,Central,Clay,Sugarcane,Zaid,Fruiting,Furrow,67.33716224,39.67972405,70.87948598,3.796240474,12.32135847,4.76617126,126.5213916,60.66867566,104.8588842,7.036209063,0
991,South,Clay,Maize,Zaid,Seedling,Flood,65.95911153,15.3984361,69.53993116,4.689006451,17.44507712,7.874257169,27.38620801,131.3336302,157.1799351,6.624839855,0
992,Central,Chalky,Rice,Kharif,Seedling,Sprinkler,58.62875296,31.26045895,66.09821142,2.500092414,0.852446542,5.921832002,136.0462566,130.8741718,185.7674567,11.36166104,0
993,Central,Clay,Tomato,Rabi,Fruiting,Furrow,29.05015961,28.78688933,83.69143585,16.73683193,19.06766808,6.175478879,113.4214494,143.9007118,198.9585682,7.788397484,1
994,West,Loamy,Onion,Rabi,Fruiting,Furrow,51.31614668,29.96903833,56.02001942,4.23945065,0.833592446,7.827910595,123.4059946,79.8751349,87.47840454,8.851570861,0
995,South,Silt,Cotton,Rabi,Vegetative,Flood,35.26817279,17.16639556,85.28081214,13.88600716,11.38249619,4.862412064,130.1221586,49.91792345,202.956941,1.953469464,0
996,South,Sandy,Maize,Rabi,Fruiting,Drip,16.41074513,35.53306083,46.95837696,0.038101888,3.774124828,5.916678714,105.4537676,34.85655916,60.4659209,8.901361834,1
997,Central,Clay,Tomato,Rabi,Maturity,Furrow,74.21195028,30.09661245,89.50306283,4.251000476,20.58935693,8.308097109,110.4291764,4.943971758,1.430066733,3.911500264,0
998,South,Loamy,Onion,Zaid,Flowering,Drip,19.57730416,37.9544655,72.39927351,6.314844936,7.841522729,7.296263651,61.29456152,105.3756505,157.361494,2.270917155,1
999,East,Loamy,Groundnut,Kharif,Maturity,Drip,76.51661477,29.55871902,39.2882852,6.8340309,11.35233862,7.519756659,71.46303285,33.85404519,36.57930795,10.3463272,0
1000,South,Loamy,Tomato,Zaid,Fruiting,Furrow,41.22040411,19.48144909,62.30636913,11.76817534,10.71876853,7.530021204,130.5479597,87.96292836,10.75324182,8.603101953,0
1001,North,Silt,Wheat,Zaid,Flowering,Flood,22.95930502,34.44770862,59.97729211,0.022056623,19.31254914,4.742280333,52.95582762,132.905893,189.4218291,5.483207435,1
1002,South,Silt,Tomato,Zaid,Seedling,Furrow,47.93306632,20.17159086,30.34241163,0.001651069,12.02860899,5.312830373,5.872590229,137.7809731,162.3212203,5.745583988,0
1003,East,Peaty,Cotton,Rabi,Fruiting,Drip,71.10620851,41.1718369,64.34321793,3.195790493,19.72395838,6.465053024,106.785614,0.639469427,21.04628432,3.168294944,0
1004,South,Clay,Wheat,Rabi,Fruiting,Drip,61.25574205,33.39348717,43.60892178,0.148656666,1.83770692,5.97260093,80.24205164,45.97587955,159.2665812,1.10506095,0
1005,East,Sandy,Cotton,Zaid,Seedling,Flood,66.45928035,19.71611651,23.92615751,18.35177128,4.789849198,6.143649173,114.0826347,121.4198143,173.019938,4.842950535,0
1006,North,Sandy,Tomato,Zaid,Fruiting,Sprinkler,56.11483567,43.87014172,91.14921183,1.255562651,13.78835624,7.625789515,10.57717733,77.78455478,185.5868414,2.632557957,1
1007,West,Peaty,Soybean,Kharif,Flowering,Flood,58.45935952,30.5509639,68.11177768,3.199593728,23.67720812,4.55871694,86.97247867,117.0887664,111.4572838,5.638994753,0
1008,Central,Sandy,Maize,Rabi,Seedling,Flood,69.44369561,17.18695356,85.76891989,0.315431907,1.868946168,7.141967705,34.67882432,123.731876,144.1994745,10.17207597,0
1009,Central,Clay,Groundnut,Kharif,Seedling,Drip,27.47676062,33.80498713,70.70420038,3.691229203,1.077105404,4.500440927,126.4576032,64.18080189,156.2590522,2.262297997,1
1010,Central,Sandy,Soybean,Kharif,Vegetative,Flood,44.25974746,22.59596721,46.77377691,2.389825188,3.913766873,4.752234102,15.38739156,52.05252601,141.1709817,2.009289623,0
1011,North,Clay,Sugarcane,Rabi,Fruiting,Drip,25.48466093,39.11080356,58.45160542,0.228440056,16.02882822,6.133144479,118.0296982,66.03782358,132.6008922,10.92312442,1
1012,North,Silt,Soybean,Kharif,Vegetative,Furrow,79.13676056,39.53466221,70.68100703,2.040775615,9.974822917,7.863794079,12.39759528,94.65530438,112.2496468,9.196535187,0
1013,East,Silt,Maize,Rabi,Flowering,Sprinkler,76.08415378,44.36842068,92.01892439,2.483266143,20.63880949,5.079983062,3.51362977,53.23807717,98.23506811,1.583768522,0
1014,North,Clay,Sugarcane,Kharif,Flowering,Furrow,12.7598768,30.05608593,39.02520943,22.98674986,1.798328787,6.718485637,32.90832021,112.3733019,204.205629,1.875275338,1
1015,West,Chalky,Maize,Kharif,Seedling,Drip,59.39026208,28.64870639,85.6232794,1.165248982,4.91035217,7.214020907,46.62623573,131.0789551,69.19995999,8.53416651,0
1016,East,Clay,Wheat,Rabi,Vegetative,Flood,74.76738222,37.60426816,89.3058354,3.934868077,7.500660137,5.418131537,87.71402805,40.93512431,18.09509794,5.073786224,0
1017,West,Silt,Wheat,Zaid,Fruiting,Flood,22.64027416,18.97411969,70.2811636,21.83689191,15.66825217,6.549321021,18.44144363,139.9234984,156.8325778,8.965906251,1
1018,West,Clay,Wheat,Zaid,Flowering,Furrow,49.75616614,31.40746541,89.84499706,7.851547747,17.12931726,8.145629133,61.2261907,90.29516078,43.83399746,5.448994762,0
1019,South,Peaty,Onion,Zaid,Vegetative,Flood,74.08418083,31.387428,49.84089406,25.07886802,3.105082349,6.548914101,28.59690429,127.3344718,109.2021387,11.64565356,0
1020,Central,Silt,Cotton,Zaid,Seedling,Sprinkler,12.3762185,17.68419368,91.4762132,17.25692717,23.59511772,5.129292247,119.742465,15.06788311,19.6393109,8.638582735,1
1021,West,Sandy,Wheat,Rabi,Maturity,Furrow,58.81941871,27.53952257,72.70871579,3.36221051,8.52610338,7.011257187,6.295311113,36.46737487,126.9531915,1.512773413,0
1022,Central,Silt,Cotton,Kharif,Seedling,Sprinkler,30.81443052,40.59854396,23.15043256,5.959823454,17.82921908,6.86880072,49.83128174,46.54776652,193.5215178,4.635519524,1
1023,East,Sandy,Potato,Rabi,Seedling,Drip,74.70773368,40.68460866,88.01546239,0.585159178,13.10519297,4.607819039,88.3923712,43.90921192,148.1544661,7.199668047,0
1024,Central,Sandy,Maize,Rabi,Vegetative,Flood,77.97407716,17.97712995,56.33546068,2.909360379,5.568952839,4.862377623,127.8323449,24.91986771,43.97962954,2.56061002,0
1025,North,Peaty,Sugarcane,Rabi,Maturity,Sprinkler,76.09865424,17.72162648,54.52452386,8.277894678,21.15570808,5.127125421,121.5190792,125.8891374,199.0832993,1.027723301,0
1026,Central,Silt,Wheat,Kharif,Fruiting,Furrow,43.19499517,22.88086431,62.48499545,3.51937581,20.4559507,5.04515631,125.3268799,60.69876049,62.95282086,1.872389456,0
1027,North,Silt,Groundnut,Zaid,Seedling,Drip,70.34298557,41.24298188,31.20384101,6.065051479,9.901796348,5.537863082,8.799461116,139.6538808,89.50607223,6.766898255,0
1028,South,Peaty,Onion,Rabi,Seedling,Drip,69.1184579,18.86707755,55.18745364,6.847212375,14.71518964,6.316421293,117.7292566,84.60349318,102.1139892,7.954806,0
1029,South,Silt,Sugarcane,Rabi,Maturity,Flood,32.33703313,36.59990408,82.33454125,-999,6.445642398,5.986865192,109.187761,20.06722217,203.0973424,2.021937133,1
1030,West,Sandy,Groundnut,Kharif,Fruiting,Flood,68.02408319,18.03496859,21.16118444,10.42526118,17.24629072,8.062599566,126.3404309,79.15618293,14.12273715,8.316721763,0
1031,North,Chalky,Maize,Kharif,Seedling,Sprinkler,12.59053443,33.69413561,40.46878702,3.079286809,7.725670316,6.948437638,43.62067742,144.0640464,142.8293004,7.78836573,1
1032,North,Chalky,Soybean,Rabi,Seedling,Flood,51.73889149,150,20.18409398,1.179783347,21.10196836,8.0045774,127.6471149,81.94989463,74.19582952,11.3388668,1
1033,Central,Clay,Maize,Kharif,Vegetative,Furrow,26.10061861,38.66741889,51.17834819,10.02782931,5.434627607,6.6081573,56.36975191,0.271055044,16.05669042,10.24743041,1
1034,South,Chalky,Rice,Rabi,Vegetative,Sprinkler,18.439682,22.01071346,74.62366329,2.70486775,0.37008557,4.859481883,88.77395597,135.296586,191.6814898,11.3756605,1
1035,North,Chalky,Tomato,Rabi,Flowering,Sprinkler,15.38672411,34.17605488,79.90788718,6.937724481,6.712701049,6.353149796,59.38505877,34.05968889,120.9209554,11.62718385,1
1036,East,Peaty,Potato,Rabi,Vegetative,Furrow,58.74021431,22.07047604,90.88923208,3.970731352,4.776312161,7.788130187,59.87078027,99.83671269,154.4711916,5.848893896,0
1037,South,Chalky,Sugarcane,Kharif,Fruiting,Furrow,33.79124746,36.40980849,65.63784597,2.405296612,12.70716099,5.276415069,76.52918263,74.68662247,49.27901429,6.367017494,1
1038,West,Peaty,Rice,Zaid,Flowering,Sprinkler,60.73367401,41.21034104,39.097015,8.300404856,5.092582291,4.864857115,49.82973935,47.18789474,156.1158891,4.097841651,0
1039,West,Clay,Wheat,Rabi,Vegetative,Drip,14.57494386,18.80405397,89.31109619,4.391001503,19.07974677,5.817738953,110.9831792,40.98273093,169.8374652,6.592756429,1
1040,South,Sandy,Tomato,Rabi,Maturity,Sprinkler,32.07032365,40.99787066,78.14868154,2.47609113,6.03426595,6.055591323,88.70942296,134.6701801,88.32002643,2.65786168,1
1041,North,Clay,Groundnut,Rabi,Vegetative,Sprinkler,47.76439047,32.80725763,63.08213623,0.580410436,17.6742045,5.725030706,96.56580662,132.2292549,117.2510769,8.385740568,1
1042,West,Silt,Cotton,Rabi,Vegetative,Furrow,65.35062154,18.81331473,72.17301618,11.29022516,14.46177308,5.040963142,32.34487203,74.40455181,199.2338697,1.274257881,0
1043,South,Clay,Maize,Rabi,Vegetative,Sprinkler,32.31267521,27.82625566,89.32372663,0.180569565,24.65624641,5.503359439,135.7405404,37.48180335,173.5795766,3.591905319,1
1044,Central,Peaty,Cotton,Zaid,Seedling,Drip,53.81239635,19.8258088,73.42955214,9.945713977,24.99752443,7.229129618,92.42465369,14.83959466,91.19426252,3.28878868,0
1045,North,Loamy,Sugarcane,Rabi,Maturity,Furrow,72.01844238,36.01043667,47.62808807,2.231134935,21.73815208,6.043714065,27.60742103,22.70357551,136.237641,11.31677979,0
1046,South,Silt,Cotton,Kharif,Flowering,Flood,53.11042317,37.76604403,73.47711517,5.099080821,18.99958423,7.030197778,105.0686341,75.72650023,160.7674527,2.593919269,0
1047,Central,Chalky,Potato,Zaid,Seedling,Sprinkler,26.30716323,18.17389561,23.02086221,12.76805149,9.66141035,6.64521512,24.31997445,44.63534428,4.987408219,10.79852996,1
1048,East,Chalky,Rice,Rabi,Maturity,Drip,11.70805471,30.18419558,48.98116714,0.822643654,18.83191818,6.696211759,8.873885482,6.099880628,120.6150273,2.367940435,1
1049,West,Chalky,Rice,Zaid,Flowering,Flood,70.90692117,39.43875168,50.47422739,-999,23.91688843,5.494198232,73.85747546,65.99927087,201.8283657,8.157677849,0
1050,South,Clay,Onion,Rabi,Vegetative,Drip,11.48885876,43.08489125,32.51286758,7.228796603,0.584439385,6.586172131,77.49335358,108.1974474,194.1720332,4.51874565,1
1051,North,Clay,Groundnut,Zaid,Seedling,Sprinkler,71.22911709,30.405536,21.73141104,7.085496652,13.4478675,4.594378855,26.45518046,129.2957918,170.6502809,4.476026054,0
1052,Central,Sandy,Maize,Rabi,Flowering,Furrow,47.02559938,43.50837671,30.00359275,3.728858536,5.44995761,6.226974969,48.7730522,84.86618662,21.77388909,11.9809821,1
1053,South,Silt,Cotton,Kharif,Vegetative,Furrow,75.7347389,31.07066911,69.09661218,4.900673603,13.9469079,6.790491293,132.4077014,104.877358,203.7784978,3.486471436,0
1054,South,Sandy,Rice,Rabi,Seedling,Drip,65.9148265,26.82571484,80.17166123,7.084324454,11.66117724,5.227982485,39.90045249,52.79021828,124.9553214,3.228160747,0
1055,Central,Peaty,Wheat,Zaid,Flowering,Drip,79.85538774,40.44609386,94.11526195,9.195124571,14.39421454,5.526234025,21.77952851,71.95453599,45.69619113,7.48268224,0
1056,South,Peaty,Sugarcane,Kharif,Flowering,Furrow,34.54982708,29.78948131,45.97726273,7.173498031,13.77405554,5.378124079,138.9586742,105.7958942,138.2250814,9.148276367,1
1057,North,Sandy,Cotton,Zaid,Seedling,Flood,63.70318023,29.15707532,64.95344167,2.184817136,24.00267598,4.782231821,42.32277509,105.510443,175.5873302,11.80754976,0
1058,West,Silt,Maize,Zaid,Seedling,Furrow,38.13516395,29.70937468,90.28587251,28.60932653,13.80465272,5.891429285,95.23551424,61.55630836,23.02719097,8.715551517,0
1059,North,Sandy,Wheat,Rabi,Flowering,Flood,43.59129342,40.40355006,32.5281336,2.850248734,21.1558022,8.415863066,32.4184254,78.83176453,187.8698194,7.180581729,1
1060,North,Chalky,Rice,Kharif,Fruiting,Drip,53.92538243,39.95824625,73.82341898,0.123844679,7.99550717,5.915521626,77.01696758,133.9590242,188.6418777,5.500448895,1
1061,West,Sandy,Rice,Rabi,Vegetative,Furrow,71.15739799,27.10559977,76.62340499,2.251922361,10.95251722,6.342146487,54.07947813,91.63965272,2.760203277,7.546240899,0
1062,South,Silt,Rice,Zaid,Flowering,Furrow,78.88584284,24.9989958,26.67316519,0.683584904,11.7603369,7.112349004,134.6210966,93.17332072,184.5654199,7.609184964,0
1063,Central,Peaty,Groundnut,Kharif,Seedling,Sprinkler,63.77913897,29.75784072,84.59370389,0.647370264,6.968201083,7.093991005,60.59282244,113.7699424,194.0976732,3.394826433,0
1064,Central,Loamy,Rice,Rabi,Flowering,Drip,39.24367475,32.18317529,80.98287853,1.653191715,9.494756537,8.29957992,81.78438579,16.70731997,7.726818381,8.383294177,1
1065,East,Sandy,Wheat,Zaid,Seedling,Drip,39.49499016,22.15011632,22.50522549,0.274263868,14.96282699,7.930256562,132.2672772,75.81822229,60.30409632,3.248661697,1
1066,North,Chalky,Wheat,Kharif,Vegetative,Furrow,61.63076111,38.81865254,26.83133112,5.831975348,14.50469408,7.675802748,138.492802,139.1176018,76.4870389,6.389503057,0
1067,West,Chalky,Tomato,Rabi,Seedling,Flood,26.7144002,29.59448297,23.68451704,0.384345202,15.91088361,8.306508903,14.23217096,52.44075687,71.52254677,3.858564639,1
1068,Central,Sandy,Sugarcane,Kharif,Seedling,Furrow,17.73318792,25.02136645,45.10576488,1.136319864,8.795447886,5.423061542,116.8048997,42.76429123,155.5956636,4.440811261,1
1069,West,Clay,Cotton,Kharif,Fruiting,Flood,34.82355103,18.20462979,58.1966743,0.487511333,7.895787379,6.968216778,53.49630919,87.17515501,73.41141414,7.75264722,1
1070,Central,Silt,Maize,Rabi,Seedling,Furrow,30.10672942,22.16535481,59.9260796,0.326255106,15.29044707,8.048787067,83.27601887,32.06231656,196.098656,1.709336262,1
1071,West,Clay,Tomato,Zaid,Maturity,Flood,30.74156843,150,40.07500698,1.558177839,3.321543711,6.996552633,52.50673105,80.6120477,203.9734882,1.132382969,1
1072,North,Peaty,Onion,Rabi,Maturity,Flood,26.35254257,24.1529906,88.36976649,4.241980272,6.325788588,8.409681898,56.15626879,22.56954157,64.94786849,2.436820105,1
1073,East,Clay,Soybean,Rabi,Fruiting,Flood,12.94652327,20.06577868,47.61970924,16.71731616,1.053193424,-5,22.24005504,84.0700518,104.3041544,2.855776759,1
1074,East,Silt,Groundnut,Kharif,Vegetative,Sprinkler,11.25117543,28.82018375,23.4162617,10.41952361,1.815271315,6.257322011,80.18730418,87.34498163,114.3296973,3.176602649,1
1075,North,Sandy,Sugarcane,Rabi,Vegetative,Sprinkler,79.14056728,24.2126323,42.51703337,10.43470498,6.084581982,8.409451632,76.54023243,60.66806946,118.7775801,9.513241772,0
1076,South,Sandy,Sugarcane,Kharif,Seedling,Furrow,39.94411936,16.05477751,59.83320669,0.968330534,0.488232007,6.018272114,26.5098104,55.49823169,76.71284381,5.915437637,0
1077,South,Loamy,Onion,Zaid,Fruiting,Furrow,36.9028653,,50.61663669,1.538792602,6.135264802,7.4582255,75.84226011,35.59145037,34.0286679,6.169297472,0
1078,West,Peaty,Tomato,Kharif,Fruiting,Drip,57.57530979,31.32325872,40.53818893,0.397344827,16.37440808,4.621611604,136.2342636,47.98373464,11.18491105,8.087675791,0
1079,North,Sandy,Rice,Rabi,Fruiting,Flood,25.27777215,31.55137116,29.84924373,7.535948824,1.527676962,7.279348459,100.0172034,72.26016524,21.80147646,9.020196453,1
1080,North,Clay,Maize,Rabi,Maturity,Furrow,76.49728288,25.69676764,81.43733751,0.361865935,10.91841694,8.23850693,67.33755834,35.91054065,184.7647037,1.038591845,0
1081,West,Loamy,Groundnut,Rabi,Vegetative,Flood,65.04415101,28.41908269,94.71089316,4.067493857,22.82771967,6.030825141,128.251758,113.5109972,57.47687636,10.42397869,0
1082,West,Loamy,Maize,Zaid,Maturity,Drip,16.25877016,43.96553755,44.71566001,1.424267532,19.78212072,4.585199352,80.54400991,102.81011,15.74871156,11.87278332,1
1083,Central,Peaty,Potato,Rabi,Vegetative,Flood,39.2306543,26.32045432,48.62157831,1.394904416,7.635937557,4.611639218,18.90671982,39.04935074,127.8235884,2.339881755,1
1084,East,Loamy,Wheat,Rabi,Flowering,Drip,71.53828153,22.7468044,66.35281435,23.40219314,23.12013698,8.068093223,76.65135069,14.12809865,15.43796601,8.16188642,0
1085,Central,Chalky,Rice,Kharif,Seedling,Furrow,76.13124156,22.30401132,73.88311061,7.068940509,8.241162419,7.390064428,25.33623615,0.026105653,14.36085263,1.026551298,0
1086,West,Silt,Groundnut,Rabi,Flowering,Sprinkler,42.71810579,28.73293838,49.40221511,9.068165562,1.812887408,4.926745537,107.4506774,86.5242336,127.4219537,1.539324348,0
1087,West,Clay,Potato,Kharif,Seedling,Sprinkler,52.93879724,37.78560446,87.86971377,4.242958147,24.85139892,4.718361108,135.40439,30.64774324,121.2360251,4.135011221,0
1088,West,Loamy,Cotton,Zaid,Seedling,Furrow,21.69237623,21.17964553,62.00029919,10.24026818,21.75056318,7.719301454,50.51460184,1.824458165,8.502843825,10.31044493,1
1089,Central,Sandy,Potato,Rabi,Fruiting,Sprinkler,79.38180383,36.27888381,53.77925573,5.185101228,11.64831958,7.739442531,60.88850322,52.06736424,94.39795606,8.177509916,0
1090,East,Clay,Maize,Zaid,Maturity,Furrow,26.2170191,15.6344947,68.50045649,14.60996586,16.6594131,4.982087359,59.00950536,139.489777,89.33250312,5.904030252,1
1091,West,Peaty,Tomato,Rabi,Maturity,Furrow,75.99122419,27.56798934,91.46028862,1.651824723,16.78070195,5.706081616,39.94199661,100.0417071,112.0712716,5.82458321,0
1092,South,Loamy,Potato,Rabi,Vegetative,Furrow,55.47526543,38.27595196,79.59142208,4.523287626,4.862055768,7.620104258,111.1851951,124.3757369,151.2581656,6.126589318,0
1093,East,Clay,Sugarcane,Rabi,Fruiting,Furrow,52.54157564,25.16198867,23.00098479,5.858033872,5.001215829,6.601648284,86.48196658,20.98716925,57.97400975,4.421364186,0
1094,South,Sandy,Sugarcane,Kharif,Maturity,Sprinkler,45.88819577,31.91211304,44.92324331,2.495616033,11.73951758,8.326339443,8.96721796,10.62678242,88.71995813,10.65485969,1
1095,South,Loamy,Sugarcane,Kharif,Vegetative,Drip,26.14688682,21.14937698,55.29085137,10.58916506,22.7893285,6.424250581,117.4328869,1.671815709,162.5122503,7.246560443,1
1096,East,Peaty,Potato,Kharif,Vegetative,Furrow,22.35696224,37.25986173,43.58881792,19.51114638,0.249844371,7.20783175,26.19235236,138.5710321,189.12406,6.323449599,1
1097,South,Peaty,Potato,Rabi,Vegetative,Flood,25.43403463,16.5683731,72.51406706,3.403815814,19.5626409,6.539133463,137.0811626,43.52939663,182.7212095,6.115842635,1
1098,North,Peaty,Maize,Rabi,Maturity,Furrow,23.05067835,40.57627935,81.97018624,2.476735637,1.438169593,8.271861983,52.73283946,66.62821664,97.91434518,11.29409114,1
1099,Central,Chalky,Cotton,Rabi,Seedling,Drip,64.57091315,20.94589159,74.85088214,3.192707213,11.95555287,6.094636368,86.3029506,57.20592542,106.7774884,8.96028121,0
1100,West,Loamy,Soybean,Kharif,Fruiting,Furrow,34.50876814,41.23194095,94.19999651,9.577667242,15.94682083,5.419185821,10.89530665,105.9162556,108.4666156,2.592960102,1
1101,North,Loamy,Tomato,Kharif,Fruiting,Furrow,14.04898736,25.57587724,40.44107359,5.184789347,17.16898168,5.806535441,48.25285846,44.94490788,178.0866918,5.806671869,1
1102,West,Loamy,Wheat,Zaid,Vegetative,Flood,77.83718411,36.68050723,85.62421213,0.229028068,1.46198159,7.911100817,112.329554,77.64066798,172.1875989,4.172094315,0
1103,West,Sandy,Cotton,Kharif,Vegetative,Drip,71.86501195,24.57675893,77.49669989,3.906285736,10.46509043,6.491754254,66.80918887,144.3594284,63.86416835,11.85555524,0
1104,North,Chalky,Sugarcane,Zaid,Vegetative,Sprinkler,74.94265982,42.17735014,47.16340682,0.087257593,14.59593151,5.917009214,126.6444877,64.38921494,33.38418633,5.569352769,0
1105,West,Peaty,Soybean,Zaid,Vegetative,Sprinkler,79.64354759,18.79911377,75.05934077,7.537461954,1.651138433,6.677040087,80.51938175,79.9343734,77.68978511,1.746571133,0
1106,East,Clay,Rice,Kharif,Vegetative,Sprinkler,22.17266745,20.35559368,27.80569673,1.989808696,3.377363915,5.032918829,130.0001074,72.86656904,59.12330857,5.523332016,1
1107,Central,Chalky,Soybean,Rabi,Vegetative,Furrow,37.73694132,29.79090375,79.20001118,3.19336583,16.59122474,4.521437219,137.565387,116.4619929,194.9100486,4.534853087,1
1108,West,Clay,Onion,Kharif,Fruiting,Sprinkler,63.0766933,17.45815317,59.92479519,8.014250944,13.04095491,5.622338735,63.54523833,38.69174983,54.51271428,7.595409118,0
1109,Central,Loamy,Groundnut,Zaid,Vegetative,Drip,58.72144326,20.87940554,41.92176295,0.237810883,4.045716532,6.920022879,79.12192016,24.71351234,37.14736975,3.486859928,0
1110,South,Peaty,Potato,Rabi,Seedling,Sprinkler,20.77271344,43.31299147,69.18329763,0.863093128,13.38098342,7.346723079,116.8888901,109.3435079,184.3932078,1.395710147,1
1111,West,Peaty,Tomato,Kharif,Flowering,Flood,67.10831875,44.29468983,68.1214999,2.53716008,22.81730934,7.806443865,31.01462078,60.26463702,17.72811389,2.054684127,0
1112,South,Loamy,Maize,Rabi,Maturity,Furrow,25.71084003,26.28777988,35.7114667,1.306337893,0.389689619,8.206654238,120.6281403,132.4902713,53.35454054,4.114623485,1
1113,Central,Sandy,Sugarcane,Zaid,Maturity,Flood,25.66723304,42.69858063,22.27980611,2.061704152,16.06584434,6.148449388,82.86881965,93.40309644,90.01779477,4.831548947,1
1114,North,Clay,Rice,Kharif,Fruiting,Sprinkler,47.5882096,31.34474027,52.52169402,31.53015841,1.841260865,7.462067198,101.570019,81.8297512,121.9970125,10.17895594,0
1115,Central,Clay,Potato,Rabi,Maturity,Flood,51.50579544,23.09227398,62.7133902,8.726701642,0.161236074,4.798691721,11.17956317,10.21627295,67.17294376,3.970766524,0
1116,East,Silt,Onion,Zaid,Vegetative,Furrow,,36.07196163,85.74539588,10.76659512,3.766362217,4.730119995,107.2662757,105.9097262,101.7279694,1.346423588,0
1117,East,Loamy,Groundnut,Kharif,Seedling,Drip,16.40407862,34.7670542,89.61625967,13.82744064,10.5726658,4.999191968,43.51016664,99.475853,40.76039322,9.588068315,1
1118,Central,Clay,Maize,Kharif,Fruiting,Drip,71.42226038,44.67375957,59.66039136,2.084672254,20.05859997,6.294276391,112.7325188,92.81042905,117.7261946,10.55809327,0
1119,Central,Clay,Soybean,Rabi,Fruiting,Drip,28.59200298,22.95141862,76.53526128,1.762539319,7.044637415,5.345125754,71.28135536,38.84688092,83.6024457,6.415368611,1
1120,South,Sandy,Onion,Rabi,Seedling,Drip,19.06604449,35.16178508,52.94774542,1.333273478,15.64183031,5.647699768,38.44600687,137.2772016,174.0982359,4.134199538,1
1121,South,Chalky,Rice,Rabi,Vegetative,Furrow,72.21236559,16.56071265,75.95616174,8.86322396,10.27891595,7.091520694,133.3863576,46.63999342,85.22549734,9.493538681,0
1122,West,Loamy,Maize,Kharif,Fruiting,Drip,76.89560488,18.40938116,35.36011437,5.690174163,5.858294799,5.934088715,107.1087357,22.07348873,90.98216067,1.097882474,0
1123,South,Loamy,Rice,Rabi,Seedling,Furrow,70.34893321,15.11755125,47.82985511,1.347063116,12.85617786,6.729486231,137.9960503,143.1441675,121.3958728,11.16431052,0
1124,North,Chalky,Groundnut,Rabi,Vegetative,Sprinkler,66.66612523,44.98382043,67.56709991,2.365994276,19.93661226,6.149615027,51.02578578,108.2057105,25.24985084,10.52084809,0
1125,North,Chalky,Maize,Rabi,Seedling,Furrow,55.86693864,39.06821091,21.36184742,3.533308092,20.81230925,5.175877022,90.8907487,60.14409794,32.14301122,6.99316531,0
1126,South,Chalky,Sugarcane,Kharif,Vegetative,Furrow,48.56001594,38.60169044,74.18459828,3.755365345,21.1629883,4.796079961,85.6224149,135.7078825,161.9987382,4.053393067,1
1127,Central,Clay,Sugarcane,Kharif,Maturity,Sprinkler,16.08907319,30.29178226,82.6651626,10.97887593,8.463945314,5.444925981,96.25794375,13.21201928,56.05084972,1.36129371,1
1128,Central,Clay,Potato,Zaid,Seedling,Flood,38.59172491,24.00201249,49.93562458,2.394746679,19.83640162,4.730801878,5.364319246,12.71087638,140.3628704,11.99806125,1
1129,North,Peaty,Rice,Kharif,Vegetative,Drip,36.08819619,19.53792853,53.59568129,11.95839485,5.304461378,6.97444784,40.84070534,98.9553977,19.97252885,9.382810953,0
1130,Central,Silt,Maize,Kharif,Flowering,Furrow,28.18276486,23.54024217,83.84616592,2.91131777,18.46062753,7.682870406,127.3072603,25.80594701,168.4785654,4.725808634,1
1131,East,Chalky,Cotton,Rabi,Maturity,Sprinkler,60.63940796,26.27913666,78.17409765,6.859446565,23.70961066,5.858963073,59.33480768,132.9852297,202.5867627,1.211991688,0
1132,Central,Clay,Cotton,Rabi,Fruiting,Flood,44.71130146,37.68930291,41.61121168,13.31449898,0.343595867,6.048444221,134.4901151,121.8520803,76.60664377,8.032209013,1
1133,North,Loamy,Tomato,Kharif,Seedling,Furrow,15.67323511,31.18985367,44.29820799,11.90682695,11.00909828,7.764764251,29.89044417,44.42324749,103.6336709,11.85594406,1
1134,West,Peaty,Tomato,Kharif,Vegetative,Sprinkler,25.41282414,17.3245088,70.91586743,0.29319508,16.19427471,5.390451649,139.6393563,128.8817394,90.75595587,8.777799795,1
1135,South,Sandy,Cotton,Rabi,Fruiting,Drip,57.82811346,15.54087027,62.23985693,1.151497313,17.54439426,4.976641061,97.66132725,6.218714616,183.3084885,1.920858494,0
1136,South,Loamy,Onion,Rabi,Fruiting,Drip,15.32916016,18.06996539,32.16721783,3.239965003,4.402193957,6.504472469,108.6950794,79.55248865,2.036477728,5.425062094,1
1137,West,Peaty,Potato,Rabi,Fruiting,Flood,69.58448398,27.31496141,43.24474319,2.824247336,24.30458188,7.084760678,55.56056411,135.6566022,133.9591608,2.20101809,0
1138,East,Chalky,Potato,Zaid,Fruiting,Sprinkler,,42.99578751,87.49874577,5.120655834,15.3816342,6.8986177,126.981137,124.0305319,133.7354959,11.03376605,0
1139,East,Loamy,Maize,Rabi,Vegetative,Flood,43.64106041,34.12207444,71.61308275,14.47573026,4.108515031,7.355492181,76.36480613,51.63063195,78.3889267,4.63455918,0
1140,West,Chalky,Potato,Zaid,Vegetative,Flood,51.46854493,39.054777,93.94807383,0.596196979,0.513062793,4.727004729,95.33137323,26.51621311,44.96339663,9.067141823,1
1141,Central,Loamy,Tomato,Kharif,Flowering,Drip,67.72766761,28.99123784,77.52593975,3.006110575,19.58160497,6.212806451,13.27315799,30.52838532,49.13494969,1.931593938,0
1142,North,Loamy,Cotton,Rabi,Flowering,Drip,34.34664455,25.8499825,90.64808241,1.068510301,1.992618486,5.454282096,88.43529813,74.60364232,164.0951448,2.412561654,1
1143,East,Clay,Onion,Zaid,Vegetative,Furrow,57.46113068,18.25201118,36.21414304,11.2266589,3.526273027,7.536485038,123.0710584,86.53207686,13.55113476,8.474364283,0
1144,East,Clay,Sugarcane,Rabi,Vegetative,Flood,49.60123748,41.27799067,77.86136561,16.70241946,14.37075067,7.990921936,24.95965195,4.75807591,115.58395,10.27827943,0
1145,West,Silt,Wheat,Rabi,Flowering,Drip,28.69197891,38.49480087,21.51631401,3.257164068,15.08763759,5.625342963,103.2816308,59.96497609,62.90232361,3.21594952,1
1146,West,Sandy,Groundnut,Kharif,Vegetative,Furrow,71.50409904,20.04354293,70.30700163,0.549131795,17.17217796,4.880872316,3.556106259,120.4061318,54.37580156,5.601709706,0
1147,East,Sandy,Wheat,Zaid,Seedling,Drip,65.81982151,30.36781692,55.19617086,7.692443669,9.837850317,5.513711848,129.6684223,64.42769778,103.6762214,7.813587382,0
1148,Central,Clay,Rice,Zaid,Seedling,Sprinkler,56.09162843,29.62124424,46.00700539,5.972445428,19.34746672,4.916033956,137.6083962,24.53043169,184.0616088,9.759039732,0
1149,South,Loamy,Onion,Rabi,Seedling,Flood,69.54072104,33.75274658,84.68032642,2.18997373,24.35896499,5.789688664,49.58520935,138.4547425,126.7088434,7.910162714,0
1150,South,Loamy,Sugarcane,Kharif,Seedling,Drip,70.71059407,43.38560682,84.07007695,10.91989971,6.777373577,6.652794313,14.99033896,38.60995329,161.6651787,2.049685127,0
1151,South,Chalky,Tomato,Kharif,Fruiting,Furrow,59.58540837,32.39314325,21.67262787,18.61360637,17.57571541,8.394723818,92.20069154,115.7720985,123.1401747,6.971012612,0
1152,South,Peaty,Cotton,Kharif,Seedling,Furrow,68.59093299,31.206518,65.71288418,4.080573967,23.21171631,6.097481017,4.176831981,28.10015412,143.0317349,10.7306735,0
1153,East,Chalky,Rice,Rabi,Flowering,Furrow,58.82300232,16.50968799,47.58741682,4.170420045,17.15716907,5.380159695,67.54807938,61.36004574,88.643568,10.54826093,0
1154,East,Chalky,Cotton,Kharif,Fruiting,Drip,57.60985402,16.88722428,51.17457511,1.765645512,17.02773747,5.167206961,38.04908452,71.11126827,189.8262352,7.435171685,0
1155,South,Peaty,Potato,Kharif,Flowering,Drip,53.30279648,20.62040374,82.40305544,4.391435959,5.594314227,5.192159065,66.26746755,72.59211791,102.8974992,11.95265827,0
1156,South,Peaty,Tomato,Kharif,Maturity,Drip,62.69016477,15.97412315,43.23798286,2.895899929,13.37825501,5.270390733,2.558572063,74.88871087,113.1138072,2.156360946,0
1157,Central,Chalky,Potato,Zaid,Maturity,Drip,21.10235737,37.30058687,90.7286608,1.799049456,14.06307109,-5,7.22570563,32.6173934,107.6179282,6.264548931,1
1158,Central,Sandy,Groundnut,Kharif,Vegetative,Drip,71.66095314,36.69990912,33.47253698,0.347742968,17.50323906,4.744110846,2.236616038,74.80775068,64.81874913,9.526360033,0
1159,Central,Sandy,Soybean,Kharif,Fruiting,Furrow,71.02904694,19.08168703,69.70418175,1.456495428,24.92053625,8.489610828,86.67846181,69.84834931,47.4038793,2.551419299,0
1160,North,Peaty,Soybean,Rabi,Seedling,Flood,12.04730981,40.08236702,70.40788003,1.102327264,0.841095564,6.590745565,78.41300847,30.26432708,15.13616764,11.70024738,1
1161,Central,Peaty,Rice,Zaid,Maturity,Sprinkler,67.80717254,19.64358105,38.91463711,3.904888842,1.630816532,6.677087577,32.6421198,143.2877761,147.2258713,4.894511997,0
1162,Central,Peaty,Maize,Kharif,Fruiting,Furrow,19.02089072,24.03526761,44.35629567,4.602372631,1.948751736,5.930255515,90.53003805,125.506692,59.30142895,4.851537294,1
1163,East,Sandy,Wheat,Kharif,Seedling,Sprinkler,33.4583198,22.46930697,82.60988694,4.689764921,18.57447836,7.261021438,123.789016,128.6985709,79.78558246,3.345137313,1
1164,South,Clay,Groundnut,Zaid,Maturity,Flood,62.04557794,26.16921296,77.13539412,2.456593968,3.408844878,6.385825364,38.82509414,99.40780231,188.5852734,4.168192105,0
1165,Central,Chalky,Onion,Zaid,Vegetative,Drip,21.25319272,22.63991298,44.68219102,2.734248284,15.56129686,5.81624514,116.4791331,23.18506945,116.1217066,7.353477901,1
1166,Central,Chalky,Soybean,Kharif,Flowering,Drip,67.25769169,29.66852779,60.04674102,8.986024231,8.116721947,5.560553615,92.75127904,82.37334927,19.9010031,5.72289718,0
1167,Central,Chalky,Maize,Zaid,Vegetative,Flood,68.24939246,27.22223644,24.62602222,3.23353997,11.43299891,8.202604828,4.734862044,119.1087466,163.9204421,3.127159962,0
1168,East,Chalky,Cotton,Kharif,Maturity,Furrow,45.52274136,44.59708472,35.65594118,22.02067911,5.391578995,5.66395806,52.52098542,5.61679086,52.50677282,9.900539343,1
1169,North,Loamy,Rice,Zaid,Flowering,Drip,10.44701102,16.6777905,56.43654191,2.895676055,21.65266403,6.245573038,71.08601022,71.89724998,113.3046977,1.684632378,1
1170,West,Chalky,Cotton,Kharif,Maturity,Sprinkler,30.09266932,19.26544129,26.44803015,5.243127698,14.6537581,5.901365608,102.4378866,57.4378176,104.5462023,10.18118019,1
1171,South,Chalky,Wheat,Zaid,Maturity,Sprinkler,53.18488429,16.58477682,83.24992662,0.258377358,23.61408159,4.84471531,40.19827816,30.7580858,48.80616268,4.024325971,0
1172,East,Clay,Sugarcane,Kharif,Seedling,Flood,78.68303246,33.77523585,73.85046576,5.297052942,14.36490624,5.243737578,137.5822147,54.84625055,23.73306213,6.454936664,0
1173,East,Sandy,Potato,Zaid,Fruiting,Drip,54.22694689,16.63527832,90.7725253,9.533373915,3.097700765,5.258007901,95.83556367,142.6071391,43.30862933,5.191709924,0
1174,East,Sandy,Potato,Zaid,Flowering,Drip,28.18625067,40.09319212,72.01001795,14.27618678,4.271760846,7.274598058,52.1939148,104.8702823,19.95424891,7.276623247,1
1175,Central,Peaty,Rice,Kharif,Vegetative,Drip,54.38039922,30.35815892,90.53010292,29.61083367,24.72684941,6.12634164,13.58350547,43.4328766,56.50374389,9.755889947,0
1176,East,Clay,Soybean,Rabi,Flowering,Drip,47.79897658,30.81022874,61.58844168,1.657672755,18.13912993,7.627870252,25.39148644,87.77648246,204.4459897,11.88251773,1
1177,West,Sandy,Wheat,Zaid,Fruiting,Sprinkler,,31.84783523,65.01639583,4.282686151,1.231968751,7.335803697,68.26508641,35.76515484,82.42891437,4.366650602,0
1178,East,Silt,Rice,Kharif,Fruiting,Sprinkler,17.48864472,20.12441119,93.2728291,2.995716409,17.59452513,5.268199066,69.25734969,88.57236681,177.0971202,7.091848536,1
1179,North,Clay,Potato,Rabi,Fruiting,Drip,63.27195318,20.93070909,68.15968601,4.148472503,10.30432617,6.75166768,107.4806271,129.94417,112.5814269,6.126083037,0
1180,South,Clay,Wheat,Rabi,Seedling,Flood,47.88866051,24.56451969,22.30899266,0.856628906,7.680209671,7.471635384,101.6647276,80.74713599,136.6495313,11.98820975,0
1181,Central,Sandy,Soybean,Kharif,Maturity,Flood,77.40944027,32.80489247,74.28520825,9.694906089,3.851519843,7.032171694,28.17822539,106.3342964,32.0513338,9.898049935,0
1182,South,Loamy,Soybean,Zaid,Vegetative,Sprinkler,33.93105162,21.30353328,87.91015191,12.01583762,20.99759886,6.900066032,83.29392688,65.73415481,56.33520282,5.367922444,1
1183,South,Sandy,Maize,Kharif,Vegetative,Flood,54.28353252,18.48995181,79.66851873,2.98611016,1.596034475,7.45844355,2.887052104,75.99796806,104.6409017,6.245669612,0
1184,East,Clay,Soybean,Zaid,Vegetative,Sprinkler,75.24196739,44.10350659,63.78749545,1.645506376,7.245886559,4.727122957,55.79663591,100.7858864,180.634404,3.705522539,0
1185,East,Silt,Cotton,Rabi,Flowering,Sprinkler,17.17568096,15.65945444,70.34776348,0.758962308,7.659572346,7.425687789,106.9747337,117.7987257,8.792047356,9.307720517,1
1186,Central,Clay,Tomato,Zaid,Seedling,Furrow,,39.08092216,94.26438419,5.756345584,4.022632099,5.590621053,55.93120306,95.62045105,103.9185917,10.29732965,0
1187,Central,Sandy,Cotton,Kharif,Seedling,Flood,58.15200056,38.64105449,26.79965664,1.87151737,12.70462208,6.787489018,116.9834736,141.7363391,10.45750356,11.61485506,0
1188,South,Chalky,Groundnut,Kharif,Vegetative,Furrow,14.74859414,23.91642342,70.04336215,12.01415853,0.29256567,5.469219979,136.6617406,118.8742752,93.64864867,7.224117865,1
1189,Central,Peaty,Onion,Rabi,Vegetative,Furrow,31.06744969,19.06879848,41.25482709,5.558677232,7.524387885,7.855270289,85.00976438,112.6882297,128.9179727,8.377513025,1
1190,East,Loamy,Wheat,Kharif,Fruiting,Drip,59.57204621,19.3688594,68.00677974,5.187849244,23.3407361,6.422237417,20.30057069,122.539729,152.6682542,5.906647148,0
1191,West,Clay,Soybean,Zaid,Flowering,Drip,14.7145421,35.92294852,65.57176819,4.098113235,7.763239234,7.071764848,53.15480911,40.77558564,28.39906108,7.700413614,1
1192,East,Silt,Onion,Kharif,Fruiting,Sprinkler,50.75193221,34.28419773,31.50926241,0.23428595,9.011484678,7.676328174,1.32766971,62.64683732,34.14793311,4.836239333,0
1193,South,Silt,Sugarcane,Kharif,Maturity,Furrow,34.21181399,38.48237023,35.50599843,13.43553786,11.82912621,8.08126102,84.38162934,81.84712317,96.36330895,9.114580282,1
1194,East,Silt,Rice,Kharif,Fruiting,Drip,53.46408624,43.12443517,66.62221835,4.94346705,14.04233437,7.428248388,115.0195901,67.04601617,204.5974739,1.249704023,1
1195,North,Loamy,Sugarcane,Zaid,Maturity,Sprinkler,13.20194237,35.7578209,29.61724605,25.63190052,20.21771612,5.095074305,88.19161105,122.8813836,72.98960131,1.313025347,1
1196,West,Chalky,Soybean,Zaid,Maturity,Furrow,71.00757643,19.6755461,39.88856563,3.85399147,4.758030579,7.918129478,110.0520721,3.924935063,87.64312261,8.877329792,0
1197,West,Clay,Wheat,Rabi,Fruiting,Furrow,78.14422784,,82.64341608,6.191284075,21.79365943,6.974311663,111.9865498,30.3304355,88.65158228,11.23751083,0
1198,East,Peaty,Groundnut,Zaid,Vegetative,Drip,77.82144987,40.26581193,44.53186295,0.289255634,18.93873393,6.937799034,119.1417607,127.8474484,16.54366838,7.954738279,0
1199,Central,Sandy,Rice,Kharif,Fruiting,Sprinkler,62.47562822,21.27918228,56.60451172,4.994778434,18.06625837,8.185362239,37.33292962,8.569519963,158.7052898,8.991811289,0
1200,South,Chalky,Rice,Kharif,Maturity,Furrow,19.10603681,17.17566951,90.58552514,7.233399304,2.170114343,5.495326223,121.9775932,32.91330402,51.88581251,10.0632772,1
1201,Central,Clay,Rice,Zaid,Seedling,Furrow,63.07842372,36.09840162,37.03618166,7.536986141,0.541017249,5.458350474,91.57315978,50.9312979,144.2517467,4.978416909,0
1202,East,Clay,Wheat,Zaid,Maturity,Flood,11.72108415,27.07579066,49.2219513,7.350807662,14.85031752,6.552774219,40.56157792,108.8573813,97.39342516,2.189250233,1
1203,South,Peaty,Rice,Rabi,Flowering,Drip,11.54864861,42.60120158,65.48433317,1.282743118,21.57834906,7.503452266,138.2212601,81.22620094,125.4148472,11.26401516,1
1204,West,Loamy,Groundnut,Zaid,Seedling,Furrow,32.65271534,34.50765213,76.65041971,18.52473476,14.6110366,6.288962833,133.0255351,138.4176819,11.06418548,11.32427622,1
1205,South,Sandy,Sugarcane,Rabi,Fruiting,Furrow,44.20502333,17.71256933,87.624004,26.67710706,5.330871636,7.03556556,80.42173765,33.04187719,182.4429653,5.860246111,0
1206,North,Sandy,Groundnut,Rabi,Maturity,Sprinkler,63.92851925,43.43569702,88.66047407,0.393029692,2.262997449,6.310098897,118.049173,126.4574587,49.99063773,3.388866227,0
1207,East,Sandy,Sugarcane,Zaid,Seedling,Furrow,57.83067636,22.75671791,78.24800558,13.77935997,17.48991132,6.941548722,36.60922842,41.02245601,137.3695544,10.81589821,0
1208,East,Chalky,Tomato,Rabi,Vegetative,Furrow,41.21318945,25.11637471,37.12481274,1.708574135,18.04425693,7.78904921,58.24517953,35.59724757,163.593918,8.792693668,1
1209,Central,Clay,Onion,Rabi,Fruiting,Flood,29.15386664,27.06781241,21.86069975,5.844381152,4.313292517,5.221906784,25.7560465,72.26440372,110.707937,1.090511856,1
1210,North,Peaty,Tomato,Kharif,Maturity,Flood,79.79871501,16.53672889,48.78304478,2.063286455,0.704757887,7.281514136,72.81436997,10.32465326,69.15347453,2.184916716,0
1211,Central,Peaty,Potato,Kharif,Flowering,Flood,39.83269116,29.89546267,30.61616382,17.17185651,10.20708783,7.649702957,69.44020021,55.72451688,200.4701918,11.81519607,1
1212,North,Loamy,Maize,Kharif,Vegetative,Flood,41.5970917,18.69955473,73.27907356,0.535164335,14.56796755,6.28844563,29.79385163,51.57301538,57.08014122,1.419409967,0
1213,West,Peaty,Wheat,Zaid,Flowering,Furrow,21.45366748,27.0291098,69.58479401,3.443254689,17.65006024,5.792934308,94.19223712,23.21472558,194.4757791,4.108105114,1
1214,South,Peaty,Groundnut,Kharif,Seedling,Drip,65.63666841,25.52129364,23.29787312,2.793499217,20.24862523,4.554177296,16.49064137,124.8152526,32.02594741,7.033459792,0
1215,West,Sandy,Groundnut,Rabi,Flowering,Furrow,58.5577558,38.1852025,82.74453343,1.972799822,15.26343568,7.688420089,8.63680315,55.95399834,79.79053696,3.027911778,0
1216,South,Loamy,Maize,Kharif,Maturity,Drip,25.4538729,39.09511535,38.65574497,5.185714108,2.772015215,5.811754636,53.88669561,142.378426,28.39159475,3.55259495,1
1217,Central,Peaty,Wheat,Kharif,Maturity,Drip,15.76667319,19.60238647,52.41703066,0.702381512,17.0645418,5.929237878,57.37546889,130.4576526,0.45929698,4.882642352,1
1218,North,Peaty,Onion,Zaid,Flowering,Furrow,57.63495115,25.99653562,70.09503016,6.305581117,24.60441607,5.844024652,44.76368491,28.24755144,53.35300078,3.965096952,0
1219,South,Peaty,Wheat,Zaid,Seedling,Furrow,55.815785,26.20059483,52.20640901,19.71038153,22.63961461,6.494957323,36.11252926,73.24271499,17.87813219,9.836918507,0
1220,West,Peaty,Maize,Zaid,Maturity,Furrow,29.12816689,19.54231332,53.09658521,8.162476372,21.79172273,7.309998293,47.4286883,87.26160006,202.2008322,6.503019207,1
1221,East,Sandy,Tomato,Zaid,Maturity,Drip,76.56044936,38.95360515,24.92209965,9.831162636,7.554253834,7.587452524,22.87258035,118.7492729,156.1389302,4.064821623,0
1222,East,Clay,Tomato,Kharif,Flowering,Sprinkler,20.57405242,36.21684985,50.10826619,2.228598374,18.76970441,6.070282882,56.48334568,128.4181987,0.759483246,4.444056368,1
1223,East,Chalky,Rice,Rabi,Flowering,Flood,40.26343607,20.71145359,77.36359199,1.964373059,21.27758615,7.15240814,126.6444723,90.48261307,45.84754989,1.438514555,0
1224,Central,Loamy,Potato,Rabi,Seedling,Sprinkler,76.05311441,26.00165726,88.63822529,3.639193718,16.95815512,7.382737001,31.41976337,5.094459456,137.3754695,1.543312838,0
1225,West,Clay,Sugarcane,Kharif,Vegetative,Sprinkler,39.38091218,18.17415075,51.01228528,0.234025406,6.264043914,5.687669327,95.82315461,69.78508518,81.7031832,8.89698323,0
1226,South,Chalky,Sugarcane,Rabi,Fruiting,Drip,54.69681634,33.84619791,51.76893702,14.53477461,23.8458493,4.886485878,19.84983146,128.2965127,170.5277254,2.242019208,0
1227,West,Sandy,Wheat,Rabi,Fruiting,Flood,37.83160786,18.64115774,72.69703297,0.776169841,11.27048529,8.078662883,49.54692736,103.5429924,103.4964596,6.233764521,1
1228,West,Clay,Sugarcane,Kharif,Fruiting,Flood,29.19506416,44.57802506,90.70790008,11.66589367,3.245138967,7.208463887,44.96446928,126.1705815,133.998541,10.26602207,1
1229,Central,Chalky,Soybean,Zaid,Flowering,Flood,78.87843536,38.42046224,40.02957052,0.436414644,2.744447376,7.092441636,131.1841152,97.74156951,122.3926665,5.052988563,0
1230,South,Peaty,Groundnut,Kharif,Maturity,Furrow,38.65338044,26.70715649,53.01081549,8.647443679,16.18797468,4.735610061,59.91748781,6.385076423,130.8246246,4.803274497,1
1231,South,Loamy,Rice,Zaid,Maturity,Furrow,72.58694426,32.35691797,79.69799327,0.824152265,10.94274116,7.77149223,96.66523213,140.3609651,47.17026503,10.60353103,0
1232,West,Peaty,Maize,Rabi,Vegetative,Sprinkler,26.09682241,42.34025449,65.7270177,0.194388253,2.362096879,6.764216624,84.34479326,133.1126884,76.52433504,10.51335436,1
1233,West,Loamy,Cotton,Zaid,Maturity,Drip,24.91732928,31.62297841,28.2939758,6.355719721,18.5091143,7.891537669,19.74421054,18.35403329,10.37899684,10.68150482,1
1234,East,Clay,Groundnut,Zaid,Flowering,Furrow,12.1793858,20.23495459,67.07995517,-999,19.98312918,8.398244735,131.5356631,16.34021919,120.4654855,7.291053561,1
1235,West,Peaty,Tomato,Rabi,Seedling,Furrow,55.61667778,26.36110067,34.00597134,-999,18.13539077,8.328401284,48.42170086,78.16638257,94.14798473,11.47534701,0
1236,North,Sandy,Sugarcane,Zaid,Seedling,Sprinkler,35.79684406,40.29434595,58.26619506,4.049362946,5.056521942,7.924357386,6.26616981,109.772371,155.9468105,10.00860343,1
1237,East,Peaty,Groundnut,Rabi,Fruiting,Furrow,70.50507749,34.32639048,59.68274507,0.575973511,17.2443864,4.543789495,42.06211896,55.41511573,42.30840525,5.571978696,0
1238,North,Silt,Wheat,Rabi,Fruiting,Drip,43.12469347,34.52173153,85.71525217,13.45081124,0.268070072,8.042908833,46.98872162,19.77541371,89.54648379,7.925106561,1
1239,West,Sandy,Tomato,Kharif,Seedling,Sprinkler,77.77353995,41.00464457,54.68707055,3.01026734,7.627803492,4.800249255,12.98434583,74.03063432,37.05281378,2.33967991,0
1240,West,Loamy,Wheat,Kharif,Fruiting,Drip,22.9867861,41.81919172,,6.629709405,9.970538285,7.904775881,86.79683689,48.94708975,125.8657412,7.064654045,1
1241,Central,Silt,Maize,Kharif,Fruiting,Flood,70.80362176,42.59377715,37.32247612,3.475952053,20.88117372,5.620696274,48.54698878,51.00693355,173.8462026,3.894639919,0
1242,West,Peaty,Maize,Rabi,Vegetative,Sprinkler,64.3617797,17.8454758,85.56889075,4.636271501,9.759859327,6.940273354,88.07884489,93.52290284,156.9158659,4.119019492,0
1243,Central,Peaty,Soybean,Zaid,Seedling,Drip,63.96452913,31.32378006,32.82581408,1.803225447,0.281736155,4.652272925,0.943678902,128.4131744,193.5605844,2.382900562,0
1244,Central,Peaty,Onion,Zaid,Vegetative,Flood,69.13482597,37.21528564,51.94014207,1.117970164,8.808660296,7.584726784,137.4867759,80.99580097,199.2037853,4.940191459,0
1245,South,Peaty,Soybean,Kharif,Fruiting,Furrow,63.27167937,37.70780535,34.03798362,3.910659281,12.47310246,4.946824489,23.8722902,99.70236407,158.2669429,6.295293633,0
1246,Central,Chalky,Rice,Kharif,Maturity,Flood,53.83542251,33.20148606,77.99780301,2.901047974,23.72511967,6.142752687,92.30633814,95.69231377,58.7952475,7.603898853,0
1247,South,Silt,Onion,Kharif,Fruiting,Drip,19.18714144,20.00362006,55.577948,2.472409674,23.52585759,7.769784009,100.2098025,79.91619792,44.94858233,4.353562699,1
1248,South,Sandy,Wheat,Rabi,Fruiting,Furrow,12.27683256,38.92261662,46.33577679,5.582362104,4.521850956,7.281395986,24.02516896,45.05993111,91.74755208,9.714730577,1
1249,East,Chalky,Sugarcane,Rabi,Vegetative,Flood,74.45934935,36.60334001,47.08247305,5.864093076,4.628663543,4.524170787,15.63971949,54.78015681,203.7461574,6.730559578,0
1250,South,Silt,Potato,Kharif,Flowering,Flood,53.16552202,17.58407315,83.9160655,0.235039062,4.084536412,6.112129338,21.36080686,45.77705078,84.59694427,8.018573199,0
1251,East,Sandy,Soybean,Rabi,Flowering,Sprinkler,65.75761037,28.91429474,61.53304657,2.068074848,19.72304831,-5,34.55455582,133.037224,40.80902417,4.059579699,0
1252,East,Clay,Soybean,Kharif,Maturity,Furrow,43.70656461,20.21932199,73.84008883,2.653139932,0.150551009,7.193999443,23.55249652,119.8597072,193.5902899,9.955494669,0
1253,East,Clay,Rice,Zaid,Fruiting,Sprinkler,18.21157323,25.12431137,87.27788872,0.509566549,3.179429955,8.375793967,94.35991977,84.00536906,79.11318541,7.867018956,1
1254,West,Sandy,Tomato,Rabi,Flowering,Drip,18.76300545,15.54243277,87.6306257,1.345288713,13.44899079,7.121045049,58.91664852,132.2753033,141.6342719,10.48583624,1
1255,Central,Sandy,Potato,Rabi,Maturity,Drip,57.98957011,27.00989605,44.63817908,0.265114985,6.189051672,5.397489724,75.29082323,128.5292605,161.5713606,2.759467368,0
1256,Central,Sandy,Sugarcane,Rabi,Fruiting,Drip,40.12141264,31.49630763,91.43384474,27.9194731,2.308911456,5.920932128,6.627150433,134.515688,172.8469599,5.187295936,0
1257,North,Clay,Onion,Rabi,Seedling,Flood,24.03673087,33.58747778,21.86569115,6.669595118,8.996950308,8.406602223,120.5748548,32.15720936,168.3624794,2.243178025,1
1258,North,Sandy,Maize,Zaid,Maturity,Furrow,44.41161827,34.90471035,48.26266708,-999,6.855190127,5.396209648,23.88001745,104.0379405,171.4306069,3.37080042,1
1259,West,Sandy,Onion,Zaid,Flowering,Drip,14.4946256,40.08873939,87.18491431,0.102286044,12.77760766,6.746116292,50.4213264,88.33755249,136.8689527,5.340022549,1
1260,South,Silt,Sugarcane,Rabi,Fruiting,Sprinkler,50.73799813,21.46388722,40.59776599,6.352126672,24.48083985,6.101815235,10.06622958,106.4054425,82.7853692,10.84040098,0
1261,North,Loamy,Sugarcane,Zaid,Maturity,Flood,28.82953831,18.61445467,,2.891884867,3.10761592,7.573261192,19.15103885,38.19000777,136.7938051,7.12744736,1
1262,North,Peaty,Rice,Kharif,Vegetative,Furrow,65.82913704,40.54611516,42.69667138,7.727545755,9.318167621,7.969557088,93.2119174,100.7473154,171.5305385,4.634161638,0
1263,East,Peaty,Potato,Zaid,Maturity,Sprinkler,,19.69838445,65.92350386,12.85075678,23.29962545,5.863349097,96.96218032,59.42513471,71.88170525,9.215890792,0
1264,North,Chalky,Onion,Kharif,Flowering,Sprinkler,41.86541044,44.24280244,52.87495817,4.572716161,21.92182609,7.141585455,94.77516785,120.9433105,60.78413801,1.216509768,1
1265,Central,Silt,Wheat,Rabi,Fruiting,Sprinkler,10.81343779,40.27614688,74.50511273,1.035787699,9.85677587,6.69619079,77.2991503,115.3280301,70.45997951,5.071014324,1
1266,East,Sandy,Sugarcane,Kharif,Seedling,Furrow,15.07128215,30.02629818,87.11829819,7.620753431,17.47383161,5.61377796,133.353033,30.64685357,113.0130962,7.609148663,1
1267,West,Loamy,Rice,Kharif,Seedling,Flood,37.47454895,44.44264275,70.56495312,15.59648104,2.19642534,5.587763211,71.00480251,26.65901508,10.75099434,7.415610342,1
1268,West,Silt,Groundnut,Zaid,Maturity,Drip,43.59571843,17.92130187,35.33500401,4.340257014,17.81352639,6.65452659,62.9176841,104.0710996,159.6890179,7.683136707,0
1269,West,Loamy,Groundnut,Rabi,Vegetative,Drip,52.00143837,24.09197284,89.95114268,5.728479344,24.32144324,5.116011494,34.6563792,79.81885974,28.46465148,3.326508413,0
1270,East,Clay,Sugarcane,Zaid,Seedling,Sprinkler,30.41638051,34.14673245,39.8369655,2.058482628,13.43720382,7.743239586,13.8389341,80.79485705,27.23192464,4.707870683,1
1271,North,Loamy,Onion,Zaid,Vegetative,Flood,58.64873203,25.50020605,31.24207215,2.402514326,12.46225568,-5,76.7416902,109.1147219,40.52012357,11.24721997,0
1272,North,Silt,Onion,Rabi,Maturity,Flood,70.2085678,42.85117656,,6.633612602,4.682965493,4.878297945,44.08462614,123.970765,118.2701242,11.71373084,0
1273,Central,Chalky,Wheat,Rabi,Fruiting,Sprinkler,64.58956922,16.96878265,62.25378055,13.13957507,15.84470497,5.868905236,73.36355365,34.64976559,58.54151704,4.432421865,0
1274,East,Peaty,Tomato,Zaid,Fruiting,Drip,12.77331777,31.48235496,28.53218469,4.957609578,14.76093202,4.972367033,28.85667096,80.55323428,75.45851744,8.089540737,1
1275,East,Clay,Maize,Zaid,Seedling,Flood,43.63548631,32.72598802,30.40819131,7.799618825,16.29832649,6.402800085,117.3441741,120.1984329,190.9880678,3.654264571,1
1276,Central,Loamy,Sugarcane,Kharif,Seedling,Drip,17.34511249,34.58184371,42.50228604,0.941507107,0.652082167,6.098703562,139.9576094,126.5551548,173.6764469,5.053815337,1
1277,North,Peaty,Soybean,Kharif,Seedling,Furrow,26.94315111,22.6699867,41.12397573,1.191026373,13.71808721,7.387239184,45.13649142,41.67436131,174.6990593,9.715681665,1
1278,North,Loamy,Soybean,Zaid,Seedling,Drip,79.06638153,25.93699283,65.31796327,3.796805515,14.87337109,8.312016621,117.925865,15.10230921,118.4165758,6.51296603,0
1279,South,Chalky,Tomato,Zaid,Maturity,Flood,19.974688,40.31041589,81.25589596,0.971287694,5.188253385,7.514234339,122.2180591,33.75937181,177.6255602,10.34548956,1
1280,South,Loamy,Rice,Zaid,Vegetative,Drip,44.92217074,20.84828307,77.10122422,5.039222096,5.208321437,5.217794652,139.4503304,137.0974295,159.6059942,7.916142702,0
1281,South,Sandy,Sugarcane,Zaid,Flowering,Flood,53.2709014,39.80603542,39.6863341,1.72410727,6.905454213,8.242085142,47.98081817,67.0595583,195.4135446,7.918133037,1
1282,South,Peaty,Groundnut,Zaid,Maturity,Sprinkler,59.17254794,31.87966269,38.39828735,7.839863472,17.79303979,6.06853373,105.8457951,60.69319963,13.19552303,1.37268031,0
1283,North,Chalky,Sugarcane,Rabi,Seedling,Furrow,49.17540784,37.86562534,92.43436476,8.254173971,15.15665159,6.396757444,32.03326051,1.897230566,5.889062399,9.246373952,1
1284,West,Clay,Tomato,Zaid,Seedling,Flood,10.68395932,36.40822099,20.61771812,3.116123294,21.14406615,6.186304949,87.47144018,7.397129024,35.88113785,11.75653181,1
1285,East,Clay,Wheat,Zaid,Seedling,Furrow,32.85229158,21.22534486,85.97903998,0.997200035,7.391464296,5.622188093,98.67795973,96.96090977,190.4623882,6.203314163,1
1286,South,Clay,Sugarcane,Kharif,Flowering,Furrow,46.23981504,32.06438209,34.97963893,5.203249606,22.8017015,8.080177151,103.756897,85.52492497,124.1408467,2.744380165,0
1287,West,Loamy,Cotton,Rabi,Vegetative,Drip,16.15065494,41.03169458,91.04632423,24.65936429,18.59265405,5.828955464,29.0041036,83.45160328,87.35306613,11.74675439,1
1288,South,Chalky,Maize,Kharif,Seedling,Drip,34.54388518,27.9634871,45.67304636,4.872127643,9.87529175,6.814385879,118.8215799,15.99681702,105.1057676,4.191384623,1
1289,Central,Peaty,Wheat,Zaid,Fruiting,Furrow,12.32421762,43.99772311,53.02638304,0.182151442,2.381551641,5.460134337,58.93606045,51.04886959,170.0689406,5.501177513,1
1290,South,Clay,Tomato,Zaid,Seedling,Drip,15.5004948,28.566453,73.03404605,0.087226317,6.424591562,7.689501499,30.29173248,117.7919301,190.4675491,1.851030555,1
1291,Central,Chalky,Cotton,Zaid,Flowering,Sprinkler,37.78462933,19.2835691,64.07517886,1.93097466,23.91920543,7.596794638,75.95435237,25.36212747,149.588261,2.219205523,0
1292,East,Clay,Onion,Zaid,Flowering,Sprinkler,19.29010278,26.6830404,43.84544973,1.089435745,7.759084397,5.685248554,120.8699981,127.9896514,155.7688058,3.382222376,1
1293,South,Chalky,Onion,Zaid,Flowering,Drip,49.72785938,43.55107219,61.53731869,8.384602673,8.247524004,7.226216293,135.3923074,17.61435355,65.67749905,7.033126716,1
1294,Central,Loamy,Cotton,Rabi,Flowering,Furrow,58.26254784,24.59162548,74.80301633,9.315385932,4.739723277,7.315494132,104.749095,24.52665287,95.74221503,7.135681221,0
1295,East,Silt,Cotton,Rabi,Maturity,Furrow,66.04106894,41.0429448,23.17512094,1.496201537,20.17126503,6.750045664,0.787204078,69.27374437,181.4680897,7.668682051,0
1296,South,Chalky,Potato,Rabi,Seedling,Sprinkler,24.0105171,41.43752045,20.83994789,1.969991349,6.891105756,6.902393529,18.85810647,137.0684861,161.1164926,7.421986527,1
1297,South,Clay,Groundnut,Rabi,Fruiting,Flood,21.72378076,25.50559573,54.35502043,1.347553991,8.256456209,6.797818553,10.6783581,47.78441333,140.2755383,6.447606814,1
1298,North,Peaty,Onion,Rabi,Maturity,Furrow,17.31974882,17.49772974,,11.95066747,10.35870271,4.827457616,14.16992402,95.44160907,13.37560136,9.823085201,1
1299,West,Clay,Maize,Kharif,Vegetative,Flood,54.55011747,36.73673727,69.82582186,3.492299688,10.84320699,7.181061379,53.62489384,85.35733212,8.098979988,11.27289667,0
1300,West,Loamy,Sugarcane,Kharif,Maturity,Drip,59.45330085,24.34536897,36.05393422,5.337560425,10.28351976,6.379100039,47.38906408,21.69528229,26.73424334,3.967374666,0
1301,East,Silt,Cotton,Rabi,Seedling,Furrow,12.21103014,38.48770843,52.46383301,2.684839257,12.59359238,6.253829122,15.91589738,35.9842007,119.1851753,2.432130505,1
1302,Central,Silt,Rice,Zaid,Maturity,Flood,75.53485724,28.27964545,34.82532027,4.984985502,20.36282199,7.939996875,123.5129492,134.872152,109.9593037,5.675960233,0
1303,West,Peaty,Cotton,Zaid,Flowering,Drip,13.63798986,29.55800227,61.13626893,2.437624179,20.48212602,4.592906854,86.15986069,26.80029543,193.2516194,1.290646126,1
1304,Central,Chalky,Groundnut,Zaid,Maturity,Furrow,47.89074347,38.3372822,28.70400945,2.075141735,19.95782834,5.505259672,111.5048633,100.776434,142.4257262,10.71650761,1
1305,Central,Silt,Sugarcane,Rabi,Flowering,Furrow,59.63423636,26.47089993,21.73301396,5.03217241,2.528120978,4.985613999,52.01691444,139.8807,60.26438656,3.636768863,0
1306,West,Chalky,Soybean,Rabi,Maturity,Sprinkler,70.96783866,28.29382036,23.83487286,4.470959573,19.99197008,4.641364178,57.43304228,17.32836887,33.10674023,7.042262927,0
1307,West,Clay,Soybean,Zaid,Vegetative,Drip,59.98608525,26.28571406,91.56938311,1.737358224,3.006294337,5.602707991,44.46696948,57.88138858,174.1543141,2.266044889,0
1308,Central,Chalky,Groundnut,Kharif,Seedling,Furrow,66.12096581,26.02021546,30.6714664,0.80876347,3.118094251,8.453905091,61.37972569,32.47016094,94.22294126,7.085830732,0
1309,Central,Sandy,Rice,Kharif,Seedling,Drip,33.76151348,30.77839731,73.13586899,2.298893958,23.69656929,5.580916693,85.45281673,32.12642002,133.961247,1.428927982,1
1310,South,Loamy,Soybean,Kharif,Maturity,Furrow,67.03775796,39.26398334,25.09446532,2.682406668,20.48494612,7.154823279,69.0177611,17.25294738,115.8544394,9.456873651,0
1311,South,Clay,Potato,Kharif,Flowering,Sprinkler,15.60803925,25.85304936,28.11202642,4.953513624,13.81026167,4.97319556,117.3083809,94.18492168,22.02855096,11.50963609,1
1312,Central,Chalky,Onion,Zaid,Vegetative,Sprinkler,72.63716592,30.72764162,58.16571886,12.29787688,21.87425511,-5,126.0194836,108.2198089,11.69696865,4.376736714,0
1313,West,Clay,Sugarcane,Kharif,Flowering,Flood,48.33146633,35.12181976,54.86531976,0.184278507,24.73411606,8.437925933,65.75573947,98.13511695,77.28872889,3.840360715,1
1314,South,Loamy,Groundnut,Rabi,Seedling,Drip,67.2108439,23.08318339,91.36852321,1.396328036,15.26605167,5.667350094,33.56471725,134.0751864,74.117811,5.927944687,0
1315,Central,Loamy,Maize,Rabi,Flowering,Drip,41.66227992,,90.86265898,-999,15.32246092,7.892302466,132.3269387,21.12342726,138.1286132,7.819710263,0
1316,Central,Clay,Cotton,Rabi,Vegetative,Flood,55.05043866,43.00239381,78.47064819,3.488732794,18.86067573,8.490285521,102.90541,46.37757914,129.6010839,3.078587082,0
1317,East,Silt,Cotton,Kharif,Vegetative,Furrow,46.84818627,36.7060372,65.15763726,2.80797078,5.803473809,6.854216355,89.61779205,49.96305741,198.6328903,9.83638797,1
1318,East,Peaty,Soybean,Rabi,Flowering,Furrow,61.21126652,32.31560029,54.1220238,6.528876505,4.178121538,5.737604402,104.3579227,33.65190506,175.9103981,3.183882947,0
1319,Central,Clay,Maize,Rabi,Fruiting,Drip,15.71409874,34.43160163,46.71339007,1.388103706,18.98951875,7.19412504,10.63744954,20.6197169,101.7994178,1.06021642,1
1320,Central,Sandy,Maize,Rabi,Vegetative,Sprinkler,14.22464588,15.87898329,91.03156602,4.513151876,8.622619875,7.879392825,9.467685869,70.57200401,102.5051973,6.766756419,1
1321,Central,Clay,Onion,Rabi,Vegetative,Drip,27.29722638,33.54308897,65.21816086,10.76467679,3.376758908,5.185400972,21.43689136,120.9937461,138.196492,2.266646823,1
1322,South,Chalky,Sugarcane,Zaid,Fruiting,Sprinkler,21.16812761,30.2852662,63.43043958,12.07752275,7.871943148,6.310063055,20.64313544,138.4082602,23.38856947,8.680625979,1
1323,North,Sandy,Wheat,Kharif,Seedling,Sprinkler,71.02484966,31.37249039,37.39258413,15.9447171,8.965921697,5.77675084,58.89386648,18.75439167,204.9775657,2.842169955,0
1324,South,Clay,Rice,Kharif,Maturity,Sprinkler,25.34497912,25.7827148,23.50233634,7.419781867,24.13069149,5.633435988,22.03657152,119.3577981,106.3556608,9.991184351,1
1325,Central,Clay,Wheat,Kharif,Maturity,Furrow,78.31056791,17.44421693,90.88914348,11.82165924,17.44899278,7.943285043,119.6335902,119.5642628,186.5304992,6.174049462,0
1326,South,Sandy,Potato,Zaid,Maturity,Sprinkler,33.58270542,20.80017701,43.53014441,1.336331969,13.27140793,6.186616027,80.93357033,56.40182763,198.3080486,7.229056951,1
1327,North,Peaty,Maize,Kharif,Maturity,Drip,22.7482541,43.5223414,53.19417675,1.100621471,24.22182847,5.856305367,51.55666549,15.9542955,119.2367617,3.052436818,1
1328,North,Sandy,Maize,Zaid,Seedling,Furrow,65.2788955,27.26098687,28.59799577,0.032546114,22.57849351,6.914042166,9.747155352,143.551161,21.18647274,2.613568853,0
1329,North,Peaty,Rice,Rabi,Fruiting,Furrow,56.10954429,29.00049467,82.76932474,6.135258038,12.80002142,5.377606319,82.74389143,95.06098943,117.5358907,7.944217132,0
1330,Central,Peaty,Wheat,Zaid,Vegetative,Furrow,44.87370015,16.5812937,22.07238746,13.86031933,22.64199088,5.419573962,16.31459488,142.4183758,122.5166996,3.810066769,0
1331,West,Sandy,Soybean,Kharif,Seedling,Flood,48.87544857,150,82.54930716,1.034723231,10.10761645,6.581154923,104.0508351,70.13004977,161.784593,5.245181251,1
1332,West,Chalky,Wheat,Zaid,Maturity,Sprinkler,60.34412448,36.51544341,30.52137596,5.065985086,5.760516634,6.137090915,112.3861335,57.30298499,9.886999734,6.273940693,0
1333,West,Loamy,Onion,Zaid,Flowering,Flood,25.99183189,31.14283992,86.49230845,6.861163639,5.816954421,5.679929536,76.15667611,35.84189402,95.59465027,3.525969661,1
1334,East,Sandy,Onion,Rabi,Maturity,Flood,79.74337412,30.26117953,74.7329478,13.12872808,16.55788811,4.715804529,20.94440028,142.6179403,189.167903,9.749661916,0
1335,West,Loamy,Tomato,Zaid,Seedling,Furrow,78.23552135,22.29373591,32.35026969,5.204456672,12.52675802,6.583096955,110.1607813,36.72230407,203.2163111,11.3336685,0
1336,Central,Chalky,Soybean,Zaid,Seedling,Sprinkler,55.52279804,37.34252195,62.43634946,17.58198618,16.47377118,7.766436822,43.0958905,3.445599652,39.23344915,5.750824783,0
1337,Central,Chalky,Wheat,Zaid,Vegetative,Furrow,23.96797157,20.04709737,43.44922358,2.113105732,17.15189911,7.905508821,31.17143999,74.30791997,178.4727935,11.09303223,1
1338,East,Chalky,Onion,Zaid,Flowering,Sprinkler,57.61597697,20.69804231,33.36748242,2.15336487,0.558071822,5.441759919,65.87792974,54.67232149,29.98136513,10.70951099,0
1339,Central,Chalky,Soybean,Kharif,Maturity,Flood,15.05388863,28.82136514,84.43866496,3.915496313,1.350989809,6.898564816,129.1704738,37.900463,172.4407591,2.826519516,1
1340,Central,Clay,Wheat,Rabi,Flowering,Furrow,12.14567515,23.58839586,50.26420749,2.418500038,13.31694316,7.923525238,41.63226089,92.01817689,56.84193413,2.907201404,1
1341,East,Loamy,Rice,Zaid,Fruiting,Furrow,28.0378022,22.42388944,49.89077858,0.007133728,4.775886944,6.134903713,126.7809901,52.81894916,196.7231795,6.251455676,1
1342,East,Silt,Sugarcane,Rabi,Fruiting,Flood,42.38360697,34.35712934,32.74150061,6.579590037,15.81334422,8.228547269,7.511463224,58.32637881,142.5768339,6.784428972,1
1343,East,Clay,Sugarcane,Rabi,Vegetative,Drip,70.77907538,34.52915236,48.72992571,6.965931107,13.80464348,8.111914117,11.6933187,3.341612565,81.81767328,4.752426982,0
1344,Central,Clay,Tomato,Kharif,Flowering,Sprinkler,60.90183488,39.73551209,85.37126347,6.871327093,14.64400896,5.33253559,97.79854352,85.41528464,57.59953263,4.442130778,0
1345,East,Loamy,Cotton,Zaid,Seedling,Furrow,61.98945648,27.53125701,47.23465329,2.11575798,7.561384496,5.535859332,26.6829726,17.70029933,48.22369313,5.745040188,0
1346,North,Loamy,Wheat,Zaid,Maturity,Drip,39.78453341,17.19255273,91.37026719,3.693751613,15.99608766,5.221767995,44.32689565,31.00170454,139.562427,8.595272095,0
1347,South,Silt,Groundnut,Kharif,Seedling,Sprinkler,34.21544948,23.20999155,90.97316744,2.231228628,20.73731591,5.284217406,19.09221734,103.982084,183.6371555,1.928329963,1
1348,East,Clay,Maize,Kharif,Fruiting,Flood,35.97271341,150,30.86739945,0.080831873,24.95178134,8.131448349,46.51475768,45.4201953,154.7631038,8.816402039,1
1349,East,Loamy,Maize,Kharif,Flowering,Flood,79.13546946,32.88775726,33.29834401,4.132809372,20.96110965,8.224551637,39.26439914,23.66547863,171.1322653,11.18864288,0
1350,East,Sandy,Tomato,Rabi,Vegetative,Flood,12.8076434,36.29211254,84.70055527,0.660580066,13.93746899,4.707588965,103.0872695,83.72650132,160.1836724,9.398573797,1
1351,East,Peaty,Maize,Zaid,Flowering,Furrow,70.69220473,15.22073489,49.45706892,0.417132637,4.835739792,6.874413423,98.28327435,31.16115177,200.7252716,3.10844542,0
1352,South,Chalky,Wheat,Zaid,Fruiting,Flood,50.5072786,30.54617197,20.32804867,7.042680805,17.0361469,6.756926251,133.6898047,39.29184102,155.35001,1.962293077,0
1353,Central,Peaty,Onion,Zaid,Seedling,Drip,40.70307934,16.12585973,40.54038648,0.047758374,23.44134464,6.062190587,101.4190359,90.09419995,43.09684629,6.394184499,0
1354,West,Loamy,Potato,Kharif,Flowering,Furrow,60.76803623,32.07690636,64.82217449,15.97194588,5.296663493,7.026790371,97.27448542,107.2799583,162.2776854,11.52046698,0
1355,North,Silt,Tomato,Rabi,Flowering,Furrow,44.0668259,42.62312549,79.94494745,3.620665253,6.399890513,8.289471302,97.18854447,107.2506544,66.024219,10.00965216,1
1356,Central,Loamy,Wheat,Rabi,Maturity,Flood,71.13962667,44.05257392,30.00414628,20.37754457,3.725213585,5.181019531,123.6154438,69.92529472,204.1389718,7.190070029,0
1357,East,Silt,Tomato,Kharif,Vegetative,Drip,73.04913048,31.21658026,28.29060233,0.298737137,18.41804109,4.981643639,41.4731426,65.8730521,77.21788712,2.572795658,0
1358,Central,Clay,Sugarcane,Zaid,Vegetative,Flood,39.52046488,28.74614416,89.15694902,4.379698828,10.16403759,4.633562283,42.01289529,114.2085517,60.02271995,8.852204603,1
1359,North,Sandy,Onion,Zaid,Maturity,Drip,29.37794581,,76.33612759,2.148740612,1.567390972,5.955333231,103.7699334,27.99003514,49.03927703,9.942980625,0
1360,Central,Clay,Onion,Rabi,Maturity,Sprinkler,51.464523,35.20829496,64.23347006,9.272937041,21.87374979,5.850513908,32.0187192,22.06935489,134.9955037,11.2857605,0
1361,Central,Sandy,Cotton,Rabi,Fruiting,Sprinkler,73.86543419,16.94697839,77.68900925,2.240997269,13.94179762,6.223278753,127.6828006,96.38078457,22.39032312,7.733278576,0
1362,East,Silt,Onion,Zaid,Seedling,Drip,,28.97176733,52.1640771,1.508821003,8.2773573,6.513240124,74.86944151,59.37850549,195.4797758,6.659123961,0
1363,South,Loamy,Sugarcane,Kharif,Maturity,Drip,53.60766085,22.20735055,76.88418105,9.743930853,8.599574402,7.531295976,42.01748993,102.9497768,60.33409912,7.811002479,0
1364,West,Loamy,Onion,Kharif,Fruiting,Sprinkler,54.20921541,29.09412964,47.88522435,2.347243649,7.256280505,6.068453562,108.6539902,37.2070324,60.55712526,11.37577755,0
1365,Central,Loamy,Sugarcane,Rabi,Seedling,Sprinkler,61.31791157,28.66396716,38.30709294,0.084883053,11.38700431,5.822452437,43.72488818,47.10642275,9.44354962,7.909397948,0
1366,South,Loamy,Rice,Kharif,Flowering,Furrow,19.20973796,32.46434408,74.6760066,2.47385185,8.426042212,7.807515281,134.8589644,130.0182591,50.43359116,3.833510343,1
1367,West,Clay,Sugarcane,Kharif,Maturity,Furrow,60.10774753,25.70311471,51.47542191,5.314135461,13.6986576,7.899186683,137.6184894,61.14019639,85.89076791,7.997665487,0
1368,North,Clay,Groundnut,Zaid,Vegetative,Furrow,73.63227645,19.92811348,93.60328282,1.467558752,19.33793131,5.431063857,93.35147388,85.68825311,75.76931,10.6771903,0
1369,North,Silt,Tomato,Zaid,Vegetative,Flood,22.57781762,30.11158304,46.21138867,2.828060081,16.86153209,5.758687291,15.90874457,15.46891815,55.96908389,7.237022315,1
1370,Central,Sandy,Tomato,Kharif,Flowering,Furrow,26.62803274,39.90608653,89.12955654,0.291934808,7.361422319,7.800465484,36.84923899,25.93022997,8.352486757,6.529687108,1
1371,West,Sandy,Wheat,Rabi,Flowering,Furrow,77.99765658,34.92036684,89.97219114,4.434785886,13.21852529,4.817632977,72.15837471,5.203720679,61.61918159,9.067061745,0
1372,North,Sandy,Onion,Zaid,Flowering,Sprinkler,22.66838669,25.15103598,38.13897103,7.058982446,21.003154,5.803387122,119.202643,61.53376771,159.5578423,8.270875647,1
1373,East,Loamy,Rice,Zaid,Fruiting,Furrow,69.80695654,43.06569068,79.86658862,2.666315368,1.705155869,6.293400428,25.88410957,143.3934007,89.95241849,1.623563588,0
1374,South,Clay,Cotton,Zaid,Flowering,Flood,44.45944995,42.36622714,52.48058789,2.725641735,1.957431675,5.248286461,14.61648426,126.7116071,59.60894626,8.97842255,1
1375,Central,Peaty,Maize,Rabi,Fruiting,Drip,27.30617521,21.28045198,88.81435454,0.462125471,13.9042517,5.219656786,10.42684765,91.77179267,62.4823875,5.483043731,1
1376,North,Peaty,Tomato,Zaid,Maturity,Sprinkler,70.95249309,16.18252755,53.75932045,1.127862898,15.97787821,6.199448232,70.97545873,124.8589913,113.6597032,11.34988108,0
1377,South,Loamy,Soybean,Zaid,Maturity,Furrow,41.17136785,37.23926125,75.8227788,0.840172344,5.285325394,7.518086899,123.8581357,86.15455667,61.96999894,11.67883287,1
1378,East,Peaty,Sugarcane,Kharif,Fruiting,Flood,46.03721478,39.82830784,55.02255569,3.285887276,18.63050317,7.860931918,5.93029397,53.47148765,129.3134506,5.936126999,1
1379,Central,Sandy,Potato,Rabi,Seedling,Sprinkler,35.14633586,44.03593698,37.08505668,3.76719941,16.15658443,8.41694037,29.72501476,25.16422816,202.8381753,11.65674331,1
1380,Central,Sandy,Soybean,Kharif,Seedling,Sprinkler,51.5065596,41.69509182,34.95125967,14.87378219,23.08223171,4.7959362,97.05598222,94.69206756,8.44116154,4.419025665,0
1381,North,Silt,Soybean,Kharif,Maturity,Furrow,21.44667108,33.01604305,51.90733957,0.380257398,4.223855046,5.366728805,115.6208809,27.99243508,34.59103492,8.509088636,1
1382,Central,Loamy,Rice,Kharif,Maturity,Drip,37.37570757,30.90157018,76.66209928,4.579803596,18.78435663,7.52651937,113.0359341,60.52712049,36.71704678,1.825601822,1
1383,South,Silt,Potato,Kharif,Seedling,Drip,77.85886256,15.83523154,65.38036139,3.738001281,2.091077265,6.662394824,109.909528,119.7412671,91.64941518,2.594882834,0
1384,West,Sandy,Wheat,Kharif,Seedling,Drip,28.06934029,22.39969341,71.64719674,3.630760478,14.13231024,5.810719096,18.17197211,18.73824887,8.490835971,10.50978493,1
1385,South,Clay,Rice,Kharif,Fruiting,Furrow,55.97156652,28.78844255,41.1744763,10.32411606,13.79737849,5.322358645,55.61326151,18.70810576,97.89192344,10.83162443,0
1386,East,Loamy,Groundnut,Zaid,Seedling,Drip,32.7633045,33.855117,56.10765095,1.150453577,9.709626116,5.621910207,137.8642528,32.53835026,190.4295754,6.858723112,1
1387,Central,Chalky,Sugarcane,Rabi,Vegetative,Sprinkler,64.1431188,31.717555,23.32964487,0.208139066,21.11427869,6.217155801,138.44426,80.02800953,2.370638182,4.737507696,0
1388,East,Silt,Soybean,Kharif,Seedling,Furrow,19.16115625,37.27907969,81.3149312,5.577848903,0.10926612,5.208604878,84.33983487,36.49990435,74.81246777,5.961263249,1
1389,East,Silt,Cotton,Rabi,Seedling,Flood,77.88747316,23.39300793,94.24191217,2.116802378,13.00448505,8.356903824,99.29740866,72.9637009,155.9832233,10.56586938,0
1390,Central,Sandy,Tomato,Rabi,Vegetative,Drip,41.7652679,31.94857823,50.5159297,0.088732286,5.428838746,4.930353778,133.1797315,43.7874786,31.67137257,3.320927649,1
1391,West,Silt,Groundnut,Zaid,Flowering,Sprinkler,26.52353243,17.6442673,,1.447578812,18.58746548,8.442309738,62.98990057,73.40511971,15.89959552,4.243572544,1
1392,South,Sandy,Rice,Rabi,Vegetative,Furrow,15.14477231,27.40996571,32.73444797,1.850442338,1.076685658,7.867573144,19.1613601,40.25656011,129.3096001,9.639872277,1
1393,East,Clay,Soybean,Rabi,Maturity,Sprinkler,21.88305336,37.50482499,68.93951583,4.79649193,20.7888672,6.19260647,93.65284257,142.1017945,2.039936355,11.28796391,1
1394,South,Silt,Maize,Rabi,Maturity,Drip,46.3841764,35.8020256,65.90594887,0.947249279,20.95230567,7.459265338,134.4143227,71.44409567,164.3629507,2.02220074,1
1395,East,Sandy,Tomato,Rabi,Maturity,Furrow,33.59022235,44.71928212,79.08985397,2.664115247,20.82165031,7.186060975,97.60885314,107.8282979,13.70481448,9.841495315,1
1396,Central,Sandy,Soybean,Zaid,Flowering,Furrow,68.02183561,23.33673378,39.04130082,3.293491523,3.814213168,5.353147672,112.4649578,101.579251,107.4926232,8.095751376,0
1397,Central,Clay,Soybean,Zaid,Flowering,Drip,40.16212666,29.94567898,77.27239367,3.073874487,15.76016296,5.856280344,59.18483256,71.13110935,151.7261806,3.538486989,1
1398,Central,Silt,Sugarcane,Kharif,Maturity,Furrow,27.40999908,24.88591241,71.59880161,18.23691564,0.35918398,6.552490251,13.50484158,34.63499894,49.61225269,9.313989163,1
1399,Central,Chalky,Tomato,Rabi,Seedling,Sprinkler,53.20014906,28.21809342,44.21108733,0.232860378,21.19906478,7.05137672,23.64349212,74.0541503,21.22573319,9.007076715,0
1400,Central,Chalky,Soybean,Rabi,Fruiting,Drip,59.47440518,40.7085039,60.9116111,15.07642968,18.07437984,6.671579925,137.5716761,98.74088544,36.00266712,2.562327927,0
1401,South,Clay,Groundnut,Zaid,Fruiting,Sprinkler,21.69293355,35.52627226,31.04553564,4.36061826,13.27884327,6.391949844,69.04580438,66.68829423,175.2101322,6.524761632,1
1402,East,Clay,Potato,Zaid,Flowering,Sprinkler,21.73334514,41.47323574,53.94233776,7.941507223,18.26478583,6.272609094,1.682882625,11.87914057,144.6849598,9.341201911,1
1403,North,Clay,Soybean,Zaid,Flowering,Drip,12.56699989,21.10533325,86.08980047,2.814039795,2.358102416,6.493057997,133.7514193,2.607568286,40.61010009,3.106985395,1
1404,West,Chalky,Soybean,Rabi,Fruiting,Furrow,61.54814105,41.20083354,51.58935349,3.024197133,13.2163958,6.237406079,69.68918768,47.54213723,146.8047634,6.090426246,0
1405,North,Silt,Potato,Zaid,Seedling,Sprinkler,56.46631693,16.79286823,82.96750299,10.5733336,7.281912295,6.66532031,117.0775758,21.78246928,145.2667249,2.328152372,0
1406,East,Peaty,Soybean,Rabi,Seedling,Drip,43.2241613,41.65797841,64.26900239,11.31367367,24.31548658,8.051941196,76.78413989,131.3975857,204.5336451,4.375184164,1
1407,South,Chalky,Groundnut,Zaid,Flowering,Flood,69.09193143,24.87221338,34.39075348,1.36356588,21.42794877,7.031317252,14.23831971,25.49573716,80.26898482,3.39739391,0
1408,East,Sandy,Cotton,Rabi,Seedling,Flood,66.39691071,24.437629,,1.110981741,18.3318924,7.3904835,86.1797415,57.17099353,177.2949663,6.555782394,0
1409,West,Sandy,Sugarcane,Kharif,Fruiting,Sprinkler,50.97480551,30.3626573,57.94874969,3.428228673,23.34369088,6.889932535,139.6360387,103.2512393,91.52075062,2.553368683,0
1410,East,Clay,Tomato,Zaid,Flowering,Sprinkler,70.77898964,43.22070563,49.89810014,11.52679604,8.671082614,7.07207073,4.86328957,118.2361407,184.0408458,5.214658309,0
1411,Central,Clay,Onion,Kharif,Vegetative,Drip,24.4088847,16.43344094,28.97228296,1.945659324,22.52199747,6.813399314,117.8511877,69.26840721,18.77810232,4.026791955,1
1412,North,Peaty,Onion,Zaid,Flowering,Drip,17.83437336,25.56692925,51.25314979,5.277973991,8.130955803,4.607466089,32.96731139,26.26457639,35.93908918,9.206538056,1
1413,West,Loamy,Sugarcane,Zaid,Maturity,Furrow,28.88247281,40.69715966,25.45717822,6.157605451,18.31991799,8.498393529,55.14127118,39.27980742,174.2406444,8.696367504,1
1414,West,Sandy,Cotton,Rabi,Seedling,Drip,13.99607993,26.88163432,27.40767885,7.540607777,18.41042279,4.634436961,52.17933165,60.75042491,167.9565664,2.044235826,1
1415,North,Loamy,Tomato,Kharif,Seedling,Furrow,47.18186696,20.97470693,51.19373997,4.149698945,0.458746911,6.080592033,125.8316072,52.86621545,62.61392733,11.48832277,0
1416,South,Clay,Sugarcane,Rabi,Fruiting,Sprinkler,75.56239846,27.74382544,42.90361115,2.574629913,9.026492457,4.920462713,70.62806644,50.55754979,122.3436552,9.191512099,0
1417,North,Sandy,Wheat,Rabi,Flowering,Furrow,12.75404785,26.56657504,89.41582444,17.05866172,0.48581681,4.887713802,62.60440016,19.11880125,78.45344303,7.775545653,1
1418,North,Sandy,Onion,Rabi,Fruiting,Sprinkler,18.54769398,42.46248604,48.1779354,4.725132813,24.92730044,7.674107807,114.5235152,132.4299866,2.115056607,6.254716443,1
1419,North,Clay,Tomato,Rabi,Flowering,Drip,41.65393198,37.85803127,76.83935916,6.520166793,3.054919046,6.203703117,6.846998803,4.314707931,5.351345946,2.957146628,1
1420,South,Loamy,Tomato,Zaid,Flowering,Drip,75.37125123,30.15346667,59.76856448,2.11546927,13.57027239,7.704554833,12.10388411,63.80030854,11.12255492,11.58217575,0
1421,West,Loamy,Groundnut,Rabi,Vegetative,Sprinkler,32.13092735,44.651117,72.80642515,5.542543197,19.76390597,5.591145883,3.036439963,142.1466164,121.7847916,1.086442144,1
1422,East,Silt,Potato,Zaid,Seedling,Furrow,45.50643661,28.95832594,39.50869873,1.490666902,5.031590057,5.525851167,96.31760656,95.65997113,57.24168574,8.617292477,1
1423,North,Silt,Potato,Zaid,Maturity,Flood,12.91010013,16.74713492,90.64287296,1.405829528,12.1263167,5.504925527,73.58625919,51.53454624,29.50940115,6.58188757,1
1424,South,Peaty,Cotton,Rabi,Maturity,Sprinkler,20.38402407,22.86822965,59.75663727,6.271459215,15.18571902,6.964582506,122.6430976,21.18414975,192.9318772,10.92840079,1
1425,East,Peaty,Groundnut,Zaid,Seedling,Flood,79.06410861,28.08211441,82.34930535,3.684395527,4.00511886,7.759997559,69.79460642,139.7615278,24.87032675,5.187670073,0
1426,East,Loamy,Rice,Kharif,Fruiting,Sprinkler,77.55830875,19.70707872,47.37842701,5.748632371,19.4638865,6.30904404,31.05474019,2.028022472,138.1662519,6.705088609,0
1427,West,Clay,Rice,Kharif,Maturity,Furrow,10.34579867,43.42695379,27.51585118,1.569709249,7.48341143,6.016995563,112.7206322,98.80119774,183.3028375,9.165733311,1
1428,Central,Loamy,Maize,Kharif,Vegetative,Furrow,76.62682498,38.00546693,70.52837358,4.565520835,5.275576908,8.394318217,41.20533959,127.6199334,33.58508178,1.523231977,0
1429,East,Sandy,Soybean,Kharif,Vegetative,Flood,54.73839565,23.04861601,20.58197363,2.934338284,13.95721866,4.967016144,130.9965695,3.648271034,44.01958486,1.599227651,0
1430,North,Silt,Onion,Zaid,Vegetative,Sprinkler,70.75428062,32.72413601,55.64697324,4.54360089,10.25784069,6.446530728,35.0593443,105.1503553,117.6317744,3.328400237,0
1431,East,Silt,Tomato,Zaid,Maturity,Drip,41.83178989,36.64347471,34.4601427,1.718650684,23.00714862,6.133951013,23.4808914,144.8314754,104.2319807,2.610670419,1
1432,Central,Chalky,Sugarcane,Kharif,Vegetative,Flood,46.091722,43.23836787,67.05316283,6.284248403,22.00156745,4.892506386,69.06535881,92.74815794,106.8106205,1.070878152,1
1433,Central,Loamy,Maize,Kharif,Vegetative,Furrow,44.21926062,41.44906048,93.45649049,8.197665471,12.08376658,5.572801448,7.072116516,60.12844744,113.7090093,7.852888043,1
1434,West,Sandy,Wheat,Kharif,Fruiting,Flood,56.68049803,30.45576678,54.83021797,1.50496113,8.981594368,4.61376485,5.097641988,126.7881043,194.7300978,9.755317642,0
1435,South,Loamy,Onion,Kharif,Seedling,Flood,19.77558783,38.23957859,81.31236924,1.787809256,8.137949541,8.007817156,69.44203634,80.35599073,11.0367986,11.52826474,1
1436,West,Chalky,Tomato,Zaid,Maturity,Sprinkler,12.09815129,31.86434261,58.08381402,5.41105174,6.689090577,6.931398116,30.11496331,108.6689228,155.8919467,5.849903494,1
1437,Central,Loamy,Potato,Kharif,Seedling,Sprinkler,31.55509591,31.5811167,57.18800233,5.946819748,13.61369634,7.760073991,1.309369375,85.22795381,47.66381659,4.076927241,1
1438,South,Loamy,Groundnut,Kharif,Vegetative,Furrow,59.32765339,18.44225875,89.78176199,6.088663265,20.12446512,6.58621781,41.4479676,5.552208411,76.60392239,10.50292694,0
1439,West,Sandy,Soybean,Rabi,Fruiting,Sprinkler,24.12974165,18.78412974,86.74744016,5.73951434,7.768915205,6.898039318,66.83142954,30.90602329,18.30468021,10.28835174,1
1440,North,Silt,Onion,Rabi,Seedling,Flood,57.14027033,30.88600845,78.93503489,2.49454881,4.752352242,7.303417911,55.2004182,11.42071823,91.35348768,7.87327532,0
1441,East,Clay,Wheat,Zaid,Flowering,Drip,77.89384323,23.06584635,42.2191815,2.511424949,11.88709515,8.13204651,18.96572526,15.46972555,164.8649467,4.004639425,0
1442,North,Chalky,Wheat,Kharif,Maturity,Sprinkler,16.57305011,15.63110707,60.87563118,1.47063145,1.72586042,4.867007551,81.1544759,2.23379657,20.2417694,10.99369354,1
1443,North,Peaty,Soybean,Kharif,Vegetative,Flood,57.08214828,36.68517612,36.7922925,0.852955343,17.53197515,5.823793579,99.44661876,61.06892196,56.49873764,2.962414704,0
1444,East,Sandy,Potato,Rabi,Vegetative,Drip,41.06251535,15.9745979,53.29375235,5.897659319,12.95895666,7.336104763,94.5754827,25.9044866,76.47765028,1.48011154,0
1445,East,Silt,Potato,Kharif,Flowering,Sprinkler,70.76995781,32.85830523,56.31597993,0.489104969,12.4093702,8.333402252,55.12666898,124.0759955,21.29933663,9.762801132,0
1446,Central,Loamy,Potato,Kharif,Vegetative,Flood,22.40048526,31.17581382,82.37300301,13.8863814,7.511134489,8.423229714,19.26346116,108.7554429,156.274946,7.200249665,1
1447,East,Clay,Maize,Kharif,Seedling,Furrow,58.48381666,44.06444072,87.2021274,8.763260265,22.61683594,7.052412037,69.92814829,83.11066425,161.3241408,3.711145988,0
1448,North,Peaty,Maize,Rabi,Vegetative,Furrow,68.66807028,29.52639418,51.09650468,9.742267802,2.262157296,5.274393911,124.6604457,70.90809508,171.3584745,8.379852286,0
1449,East,Chalky,Potato,Rabi,Seedling,Flood,76.12299536,16.90804309,21.32783338,11.85800489,21.74560022,4.976835646,65.62119885,37.10095288,119.698722,9.433881762,0
1450,Central,Peaty,Sugarcane,Kharif,Seedling,Sprinkler,57.82736198,31.55063903,84.63303798,2.626355383,9.41763006,8.284174577,27.39534696,68.86796255,103.9839583,10.29000546,0
1451,South,Sandy,Maize,Kharif,Maturity,Flood,44.80223348,40.23288512,33.07090089,9.376816058,22.0155879,6.235710758,13.02746243,92.978245,53.82325132,4.103386176,1
1452,West,Loamy,Groundnut,Kharif,Maturity,Drip,53.24930681,44.90547853,66.64114729,0.860240353,18.21903646,5.279264133,132.1497293,113.4231847,134.3073833,1.281461964,1
1453,North,Loamy,Soybean,Kharif,Maturity,Drip,70.82334891,27.91029521,21.87281753,0.109397064,2.604268167,8.235570063,104.0213172,11.84389961,91.13551456,6.61042702,0
1454,East,Clay,Onion,Zaid,Maturity,Drip,49.94268226,24.60896227,49.96298564,7.683061186,20.78840716,4.918097086,43.81537618,102.7273799,199.0091632,10.41686458,0
1455,South,Peaty,Maize,Rabi,Flowering,Drip,12.12709418,42.19959891,93.94702266,0.388708628,17.05442084,7.418284387,41.34933687,107.6958321,198.4767969,3.28603471,1
1456,West,Sandy,Soybean,Zaid,Flowering,Sprinkler,75.16640869,20.73726387,27.55202008,22.33777766,0.807547823,7.00105211,125.3305881,81.05096913,185.567052,5.632380204,0
1457,West,Loamy,Onion,Zaid,Fruiting,Flood,58.26687257,33.46286745,51.7769864,5.616519611,3.342567053,4.850938658,24.85955287,31.07628338,73.81827329,3.820628086,0
1458,West,Peaty,Potato,Zaid,Seedling,Sprinkler,57.355937,27.17143273,43.03624626,7.000946455,15.8907014,5.854995183,74.90522055,78.18176519,75.43435335,1.146989166,0
1459,North,Peaty,Wheat,Zaid,Fruiting,Flood,25.09726067,16.23247095,87.88160925,1.410514036,16.56501257,5.099722758,99.89059853,72.89220786,174.7979986,10.88376506,1
1460,West,Silt,Sugarcane,Kharif,Flowering,Flood,56.12198292,25.41865423,85.20050809,5.602225404,18.66628582,6.91799437,55.49464928,68.97796398,149.472661,2.485585494,0
1461,North,Clay,Onion,Kharif,Fruiting,Drip,37.5705084,22.95685568,37.82740702,0.220908667,18.00613502,6.408452127,5.586327956,66.79278774,144.3939988,9.434438273,1
1462,North,Loamy,Sugarcane,Kharif,Seedling,Drip,55.58630839,35.58273462,26.08908403,9.095418595,16.48799887,4.517100499,31.88623392,16.06970711,57.32025727,4.81263555,0
1463,Central,Silt,Soybean,Kharif,Maturity,Furrow,17.46151212,43.46371493,,0.929383904,19.15597254,8.402842265,126.2531392,26.5194103,170.8364654,4.054500998,1
1464,West,Clay,Wheat,Rabi,Vegetative,Flood,56.04917132,23.04141562,45.22765339,5.976024555,14.37714265,5.8983386,73.23665536,14.11315283,118.7812173,11.35131775,0
1465,East,Silt,Soybean,Rabi,Flowering,Furrow,79.9589608,39.34397817,70.4063293,1.271110766,6.519784638,5.532817571,114.1617745,35.15928501,91.60744272,8.229194354,0
1466,South,Loamy,Rice,Kharif,Seedling,Sprinkler,13.37484272,16.66079451,22.40898171,0.354544079,22.80941534,5.389771823,77.79597599,38.2041335,177.4115354,8.556149281,1
1467,North,Sandy,Onion,Kharif,Vegetative,Furrow,78.4021929,31.1436303,30.00494264,3.284015298,0.455350773,5.135263585,132.1042934,35.53599992,80.81300158,9.356182103,0
1468,North,Silt,Groundnut,Kharif,Flowering,Drip,38.48355725,17.11650191,71.47791746,0.927349801,9.164042997,8.496548305,127.2787706,30.58471489,134.0547914,4.750266696,0
1469,Central,Silt,Rice,Kharif,Seedling,Drip,70.95274152,43.02098973,35.92779915,6.536380675,18.22175733,5.680437872,67.60432588,106.6361966,95.51056231,7.200309288,0
1470,North,Peaty,Wheat,Kharif,Flowering,Sprinkler,64.76698388,37.99053842,84.31907568,1.356195631,10.67890103,6.122053989,44.55836356,118.6919829,121.5112503,3.972456785,0
1471,North,Chalky,Cotton,Rabi,Seedling,Flood,49.69113827,34.73849734,24.39431658,2.096343881,0.620860187,7.985423665,84.23363023,47.4308364,8.312026688,10.17995667,1
1472,East,Loamy,Sugarcane,Rabi,Flowering,Sprinkler,61.69144465,39.71689145,36.16114871,4.190162515,1.649522578,7.067550014,94.48427543,44.24368929,94.52860845,7.592381172,0
1473,North,Silt,Onion,Kharif,Flowering,Drip,71.49608929,34.42559387,94.89201864,1.677141851,16.21593423,-5,69.76971292,122.3846907,114.080718,3.677475086,0
1474,South,Chalky,Rice,Rabi,Maturity,Flood,38.28982252,44.06833192,52.48070769,2.373980403,24.12161499,8.093313744,115.119651,90.46896574,101.0074636,10.89734247,1
1475,South,Sandy,Rice,Rabi,Seedling,Flood,32.89232131,36.41873844,72.72242477,8.453830195,13.7965909,7.498896809,25.66599305,42.54855709,173.7191264,7.389240005,1
1476,East,Silt,Sugarcane,Zaid,Fruiting,Flood,56.73153699,42.73975829,33.69972866,0.987439023,12.66894545,5.41160203,46.81765629,103.4737824,63.78041483,6.445335536,0
1477,Central,Clay,Soybean,Kharif,Vegetative,Drip,66.54921594,30.51395676,65.74015512,0.428887544,7.958130326,7.074955978,96.09269003,49.96595748,181.2356889,1.379363451,0
1478,East,Sandy,Maize,Kharif,Flowering,Drip,63.35995943,18.51193239,74.45795513,1.990147493,6.417266847,8.189593993,34.53574115,85.05056408,82.70970383,11.00782206,0
1479,South,Sandy,Sugarcane,Rabi,Maturity,Sprinkler,65.84695542,30.84533164,43.58574769,2.761509709,0.524624544,6.485843514,61.57826426,143.9319343,142.3779801,11.47501308,0
1480,East,Silt,Wheat,Rabi,Fruiting,Flood,40.49083204,18.80618484,82.1672834,3.911633063,6.823871691,7.434449611,134.9226965,43.73118441,17.77815924,7.188584906,0
1481,East,Silt,Tomato,Rabi,Flowering,Furrow,67.24839513,32.77480438,65.25631839,2.329450078,11.22776102,8.384414976,87.62263618,134.9262701,41.03158713,5.86764689,0
1482,West,Peaty,Maize,Rabi,Seedling,Drip,18.41463388,29.47479182,49.18422572,7.801136808,4.948744576,7.261656564,132.8680128,46.49460007,156.0390323,4.955215726,1
1483,West,Loamy,Maize,Kharif,Vegetative,Furrow,48.11423686,33.67726193,61.8231795,0.200566893,2.183699712,4.909754759,101.1417965,78.34157213,2.527380535,3.948527808,1
1484,East,Peaty,Potato,Rabi,Fruiting,Furrow,10.40310623,15.30140943,63.25706356,2.826123401,17.94319668,5.478238204,101.4533478,66.69764949,198.5481865,7.319822716,1
1485,North,Clay,Cotton,Rabi,Vegetative,Furrow,32.72100809,20.84521475,32.41514695,2.408405043,22.36550673,6.880385749,82.86000432,113.5581365,39.07892472,2.409045583,1
1486,East,Loamy,Onion,Kharif,Flowering,Drip,35.65230744,29.73991296,50.20492774,5.214636752,23.41930174,5.602223261,19.90920327,8.858441425,184.7673172,11.11090969,1
1487,Central,Peaty,Maize,Rabi,Maturity,Flood,37.73208841,43.51510685,45.7572941,16.94776499,15.44996821,8.330166822,72.76000072,90.93273409,105.7687308,2.935546119,1
1488,East,Peaty,Sugarcane,Zaid,Fruiting,Furrow,58.68270447,,50.06770419,3.570581587,1.319364565,6.121408136,35.37326807,110.2967069,115.7379502,9.200645886,0
1489,South,Silt,Soybean,Kharif,Flowering,Furrow,37.19906709,,77.08329414,21.666886,18.52156575,6.328921623,139.8141576,68.46100345,17.24701653,4.375765496,0
1490,Central,Peaty,Onion,Rabi,Flowering,Sprinkler,41.40855358,36.44088267,56.19038056,1.799467697,2.752382632,7.306408374,37.37467161,15.26742795,74.8698446,3.486781854,1
1491,South,Silt,Rice,Rabi,Vegetative,Sprinkler,26.62808916,33.11378272,90.52371149,0.156772951,16.74370294,6.596998925,32.29601808,35.49672696,32.02486646,7.136560973,1
1492,Central,Sandy,Groundnut,Kharif,Maturity,Furrow,36.12762541,23.9677845,42.025731,0.905590411,19.48414589,6.028583868,87.34364172,98.55249366,107.8159563,9.416374793,1
1493,Central,Loamy,Cotton,Rabi,Fruiting,Flood,25.90887391,27.32449187,51.17776837,2.513666317,18.14661777,4.806551501,71.53283385,129.8384209,112.9000899,8.994103358,1
1494,South,Silt,Potato,Zaid,Vegetative,Sprinkler,15.12371466,,79.02176079,1.901428259,23.79709514,6.885782358,2.989407856,61.13324802,145.4817247,3.57131986,0
1495,East,Chalky,Wheat,Zaid,Vegetative,Flood,52.24140154,43.98064377,60.9518445,0.510463365,18.45365711,7.970320123,18.13464506,81.25974509,180.0470224,4.635525853,1
1496,Central,Chalky,Wheat,Kharif,Flowering,Furrow,56.7748959,18.91903145,61.02711098,2.833983488,17.33024445,7.243049767,113.5460119,33.11583033,95.97686234,10.55715401,0
1497,North,Chalky,Onion,Zaid,Flowering,Drip,53.36432422,26.15510354,24.00051223,2.0633231,6.543579305,6.02598004,67.71687372,59.77093054,47.83887587,8.95568119,0
1498,South,Chalky,Wheat,Kharif,Flowering,Drip,42.44458307,15.77516917,49.8949747,0.654070983,23.11921716,5.010904258,20.44213008,48.83452213,68.3821906,8.839632959,0
1499,South,Peaty,Onion,Zaid,Seedling,Drip,36.58500461,21.65338476,40.30502993,1.755716577,4.48859677,7.765352748,65.1339588,95.05120446,173.6534117,3.95795584,1
1500,East,Chalky,Onion,Kharif,Fruiting,Furrow,70.43335547,38.41413415,94.95013421,10.87694606,22.62241529,8.266993449,35.44087163,142.781348,29.90201444,9.712047384,0
1501,East,Silt,Tomato,Rabi,Fruiting,Sprinkler,46.33572496,21.03525697,43.1266303,1.798030933,7.816563584,6.053091963,31.30280456,117.9290005,128.5874961,4.94259575,0
1502,Central,Sandy,Wheat,Rabi,Maturity,Sprinkler,,17.40190208,86.33724011,6.258038088,3.254089847,7.414568757,134.0815387,27.86386481,2.682606188,5.415295722,0
1503,South,Clay,Cotton,Kharif,Seedling,Sprinkler,11.79494461,,70.71753013,4.73435643,20.66707568,6.14305376,50.68343376,83.76339603,50.36221233,4.163171979,0
1504,East,Clay,Onion,Zaid,Maturity,Sprinkler,33.88734793,15.29907704,45.56873069,2.785928885,0.06238634,6.509067755,6.500354654,9.629698668,121.238742,2.335292717,1
1505,South,Sandy,Rice,Kharif,Maturity,Furrow,36.61369332,17.54298463,60.76507838,1.36577805,20.80220794,7.845905522,135.8457342,35.80274559,93.5644682,5.624329193,1
1506,North,Peaty,Cotton,Rabi,Seedling,Flood,37.91759466,39.22877609,83.040191,2.30236356,6.557796051,4.833697369,111.2775405,24.97156303,101.1776455,1.186334521,1
1507,South,Loamy,Soybean,Kharif,Seedling,Sprinkler,50.61206585,38.14420035,86.25262235,4.483754586,22.11803182,6.621341395,35.61786292,48.65410296,135.4152203,6.015012634,1
1508,Central,Loamy,Soybean,Rabi,Seedling,Sprinkler,47.35217827,42.45416461,32.02954063,2.1597119,17.28697956,5.358481099,57.24485686,98.42802551,48.09013501,8.975070819,1
1509,North,Silt,Maize,Kharif,Maturity,Sprinkler,52.5533565,40.63546308,45.46798559,1.209698191,16.65458332,5.859223782,120.7205404,72.41203095,57.56501277,11.56819536,1
1510,North,Clay,Potato,Kharif,Fruiting,Sprinkler,63.54182831,35.4952669,45.14173852,0.619109125,9.132989079,7.077715299,50.03789271,135.2718427,140.3139325,1.86474459,0
1511,West,Sandy,Sugarcane,Zaid,Maturity,Sprinkler,66.90900171,16.56998572,23.15335971,10.59161618,1.485074347,4.608913649,79.43656588,30.84858178,110.3497385,4.094197746,0
1512,East,Peaty,Potato,Rabi,Vegetative,Flood,,38.48545854,64.86783199,2.901887684,20.75182746,6.875300396,74.87996175,52.81032621,2.990298973,6.435441568,0
1513,North,Sandy,Wheat,Kharif,Flowering,Drip,76.88665872,40.36532433,84.11150397,4.90692466,4.272594879,5.633768958,56.18123681,47.82862363,137.417198,2.874267436,0
1514,West,Clay,Maize,Kharif,Fruiting,Sprinkler,11.27628079,38.97246437,48.61807909,3.370747534,9.306466047,7.177937443,89.53026625,34.21472576,127.1188684,2.285113743,1
1515,Central,Sandy,Groundnut,Zaid,Vegetative,Drip,,30.25437106,75.50269587,10.30080382,15.00886714,5.066325408,66.26070322,144.0097615,16.11455263,5.97549916,0
1516,East,Sandy,Sugarcane,Kharif,Fruiting,Sprinkler,10.52940125,21.98705516,67.07753102,3.958596751,12.05634346,7.443246415,2.972268834,56.14770409,153.2414964,7.388035818,1
1517,South,Sandy,Potato,Kharif,Vegetative,Sprinkler,55.32322999,40.35989927,48.17365516,3.277151622,4.966515879,7.082558879,114.0136351,136.3738022,107.0307991,10.02228499,0
1518,South,Silt,Wheat,Kharif,Flowering,Flood,72.86213843,36.81488429,30.57948496,12.9248057,3.515408922,8.384967332,15.84180959,56.61865371,41.97319321,11.97583764,0
1519,South,Peaty,Potato,Zaid,Flowering,Drip,27.04376076,44.42283523,73.19928896,6.359288521,3.081156806,8.144941453,64.97259032,29.59329342,114.6680555,9.51697858,1
1520,North,Loamy,Tomato,Zaid,Fruiting,Furrow,74.89241814,19.67077793,84.09238767,0.591384017,21.57519704,5.633211453,81.18611073,17.28491795,122.0689954,3.434744972,0
1521,East,Peaty,Sugarcane,Zaid,Maturity,Flood,14.21871732,21.76993749,71.43908693,0.978277061,0.788988727,4.609266291,98.77084759,124.056663,188.6243395,9.227758756,1
1522,Central,Clay,Rice,Kharif,Vegetative,Furrow,75.41052188,21.3539445,21.3408863,7.735200505,24.42535649,7.121474244,57.51151494,4.65415787,152.1396072,6.908689868,0
1523,West,Loamy,Onion,Kharif,Flowering,Furrow,34.61358811,38.77619303,36.21746708,9.034913418,4.96321726,6.911549556,102.9767882,139.8372153,61.89449267,5.958905333,1
1524,East,Chalky,Rice,Kharif,Vegetative,Drip,17.09945799,20.60721889,25.21099887,3.939386763,2.758057422,4.609715075,18.38901186,60.63772571,24.21725835,11.29301343,1
1525,West,Silt,Groundnut,Zaid,Seedling,Flood,44.01102314,16.99979489,62.77895747,4.042287693,14.42429137,4.990710117,91.48237676,35.86928091,174.9027348,8.723018456,0
1526,West,Loamy,Wheat,Kharif,Maturity,Flood,27.97435974,44.9568242,76.73582591,4.997450956,1.999648949,6.838806818,115.6874499,89.52968917,173.443876,8.498623809,1
1527,South,Loamy,Rice,Kharif,Maturity,Drip,29.94110314,15.74451634,28.29343903,2.89120383,15.06133158,8.147309056,124.5221562,19.27238382,35.93855302,1.129315612,1
1528,North,Loamy,Maize,Kharif,Fruiting,Furrow,31.51029754,40.0573218,82.87533654,5.700283689,21.26566612,8.126001106,81.13930943,10.46110817,12.73689297,10.51578641,1
1529,North,Sandy,Wheat,Kharif,Vegetative,Flood,66.21181285,25.96100525,61.66317338,0.574144092,1.197450537,5.105940218,43.80532773,120.028586,145.9322532,9.726305252,0
1530,Central,Clay,Maize,Rabi,Vegetative,Furrow,47.74128937,40.24846379,71.74767591,16.25689725,19.99671511,6.038295786,22.86991164,61.57726232,148.1292753,4.288360657,0
1531,Central,Chalky,Potato,Zaid,Flowering,Flood,31.79153894,31.63861474,92.85513865,6.934569241,9.861936025,4.672811457,48.3782254,75.14696226,36.31446951,4.213247538,1
1532,South,Silt,Potato,Kharif,Seedling,Sprinkler,52.72336483,42.04893688,26.27607412,4.98715422,3.987265846,6.377087385,75.59641224,25.62092129,136.9834312,1.588263061,1
1533,West,Chalky,Potato,Kharif,Seedling,Furrow,60.1305472,42.78578959,87.59180172,1.901341579,4.402412007,7.512333839,27.48623136,8.906515456,57.17936766,1.559420661,0
1534,South,Clay,Soybean,Zaid,Vegetative,Drip,,15.27294544,29.4577022,0.877457598,22.96911359,7.659890845,133.3520868,53.32753923,53.42649073,8.354539648,0
1535,North,Sandy,Maize,Kharif,Flowering,Furrow,38.94843711,17.26236528,49.4719105,2.632598705,2.765143799,6.495957866,125.59896,73.3912066,66.52617649,3.048613742,0
1536,North,Silt,Soybean,Kharif,Maturity,Furrow,18.53202653,22.51076189,83.85790222,5.4172896,21.66956968,4.883478699,4.614007281,110.9874402,106.6812551,11.15902635,1
1537,South,Chalky,Maize,Kharif,Fruiting,Flood,22.68045447,35.07946249,87.96906776,5.021646046,13.60611552,6.025455901,78.67465175,72.65254003,164.9130543,10.26644871,1
1538,East,Sandy,Tomato,Rabi,Maturity,Furrow,57.67824978,41.6481659,57.97787552,2.411524139,0.97640447,8.22840784,110.5032306,113.4635176,102.2219689,4.83773676,0
1539,North,Silt,Sugarcane,Rabi,Seedling,Drip,22.70068434,28.79825854,64.55784787,4.750354478,11.61190364,5.418450226,34.35487439,16.73775305,61.0987526,5.18075407,1
1540,Central,Silt,Wheat,Zaid,Seedling,Flood,46.76143686,33.20919349,73.11105009,8.403281352,20.43623786,5.7790178,73.34547253,9.274601946,181.2147312,4.600042169,0
1541,East,Peaty,Sugarcane,Zaid,Vegetative,Flood,59.63323832,20.65499558,82.45690013,0.133181961,18.15506969,7.487308702,56.83886354,23.0348398,11.29344128,2.016344045,0
1542,South,Sandy,Maize,Kharif,Seedling,Sprinkler,17.48138462,39.14900502,29.11333772,2.994834084,12.21956044,7.434323156,27.51647699,111.9417584,163.4037542,1.345731734,1
1543,East,Clay,Wheat,Kharif,Flowering,Furrow,49.71185537,44.01984334,80.75519812,7.105572607,21.50124699,8.148809152,86.06323374,110.1028835,160.7982604,5.973464742,1
1544,West,Chalky,Onion,Kharif,Maturity,Sprinkler,27.95939486,23.05796799,56.09571129,3.949881742,3.009119045,6.052474763,139.1169046,20.49833165,51.97709608,11.37344126,1
1545,East,Sandy,Onion,Kharif,Vegetative,Sprinkler,77.40488127,29.84477855,53.79675688,5.270242184,22.74852633,6.558394895,51.14021644,4.493355446,40.65051242,11.08974253,0
1546,South,Chalky,Tomato,Rabi,Flowering,Sprinkler,43.84819527,17.58348332,51.7924814,3.635344275,21.16103021,6.369569845,77.33306116,99.36588075,179.3136151,9.908226152,0
1547,West,Sandy,Potato,Kharif,Flowering,Flood,66.41947848,31.77409969,58.19086889,24.06376757,17.70692064,8.211008684,45.89965543,124.0158586,114.5686152,7.914544202,0
1548,Central,Sandy,Maize,Zaid,Fruiting,Drip,48.51585795,30.08350326,90.8787915,0.280849706,20.44719355,7.577322355,122.7728064,109.3456158,9.432328314,10.41844647,0
1549,Central,Peaty,Onion,Zaid,Seedling,Sprinkler,13.0388773,19.33309452,61.11528296,3.376976624,13.59538767,7.825767119,121.0443781,29.40585219,182.6206659,6.665753695,1
1550,North,Peaty,Cotton,Rabi,Seedling,Flood,54.32059629,28.26198639,91.48831537,0.479342698,16.87906073,5.032393075,25.02827431,84.6463451,71.54622679,2.981761463,0
1551,East,Peaty,Groundnut,Zaid,Flowering,Sprinkler,76.59823395,25.02313956,33.5217598,0.870490683,14.01495177,7.667386771,125.9928424,109.8180295,70.14209353,8.525873826,0
1552,South,Peaty,Groundnut,Zaid,Vegetative,Flood,52.11282741,30.65492626,74.31019841,2.414742066,8.885713263,6.231915064,21.21121955,37.09516216,131.8740271,11.12710639,0
1553,Central,Sandy,Wheat,Zaid,Flowering,Furrow,67.34322016,32.56963006,80.9179654,0.845290088,14.22151993,4.593354731,13.36159435,76.5195162,135.5687433,1.215656071,0
1554,Central,Clay,Rice,Rabi,Flowering,Drip,71.89445243,15.25486736,70.93466235,16.57792023,6.436633313,4.740353411,91.4108462,45.59675858,72.42980477,3.765884574,0
1555,East,Loamy,Maize,Rabi,Seedling,Flood,25.96558404,37.83017949,65.51917102,14.66752367,11.00697927,7.211631759,54.02657482,32.70843551,29.37218022,3.919820104,1
1556,South,Sandy,Wheat,Kharif,Maturity,Sprinkler,24.84313879,36.39042876,62.36095858,2.048191365,7.019385182,5.988049765,74.30368308,140.5904524,113.2153015,2.089434925,1
1557,South,Chalky,Tomato,Zaid,Seedling,Furrow,52.76866922,25.98859159,84.56978619,5.104753465,3.072194737,7.972462293,91.35990947,132.3243843,128.1617288,3.480436435,0
1558,West,Clay,Sugarcane,Zaid,Fruiting,Drip,38.77199289,16.58807807,81.62349479,3.81520215,8.04654641,7.437092536,7.397213291,64.62182099,176.3455848,5.223802857,0
1559,Central,Loamy,Potato,Zaid,Fruiting,Furrow,68.7902912,37.64797619,29.17165409,8.452886829,21.29968045,4.586720047,41.01344395,19.83281885,99.31019741,11.33818967,0
1560,East,Loamy,Groundnut,Kharif,Vegetative,Flood,73.00161864,43.65525481,83.64407428,4.93686119,9.527019266,7.247553247,64.52688365,105.546559,132.3676963,10.46292346,0
1561,Central,Peaty,Rice,Rabi,Maturity,Flood,34.73949655,22.20454788,51.05514646,0.001262432,18.70009122,5.269409891,37.32223737,37.07666387,11.1538097,11.40606847,1
1562,East,Loamy,Soybean,Kharif,Flowering,Flood,26.58093913,24.70573841,39.02726225,7.202156065,4.379946356,6.190330275,6.8559938,24.43508185,183.3771945,2.326289544,1
1563,North,Chalky,Cotton,Kharif,Maturity,Drip,64.63678607,20.51438668,85.2326426,6.868828296,10.61047898,6.998940808,12.13472025,55.32170757,67.07924171,1.308533078,0
1564,East,Chalky,Onion,Zaid,Seedling,Flood,29.23642249,32.3080837,52.40185997,3.563920705,2.871401733,7.990871365,112.2447016,76.82822233,129.6053305,2.208714809,1
1565,South,Clay,Rice,Kharif,Seedling,Furrow,,19.64524184,80.62735176,11.66104661,3.465526584,6.324391554,127.5941463,14.12884782,187.7905844,11.05725198,0
1566,North,Peaty,Wheat,Zaid,Flowering,Flood,39.66167776,25.6858183,39.7552709,11.95414282,15.4359095,7.733961817,21.31266234,82.90323859,166.1577858,2.732375024,0
1567,East,Sandy,Rice,Rabi,Flowering,Drip,56.72849295,35.91039042,20.29469911,3.710759444,15.18704544,7.631862651,34.89667402,2.225514341,130.7292908,7.299003772,0
1568,Central,Sandy,Onion,Kharif,Fruiting,Flood,16.68747197,31.80347949,57.15943947,4.682317086,5.334297684,-5,91.31491666,129.3210138,144.2396048,3.503406068,1
1569,West,Peaty,Sugarcane,Zaid,Seedling,Furrow,53.67015273,26.59387693,27.51711925,28.30659272,11.86057986,6.503920654,133.5980487,133.5075449,188.7855488,1.226989674,0
1570,Central,Peaty,Sugarcane,Kharif,Seedling,Furrow,41.62373751,27.60748805,76.57819666,1.774954919,21.58265417,7.30194004,41.94255928,106.2952622,166.4791019,1.930834764,1
1571,North,Loamy,Cotton,Zaid,Fruiting,Sprinkler,51.06259242,31.86332648,40.70563521,1.962378502,4.355037717,4.624593739,119.7299077,67.64966424,125.0211074,8.807767253,0
1572,North,Loamy,Rice,Kharif,Vegetative,Furrow,21.76099454,15.17594184,53.2734235,1.009197407,0.480263327,8.063245655,70.84345022,36.95995923,135.0340548,3.006030972,1
1573,North,Clay,Rice,Zaid,Vegetative,Drip,61.58116215,17.35529605,26.52751738,11.31042883,16.29987852,7.579264638,133.9182095,107.8962532,30.19002695,3.52053126,0
1574,East,Peaty,Groundnut,Zaid,Fruiting,Flood,70.39579543,41.43774203,41.49944363,6.822437149,1.337455202,5.497663526,19.07621274,135.1105943,96.38437435,5.149821509,0
1575,South,Sandy,Onion,Zaid,Seedling,Furrow,25.17178601,17.33636967,78.61176824,0.558250428,24.49850596,8.424719813,136.3141357,22.98738721,61.70451778,8.229657161,1
1576,North,Clay,Potato,Zaid,Seedling,Flood,16.70001889,36.20410789,31.36909339,20.02270701,15.24050709,5.21756141,61.7370079,67.54418845,88.55398007,6.163096323,1
1577,South,Sandy,Groundnut,Rabi,Vegetative,Drip,11.65470102,42.60114492,68.53696708,6.564507803,11.75990882,8.156346695,133.4113747,45.71293723,135.7606091,11.39071238,1
1578,North,Sandy,Cotton,Rabi,Flowering,Flood,54.93800503,23.12050813,88.80693896,9.503033937,10.7498135,5.797893833,64.21663039,51.72755941,30.57597419,5.776004098,0
1579,West,Clay,Cotton,Rabi,Flowering,Flood,52.49658253,26.11474311,70.98775698,0.246743244,14.32676646,7.552586841,74.21149878,58.83487829,3.562072551,3.190440122,0
1580,Central,Sandy,Potato,Rabi,Fruiting,Drip,48.26881889,32.06764218,80.8266267,3.515592839,2.265610918,6.325506373,112.6685014,138.0104699,81.36950266,6.897571233,0
1581,East,Peaty,Soybean,Zaid,Flowering,Furrow,26.23629673,41.45126909,28.1728722,5.996556542,23.25047647,7.44586955,101.1679901,37.50238934,66.04778447,5.959785766,1
1582,West,Chalky,Onion,Rabi,Vegetative,Drip,37.36341971,43.25716762,38.80488695,3.914775061,15.64105171,5.123132192,86.74446486,71.43799667,86.18857224,9.658521724,1
1583,West,Peaty,Wheat,Rabi,Maturity,Furrow,51.61334346,37.18689744,87.09041392,5.492773437,4.59946244,5.578025834,58.3772033,137.9656834,190.9002887,11.28633354,0
1584,South,Clay,Rice,Kharif,Fruiting,Drip,44.77368012,17.59859283,73.63292102,8.515284365,14.06452634,4.899431298,110.9413714,69.02824908,144.9522407,10.19924751,0
1585,West,Sandy,Soybean,Zaid,Seedling,Flood,79.14498642,35.07462467,67.96653698,2.344717461,3.331412646,7.960575926,132.7519667,125.2219307,67.12904879,5.279436974,0
1586,East,Sandy,Rice,Kharif,Maturity,Flood,19.55078268,27.30911166,69.78250521,9.441418224,0.438817939,5.685171951,1.373525572,8.520892277,36.75215856,3.377277345,1
1587,North,Loamy,Maize,Rabi,Vegetative,Sprinkler,58.66011878,29.12102998,51.06504157,0.889154901,15.76292463,7.277904918,82.2983135,138.1894107,126.7880503,11.05937831,0
1588,Central,Silt,Soybean,Rabi,Seedling,Flood,38.30231377,16.47445171,23.34174737,1.57962628,16.21208355,7.780884791,121.2373301,27.19201632,134.8031316,5.245336166,0
1589,East,Clay,Sugarcane,Rabi,Flowering,Furrow,39.97397304,20.73186418,78.83311566,0.221565511,14.59241457,8.105672946,91.43575523,142.09058,99.14265019,9.472272858,1
1590,Central,Chalky,Potato,Rabi,Fruiting,Flood,60.2318436,38.71540823,70.90349272,2.26614014,4.587080109,4.925188461,112.1160961,25.45864546,43.6159588,11.88480075,0
1591,West,Sandy,Soybean,Zaid,Flowering,Drip,58.47053059,28.61876499,55.46033481,2.389449581,15.08574646,8.072059734,125.3085545,64.43306243,5.853828471,7.351869497,0
1592,East,Clay,Maize,Zaid,Fruiting,Drip,79.38791956,24.04986725,87.48197115,8.180721811,1.412773523,5.289011111,105.1331422,44.74910128,54.46044298,6.278685152,0
1593,South,Loamy,Onion,Rabi,Vegetative,Flood,18.98760026,26.52057222,45.21197487,5.294035707,15.23095889,7.447608046,100.3824362,62.81855606,93.71995235,8.698578607,1
1594,Central,Clay,Cotton,Zaid,Vegetative,Flood,17.28767546,40.6319854,42.07413082,2.869914902,13.85042548,7.415396077,135.0644248,36.32608729,161.5265287,3.133240789,1
1595,South,Peaty,Sugarcane,Rabi,Seedling,Furrow,60.7037172,37.46997052,85.45972438,5.279401888,16.38137077,4.534012567,120.9158521,139.9710248,175.0195349,6.370637127,0
1596,Central,Sandy,Cotton,Rabi,Fruiting,Drip,50.48708419,23.16946192,79.77407411,0.271137187,22.38689014,5.382495633,114.1529017,44.33012269,84.65158473,4.435638328,0
1597,West,Loamy,Maize,Kharif,Maturity,Drip,29.19124666,18.52505521,58.6234858,0.993910675,21.25895263,6.467634059,12.09647047,94.72486225,163.2054312,2.806506577,1
1598,Central,Peaty,Potato,Rabi,Flowering,Furrow,15.55935583,22.55994665,29.80510546,4.930185354,24.51635479,6.180138827,33.46418364,19.92988599,203.6373288,7.711502039,1
1599,North,Silt,Potato,Kharif,Fruiting,Sprinkler,15.99607747,42.62269353,36.13036036,5.127275967,24.40602582,8.17429392,77.94584341,119.5361853,146.9051268,7.33276694,1
1600,North,Silt,Sugarcane,Kharif,Maturity,Drip,72.59336123,32.44766514,69.21709928,7.439081461,19.30799233,5.938963478,99.3384147,78.66365181,149.3628015,9.373239597,0
1601,Central,Clay,Rice,Zaid,Flowering,Sprinkler,23.43071273,31.00440626,48.87809284,2.57918881,23.91049055,8.247934859,42.45008506,142.0196881,186.4549828,10.60267137,1
1602,Central,Sandy,Rice,Kharif,Vegetative,Flood,32.63600935,32.89180799,82.73548937,6.410646538,21.68209715,6.337717274,13.06593584,61.39332144,69.31954633,3.424135846,1
1603,West,Silt,Groundnut,Zaid,Vegetative,Sprinkler,25.86594816,25.98084797,91.2466257,5.759754143,18.18956125,8.357411587,43.55388615,28.33994187,2.297105577,9.576729173,1
1604,North,Loamy,Maize,Zaid,Seedling,Furrow,34.84974141,39.21321061,80.4227694,16.53763068,1.884606366,7.44941924,107.9440853,50.17275492,202.3303407,5.041236768,1
1605,South,Sandy,Tomato,Rabi,Vegetative,Furrow,14.85966899,30.69858748,48.31590672,1.211187342,1.226247207,7.817338367,122.8361441,106.8600129,100.5459559,7.91686162,1
1606,East,Chalky,Soybean,Kharif,Vegetative,Sprinkler,46.33418536,18.50243708,79.15148219,4.011235214,20.93998919,4.919507553,127.8065108,95.57044554,161.0639066,10.3526403,0
1607,South,Loamy,Soybean,Zaid,Vegetative,Drip,14.73287945,18.87195374,46.35812551,4.603557974,12.24139645,6.844565733,53.04133508,112.8603741,166.5606832,3.818036268,1
1608,East,Loamy,Soybean,Zaid,Fruiting,Drip,66.02495555,31.1057744,32.53250658,33.03042599,20.36516711,5.070801439,52.15540048,10.65319237,81.4909188,7.610574124,0
1609,East,Loamy,Soybean,Kharif,Seedling,Drip,26.35984573,43.09710654,22.50449036,1.123124128,7.822956766,5.690484008,56.93904594,84.15347242,110.9609746,6.283507649,1
1610,East,Chalky,Maize,Rabi,Fruiting,Drip,47.80083402,24.25056365,48.92875346,3.703479788,9.941246458,6.994261625,52.61332572,135.1644582,110.6826828,9.696350228,0
1611,Central,Silt,Soybean,Kharif,Maturity,Drip,71.60553613,41.08623507,87.76694778,2.124656564,17.50466803,7.404902819,93.26752505,15.64577832,45.14428192,8.669654288,0
1612,North,Clay,Maize,Kharif,Vegetative,Flood,55.56141583,37.9228676,37.92399408,3.73161089,22.88316842,4.656735128,50.1652567,13.67861254,24.11598145,9.465950195,0
1613,West,Silt,Sugarcane,Kharif,Maturity,Furrow,47.30704506,22.43437329,35.48848737,1.320665053,2.194036862,6.623774924,2.848151126,103.9076329,111.4323225,4.167374426,0
1614,West,Silt,Rice,Rabi,Maturity,Flood,32.70336272,16.09022245,92.73655889,0.243915808,21.53695362,6.761255945,61.4634441,45.7014561,24.6293615,8.747919235,1
1615,West,Clay,Wheat,Rabi,Fruiting,Furrow,33.31013391,18.05541795,21.87530846,4.249770554,19.82531812,4.815311988,31.38128927,95.4939855,70.94818839,7.663864617,1
1616,North,Peaty,Wheat,Rabi,Vegetative,Flood,56.86408686,36.85481802,78.93366128,2.046268749,7.888481768,6.502752137,4.03299929,79.08075439,38.14708299,6.023485017,0
1617,Central,Loamy,Potato,Kharif,Fruiting,Drip,79.58975529,20.99009214,44.10274668,1.004106545,8.880415353,7.35536912,65.91801321,142.9796655,144.9178022,5.161780594,0
1618,West,Chalky,Sugarcane,Rabi,Flowering,Sprinkler,56.32874329,26.13812762,22.81159677,1.957334455,1.161536931,4.71290914,28.83363829,128.9131805,178.761815,4.647600339,0
1619,Central,Peaty,Rice,Kharif,Flowering,Sprinkler,49.04483922,30.05097498,88.83519052,0.252679493,0.393515278,7.541071105,63.38385408,98.32055333,118.472495,1.106417974,0
1620,South,Loamy,Wheat,Kharif,Vegetative,Sprinkler,61.14553572,150,30.47317477,15.02308151,11.92515316,6.80570602,38.88499813,37.94282078,84.08194047,2.865144064,1
1621,North,Peaty,Soybean,Rabi,Maturity,Sprinkler,42.56439286,18.3969367,61.38344628,4.351187202,2.388491137,7.832908833,84.51924184,37.97668351,204.3117414,1.648760334,0
1622,South,Loamy,Soybean,Rabi,Fruiting,Drip,14.20996398,27.19099216,40.55406556,8.430749319,4.85004536,5.372250291,138.7228342,127.9253511,4.347872726,10.33193297,1
1623,North,Clay,Wheat,Kharif,Maturity,Sprinkler,49.36077711,29.55218727,24.88946016,2.750589409,21.16917999,7.833094737,76.6124689,84.87445446,62.38992226,10.46097757,0
1624,Central,Clay,Maize,Zaid,Flowering,Sprinkler,77.03376992,31.22481192,23.74418642,11.68146785,14.27570978,4.878243901,90.56542836,114.4458584,57.12799629,10.3081267,0
1625,Central,Chalky,Cotton,Rabi,Fruiting,Drip,22.27120597,39.55081924,28.66675241,3.301640548,15.84081093,6.115318786,128.6986061,65.23030995,73.0217376,9.997117408,1
1626,South,Clay,Onion,Rabi,Fruiting,Furrow,58.30034236,20.15034585,25.35252604,4.265937947,4.686983271,5.297939166,52.36005848,14.94567731,47.27212694,3.434634989,0
1627,North,Sandy,Rice,Kharif,Fruiting,Sprinkler,24.06535821,39.23494355,77.04185866,3.384341813,20.71654511,8.004083329,23.31678297,48.23953644,54.17388126,6.40964792,1
1628,West,Chalky,Onion,Zaid,Vegetative,Flood,47.50793791,35.78635283,56.41746517,6.607747354,21.69949431,7.319679265,39.59161961,23.36663317,52.82380753,10.98628149,1
1629,West,Chalky,Wheat,Zaid,Vegetative,Sprinkler,,31.67612443,45.71690685,4.181117941,13.08318984,4.601447109,56.3912917,113.3657584,103.6775304,9.357599735,0
1630,East,Loamy,Groundnut,Kharif,Vegetative,Flood,41.52596554,,51.37766826,1.584517267,22.8139443,4.538093422,90.30247538,101.5742385,80.16633179,1.020023145,0
1631,South,Clay,Soybean,Kharif,Fruiting,Flood,62.93143302,27.36053217,89.67100517,0.7864252,21.12071562,5.664997018,0.64232412,12.81987375,131.0524209,6.05369234,0
1632,Central,Peaty,Sugarcane,Zaid,Maturity,Drip,34.3300067,,88.30638596,4.658600637,18.28310442,5.073132457,119.4736501,90.10088282,105.4522378,1.117372192,0
1633,South,Sandy,Tomato,Zaid,Seedling,Furrow,56.54382071,34.97295721,73.67573601,3.35868963,18.35189789,7.02121791,10.65315623,126.7496485,37.60147974,4.087271517,0
1634,West,Chalky,Maize,Kharif,Maturity,Furrow,65.68149726,30.7401692,86.35117831,0.504495174,2.634836849,7.155187736,126.0917208,101.1178228,166.0592207,5.793386853,0
1635,East,Sandy,Tomato,Rabi,Flowering,Flood,74.90244736,34.18124402,43.97360207,2.517739734,6.770900942,8.267803615,132.920833,74.11122738,96.80001566,10.82189222,0
1636,North,Chalky,Sugarcane,Zaid,Flowering,Sprinkler,26.42494573,25.13996343,48.58319945,3.615727543,1.671180495,8.308159698,138.6143912,45.22017632,31.41246117,8.198227126,1
1637,West,Clay,Potato,Zaid,Vegetative,Drip,37.95211411,42.20599732,66.02841364,8.769233647,0.217030231,7.135586822,113.3314258,128.6290287,34.2103678,4.98733022,1
1638,West,Silt,Potato,Zaid,Seedling,Flood,,32.62109606,66.77194605,0.395762906,3.957738285,4.522700451,19.85977363,61.30670791,163.3785241,6.397203927,0
1639,South,Clay,Groundnut,Zaid,Vegetative,Flood,79.47384515,17.56207453,56.12748785,2.142353712,22.01217957,5.935991666,98.86338605,124.0320691,144.1136028,9.991284375,0
1640,North,Chalky,Maize,Kharif,Maturity,Flood,74.89006775,28.49411972,50.04933863,8.648323108,5.996851476,6.552566053,28.46498069,113.5349765,103.8382303,4.29621159,0
1641,West,Silt,Cotton,Rabi,Vegetative,Flood,47.79699912,37.69068164,93.96352337,5.226645904,24.25384906,6.496719026,125.597897,118.35291,62.7467095,7.76538253,1
1642,East,Clay,Soybean,Zaid,Flowering,Sprinkler,68.94233061,38.82403685,81.58427196,1.712158045,14.93227499,6.913362518,44.32482959,143.5206404,94.40701754,3.884715723,0
1643,Central,Loamy,Rice,Rabi,Flowering,Sprinkler,46.46705841,29.83791158,52.62351484,9.332472901,5.931462191,8.342205931,45.75143679,108.5699848,130.4791251,6.279597809,0
1644,West,Peaty,Wheat,Kharif,Vegetative,Drip,53.65099816,41.84242712,74.54693579,3.399117487,12.42827009,8.040770768,128.4714614,4.935935679,180.2528751,1.271243539,0
1645,South,Chalky,Soybean,Kharif,Maturity,Drip,16.23871025,23.03005312,40.21712699,3.449281919,5.477370568,4.935632134,1.85234991,29.78792057,113.9529129,10.37502851,1
1646,West,Chalky,Potato,Kharif,Fruiting,Flood,62.86892943,27.31796092,27.51269947,18.77239172,24.59933895,5.563921566,27.15526121,5.103296797,56.73073543,1.531837147,0
1647,South,Silt,Cotton,Rabi,Maturity,Furrow,18.93994385,41.95790732,46.43232692,14.6983198,21.1816246,7.83243767,59.07051732,27.53746764,8.761682512,3.467965498,1
1648,North,Silt,Maize,Zaid,Vegetative,Furrow,67.82473412,41.88770149,50.22296001,2.219985223,0.65596972,7.797227635,98.10101942,8.908729049,35.96828646,4.668630669,0
1649,West,Sandy,Tomato,Kharif,Maturity,Sprinkler,64.74196614,35.57138306,21.24028434,0.75748261,23.69440079,5.601482896,90.65926325,72.73447097,133.2864122,7.876772284,0
1650,East,Silt,Groundnut,Zaid,Flowering,Sprinkler,59.61212884,40.76941641,81.10940012,1.970154139,18.02662768,7.422352123,93.71766252,4.089900904,32.8895782,8.920368121,0
1651,West,Loamy,Wheat,Rabi,Seedling,Flood,12.53122664,17.66319801,46.93950518,0.154787691,2.059531301,7.188149515,123.203084,68.52396944,98.71560839,1.884961465,1
1652,Central,Peaty,Onion,Kharif,Flowering,Furrow,31.21898492,40.94984929,63.53136243,0.104932862,16.76594366,6.39409586,16.94425772,130.3319315,143.2857782,1.478120345,1
1653,East,Silt,Cotton,Kharif,Flowering,Drip,28.41787989,24.6185972,25.54723905,2.516951144,16.17316745,5.305819811,73.10263747,108.5435218,63.18610479,9.788888753,1
1654,Central,Sandy,Onion,Zaid,Fruiting,Furrow,35.20954852,20.34994537,33.12476216,14.15276935,5.469718645,8.054572724,101.5668765,136.8736089,137.1667074,8.833831873,0
1655,West,Chalky,Soybean,Kharif,Vegetative,Furrow,16.13499227,22.18109509,86.7270294,10.25358403,18.9611675,7.211404737,89.05658201,32.86378219,119.1197726,10.1470539,1
1656,East,Peaty,Wheat,Rabi,Fruiting,Flood,75.58704761,27.53905524,65.65156459,3.581493953,2.176617583,5.1759717,62.76397679,77.00744338,89.98251692,8.441920917,0
1657,East,Silt,Soybean,Rabi,Fruiting,Drip,48.76615685,22.53576014,91.27130376,4.164648999,12.23612953,7.319209379,2.396042022,46.19402071,183.9353232,9.261134974,0
1658,Central,Loamy,Potato,Kharif,Vegetative,Sprinkler,31.38670175,24.61702758,94.90625258,0.029755849,0.248080179,7.465734878,8.463317191,71.60387038,141.8720725,5.169422214,1
1659,North,Loamy,Cotton,Kharif,Maturity,Flood,37.7887062,19.04935458,47.88950865,1.213550901,24.21843722,8.04752114,16.65178576,80.77599529,73.9223918,7.492027524,1
1660,Central,Peaty,Onion,Zaid,Seedling,Drip,41.30417784,23.88530297,42.41022981,0.125430851,18.78909079,5.391357021,48.0518854,5.246988919,164.8742294,9.859315772,1
1661,East,Sandy,Groundnut,Rabi,Fruiting,Drip,52.04160334,32.16851444,84.37670414,7.02309687,3.971301904,8.455016422,16.47148337,33.82213961,151.3109539,2.893292878,0
1662,West,Loamy,Potato,Zaid,Fruiting,Drip,46.09755994,28.25561124,94.89585703,0.787047062,8.541850999,5.11357369,59.65152383,102.192053,162.2952129,5.651052569,0
1663,West,Clay,Tomato,Rabi,Maturity,Furrow,74.35743813,25.40156284,67.22309257,10.16458791,4.014059445,6.902755567,25.00987868,112.0745636,131.3959765,9.145387453,0
1664,North,Clay,Wheat,Rabi,Vegetative,Furrow,44.7874438,37.39356387,79.63555419,5.154641759,19.1654366,7.128706021,109.0832677,82.57044829,77.77097625,6.859002289,1
1665,West,Silt,Potato,Rabi,Flowering,Furrow,79.45106104,41.80529914,78.63093941,1.303050417,1.472408136,6.175811581,122.0082663,39.27020905,71.4585957,8.498231982,0
1666,East,Loamy,Tomato,Rabi,Maturity,Flood,69.59974704,37.70367669,46.65047812,0.858215775,21.01016639,6.400150835,54.55065112,58.73719692,134.101029,4.221561155,0
1667,West,Clay,Sugarcane,Rabi,Flowering,Flood,24.59573601,,63.07027852,4.939265324,23.55490847,8.063640387,71.58644714,13.92533772,26.83450163,1.355766964,0
1668,East,Silt,Potato,Kharif,Seedling,Sprinkler,75.14166503,37.33326504,82.47927059,11.5549506,16.91569857,7.081096919,133.4894738,138.2110444,168.0824419,1.320603577,0
1669,West,Silt,Soybean,Rabi,Fruiting,Drip,18.14564785,19.55940547,71.60854072,6.335631983,5.32413625,6.488003833,74.97108575,125.9582333,75.91875372,11.37059294,1
1670,North,Silt,Potato,Kharif,Seedling,Flood,67.22147959,18.90953964,21.58728605,2.142747457,9.002252395,5.01339825,139.3102502,9.512340302,129.2262578,11.38994048,0
1671,West,Sandy,Potato,Kharif,Flowering,Flood,36.64363054,25.36881111,45.25292517,4.426184599,11.93099687,4.529350501,19.89833912,24.14114652,102.3081026,3.32410574,1
1672,South,Silt,Maize,Zaid,Flowering,Sprinkler,71.45820243,39.23107107,30.83567724,1.860840987,15.11561931,4.999874473,120.7116989,84.25869397,106.4619309,2.622122238,0
1673,South,Sandy,Groundnut,Kharif,Flowering,Drip,70.76396831,22.39044742,37.47291591,35.34882333,16.71657725,8.32473827,69.60842037,33.70236075,151.29126,1.199538173,0
1674,East,Clay,Cotton,Zaid,Fruiting,Furrow,66.41477801,16.89760227,87.91171081,6.908309308,13.85536788,7.556347132,3.179975575,135.4881012,128.467361,3.543825419,0
1675,East,Silt,Cotton,Rabi,Vegetative,Flood,65.30213054,18.95128606,22.76699667,4.764535513,8.782848021,8.36846531,136.1112118,109.5606342,51.31334261,4.677865853,0
1676,West,Clay,Groundnut,Kharif,Vegetative,Furrow,31.32753974,40.76234906,36.4850534,2.751811171,22.27293201,4.642834839,135.106706,39.62726937,15.21631594,3.65366897,1
1677,South,Loamy,Soybean,Kharif,Fruiting,Flood,15.66434981,,43.21770142,4.813667077,2.03480145,7.220881615,53.65791763,0.884704623,172.2479838,9.771225543,0
1678,West,Sandy,Cotton,Zaid,Vegetative,Flood,38.20861251,22.5960349,66.2663054,2.089835131,11.65640136,4.677174106,133.57989,115.9198717,181.4032853,9.243735492,1
1679,East,Clay,Sugarcane,Zaid,Vegetative,Flood,22.14671605,31.65887476,60.05762676,0.146448116,19.38912096,7.628225875,19.74134991,61.49300789,33.72178925,1.891155592,1
1680,Central,Silt,Soybean,Zaid,Fruiting,Sprinkler,58.64657622,30.82738867,36.37021121,2.513365748,1.521816632,6.023800691,95.21541976,93.14476822,63.44279872,8.670537689,0
1681,South,Clay,Cotton,Kharif,Vegetative,Sprinkler,34.22698086,34.66307935,32.31808004,13.33076294,17.63338042,4.88306144,26.87005816,41.61134969,57.8801883,6.726436319,1
1682,South,Silt,Tomato,Rabi,Vegetative,Drip,78.29271406,21.99562663,37.75985259,4.92152436,20.49279057,6.772186567,34.53061309,20.71662261,192.176955,2.45382717,0
1683,Central,Peaty,Cotton,Zaid,Maturity,Sprinkler,54.86804541,40.93208962,57.689722,0.438452782,16.52078246,5.620480786,109.1072412,97.92018081,41.9793633,9.134889735,1
1684,Central,Chalky,Onion,Zaid,Seedling,Drip,67.57363945,24.28105686,40.33833393,10.81383808,0.323422307,7.138295767,52.83013184,65.29706528,34.14054258,1.946501217,0
1685,South,Sandy,Cotton,Rabi,Seedling,Drip,19.27672709,35.82394962,91.07018762,1.565853146,4.503425678,7.132699038,0.997850396,34.09960666,37.2769027,2.948657324,1
1686,South,Loamy,Onion,Rabi,Seedling,Flood,70.34101376,15.48373939,54.78989161,1.39704523,8.552826972,7.320029896,57.99337939,19.95605994,149.6231811,2.641491297,0
1687,South,Clay,Onion,Rabi,Maturity,Flood,74.59300334,26.1797139,24.40970124,1.762638982,5.842250891,8.469860315,31.92970489,84.16954119,182.0440681,11.32936745,0
1688,East,Chalky,Rice,Rabi,Seedling,Flood,44.09433432,25.55129454,74.69498044,4.304306569,24.06630351,6.04679084,95.6661879,105.2047413,80.64031918,8.679716035,0
1689,South,Clay,Soybean,Rabi,Flowering,Drip,,31.30453286,44.66339662,3.93386293,16.28984785,6.361261898,27.22281754,41.16360951,27.8963804,5.524145221,0
1690,North,Peaty,Rice,Zaid,Seedling,Flood,63.53668606,17.18208785,69.0116699,3.380602352,7.424273934,7.718446804,117.915494,106.5956676,120.0730095,10.04424566,0
1691,South,Silt,Potato,Zaid,Fruiting,Flood,22.23870391,38.70394121,40.96957779,6.321036136,23.24243747,6.813480092,37.3930217,26.55271882,43.03666646,3.375553505,1
1692,Central,Loamy,Sugarcane,Rabi,Seedling,Sprinkler,45.17962535,21.53342405,62.80578063,1.902919137,18.51485499,4.649028843,55.02395616,49.07027521,13.15104671,11.24202607,0
1693,North,Silt,Wheat,Kharif,Flowering,Furrow,37.90641194,35.31113445,77.91143786,7.617781153,7.115180296,7.872314081,41.72516051,108.0079316,181.6774326,8.66697053,1
1694,Central,Silt,Potato,Kharif,Seedling,Sprinkler,20.24617945,39.0963637,89.60065563,0.963809409,9.472039235,4.705994728,90.14926869,95.72081035,178.5224616,7.155387051,1
1695,Central,Clay,Tomato,Rabi,Vegetative,Furrow,35.72740956,31.85630869,39.58453583,7.630559674,4.985721458,5.183280546,14.16289577,39.2259259,200.0615829,9.741132936,1
1696,West,Clay,Cotton,Zaid,Flowering,Sprinkler,14.77206166,37.2264962,45.11427132,5.450395579,24.27684996,4.908319868,66.93391218,17.70957522,97.17097476,8.092590796,1
1697,South,Clay,Maize,Zaid,Fruiting,Sprinkler,11.80683349,34.85580937,54.81998152,5.747554245,12.9324124,4.811708532,46.82367413,6.158646617,60.27024563,10.75820203,1
1698,South,Chalky,Cotton,Rabi,Vegetative,Furrow,,25.66589391,89.53811283,3.284591202,22.40141719,4.602739501,123.7793149,121.4977011,157.8056678,10.12067926,0
1699,South,Sandy,Onion,Kharif,Vegetative,Drip,77.41805781,39.26575617,87.60401426,5.498086958,8.662494275,4.720110856,10.2776931,10.89558269,37.00146108,3.176135555,0
1700,Central,Sandy,Cotton,Kharif,Maturity,Flood,48.46706751,23.8410411,26.74087101,0.415805159,21.52104008,6.269756757,116.1573091,16.65254707,49.87487575,3.636301806,0
1701,North,Clay,Potato,Rabi,Vegetative,Sprinkler,77.60755128,32.13638753,29.89473693,9.537573013,1.347171211,5.51140908,23.47526671,34.46804139,52.41493837,1.716071552,0
1702,South,Silt,Soybean,Zaid,Seedling,Drip,40.27485148,37.36193217,57.1631883,0.285748011,24.55225794,5.006147534,12.40087239,64.62210711,195.081979,3.422188089,1
1703,South,Loamy,Cotton,Rabi,Vegetative,Drip,31.82712932,26.36867729,27.99644546,0.805197239,22.80085918,7.134822171,28.32520014,114.5191266,149.6136984,4.778377514,1
1704,North,Loamy,Wheat,Zaid,Vegetative,Flood,45.4299304,24.08302823,45.9185655,4.299430402,9.080073619,5.404447643,14.37141748,35.88464726,27.40743248,1.317100907,0
1705,North,Silt,Potato,Kharif,Maturity,Drip,40.7658182,28.78038031,31.12890337,6.724062866,19.36805413,4.575796621,72.93775275,78.80869601,19.03340502,4.464588008,1
1706,South,Chalky,Groundnut,Rabi,Seedling,Drip,17.3965279,39.53890483,67.70302663,0.396577501,18.80644816,6.173679135,138.3500934,13.1040157,172.777045,9.487004258,1
1707,West,Peaty,Sugarcane,Kharif,Seedling,Drip,54.85784203,42.89765289,91.21215738,12.67667406,22.53136993,5.741731968,4.805829269,67.35409574,164.4662362,10.24360358,0
1708,South,Silt,Wheat,Rabi,Vegetative,Sprinkler,25.12267278,31.35250239,94.75503277,18.17340519,7.681374528,5.774417725,64.5579689,25.75765404,137.5538885,1.09760619,1
1709,South,Loamy,Rice,Rabi,Fruiting,Sprinkler,53.37115684,34.84398616,48.14308494,4.656389566,11.63800013,6.281080113,54.04984608,30.62277604,40.20063374,1.078617421,0
1710,Central,Peaty,Groundnut,Zaid,Fruiting,Sprinkler,55.51407647,42.09820867,64.92594778,3.281602957,21.62499032,7.175655709,47.54489799,53.19012295,98.45812547,2.609378191,0
1711,East,Chalky,Maize,Rabi,Seedling,Furrow,20.64173972,17.95640554,84.22007401,6.762266854,19.46448635,6.96591648,46.46090546,110.3954163,123.5588188,10.59834767,1
1712,South,Chalky,Tomato,Kharif,Fruiting,Furrow,14.2944739,21.96235734,28.80965546,1.990144271,9.836667969,8.249046439,125.3017859,107.8780323,191.088193,6.162058562,1
1713,Central,Peaty,Cotton,Kharif,Seedling,Flood,,36.26700019,71.71733083,3.398829889,21.14313082,6.570866665,2.656661029,60.17108159,34.73186674,11.81192284,0
1714,East,Loamy,Sugarcane,Rabi,Seedling,Furrow,42.18602966,39.71233386,50.66327463,12.39369018,1.173850981,6.390279639,108.4882942,17.20731736,105.6665955,10.76064612,1
1715,Central,Peaty,Maize,Kharif,Flowering,Flood,,40.71087085,35.46096202,15.57882453,19.55115757,5.353657741,35.41064503,40.7002849,32.33908597,10.79140925,0
1716,Central,Chalky,Groundnut,Zaid,Seedling,Furrow,79.6406422,27.45321531,50.20652141,13.09121541,5.169146486,7.521525155,53.66137151,73.2765876,90.98911482,2.413240751,0
1717,West,Sandy,Cotton,Rabi,Flowering,Flood,14.04463927,17.68019707,25.69702152,1.522093878,7.153022696,5.063103105,58.8209878,126.0647079,41.0276698,6.227522841,1
1718,North,Clay,Rice,Zaid,Vegetative,Sprinkler,58.65246602,28.13344432,72.15553614,-999,12.33037109,6.464531559,42.66244557,140.3969191,171.4181727,11.92949657,0
1719,North,Chalky,Sugarcane,Kharif,Maturity,Drip,78.85752477,21.92203771,38.95570016,1.766720387,11.24336253,6.185288794,13.09824066,92.43328558,52.22093692,2.639486533,0
1720,Central,Chalky,Wheat,Rabi,Seedling,Drip,26.7426073,23.73589365,43.35542338,2.910812562,13.01425267,7.133203514,16.00631884,50.84954112,85.50646683,7.31656799,1
1721,North,Peaty,Groundnut,Zaid,Vegetative,Flood,19.95745581,38.16802671,29.08109737,1.885608615,13.61938989,8.17048588,41.73835737,100.5507508,83.59646876,4.787079911,1
1722,South,Peaty,Wheat,Rabi,Seedling,Flood,18.49694576,17.26581258,84.84943354,2.343724475,8.288192276,8.286382366,115.0532674,48.75336969,177.5904668,5.26643954,1
1723,West,Sandy,Cotton,Rabi,Seedling,Sprinkler,31.22926033,39.82743652,57.00832095,4.846308112,4.380687825,5.171197069,18.84787139,90.69365075,155.3484803,10.79871754,1
1724,West,Sandy,Wheat,Kharif,Maturity,Furrow,17.07320677,27.83007257,62.91101583,7.188478877,19.21203073,5.547268873,103.9695766,35.3461529,11.80297525,7.466928261,1
1725,North,Silt,Groundnut,Zaid,Flowering,Flood,58.45129392,32.88191793,62.70745123,6.650670416,9.999403727,7.74654128,40.44176212,38.71336168,13.75292872,9.346540283,0
1726,North,Loamy,Maize,Kharif,Seedling,Sprinkler,14.36042587,17.68956694,50.78698359,8.421442222,12.64602156,6.57311905,123.6850909,10.90771041,112.9954353,8.405578372,1
1727,West,Silt,Wheat,Rabi,Seedling,Furrow,45.65954897,25.12077235,34.43974366,0.163568545,16.11741796,6.312138273,59.96598656,60.92046707,87.68240061,6.819172596,0
1728,Central,Chalky,Wheat,Kharif,Flowering,Flood,79.76877977,17.69102757,75.88495614,0.244553253,22.74094806,7.34250181,24.04126386,89.63530541,56.49476521,9.708823186,0
1729,Central,Loamy,Wheat,Rabi,Fruiting,Drip,66.97791887,43.84631169,29.5292199,7.788568871,17.68882078,6.90769981,138.018223,114.3752669,162.4872923,11.67806197,0
1730,Central,Sandy,Soybean,Rabi,Maturity,Furrow,53.06536068,39.21784948,27.79053427,3.8079741,1.13648064,8.382856218,24.72883269,117.500539,26.37021024,11.63501509,1
1731,South,Clay,Tomato,Rabi,Maturity,Drip,31.43775346,28.78898263,73.26087782,4.315416853,20.96400908,6.835898609,79.46677497,143.9044452,199.6816671,9.683972011,1
1732,Central,Loamy,Groundnut,Zaid,Seedling,Sprinkler,53.67270854,21.70807645,35.66277653,0.270100096,24.73387538,6.363895305,79.70010693,12.72458025,4.941013884,6.360627313,0
1733,Central,Loamy,Onion,Zaid,Maturity,Drip,46.89290247,,43.00795635,1.473961795,11.81212563,6.671269448,52.19388316,71.50483142,24.23729855,2.794748551,0
1734,North,Sandy,Rice,Rabi,Fruiting,Drip,39.82583687,25.33789787,55.64206003,5.085451446,24.23975841,7.734159267,133.208403,75.59931343,63.81991413,1.489175599,1
1735,East,Peaty,Maize,Rabi,Seedling,Furrow,19.14972637,19.82953295,53.70134875,9.801431111,13.68321856,6.950700227,118.1424387,116.6573468,104.3755645,3.545894652,1
1736,Central,Silt,Tomato,Kharif,Flowering,Drip,72.06229507,31.89493165,73.14343438,12.44357329,11.4903999,7.088192366,116.1747385,38.62198476,44.30791249,4.742837996,0
1737,Central,Clay,Tomato,Kharif,Flowering,Sprinkler,41.48492542,43.31322361,66.75738451,3.469932622,8.285119118,8.38575552,136.381271,10.05898639,150.9241055,2.428345775,1
1738,East,Chalky,Potato,Kharif,Seedling,Flood,23.62357583,15.11490872,68.32971217,3.942503367,16.4388719,6.973581938,63.99530735,45.49502749,73.2960902,3.472418626,1
1739,Central,Loamy,Groundnut,Rabi,Flowering,Flood,35.74315456,22.1437453,73.5540748,8.950293514,5.745510513,6.021140993,13.60600859,142.6695352,7.900358346,1.91900011,1
1740,East,Peaty,Sugarcane,Kharif,Flowering,Furrow,38.98908268,43.15342921,41.94595456,3.856890827,2.623355463,7.265304108,107.1638296,130.4189737,179.9330033,6.760446693,1
1741,East,Sandy,Maize,Kharif,Seedling,Furrow,67.92765269,20.13257901,44.17499839,3.637228802,0.680927565,7.137837588,53.31376112,57.31080934,193.492463,2.389500103,0
1742,Central,Loamy,Tomato,Zaid,Vegetative,Sprinkler,61.35300664,18.39730355,52.84983109,11.77381693,7.309502818,4.555390542,26.64832125,127.0594398,126.8055426,9.170454929,0
1743,South,Peaty,Sugarcane,Zaid,Maturity,Flood,63.85134255,32.10561647,43.05966298,7.801637118,9.894270804,6.369317187,67.65462805,4.749400197,165.3399597,4.65914756,0
1744,Central,Chalky,Sugarcane,Zaid,Maturity,Drip,10.77218851,40.8553147,93.87034017,11.98846542,13.80191741,7.471614412,129.6006516,45.55959123,24.82786543,8.392689856,1
1745,South,Silt,Tomato,Zaid,Vegetative,Drip,39.13077987,29.31329453,81.05389448,1.231082576,7.31874563,6.496165831,23.98998266,105.387718,55.10815777,10.70771379,1
1746,Central,Sandy,Tomato,Rabi,Flowering,Drip,43.69409061,44.8369277,32.34910162,3.715632868,24.60148931,7.618484544,118.8178341,32.1105764,66.67249597,1.946181968,1
1747,South,Peaty,Tomato,Rabi,Maturity,Sprinkler,11.34345938,35.37515099,20.41956169,9.240764375,7.293629206,6.303534786,58.54869183,28.76668797,196.9543992,11.87900866,1
1748,Central,Peaty,Cotton,Kharif,Fruiting,Sprinkler,28.18692461,17.22224722,23.20874512,0.589121712,11.02438471,8.433286391,19.1522773,124.9620942,105.0056412,8.097676766,1
1749,West,Loamy,Maize,Zaid,Vegetative,Drip,63.22028762,44.78496395,38.30475883,7.915493143,2.581904138,5.671566357,118.7735226,89.31332436,1.519779557,1.58702529,0
1750,West,Chalky,Soybean,Rabi,Flowering,Sprinkler,19.5976794,27.2368271,28.57184644,1.010418031,6.515662833,4.868490433,135.7468478,143.4082942,77.93809369,4.454024551,1
1751,East,Chalky,Sugarcane,Zaid,Fruiting,Sprinkler,47.4717092,23.62207602,60.00035862,8.254393069,1.208303495,6.220047205,40.77790022,19.52710306,1.588873177,10.74869664,0
1752,North,Silt,Onion,Kharif,Vegetative,Sprinkler,25.06413104,31.73637551,84.3496417,4.733761779,13.98771584,6.666836099,42.49506938,51.63861905,48.7501768,7.558569648,1
1753,West,Chalky,Sugarcane,Rabi,Flowering,Drip,10.84845423,24.12922775,75.25626657,1.07362042,18.77661708,5.896374927,54.67643763,45.12593891,93.21351376,4.15944604,1
1754,West,Sandy,Sugarcane,Zaid,Seedling,Sprinkler,26.88410203,17.59372521,36.17067973,3.206135117,4.892745358,5.46912464,113.978251,127.6191745,66.29557636,11.34544043,1
1755,Central,Sandy,Maize,Kharif,Flowering,Furrow,78.31116284,15.04285029,49.9474442,5.72702861,9.197773445,7.188234766,1.458407544,37.01799541,6.710513518,9.659778274,0
1756,North,Silt,Groundnut,Zaid,Fruiting,Furrow,66.10759783,28.48750059,58.09206571,5.023600581,0.415405668,6.008500399,31.35391724,51.25184466,23.84882309,9.090923458,0
1757,Central,Clay,Sugarcane,Kharif,Maturity,Sprinkler,77.1703651,40.10590267,80.76543871,2.786505312,20.98805139,7.025474116,98.82597355,20.71091197,112.9317451,10.77269832,0
1758,Central,Loamy,Cotton,Zaid,Vegetative,Drip,44.14978307,32.16945557,82.93412023,11.48135181,19.49908812,7.616285794,56.78952307,112.4331425,142.5990054,9.467579392,1
1759,East,Peaty,Cotton,Zaid,Seedling,Flood,17.68153391,44.97621897,88.22887339,3.662178991,1.581350772,7.544010511,46.24138722,34.46697617,82.93254751,4.154121885,1
1760,Central,Loamy,Groundnut,Kharif,Vegetative,Drip,48.35716423,23.60539937,58.19339379,3.524755857,9.121690233,6.001237243,122.1196044,9.906439474,149.953758,7.422746831,0
1761,Central,Silt,Rice,Zaid,Flowering,Drip,41.80641342,23.41365194,72.07060598,0.321362596,23.88216535,6.771592916,128.4267488,63.09076624,33.48324215,10.26514785,1
1762,East,Peaty,Tomato,Kharif,Seedling,Sprinkler,,19.79248381,28.38502784,12.76295552,9.800676402,6.298632898,132.7180707,56.76142797,25.0218793,2.989329174,0
1763,Central,Clay,Rice,Kharif,Maturity,Flood,16.86578065,19.92190765,62.396672,0.974703635,13.15521692,7.983221011,38.15707457,25.75333462,172.0880118,2.793256075,1
1764,North,Chalky,Soybean,Zaid,Vegetative,Sprinkler,44.17687959,23.55559788,38.65188571,3.757534214,8.881071525,8.015033919,127.7517653,19.37164618,69.53873644,2.748738723,0
1765,East,Silt,Cotton,Kharif,Vegetative,Furrow,20.50340653,150,52.37876638,8.137184672,14.9032847,5.874966332,103.1751777,130.0007959,88.610824,3.136808021,1
1766,West,Loamy,Groundnut,Rabi,Fruiting,Sprinkler,32.72731488,42.17270372,67.55378812,1.213245754,24.45392189,4.866949792,21.59006479,9.83745055,194.2542285,2.135538972,1
1767,Central,Peaty,Soybean,Kharif,Flowering,Flood,61.61499542,44.25261509,39.27394534,3.747246993,24.93756259,5.170329933,85.43780396,14.40008872,86.94302723,10.21391922,0
1768,North,Sandy,Sugarcane,Kharif,Fruiting,Flood,43.32126906,21.96868962,23.91387933,1.376692242,19.36787445,5.968006969,3.686874703,35.53185577,0.7154717,10.00150042,0
1769,South,Peaty,Sugarcane,Zaid,Seedling,Furrow,36.31217996,41.43892637,20.76753923,7.1292316,10.10777745,6.756999819,99.17294181,138.1616825,192.2842476,2.66505891,1
1770,East,Peaty,Soybean,Rabi,Vegetative,Drip,37.6133395,24.84765268,21.66196517,4.154479185,12.36080502,7.127148044,102.6994532,12.38071618,2.894319865,8.760908944,1
1771,East,Silt,Groundnut,Kharif,Seedling,Drip,42.16127379,18.38521634,20.62623031,9.688871787,8.918283203,5.825484185,110.5073912,118.3221499,135.7686882,7.896731151,0
1772,Central,Clay,Maize,Zaid,Maturity,Drip,64.95115807,41.10074777,28.27662924,11.24797134,24.63936575,7.169996478,24.15350758,129.3475622,66.19263645,4.038136922,0
1773,Central,Peaty,Maize,Zaid,Maturity,Sprinkler,72.44592823,34.08316904,37.96165359,5.231050172,17.69400765,8.250959935,87.95499173,54.79082251,96.43010509,3.501052771,0
1774,East,Chalky,Groundnut,Kharif,Fruiting,Sprinkler,76.87342806,19.94192688,36.59161356,6.462039538,11.22328614,7.108056509,25.03993588,42.61468798,112.1934594,3.756444408,0
1775,Central,Peaty,Maize,Rabi,Fruiting,Flood,65.08323704,27.89493773,94.00974456,3.983880425,0.302881753,5.134260918,132.5310117,98.2197706,83.73431175,9.036936689,0
1776,Central,Clay,Groundnut,Rabi,Fruiting,Flood,32.0784827,23.61773085,42.95045789,2.426022765,13.01208536,6.818675652,94.50149698,101.8820171,158.7456014,4.51248773,1
1777,North,Clay,Wheat,Zaid,Vegetative,Drip,58.16942943,37.10383706,29.55655875,5.22229584,24.59820504,6.667582067,13.34561872,113.0966886,190.794814,4.057552054,0
1778,North,Chalky,Tomato,Kharif,Maturity,Sprinkler,40.63221868,28.60248692,60.91719081,11.94554423,13.07652272,7.982800444,26.1845122,120.4321833,17.71447068,1.247292099,0
1779,North,Peaty,Potato,Kharif,Maturity,Flood,27.82694354,44.67839835,84.34680915,2.695100052,4.560667137,5.901212221,92.88441374,38.91734112,164.0518407,10.99060143,1
1780,West,Sandy,Soybean,Rabi,Fruiting,Furrow,68.86101056,16.64234947,70.85452826,1.88737768,0.552343678,6.19178244,66.73386946,99.60943227,26.37758388,9.279745589,0
1781,East,Sandy,Wheat,Rabi,Maturity,Drip,12.68984443,25.65045798,42.20615669,2.458686017,8.867593953,6.894636222,103.0816733,19.56133002,16.45682257,6.200620434,1
1782,East,Sandy,Potato,Rabi,Vegetative,Sprinkler,73.12333945,29.45700501,62.12121198,2.858167829,22.95570139,6.597701247,39.31043185,74.05604307,195.9454478,11.37219612,0
1783,Central,Silt,Sugarcane,Kharif,Flowering,Furrow,42.30342252,30.09400664,73.61419807,0.382035529,24.9138527,7.37606637,92.10845516,88.86860289,100.3060452,4.22885433,1
1784,Central,Silt,Cotton,Kharif,Vegetative,Furrow,54.60410338,24.47807467,74.60783693,3.450178535,23.63419937,4.661555964,24.77442352,23.45113082,31.28367466,8.421755475,0
1785,East,Sandy,Groundnut,Zaid,Seedling,Drip,56.15477455,36.87720747,69.99038415,3.409199231,18.23549983,6.754064077,76.11943687,11.09344826,116.8412082,4.356654154,0
1786,Central,Sandy,Soybean,Rabi,Seedling,Flood,72.65824185,41.2424122,85.31078186,4.439048809,13.95356821,4.986687572,134.0919428,28.23821151,53.96361345,4.460296681,0
1787,North,Sandy,Cotton,Zaid,Fruiting,Sprinkler,54.56687775,43.16157906,85.25790938,2.253515683,14.76715366,5.76083597,87.95111252,60.98536844,95.18334845,10.29180083,1
1788,South,Clay,Onion,Zaid,Seedling,Furrow,52.97535093,39.1528013,63.42024196,4.748043252,13.47480023,-5,6.999106451,128.7369418,128.0552167,9.657241488,0
1789,West,Loamy,Wheat,Rabi,Fruiting,Drip,14.66564284,40.51740592,52.23922768,10.52754421,17.67623262,5.129656802,138.4266993,77.12759156,178.2003149,4.235181737,1
1790,North,Silt,Cotton,Kharif,Flowering,Drip,46.28856154,31.51635902,68.11777217,15.55807202,10.47183067,5.735367342,21.96128615,108.5314693,0.631686645,1.895284672,0
1791,North,Silt,Rice,Kharif,Vegetative,Drip,20.51183006,39.77664679,81.3659001,4.380691401,16.73010012,7.312025931,100.5296744,25.2509566,43.89883549,4.933425536,1
1792,Central,Silt,Tomato,Kharif,Maturity,Sprinkler,61.62036381,24.10511727,20.42390786,0.217622768,3.040302874,7.10322097,74.55420547,15.36683872,19.7354613,9.36063289,0
1793,West,Loamy,Cotton,Kharif,Seedling,Drip,45.85553446,26.95436286,94.39977568,17.40705007,6.642382664,4.864158677,41.21049629,34.74451686,19.90502882,2.105987973,0
1794,South,Peaty,Wheat,Rabi,Flowering,Flood,57.61594454,24.50739041,33.71703292,6.118532205,20.90007597,6.809073974,24.82346796,45.51265985,193.8843697,8.393109512,0
1795,South,Silt,Sugarcane,Rabi,Vegetative,Sprinkler,12.91710304,29.02162006,55.26867392,2.047091924,22.59372327,5.089017848,24.878331,79.47479273,191.8970016,10.78739586,1
1796,Central,Peaty,Rice,Rabi,Flowering,Flood,15.93544112,23.56738849,85.40223011,0.795903133,13.47520594,5.509085515,120.1759554,127.7802815,153.6081563,2.971498712,1
1797,West,Clay,Wheat,Kharif,Vegetative,Furrow,60.14263716,43.84834327,36.87802993,0.77402971,0.79089043,6.336845115,122.207752,61.78342943,131.8279237,10.48424757,0
1798,North,Sandy,Tomato,Rabi,Seedling,Drip,15.04590352,24.38533884,55.75964179,0.918078406,23.17433927,4.937387293,65.12037303,75.22573724,173.8339415,1.565002707,1
1799,North,Sandy,Cotton,Zaid,Fruiting,Sprinkler,14.98797094,17.94133614,29.94366351,0.233218087,17.55160645,8.474587872,14.50700481,0.668962718,11.97379131,8.335682839,1
1800,East,Clay,Potato,Zaid,Vegetative,Sprinkler,10.84759327,30.80451498,49.6307244,11.62181196,10.35069809,5.161478244,123.7831145,4.830249119,24.49458759,9.701428124,1
1801,North,Sandy,Onion,Kharif,Vegetative,Furrow,76.95509788,16.71297235,33.28515911,3.891001285,14.95947358,7.625250514,68.18230806,12.14653399,65.00814928,5.892427294,0
1802,South,Clay,Cotton,Rabi,Flowering,Flood,61.62558516,18.31629499,47.27208116,6.019187613,10.74437086,7.81935538,61.4267392,101.3541424,170.6609379,3.241015643,0
1803,South,Sandy,Wheat,Zaid,Seedling,Drip,34.7275986,21.58168168,48.00981626,8.804459345,11.63348067,8.47785588,57.02998342,70.49774847,96.80767127,11.17202449,1
1804,West,Clay,Tomato,Kharif,Flowering,Sprinkler,30.75749069,28.9305075,94.48780922,7.840064651,22.17024664,6.214612871,51.10198434,27.97937379,103.2328265,1.219657555,1
1805,North,Clay,Onion,Kharif,Fruiting,Drip,34.47922608,27.99752797,94.6109772,10.71108138,4.027106173,7.996378081,73.64075651,85.92691861,46.99941308,7.105783522,1
1806,North,Sandy,Cotton,Zaid,Maturity,Drip,64.22574718,38.99075586,28.6089709,17.09496736,2.591728387,8.330157756,84.63577173,78.96876201,132.9194336,5.101343496,0
1807,North,Peaty,Tomato,Kharif,Flowering,Sprinkler,56.29594277,37.18423962,74.44765845,-999,0.068218613,5.19157658,65.3005085,12.87589876,182.0076416,6.07162915,0
1808,South,Silt,Wheat,Zaid,Maturity,Drip,22.96368975,27.78954882,23.88091098,15.01232108,7.85000939,6.417744356,125.5307429,92.85985204,67.55041507,6.902215619,1
1809,South,Silt,Cotton,Rabi,Flowering,Furrow,22.18765347,25.01112623,22.26440115,6.42392533,3.685344162,4.740043275,44.47257199,111.2374565,126.9331177,6.882234845,1
1810,Central,Loamy,Rice,Kharif,Vegetative,Sprinkler,16.88769548,24.49406352,27.90004207,0.366447176,5.499637378,6.982896048,80.96365995,41.55038912,68.04953764,3.239860301,1
1811,East,Chalky,Tomato,Zaid,Fruiting,Flood,56.22119038,38.21985262,92.41142428,5.725110599,0.280974567,6.825624627,41.99354883,99.68588499,162.5074179,8.476725552,0
1812,North,Chalky,Soybean,Rabi,Maturity,Furrow,63.50608636,16.56217219,90.56476609,5.803236285,5.679885367,5.316505139,105.4690033,28.95932997,97.36674608,1.210631203,0
1813,Central,Loamy,Wheat,Zaid,Maturity,Furrow,28.55324998,15.38464949,34.54458652,11.81489116,8.317789548,7.691611036,14.29695391,109.725678,69.59114956,1.233025036,1
1814,West,Sandy,Maize,Kharif,Flowering,Flood,11.46614727,38.86633176,32.12542517,2.333502513,0.78918741,4.649074891,26.41785955,132.2072545,86.11001511,6.263360754,1
1815,North,Silt,Soybean,Zaid,Fruiting,Furrow,15.75201672,29.31439128,38.04013149,4.396317646,15.19760311,7.724909297,112.1681974,64.07073295,18.70164189,6.960931683,1
1816,North,Chalky,Onion,Rabi,Flowering,Sprinkler,77.75020244,18.92643416,58.66602456,0.061312141,14.22000872,4.606581165,25.64766333,35.47020134,177.5540164,4.023784299,0
1817,Central,Loamy,Potato,Zaid,Maturity,Sprinkler,30.68113442,22.06697804,62.7278474,2.017898749,2.425894463,7.127315249,87.60448847,57.88062182,196.4041563,7.06843087,1
1818,East,Silt,Onion,Zaid,Fruiting,Drip,63.84562035,42.97511859,36.61950728,0.321325999,14.87524444,4.815078056,135.8340833,36.26123354,97.86990685,6.677201563,0
1819,West,Clay,Groundnut,Kharif,Flowering,Sprinkler,53.72644982,40.78508927,76.74670911,3.689394172,24.96634797,5.504902077,73.20468593,0.179709486,45.37412766,4.841426102,0
1820,West,Peaty,Potato,Kharif,Vegetative,Flood,36.73577478,36.29355151,43.21648771,8.503591503,23.61172382,7.387653397,26.23550249,94.31620871,136.2545208,8.169521002,1
1821,West,Clay,Onion,Rabi,Fruiting,Drip,24.39810835,,89.15984941,1.1561476,0.066774834,5.621619199,44.8967464,6.166363085,92.73820331,11.53730938,0
1822,South,Loamy,Cotton,Kharif,Vegetative,Furrow,18.49704927,30.60970879,69.25420298,3.747963843,19.88445778,6.544695395,115.2841307,30.50665733,51.72151657,6.398829639,1
1823,East,Loamy,Tomato,Rabi,Fruiting,Flood,53.05090776,44.25733606,52.72633957,1.140834715,8.840131906,8.160993078,49.23252784,104.7551856,7.878794415,9.646558352,1
1824,North,Sandy,Wheat,Rabi,Maturity,Flood,64.22436464,43.97311332,79.24340013,0.643080138,1.591284258,4.698537416,101.2915903,96.53012702,182.3894126,3.723562199,0
1825,East,Peaty,Wheat,Rabi,Fruiting,Flood,55.07329775,21.45807137,81.34359695,3.576931145,7.399580343,7.744319175,108.8290088,10.63269225,163.3305422,9.381456529,0
1826,East,Chalky,Cotton,Zaid,Vegetative,Drip,47.12114933,39.33313699,41.78612042,0.412283124,8.043412908,4.761087994,70.16559861,95.70793746,169.9462418,8.1379655,1
1827,East,Peaty,Maize,Kharif,Flowering,Flood,12.93658564,20.91727999,45.47859079,4.42583363,13.08110598,5.007179377,109.6498738,134.933359,90.16714484,8.036675579,1
1828,East,Silt,Tomato,Zaid,Maturity,Flood,77.79421443,21.40612434,90.19663653,0.159194922,16.52709418,4.977276416,44.36642062,10.80285801,154.4173554,10.82338874,0
1829,East,Sandy,Wheat,Zaid,Vegetative,Flood,65.90999342,35.28279102,32.35557788,0.564247843,18.72639031,8.476409133,72.26235054,60.27479301,119.1511791,3.566852804,0
1830,South,Peaty,Cotton,Zaid,Seedling,Furrow,30.49754257,27.15003296,23.16128127,3.992510542,6.147576064,5.220745277,96.11815696,105.7679141,76.82893576,5.052951288,1
1831,Central,Loamy,Potato,Zaid,Fruiting,Sprinkler,78.59792306,42.94633221,54.0541492,4.475183695,8.044264256,8.087047385,23.53024062,96.81983546,172.7621281,1.913742027,0
1832,East,Clay,Potato,Zaid,Seedling,Flood,52.13171127,17.67029205,80.09074252,0.147076753,7.709542671,8.463728652,38.30707543,32.84402866,204.7452973,8.987319744,0
1833,North,Clay,Cotton,Kharif,Vegetative,Furrow,50.76958607,30.34576922,77.87510797,4.259270314,9.068421703,6.035139082,91.28512448,23.64475524,184.352873,10.28254014,0
1834,East,Chalky,Maize,Kharif,Seedling,Drip,62.36512256,42.55564591,88.96479717,9.116328866,24.99140772,7.024194174,91.75041678,113.7158156,159.1193542,5.46416854,0
1835,West,Peaty,Rice,Rabi,Vegetative,Sprinkler,66.82388517,42.12340981,59.99004983,6.406360705,19.44858257,7.616365015,69.0623705,138.655475,153.2391343,4.925095003,0
1836,West,Clay,Rice,Kharif,Maturity,Flood,55.95350251,19.6958764,27.50485037,0.703125922,24.37476163,6.070580327,111.3819499,111.2996028,133.3010128,8.245170414,0
1837,West,Loamy,Tomato,Zaid,Flowering,Sprinkler,18.96670225,25.999131,64.15167308,4.488260668,17.32777649,5.147256562,67.48768628,139.6646499,174.9915869,1.831495069,1
1838,West,Silt,Potato,Zaid,Flowering,Drip,33.67872542,33.573642,78.37967108,5.577558922,10.15676754,6.235050975,123.3851172,87.7243365,101.0816558,4.232260857,1
1839,East,Loamy,Potato,Rabi,Fruiting,Sprinkler,74.96585482,,26.99960902,0.189709905,9.743604591,7.58755058,103.0264803,134.7193348,37.25454959,5.028340784,0
1840,West,Peaty,Sugarcane,Kharif,Maturity,Furrow,25.72309283,44.04066516,32.94930508,9.667110654,12.21452862,7.623051051,44.05728086,100.1131757,157.4501935,6.704493124,1
1841,South,Chalky,Wheat,Kharif,Seedling,Furrow,36.05169167,42.44247986,20.92179959,11.83654601,10.42174458,5.422155169,55.33556119,131.7882888,188.4988067,6.242261414,1
1842,East,Loamy,Groundnut,Rabi,Maturity,Drip,40.24538181,20.00850537,64.52394346,9.500698477,20.70815615,5.19986256,93.47613601,23.43040036,69.97721985,3.295484651,0
1843,Central,Loamy,Cotton,Zaid,Seedling,Flood,40.75834928,18.63466384,86.5050794,8.704328111,11.62505033,8.182242808,125.2233666,118.2569563,160.5115761,6.948666612,0
1844,West,Clay,Onion,Zaid,Maturity,Sprinkler,52.90577077,17.56225448,70.2997487,6.831776333,7.390359005,4.675996122,25.01922258,28.52814114,56.11315413,11.1845556,0
1845,East,Chalky,Cotton,Zaid,Flowering,Sprinkler,76.01530864,42.28330992,93.65300657,5.017856607,19.37150672,7.438953903,72.05289542,3.977219782,193.233056,1.297966793,0
1846,South,Silt,Cotton,Zaid,Fruiting,Drip,26.84848983,20.80871429,24.72752394,5.675764261,21.36051023,4.685685542,16.62981899,75.04998944,140.1095034,8.483372296,1
1847,North,Chalky,Onion,Zaid,Flowering,Flood,18.50509634,27.48854786,87.72508139,8.209683966,10.5107239,7.851600203,39.12372174,46.14650818,116.7015774,7.8717993,1
1848,East,Sandy,Maize,Kharif,Flowering,Drip,23.82293429,28.46554097,81.05512155,5.430926004,16.6952143,8.121659253,96.0373903,6.312047459,159.8733824,11.1686965,1
1849,Central,Peaty,Cotton,Rabi,Maturity,Sprinkler,72.08474301,32.97033133,43.56811404,1.985453533,1.470113347,5.689676497,10.88284893,142.1441349,166.71239,8.098794344,0
1850,North,Peaty,Wheat,Rabi,Seedling,Drip,55.20675689,17.15206031,93.01449139,2.357712881,13.2366213,4.795742574,92.73020146,96.63758385,182.9358291,7.873269837,0
1851,West,Loamy,Potato,Kharif,Maturity,Drip,30.01347525,21.80275852,41.59533111,11.36792196,1.124528444,6.422738145,126.1135569,130.7627651,184.7295042,9.467862261,1
1852,East,Clay,Groundnut,Kharif,Seedling,Flood,67.11628573,42.94471161,86.69785429,0.086351818,0.729771012,5.693852147,135.7118407,144.866975,10.80161924,3.945865437,0
1853,West,Clay,Rice,Kharif,Vegetative,Furrow,70.29589975,42.25230322,86.05614328,6.000245581,15.32312126,6.168544571,30.32850814,56.83517682,25.19605964,7.553054887,0
1854,North,Peaty,Sugarcane,Zaid,Fruiting,Sprinkler,69.25600371,38.43871942,76.82432125,15.48080844,7.58338456,7.159941814,104.8457139,36.93686917,169.34248,6.713632203,0
1855,South,Chalky,Wheat,Rabi,Seedling,Drip,74.32485735,15.58203737,62.26028554,6.124759506,18.56342906,5.339304144,129.6918628,26.66323694,193.9405889,5.823197573,0
1856,Central,Sandy,Maize,Kharif,Vegetative,Flood,27.65687141,24.81020305,29.00020622,25.50716863,22.40206402,5.927806278,12.79170352,74.70213063,63.07272887,1.874358841,1
1857,East,Sandy,Maize,Kharif,Fruiting,Furrow,62.85293501,33.83876206,59.89788009,5.816472589,3.484779343,7.630249961,57.96330519,87.88171274,1.763372779,4.218917438,0
1858,North,Silt,Groundnut,Rabi,Seedling,Sprinkler,42.23776481,23.25570635,46.75971917,0.17483661,18.11307096,7.0750478,128.7173674,68.50129672,66.15456375,4.079798854,0
1859,North,Loamy,Maize,Kharif,Flowering,Flood,68.9398987,42.28760085,79.41627749,8.772604027,12.86299996,5.805101965,28.39024976,56.15154215,78.48714787,8.966760529,0
1860,East,Peaty,Groundnut,Zaid,Fruiting,Flood,60.9943474,34.01668385,76.85969049,1.674776323,2.802981254,7.157206401,130.7264957,24.3995217,156.0118398,11.12721749,0
1861,East,Chalky,Tomato,Kharif,Fruiting,Flood,64.35132125,17.15720152,88.29593805,2.953469465,16.28981516,7.561251692,73.80688995,64.06964545,9.754856456,3.538659452,0
1862,West,Sandy,Wheat,Kharif,Maturity,Sprinkler,55.93132864,42.27016767,21.11226218,1.870500243,15.23667008,6.869942324,13.98503156,12.36025488,43.5912484,1.820863328,0
1863,East,Sandy,Rice,Kharif,Fruiting,Sprinkler,22.42001386,43.73299975,80.68274126,1.563660137,12.89104669,5.45798733,62.98282435,125.431925,183.2635602,11.9995265,1
1864,East,Clay,Soybean,Rabi,Maturity,Flood,48.15188432,17.33137255,90.38465398,2.822940554,23.16178011,4.500981162,45.67656737,6.800884554,31.73818394,8.603258631,0
1865,North,Silt,Potato,Zaid,Vegetative,Sprinkler,78.92688177,30.97080705,79.19753368,2.380120165,13.0269924,7.711396428,39.50858248,55.19367895,155.6457687,10.75117932,0
1866,West,Peaty,Soybean,Kharif,Fruiting,Furrow,75.61716465,24.10092847,29.76458449,5.016582115,24.76287789,7.790534221,75.80658059,14.51999101,74.06863519,2.582673575,0
1867,West,Silt,Tomato,Zaid,Seedling,Furrow,13.02216151,26.78517229,26.09593286,8.387277753,12.73072035,7.290418006,67.70297671,112.3721724,135.8453441,9.808448452,1
1868,Central,Sandy,Sugarcane,Zaid,Fruiting,Flood,21.5370371,20.38953654,21.56339299,1.76262251,2.896300958,4.806323725,67.47540235,45.34686193,15.13853318,9.946561206,1
1869,Central,Silt,Tomato,Zaid,Fruiting,Furrow,19.22101414,32.34216306,67.15589194,1.20221891,11.76178128,6.84088915,12.33984235,16.40031383,58.74437874,2.666378186,1
1870,Central,Sandy,Cotton,Zaid,Seedling,Flood,60.8185937,43.7393806,67.22544889,5.496491683,4.558219064,7.784082685,112.3245453,77.06623834,87.08189619,2.775445981,0
1871,Central,Chalky,Soybean,Zaid,Fruiting,Drip,67.24497309,30.09217801,94.01852857,5.548164958,14.92833713,6.05867328,67.40150415,132.860166,175.7285883,4.249963377,0
1872,West,Clay,Tomato,Rabi,Maturity,Sprinkler,24.94579564,17.48743744,49.85323806,11.56980979,17.32830438,5.292002937,114.926816,131.7535063,115.5166508,3.384661924,1
1873,North,Chalky,Rice,Rabi,Seedling,Flood,45.40968851,33.60004,44.89297137,0.080370934,11.71088197,6.850509189,115.4432498,36.19940096,9.271185081,11.72950899,1
1874,Central,Loamy,Soybean,Zaid,Flowering,Flood,68.84921196,25.20668983,66.83186954,9.587996718,2.442574192,7.805226509,44.39894548,104.350653,164.3826475,4.99238217,0
1875,Central,Peaty,Tomato,Rabi,Fruiting,Drip,61.29610813,40.67775569,81.92065044,3.68029609,11.71603496,4.695479835,0.608482533,4.391207962,11.17690524,9.374370529,0
1876,West,Loamy,Sugarcane,Kharif,Fruiting,Furrow,47.95660438,28.04034445,90.25804621,4.855082304,2.036355368,6.887804869,127.5743948,19.11851049,191.5451456,9.855558838,0
1877,South,Silt,Maize,Rabi,Maturity,Furrow,51.32433833,20.78518827,80.23431246,0.479094469,17.05314889,7.072695181,106.497257,72.4234937,43.40207644,5.245349759,0
1878,North,Sandy,Sugarcane,Rabi,Seedling,Drip,45.58523828,20.73316868,52.00054855,2.833585375,19.75920562,6.909468157,15.01527396,33.169683,100.0248597,8.508441097,0
1879,North,Loamy,Maize,Rabi,Fruiting,Furrow,30.82839159,38.06292542,67.61856765,1.289337597,24.05950818,7.100134737,98.24178476,115.7479688,14.8175986,2.18580155,1
1880,North,Clay,Soybean,Rabi,Maturity,Flood,49.5515395,,84.2224495,1.466656866,3.720052678,7.02550123,2.803257614,135.0054649,115.1510392,5.366582566,0
1881,South,Chalky,Soybean,Kharif,Flowering,Furrow,58.22197114,38.01700182,56.79572662,3.506855671,13.31050839,5.02161554,3.886269691,0.62833089,101.9318836,11.64041726,0
1882,Central,Silt,Sugarcane,Kharif,Flowering,Furrow,71.13260411,21.17661932,36.25149828,8.36870765,14.18843419,5.439747108,73.61525354,33.77279529,84.10094965,2.853837193,0
1883,Central,Silt,Groundnut,Rabi,Maturity,Furrow,54.54039478,24.65059106,32.72925798,6.808612294,23.06191334,6.975976021,13.44524009,63.73523518,7.292447992,5.242824352,0
1884,North,Loamy,Groundnut,Rabi,Seedling,Flood,63.27850759,28.96460917,20.01183084,4.470200115,15.68191601,4.570772645,135.0071131,81.64649681,180.1819576,9.695736609,0
1885,South,Silt,Soybean,Kharif,Fruiting,Drip,21.20501445,43.29587549,73.86784962,3.876323952,3.637741141,7.038978075,125.1363717,132.8059028,164.5405028,8.319655804,1
1886,South,Peaty,Soybean,Zaid,Maturity,Drip,42.30902321,42.95194274,28.33229066,2.787019059,10.9087831,7.161546495,90.97368437,129.3231061,129.7711542,7.946704617,1
1887,West,Loamy,Cotton,Zaid,Maturity,Sprinkler,10.65321339,21.20615626,38.28793248,18.00616988,16.36906321,5.456699039,8.919255917,92.38966442,117.3071464,10.38583205,1
1888,West,Loamy,Cotton,Kharif,Maturity,Drip,27.26752052,25.74657124,42.34072486,4.107091356,17.5071108,6.892531319,45.47693609,37.32126204,142.4640184,1.320032273,1
1889,Central,Chalky,Maize,Rabi,Vegetative,Sprinkler,60.85232006,19.48198165,62.02848951,1.464923187,21.57684996,6.636360243,52.04121971,113.5767324,29.51795326,9.48280805,0
1890,Central,Clay,Onion,Rabi,Flowering,Furrow,79.42669659,30.29955238,49.8467958,1.307413414,4.512677996,5.542766193,67.32317702,29.38450684,191.1920705,10.70803943,0
1891,Central,Silt,Groundnut,Kharif,Vegetative,Drip,16.94246697,28.81747652,70.6005494,4.725419408,23.78855367,6.351896047,23.64640236,139.949987,58.35802476,1.177919252,1
1892,North,Clay,Maize,Rabi,Maturity,Furrow,38.10460211,42.02280487,24.17289945,3.699386377,1.4784853,8.138498118,80.85162999,0.846787781,134.5805059,7.148592462,1
1893,North,Silt,Potato,Kharif,Flowering,Furrow,66.00496781,42.90016133,29.29543957,0.03863792,24.59405336,6.206411122,61.00789071,82.61672307,124.3849146,4.834473337,0
1894,West,Loamy,Potato,Zaid,Fruiting,Furrow,24.28249442,26.50702173,57.44086276,8.861707291,21.44417732,7.019376708,132.6215749,12.8176008,130.5058658,1.558389797,1
1895,Central,Silt,Soybean,Rabi,Fruiting,Flood,48.85594645,29.75213829,45.27235909,6.089046345,16.50681957,4.641403284,131.0673321,59.10193188,180.1851852,5.595229312,0
1896,Central,Clay,Groundnut,Zaid,Vegetative,Sprinkler,61.31499072,41.88708747,42.18600221,5.421022254,18.37488751,4.811200453,79.16635375,92.06536335,60.66179736,8.084331553,0
1897,West,Loamy,Maize,Rabi,Vegetative,Sprinkler,53.11898152,39.20123423,25.02710593,0.356302154,1.817300148,4.825232293,90.20890704,99.99178186,153.5343786,11.10914995,1
1898,North,Chalky,Maize,Kharif,Flowering,Flood,23.16173142,15.10968934,87.17893811,2.247522695,1.036996572,7.612963055,19.29150549,113.9075731,122.6701681,7.825835351,1
1899,North,Silt,Rice,Rabi,Fruiting,Furrow,34.87691981,24.60178693,71.88639396,13.69633152,2.544144914,5.901027579,31.26525344,86.0325169,15.59236785,10.4241739,1
1900,West,Clay,Soybean,Rabi,Vegetative,Flood,64.86542491,27.65322726,29.12136176,9.923903003,2.183995367,5.410446753,126.1001566,36.44130594,84.90170958,2.337286573,0
1901,South,Chalky,Maize,Zaid,Maturity,Drip,48.79585599,21.89148851,24.87844683,1.681161892,13.68453084,7.489298274,97.88322921,128.9417202,171.7800725,3.315732843,0
1902,East,Silt,Rice,Zaid,Maturity,Sprinkler,10.36607295,20.98714848,93.11544001,0.85429087,5.386099678,5.17984025,26.52022762,117.6105749,64.64621473,11.67322151,1
1903,East,Chalky,Tomato,Rabi,Vegetative,Furrow,63.2693532,16.1335352,71.08794128,2.980900572,21.50514093,5.4859701,79.82944285,23.20758607,98.86409608,10.76140759,0
1904,West,Clay,Tomato,Zaid,Seedling,Furrow,12.47179485,34.30109175,51.30920533,2.198966002,11.14371558,6.223725773,130.8665751,119.8441217,100.1709065,3.587496483,1
1905,South,Peaty,Tomato,Kharif,Vegetative,Furrow,,22.87530871,72.62982806,5.732080131,17.38776191,5.825752276,48.32395486,141.0334548,126.6920227,7.8307127,0
1906,West,Clay,Tomato,Rabi,Seedling,Furrow,24.17363921,16.57041535,76.72488399,16.97132882,16.32182732,6.841568844,26.01485257,92.39677194,181.2236613,4.988960344,1
1907,Central,Sandy,Sugarcane,Zaid,Fruiting,Flood,77.06514361,21.92937932,78.49716518,2.254939498,7.996325973,5.851362476,131.8835388,40.86175735,35.57553575,6.154583596,0
1908,South,Silt,Groundnut,Zaid,Vegetative,Sprinkler,35.75585259,39.05741859,55.84079792,0.321221743,6.079189338,6.071806543,64.57715044,87.95610553,103.4464609,10.46965964,1
1909,Central,Sandy,Maize,Rabi,Fruiting,Sprinkler,32.88521314,40.54467545,52.24120686,11.39502688,8.561407132,7.951546433,58.41387981,49.66758503,86.97478815,9.092838711,1
1910,West,Peaty,Onion,Zaid,Vegetative,Drip,20.42216352,29.49198736,20.82710632,0.193442871,19.91645935,8.038125759,37.45940797,98.01223824,60.66361847,3.622868179,1
1911,North,Clay,Wheat,Kharif,Vegetative,Sprinkler,31.39229508,27.48212011,89.49178364,15.26319565,14.65692121,7.810844763,124.8219413,78.99599412,188.5196763,4.475923822,1
1912,Central,Chalky,Soybean,Kharif,Maturity,Drip,71.36555333,44.33561081,65.24809088,5.461850479,6.338466563,7.959323731,118.3863474,134.7761388,1.675073944,4.186815058,0
1913,North,Loamy,Rice,Kharif,Maturity,Furrow,79.74340363,21.01693979,35.23654529,14.20984049,20.44616108,6.778914677,56.41865592,89.59673876,25.03148249,9.587290562,0
1914,North,Loamy,Wheat,Rabi,Seedling,Sprinkler,35.78166714,21.46077849,88.97025646,1.11359125,1.368984653,7.084932859,4.285859186,31.02734414,150.3356122,6.390972633,1
1915,West,Chalky,Groundnut,Zaid,Fruiting,Sprinkler,41.40274417,23.75601531,88.61989263,0.207756069,17.47958437,6.728692666,62.53120027,105.1409316,54.00552896,11.45796738,1
1916,West,Clay,Potato,Kharif,Flowering,Sprinkler,60.54496567,20.18271955,94.18881233,3.349204259,10.97752014,7.642352336,25.32012232,43.62735609,148.2517485,9.98355895,0
1917,East,Peaty,Groundnut,Rabi,Seedling,Drip,72.03370463,26.38096795,85.55424224,2.994855623,18.28225965,6.704001943,19.98276982,39.49668818,170.6119902,3.323138739,0
1918,Central,Chalky,Onion,Rabi,Vegetative,Drip,51.51310339,42.32502681,94.83382909,2.013536621,23.18653201,4.944307858,55.03310567,56.80761071,52.19628345,9.645370749,1
1919,North,Clay,Tomato,Zaid,Vegetative,Sprinkler,37.40679887,33.46043522,38.35146411,15.80969874,18.75085245,7.738320482,13.87077123,1.739518464,39.34857901,6.566872819,1
1920,Central,Chalky,Tomato,Zaid,Maturity,Flood,38.88352886,27.35839646,83.16871889,8.646282559,11.04913388,7.542340683,134.045031,140.5253957,29.7866297,3.790811388,1
1921,Central,Loamy,Onion,Zaid,Seedling,Flood,58.69327025,43.03232384,81.72712316,5.417367622,3.774392038,7.781202381,6.655485449,77.18801115,41.01816523,4.996649171,0
1922,West,Loamy,Maize,Rabi,Vegetative,Flood,10.22527845,16.45392697,37.32052694,0.888809589,20.1587744,5.261717854,56.19174784,112.1566146,54.77300477,11.69338728,1
1923,Central,Loamy,Soybean,Zaid,Fruiting,Furrow,53.37125362,21.30828534,27.38281618,6.627377651,11.51763817,5.586468211,22.77837828,37.38857224,178.0937124,6.323575868,0
1924,East,Clay,Wheat,Kharif,Flowering,Flood,34.88451073,31.97665815,93.45653853,6.491645532,1.882808086,5.683006789,96.43358501,108.2596291,157.8509047,8.915664346,1
1925,South,Peaty,Potato,Zaid,Flowering,Furrow,65.59381319,33.4665787,42.20184136,2.76751904,17.97638494,6.532322145,11.03360289,82.23972283,0.378084968,6.247938247,0
1926,North,Peaty,Groundnut,Zaid,Fruiting,Flood,16.50934479,16.1867252,85.31688429,12.93708347,7.296299148,5.035508337,76.55278039,61.5009052,179.1944241,5.087130012,1
1927,South,Peaty,Maize,Kharif,Seedling,Furrow,51.17415869,27.09116274,20.3095366,0.913475426,1.222205738,6.041527013,108.2342093,140.7470378,16.15652144,9.760620201,0
1928,South,Chalky,Soybean,Kharif,Seedling,Sprinkler,43.66810229,34.47461894,21.57686054,1.555351024,22.56877537,5.228632644,133.0083769,71.60733855,134.3294516,10.33156787,1
1929,North,Loamy,Onion,Kharif,Flowering,Furrow,54.96278681,35.94211639,,0.326557242,12.0775273,-5,97.79385882,95.33149437,31.05232748,1.790780822,0
1930,South,Silt,Rice,Kharif,Flowering,Flood,14.53975161,34.14419708,37.9036013,7.934737595,7.024026329,7.325550538,13.92884607,2.224617766,12.76654115,4.06875348,1
1931,Central,Chalky,Groundnut,Kharif,Fruiting,Flood,50.59886512,24.61689673,71.73809626,4.861123706,17.90966395,7.919244625,12.39287696,43.71100494,155.752993,6.586581524,0
1932,West,Clay,Potato,Rabi,Flowering,Sprinkler,49.30392116,17.80560371,62.41732442,1.891246498,22.14755944,4.591623466,102.4237268,128.8602771,95.77663834,4.481475222,0
1933,East,Loamy,Sugarcane,Kharif,Fruiting,Flood,49.24620661,27.81337339,25.81143481,0.894519001,0.007676876,6.763587853,30.1461167,110.0490639,122.8078152,9.619413055,0
1934,East,Peaty,Potato,Zaid,Fruiting,Drip,52.24413666,18.86263312,32.19712222,0.204879667,17.19630463,4.644239048,62.61350321,77.82933525,87.19736885,2.262066968,0
1935,Central,Clay,Tomato,Rabi,Maturity,Flood,57.35275561,43.42870976,49.10369525,0.912081218,19.17529235,4.84099698,136.7269542,130.5231575,13.77023181,9.775781149,1
1936,West,Chalky,Tomato,Zaid,Maturity,Flood,66.34922998,29.25512598,33.9203048,3.019134946,5.248185682,7.320336138,114.7869518,70.50197442,151.6217241,7.796750589,0
1937,West,Peaty,Soybean,Kharif,Vegetative,Sprinkler,28.88745041,24.51777523,79.41667604,1.419625487,12.24059579,7.442432426,118.52307,82.14352431,168.1719798,4.183044904,1
1938,South,Sandy,Maize,Zaid,Fruiting,Furrow,67.75345871,37.98912213,51.20526767,1.49865301,2.232147473,7.755922693,120.5077867,55.41216284,8.491211333,4.789001573,0
1939,East,Loamy,Cotton,Zaid,Fruiting,Drip,44.87789776,29.93845778,27.00739001,10.42031569,18.66874706,6.396966047,86.73634762,89.90580532,77.02202538,3.011890706,0
1940,East,Peaty,Rice,Rabi,Vegetative,Sprinkler,15.39407954,24.30102072,56.32571767,3.619451456,21.18640046,7.939229928,104.1507493,46.25522198,114.2498901,3.778307403,1
1941,East,Sandy,Soybean,Zaid,Maturity,Furrow,14.09856505,39.35903227,26.81286358,6.532833404,2.704666433,5.167353167,50.25452805,55.89636574,124.0626017,8.889957559,1
1942,North,Peaty,Groundnut,Rabi,Fruiting,Drip,33.39668231,41.01456453,29.67029791,0.18182092,20.41150634,5.498865655,139.7824717,140.1173082,118.5213529,5.134725546,1
1943,East,Loamy,Onion,Zaid,Seedling,Sprinkler,64.9427884,35.19024499,37.9707374,2.271937831,19.28925426,5.03800859,39.14710375,16.13975857,142.052834,8.562325526,0
1944,North,Silt,Potato,Zaid,Flowering,Sprinkler,59.53766543,16.40893267,84.46457789,3.261651665,8.672833009,7.690149042,82.60103646,15.26202506,198.1973215,6.655182952,0
1945,Central,Peaty,Sugarcane,Kharif,Flowering,Drip,65.20304753,31.9896864,89.34593992,1.031535756,17.25723825,5.414700474,39.48863496,6.280822821,80.07023683,2.598275246,0
1946,North,Peaty,Wheat,Zaid,Vegetative,Drip,46.20883395,37.89884736,81.9693297,0.64025528,0.001203097,5.122044971,15.68994708,46.40645537,114.1078312,6.489777126,1
1947,North,Chalky,Groundnut,Rabi,Maturity,Drip,40.81392986,19.09509036,45.05579131,10.2128016,23.29494136,6.99244275,79.46201408,57.74324016,143.311119,9.321168304,0
1948,West,Sandy,Groundnut,Kharif,Flowering,Drip,20.32167687,21.86012254,40.43348308,14.01991211,13.75958088,4.808328105,49.46881392,13.70476839,121.4468835,4.274430552,1
1949,South,Loamy,Sugarcane,Kharif,Vegetative,Flood,32.97349275,41.47485315,61.18667681,0.41042691,15.5084716,4.679601109,81.65069745,79.62399433,79.28396115,8.128898312,1
1950,West,Peaty,Wheat,Kharif,Vegetative,Flood,40.38135563,15.60365166,74.13898704,2.146371907,16.61648534,4.926870594,78.21498673,84.57872171,127.936254,3.1893592,0
1951,East,Chalky,Groundnut,Kharif,Maturity,Furrow,16.20203008,37.58181413,94.50295911,15.8845478,14.03422543,4.500963536,75.91594208,108.8988706,133.2728637,2.492688537,1
1952,West,Chalky,Rice,Kharif,Maturity,Flood,25.44283669,29.21319878,29.86780339,0.434120971,21.41909719,7.287960617,17.26215709,141.5153769,119.9185374,4.962487437,1
1953,South,Clay,Soybean,Zaid,Seedling,Furrow,51.87577058,28.40316477,23.69689993,5.159088378,15.2425458,6.748941287,61.62530841,89.80607586,42.04768545,5.281239531,0
1954,North,Chalky,Soybean,Kharif,Vegetative,Drip,61.496418,150,72.07669167,17.91744147,22.69399978,5.339500436,113.6805515,16.18936697,103.7261784,9.371105934,1
1955,North,Loamy,Soybean,Zaid,Vegetative,Furrow,79.8843258,39.58194693,82.41693376,19.13465807,14.55829056,5.432019792,44.12008938,12.83601527,181.293146,6.060866264,0
1956,Central,Sandy,Maize,Zaid,Seedling,Flood,75.31793319,25.79474702,83.47615849,3.185945559,4.27806055,7.743874394,62.13641074,112.7442952,178.063385,1.893583849,0
1957,Central,Sandy,Maize,Zaid,Fruiting,Flood,54.97956397,31.22296894,70.88476618,0.888157508,22.8390639,6.507280463,69.13642264,94.29844864,153.9115246,7.973994482,0
1958,South,Sandy,Rice,Rabi,Maturity,Flood,39.48736373,35.31902059,91.55118531,1.128761725,17.04068746,7.294113428,120.7823838,23.47758723,142.9250805,6.161785859,1
1959,South,Loamy,Cotton,Zaid,Seedling,Flood,54.53241553,36.07888729,58.32535727,11.01828891,17.48097486,6.311021805,91.78396769,36.73719604,31.42222324,4.648075206,0
1960,West,Chalky,Groundnut,Zaid,Flowering,Drip,64.99561327,43.67940176,88.53610988,12.13411357,24.63704376,5.450872104,14.02835488,108.7848562,94.19025622,9.824406895,0
1961,South,Loamy,Rice,Kharif,Vegetative,Sprinkler,18.28353336,30.9401986,92.58591027,4.680932277,1.879913855,8.381611203,121.123938,82.09258836,22.7450185,2.698232693,1
1962,West,Peaty,Onion,Zaid,Vegetative,Drip,38.69334228,26.99158653,83.53680928,7.265941459,10.71481518,6.762590254,116.4892366,84.82500906,167.5433122,11.04533578,1
1963,Central,Sandy,Onion,Kharif,Maturity,Sprinkler,68.78615999,43.61110879,43.23189224,6.734046327,5.977384825,5.023927615,105.5104373,30.45125734,59.66385732,4.674676393,0
1964,West,Chalky,Wheat,Rabi,Fruiting,Drip,36.86830664,34.26330705,34.71617384,5.420908531,15.76066162,6.124360169,65.24812256,91.21340734,157.2075022,6.070355893,1
1965,West,Sandy,Onion,Zaid,Fruiting,Drip,50.03105899,23.94451069,61.10900487,8.780329312,20.17029209,5.817349648,106.0563537,111.7411463,166.9886728,11.22156295,0
1966,Central,Chalky,Wheat,Rabi,Maturity,Flood,51.14385526,18.79392736,53.97610628,5.782371704,24.15776772,5.356349874,67.02388877,128.3615727,182.9617,9.373638149,0
1967,East,Chalky,Sugarcane,Kharif,Maturity,Flood,22.91333772,40.27663504,85.83187566,3.817872964,11.36490267,8.233759957,103.1272948,106.8240121,154.5351661,1.817326772,1
1968,South,Loamy,Tomato,Kharif,Fruiting,Drip,35.35648092,25.86544808,,1.352200287,19.65545577,8.023679982,123.2154231,83.5744694,115.7694451,7.361265446,1
1969,North,Loamy,Sugarcane,Kharif,Maturity,Flood,33.41579021,34.81409164,39.3305046,6.810704964,22.9262898,5.296588466,124.6758219,97.62259955,122.6279075,4.413991588,1
1970,Central,Clay,Rice,Kharif,Fruiting,Sprinkler,11.8337696,29.12449258,76.38492084,3.206929723,17.08313581,5.908591556,63.64100039,70.34116206,65.71936675,6.593370748,1
1971,West,Sandy,Rice,Kharif,Seedling,Furrow,11.69342347,20.96789339,27.12399837,1.746310181,6.068313811,7.549261567,120.3079751,32.90024525,36.28421924,9.172659458,1
1972,North,Chalky,Sugarcane,Rabi,Vegetative,Sprinkler,68.21879306,33.05059826,44.05733105,8.096084752,15.19635378,5.334024193,14.20403327,127.9200111,26.78042199,6.457902053,0
1973,South,Loamy,Wheat,Rabi,Maturity,Flood,29.1149567,16.82049207,49.03665455,5.965388533,24.2488012,6.86625945,14.25471845,77.23028181,37.31482183,1.781240646,1
1974,North,Loamy,Maize,Rabi,Flowering,Flood,46.26551364,27.4002738,66.69453474,13.85012511,24.68884572,7.299175768,76.75737256,86.17615512,191.4601369,6.829785705,0
1975,North,Peaty,Wheat,Kharif,Flowering,Drip,30.91079015,31.39844819,31.85994843,0.904263021,16.05899559,7.115889303,91.25824658,143.5657925,33.70881711,1.265426332,1
1976,South,Sandy,Potato,Rabi,Flowering,Drip,75.84754716,28.08140922,84.54533678,5.237542367,22.17469395,7.325634561,21.41912864,142.8272733,148.3661762,4.832502931,0
1977,West,Clay,Sugarcane,Zaid,Fruiting,Drip,28.15077312,37.46016526,,1.400153549,5.008734096,7.326798356,66.10520627,85.01509282,37.84885138,6.258335752,1
1978,West,Loamy,Rice,Zaid,Seedling,Flood,40.07597689,39.83774864,88.77662839,11.69536296,6.151965124,8.359223679,13.21077349,4.923802993,199.9344029,8.091409197,1
1979,East,Peaty,Maize,Rabi,Seedling,Flood,71.09111753,38.13729222,55.09024352,0.52402232,23.82219032,5.885995558,84.29392798,57.44139302,75.14982977,6.568274664,0
1980,West,Chalky,Tomato,Zaid,Maturity,Drip,68.93534968,16.16438843,40.62801942,5.337920499,3.380884387,8.014361698,119.7131651,135.9075256,84.48796795,2.671414916,0
1981,East,Peaty,Cotton,Zaid,Seedling,Flood,23.02709925,20.82386311,30.63716215,7.82915631,4.777660952,4.58722825,103.2694566,41.80445589,82.92487365,11.2543932,1
1982,Central,Silt,Tomato,Rabi,Flowering,Furrow,66.18503169,31.09822528,20.2808821,2.191887955,10.51371498,5.652811853,52.96081734,144.8939594,167.3741327,8.1532964,0
1983,South,Chalky,Rice,Kharif,Seedling,Sprinkler,42.07308207,43.04466121,59.91181137,15.41060061,14.73960719,4.694623128,139.1311315,12.22604139,44.74955757,4.486645636,1
1984,East,Chalky,Tomato,Rabi,Maturity,Sprinkler,43.80782105,40.04870325,28.03675227,9.510015593,15.09543047,7.10481584,92.81089671,82.37655625,170.3600709,11.62533665,1
1985,South,Chalky,Onion,Zaid,Vegetative,Furrow,19.34359807,40.27603525,49.37958227,1.745081019,7.299400217,4.903161483,114.1347808,74.74015723,134.6970652,10.7083537,1
1986,North,Sandy,Potato,Rabi,Flowering,Sprinkler,15.64210596,24.09624581,64.19538209,0.037848353,23.01534745,7.882827455,93.75763422,37.02617244,45.1574344,2.578390975,1
1987,South,Peaty,Groundnut,Rabi,Fruiting,Furrow,60.95575149,27.88343691,40.67644227,1.759554238,22.87749769,7.086366735,138.5182808,137.5480339,13.4085469,8.209720046,0
1988,South,Clay,Maize,Rabi,Flowering,Drip,44.75228066,29.12117842,33.14182193,1.651629116,9.801701326,4.615261604,114.9903674,89.77982545,158.873471,7.160763973,1
1989,South,Sandy,Wheat,Zaid,Maturity,Furrow,40.57954918,,78.1041217,11.03476607,10.85729424,7.359109462,72.71925051,33.3831011,44.88742439,3.120898152,0
1990,North,Clay,Rice,Rabi,Flowering,Drip,61.06557601,15.93204391,91.00933792,17.07463272,17.56242792,7.948139789,51.3631388,55.68698869,182.2587001,3.568226545,0
1991,West,Chalky,Onion,Kharif,Seedling,Sprinkler,63.58590293,43.40708698,27.53303134,0.36521954,16.57489741,7.144484031,95.50167608,104.5782669,26.60598186,7.201511509,0
1992,East,Peaty,Onion,Zaid,Maturity,Furrow,21.12357174,22.22137757,31.66927433,3.186621672,9.557425374,4.622096864,82.63105323,43.16602334,126.3547358,4.534171128,1
1993,Central,Sandy,Groundnut,Kharif,Maturity,Sprinkler,52.71576046,22.19846711,92.00094929,3.974039395,10.35610629,7.931678194,88.10908274,127.5428993,141.8945207,10.18314574,0
1994,South,Peaty,Rice,Rabi,Vegetative,Furrow,19.47478576,17.50137161,22.83381664,0.487577185,8.700973586,7.429855652,48.02164728,24.0227152,134.828995,2.075131588,1
1995,South,Peaty,Soybean,Zaid,Flowering,Sprinkler,62.59625602,42.85523256,93.32242524,2.370039853,5.884625174,6.01380525,60.02197888,38.35323803,64.78611197,11.05433851,0
1996,East,Peaty,Rice,Kharif,Flowering,Flood,55.98686094,32.39211345,20.34833623,1.906905482,11.45345907,5.814521033,78.13352048,21.01029894,179.4823223,10.24607804,0
1997,East,Chalky,Onion,Rabi,Flowering,Sprinkler,76.96302348,35.01110571,85.52514917,3.839960937,17.1608533,6.419280726,117.4996763,15.10593162,157.8100899,9.124858314,0
1998,North,Loamy,Cotton,Rabi,Maturity,Furrow,14.82706114,42.34730662,43.04938857,5.411592281,18.54916763,7.968407004,106.8072485,43.5457364,104.5923,3.88823976,1
1999,East,Chalky,Sugarcane,Zaid,Seedling,Sprinkler,13.99383048,25.36860507,90.39416436,6.078289221,19.47184121,5.508237407,16.61182187,144.8809182,123.6750707,8.864536416,1
2000,North,Loamy,Rice,Kharif,Vegetative,Drip,29.75309523,33.64521933,43.77089665,0.735283811,9.368300336,4.903855245,34.377595,13.67776492,116.1061015,5.826467576,1
2001,West,Clay,Tomato,Zaid,Vegetative,Drip,28.31939786,16.16398364,69.07297412,8.381835162,19.11589986,7.958545492,3.732081491,30.88531782,194.0732084,7.97133687,1
2002,North,Loamy,Groundnut,Rabi,Fruiting,Furrow,27.28851594,20.60317585,26.00244273,5.674442371,0.162907892,4.605159396,1.114479515,39.38443587,183.7647135,4.438098589,1
2003,South,Clay,Rice,Rabi,Vegetative,Flood,73.43782064,,38.17473586,10.99450116,11.92624844,8.143988089,31.4125657,89.77380425,48.27694346,10.19443639,0
2004,Central,Loamy,Sugarcane,Kharif,Flowering,Sprinkler,27.46823399,,78.02595099,2.983152821,19.84761,5.722980777,111.9049327,108.075126,53.86575443,1.446337093,0
2005,South,Chalky,Cotton,Kharif,Fruiting,Drip,29.03648083,25.51928074,59.65143903,11.21638375,15.75111802,6.532890807,126.6646721,109.0303829,201.1948048,8.606057214,1
2006,North,Peaty,Rice,Rabi,Fruiting,Flood,63.15787837,26.30431883,89.59767963,10.04115622,11.8515781,5.029182099,54.84757123,1.252217381,48.4949439,10.11494364,0
2007,South,Loamy,Cotton,Rabi,Seedling,Flood,41.48178897,31.00663301,52.15635563,2.884910219,16.11605017,8.109019878,78.84780352,94.51831653,195.4632615,8.110709267,1
2008,West,Silt,Cotton,Rabi,Vegetative,Flood,64.36973899,15.00723014,85.23592744,2.399407801,22.67365008,7.499344894,98.84736427,91.45684751,133.1995095,3.111909603,0
2009,West,Chalky,Soybean,Rabi,Vegetative,Drip,14.57563103,22.23733008,,13.50130421,14.15954502,8.196622346,133.4111379,75.05992887,10.272435,4.134788578,1
2010,Central,Peaty,Cotton,Kharif,Flowering,Sprinkler,44.12998356,21.24695426,93.4436209,6.279221409,19.99465479,7.232916204,127.8105132,54.9852414,68.82407589,6.66395824,0
2011,Central,Silt,Sugarcane,Kharif,Seedling,Furrow,12.35295201,22.5144884,91.9875786,13.17251284,24.51856813,5.238775107,8.006922473,115.6294086,97.61158474,4.623939762,1
2012,West,Peaty,Onion,Kharif,Maturity,Sprinkler,14.38572424,39.17717528,,7.972125329,17.63920505,5.733068012,34.74321805,49.86271534,170.7840427,1.054080639,1
2013,West,Chalky,Maize,Zaid,Maturity,Sprinkler,73.45062173,23.3902157,86.44427528,4.699043614,14.3331441,6.4473943,6.880236154,33.35177946,67.36000972,1.447459237,0
2014,South,Chalky,Groundnut,Rabi,Maturity,Flood,19.74717598,20.74563966,83.57085307,0.615658442,0.937148678,6.929032821,86.31593894,44.96380031,63.66855399,9.445452741,1
2015,West,Loamy,Maize,Rabi,Fruiting,Drip,47.26944776,30.12790382,35.8010298,1.722889704,9.361947456,8.205837749,99.46906431,63.74894798,188.6539681,1.920778998,0
2016,North,Sandy,Sugarcane,Kharif,Maturity,Drip,38.77669218,40.96935109,66.82178006,17.34348655,14.13606834,6.035805863,43.15967773,31.03832126,16.20204081,11.20824041,1
2017,South,Clay,Wheat,Rabi,Flowering,Sprinkler,34.31403284,22.24049112,25.45117367,1.924064935,19.93016429,7.312288088,119.5392671,88.0978307,113.061849,5.870100905,1
2018,East,Peaty,Onion,Kharif,Maturity,Flood,72.9883342,17.35608728,82.75330404,0.489469357,10.95261974,8.344035396,63.39378506,128.2103344,103.3690503,9.340053022,0
2019,Central,Sandy,Onion,Rabi,Vegetative,Sprinkler,11.52763777,25.69214208,33.09094126,6.147365212,24.00145689,5.109496254,139.7734121,86.341718,11.75362585,2.380550557,1
2020,Central,Sandy,Tomato,Rabi,Seedling,Sprinkler,56.46527803,37.42955474,25.3111026,6.621374824,6.794843816,7.950838355,0.055956963,64.76690458,17.99064021,11.19158162,0
2021,Central,Loamy,Cotton,Rabi,Seedling,Flood,77.43761039,31.52071634,50.01643217,1.680565548,18.61417988,6.182824282,15.32855918,115.5459711,78.30332376,1.371897128,0
2022,South,Peaty,Rice,Zaid,Vegetative,Furrow,49.21177284,39.50380109,63.26916039,1.766773591,10.47578543,7.429687104,42.25105401,108.4656003,27.50304997,1.463508768,1
2023,West,Sandy,Wheat,Kharif,Seedling,Furrow,75.57757234,43.78776443,84.11877189,3.163958721,12.14971236,5.674153355,3.571063714,53.22342762,98.00474041,1.600443582,0
2024,North,Clay,Groundnut,Rabi,Seedling,Sprinkler,13.65805155,38.7798743,93.06818941,0.110149172,20.06255085,5.835936873,109.5275241,87.60225325,124.8222215,2.137489771,1
2025,East,Silt,Groundnut,Rabi,Vegetative,Furrow,39.31553234,33.11409237,52.96193844,7.787145866,7.405381541,4.608532899,7.388050302,105.8272147,141.7363203,6.355148083,1
2026,Central,Loamy,Wheat,Kharif,Flowering,Furrow,28.21104537,29.80024764,24.53351922,1.906952119,2.420301415,8.385616613,104.8571487,35.59217241,112.0263635,9.671040863,1
2027,South,Chalky,Tomato,Zaid,Fruiting,Flood,61.15746755,16.20207259,76.18366843,9.612636916,13.00638962,7.753810301,7.359584231,53.10971247,77.83030326,4.134426146,0
2028,North,Loamy,Rice,Kharif,Maturity,Drip,78.69079633,44.52965936,62.38799422,8.113386377,13.2198653,4.875671832,35.38181705,15.33753023,26.60051845,9.203545039,0
2029,West,Loamy,Cotton,Rabi,Vegetative,Flood,27.95710437,26.50443368,53.59185086,5.414709069,19.92919431,8.498035183,117.7787542,143.2136404,50.73451004,9.514670722,1
2030,East,Clay,Tomato,Kharif,Vegetative,Furrow,55.7922221,19.56684642,43.19516591,1.964286116,24.20798016,6.920098389,133.1533412,12.45225931,85.98144379,10.99105063,0
2031,Central,Chalky,Sugarcane,Zaid,Seedling,Drip,23.86683429,35.00126566,57.67988959,3.631623196,1.382517158,7.914914552,58.03368797,24.44788814,189.4434691,2.642871122,1
2032,West,Loamy,Tomato,Zaid,Maturity,Sprinkler,49.57311782,23.52864867,45.40097033,2.942397843,14.79223684,4.766643053,135.791455,69.5756327,41.53311914,2.490879599,0
2033,South,Clay,Tomato,Rabi,Fruiting,Sprinkler,42.47527407,32.57334813,76.77589008,2.069113828,17.03196326,6.057804714,87.76332933,125.4644159,84.73556734,2.343045611,1
2034,Central,Chalky,Potato,Rabi,Fruiting,Sprinkler,78.04037307,32.60303724,60.79202724,9.423859003,24.64503377,7.178604489,58.21691714,51.60289333,150.1233158,4.9524167,0
2035,South,Sandy,Rice,Kharif,Vegetative,Furrow,52.59690909,28.37189463,85.76358306,3.303468438,23.56475536,4.925734875,112.3921882,111.4464414,144.5666872,6.383539306,0
2036,West,Peaty,Rice,Kharif,Flowering,Flood,34.46544605,40.08355847,60.7657936,8.940523713,17.81126912,6.455611355,41.34599282,98.02494063,197.9464819,6.077702905,1
2037,East,Sandy,Potato,Kharif,Flowering,Flood,17.98670494,22.94901185,37.869681,0.555878478,13.04473528,6.270711498,37.21147659,92.60629119,39.13476582,3.827536045,1
2038,Central,Peaty,Groundnut,Kharif,Vegetative,Furrow,20.58727801,28.45897775,83.83189117,0.760076075,4.038098057,5.364160898,91.91667477,122.5275014,3.386520378,7.84177588,1
2039,Central,Loamy,Potato,Zaid,Flowering,Drip,25.7721851,31.13076386,61.79142837,18.93142627,9.60441388,5.701079343,54.66823068,2.054691996,66.0762685,4.721009938,1
2040,North,Sandy,Wheat,Zaid,Maturity,Sprinkler,27.56766629,34.90874162,35.51307786,4.430850518,14.62805813,8.368473418,19.02852377,134.7271906,30.68698556,5.026912869,1
2041,Central,Clay,Tomato,Kharif,Flowering,Flood,69.54312405,38.51915552,66.76308575,3.564399721,18.13000991,5.654593944,9.374992941,120.2377961,112.4361557,2.160830691,0
2042,North,Loamy,Rice,Kharif,Maturity,Sprinkler,,26.84421849,46.82875737,3.70283009,15.88498894,5.353704536,110.2979607,135.9907468,184.2497063,7.514544686,0
2043,West,Sandy,Cotton,Kharif,Flowering,Sprinkler,46.6373638,34.38140832,83.33042092,1.212070036,17.85307005,6.644836684,94.62750245,115.0702432,141.0865008,8.208084128,1
2044,West,Sandy,Tomato,Rabi,Fruiting,Furrow,18.03382103,19.51832859,53.9974804,6.341738019,10.72881261,7.183832136,57.65175144,127.3957541,27.83876555,9.337452425,1
2045,East,Clay,Cotton,Zaid,Vegetative,Sprinkler,70.20977853,42.97944302,74.48310186,0.442957435,18.19068226,7.400372444,125.4718689,29.44631699,23.798455,10.94410134,0
2046,West,Clay,Maize,Kharif,Maturity,Furrow,60.59700122,26.49176419,27.16521557,4.258648318,3.5935314,7.516988738,57.51994534,46.2882147,186.8472117,9.426049012,0
2047,East,Sandy,Groundnut,Kharif,Fruiting,Sprinkler,14.73678533,36.88564266,49.70182597,4.228797848,4.064657794,4.647329966,99.44136601,45.70704695,99.95995773,3.593180328,1
2048,South,Chalky,Sugarcane,Zaid,Vegetative,Drip,59.54845681,15.61023246,93.74310774,12.27800682,4.070803646,6.075041602,127.2761385,15.82917815,189.3529634,3.592206754,0
2049,North,Clay,Rice,Zaid,Fruiting,Drip,48.04767521,21.15561429,80.63452171,3.734668535,22.27162393,7.595832319,117.7001642,105.788992,150.9246317,11.06595915,0
2050,South,Silt,Cotton,Rabi,Maturity,Flood,15.7207742,29.61247633,31.99556018,0.737066197,1.900851583,8.119408407,71.55466869,19.74477944,203.6364344,9.691469264,1
2051,East,Chalky,Cotton,Rabi,Flowering,Furrow,42.08104491,41.34757403,40.83230371,4.251967927,20.03770932,6.908800493,95.28909494,7.613829081,178.6016872,9.604710733,1
2052,Central,Chalky,Rice,Rabi,Vegetative,Flood,,30.8176545,44.73618566,0.478853473,5.839272451,4.709227414,57.91320874,112.4397962,84.91349941,8.916850261,0
2053,North,Silt,Onion,Rabi,Fruiting,Flood,21.60421781,42.89611447,68.77741704,1.139485629,11.71074851,6.086583223,90.60760412,131.1761596,155.4367046,3.939221904,1
2054,South,Clay,Sugarcane,Kharif,Flowering,Drip,76.19887029,29.5139069,76.77460696,0.158013657,22.89891489,4.796908463,36.05734137,110.7978855,96.6017743,10.32151377,0
2055,South,Sandy,Wheat,Kharif,Seedling,Sprinkler,69.498276,29.7134729,76.21449566,3.600470882,14.64843074,7.494151451,60.86389593,119.6760709,47.77982009,2.571731459,0
2056,South,Clay,Tomato,Rabi,Maturity,Drip,56.83156361,18.59240366,58.24055422,0.441602706,5.252942156,4.754021877,29.33640326,86.36514329,49.41099805,4.850193702,0
2057,West,Clay,Potato,Zaid,Maturity,Flood,42.36068927,39.07968732,80.81154034,3.168681214,7.102251508,5.242924267,5.345893375,128.723219,81.45103961,4.811219939,1
2058,Central,Peaty,Wheat,Rabi,Flowering,Drip,38.82358791,22.40896237,52.78085621,13.51121314,23.0111656,6.167833696,82.39557908,72.02200494,22.85057633,7.161453559,0
2059,South,Silt,Onion,Zaid,Flowering,Sprinkler,55.5681427,41.98837468,29.2910424,6.360569711,10.67859813,6.350593468,121.0201083,143.3067797,36.4420884,6.097879116,0
2060,South,Loamy,Onion,Rabi,Vegetative,Furrow,48.18023086,42.32472661,62.33313812,0.402860808,14.67463708,6.125926801,3.580958447,14.9951812,102.6247802,6.057889464,1
2061,South,Loamy,Cotton,Rabi,Fruiting,Sprinkler,14.35911741,43.29930336,91.42260385,1.26936586,11.49830492,6.353586586,27.4441637,117.3312025,195.5541079,7.089296744,1
2062,Central,Loamy,Wheat,Kharif,Seedling,Sprinkler,45.87518541,30.60691467,79.47452385,5.599114558,9.460952201,7.352956608,64.4259083,93.00146532,118.4257001,5.569603004,0
2063,South,Clay,Sugarcane,Rabi,Vegetative,Furrow,66.44825321,35.31281354,63.40254858,11.25479767,5.581978173,5.977075292,93.22555436,84.19367989,83.74183358,3.749815544,0
2064,North,Loamy,Groundnut,Kharif,Vegetative,Furrow,42.14679143,38.3554764,68.51042453,0.167362978,17.15478751,6.691001837,23.97208711,105.242527,49.75356557,8.305327895,1
2065,West,Peaty,Sugarcane,Rabi,Seedling,Sprinkler,13.63696043,18.93043856,89.79215203,8.368579184,17.95605066,5.71347703,7.937276056,121.842272,40.15976746,9.696967167,1
2066,West,Clay,Sugarcane,Rabi,Maturity,Drip,65.03947396,33.02871585,52.12570958,4.125557641,6.87212729,5.91450998,72.66682048,125.1181897,134.973441,6.268954667,0
2067,South,Sandy,Wheat,Zaid,Vegetative,Sprinkler,24.09546475,16.02893704,44.85456042,3.949296291,19.72527108,6.955195836,114.6193598,25.43023963,173.9066901,8.144315054,1
2068,Central,Sandy,Maize,Rabi,Maturity,Furrow,28.10345844,29.9269825,93.29311738,15.82823747,21.36338001,6.461978607,4.932887304,28.57020981,81.76546492,6.8889961,1
2069,Central,Clay,Soybean,Zaid,Fruiting,Sprinkler,21.52944474,19.64528045,84.75823501,6.884584587,23.01687741,7.392145179,48.91172305,2.344143879,112.8851045,1.648960824,1
2070,East,Chalky,Soybean,Zaid,Flowering,Furrow,33.11505454,20.48768778,44.22826885,9.489563764,4.030310348,6.742154352,92.89206399,19.11715638,144.8789861,5.653931277,1
2071,East,Silt,Rice,Rabi,Fruiting,Furrow,62.9726054,25.951427,54.7835448,2.184744585,7.59809209,7.714296342,18.30388085,38.26296146,11.95059289,1.108377495,0
2072,North,Silt,Rice,Rabi,Flowering,Sprinkler,46.35701017,27.973115,51.13085968,4.041264477,21.50883369,6.273632852,33.03254876,104.5501943,71.93389472,8.28067206,0
2073,North,Sandy,Onion,Kharif,Vegetative,Furrow,24.34168919,33.69517274,31.1821759,4.777831039,4.963505071,6.464134479,74.96897013,68.98628881,149.5993424,6.589776169,1
2074,Central,Loamy,Potato,Rabi,Flowering,Furrow,71.44810547,17.23285255,91.83644929,1.93997261,0.086711481,7.179885396,133.4524375,109.8960127,140.3469004,2.395146887,0
2075,North,Peaty,Wheat,Rabi,Seedling,Flood,71.57072985,30.11075284,50.32343234,4.222736358,21.77068276,5.384975778,40.22796655,70.54769793,10.93628351,6.964106853,0
2076,East,Clay,Wheat,Rabi,Seedling,Flood,70.94048975,20.47875391,85.6496812,1.350228423,8.161236044,6.043718148,68.25383897,80.56163067,48.75279217,10.88268603,0
2077,Central,Peaty,Potato,Zaid,Fruiting,Drip,26.7157348,32.21925525,34.20171708,0.773779062,10.36243813,6.999364976,55.99032083,16.10465506,139.391229,4.745398413,1
2078,East,Peaty,Sugarcane,Kharif,Seedling,Sprinkler,41.58675409,34.12213837,61.0903108,2.341786999,11.15835064,4.615505077,125.6355341,112.6009513,55.64028868,11.80605643,1
2079,South,Chalky,Soybean,Zaid,Fruiting,Flood,78.94927593,31.7012777,21.79710388,6.721725883,21.20686502,6.247885735,10.06458096,109.9283472,166.9541103,11.55317897,0
2080,South,Peaty,Maize,Rabi,Maturity,Flood,64.04087334,37.14886531,77.31653629,12.39584459,8.447303615,6.895399745,79.26066279,44.59643079,6.048496136,9.638408267,0
2081,North,Clay,Groundnut,Kharif,Maturity,Flood,11.90171949,25.06827733,63.56854237,3.059809182,22.30699715,8.369502128,118.4567579,47.64382128,39.02114101,9.951799756,1
2082,East,Loamy,Wheat,Rabi,Fruiting,Sprinkler,14.56432139,37.95319775,66.91921876,5.147628744,15.42347845,8.008066246,138.3364608,31.85381033,57.66916091,5.515998962,1
2083,Central,Chalky,Sugarcane,Rabi,Fruiting,Furrow,42.47519638,27.98301245,23.87906619,0.543704062,13.1821681,5.622967812,97.82156965,118.006753,189.6844161,5.427952048,1
2084,Central,Clay,Cotton,Zaid,Fruiting,Furrow,73.64541441,29.52553495,35.82787477,11.74124806,8.140362678,6.528840416,53.19096659,108.3159863,163.2453861,11.49837094,0
2085,North,Chalky,Tomato,Zaid,Flowering,Furrow,47.70912586,34.44306382,25.57481543,4.203646561,6.092792407,4.725657491,57.65540935,88.32642204,181.2497427,5.028158745,1
2086,East,Sandy,Wheat,Zaid,Seedling,Drip,44.84687556,15.55075152,41.66857369,7.578332025,15.60146107,5.463017659,49.23551076,34.62920495,90.29822517,2.06560178,0
2087,North,Loamy,Rice,Zaid,Flowering,Flood,17.383159,34.61982664,67.05792558,7.910115795,11.172354,7.599423472,84.50583397,24.91873323,168.6252287,2.67971197,1
2088,Central,Sandy,Wheat,Zaid,Flowering,Drip,55.97460733,33.55755447,62.46394882,1.481801608,22.76290025,4.993256049,103.5168079,7.28898342,174.9661822,8.814388617,0
2089,South,Peaty,Wheat,Rabi,Flowering,Sprinkler,67.54722124,24.2954135,65.91123662,3.766338212,12.2909679,5.530762099,114.7254589,6.613664858,81.99114889,5.212790286,0
2090,East,Loamy,Tomato,Rabi,Maturity,Flood,36.62940053,17.57382855,61.19384535,16.1547106,12.79487292,8.276170007,58.32303536,27.13474027,203.8646788,3.192771237,0
2091,North,Peaty,Rice,Kharif,Maturity,Furrow,64.29282956,,40.47715968,0.469545805,10.41808203,7.795423202,100.3391903,14.57721719,174.503919,9.951647416,0
2092,South,Sandy,Rice,Rabi,Flowering,Drip,77.51336577,42.69671241,38.3380623,5.745054623,19.73157492,7.627310851,128.2711629,80.63561257,199.6898786,6.375408397,0
2093,West,Chalky,Onion,Zaid,Vegetative,Sprinkler,24.26365214,35.67837964,30.27947627,16.385714,10.62097995,7.958229961,128.9154712,51.92306853,177.6319073,7.244053252,1
2094,East,Clay,Rice,Kharif,Flowering,Furrow,46.63307418,18.81307841,83.68031562,1.78749862,6.733549994,7.498422746,98.56406038,64.51713841,159.1217463,2.693442901,0
2095,Central,Chalky,Maize,Zaid,Vegetative,Furrow,30.09965707,25.70169508,66.23595189,9.882545026,21.55077186,4.982344864,89.16630699,86.13974162,193.4879941,3.120296216,1
2096,Central,Chalky,Sugarcane,Zaid,Vegetative,Flood,65.49980933,32.77448982,33.98832594,13.56462623,14.92070553,6.566245306,74.41365057,95.56975308,86.06294514,2.384416407,0
2097,West,Loamy,Tomato,Zaid,Seedling,Drip,50.43153561,40.06715115,33.29070349,6.873532985,14.78775549,6.276975683,25.64767355,93.98924938,160.5833539,6.659970792,1
2098,East,Peaty,Tomato,Rabi,Fruiting,Furrow,54.42076923,16.30982786,85.47767011,1.315456674,15.27055518,5.744606313,17.30815136,37.82420509,43.64269721,9.532227129,0
2099,North,Silt,Onion,Rabi,Flowering,Drip,65.85399117,22.09899394,75.70481478,2.032333439,17.97099371,7.836161639,67.99954095,117.3959179,150.2227402,9.055137683,0
2100,East,Peaty,Sugarcane,Rabi,Flowering,Sprinkler,37.71793309,41.69246971,69.45493099,0.182330883,7.826699733,6.356556809,22.32218187,133.0679021,160.997423,3.873539026,1
2101,East,Sandy,Sugarcane,Rabi,Flowering,Flood,74.05630479,15.27496651,50.51480807,8.902710131,0.846109271,4.741190405,80.77998959,45.81106035,146.887504,10.36705207,0
2102,West,Sandy,Groundnut,Zaid,Fruiting,Drip,47.31202071,21.04197308,39.64816732,9.472656243,20.26482902,5.599862335,90.39838224,2.474485402,174.2116784,2.16226933,0
2103,Central,Chalky,Rice,Kharif,Vegetative,Flood,21.0568376,43.77072528,93.45880723,5.008021981,3.222626347,5.414484232,73.58618365,130.3773571,84.7337666,2.254549671,1
2104,South,Chalky,Rice,Rabi,Flowering,Sprinkler,58.71293827,33.4020554,79.79296813,2.173397499,18.04549343,8.049915539,5.099739752,133.9145663,111.6774671,10.34234711,0
2105,Central,Clay,Rice,Kharif,Flowering,Furrow,65.52829453,22.850141,42.63344174,0.399606642,2.057882457,7.089752403,8.081914232,7.38723386,2.186819193,3.688615173,0
2106,East,Loamy,Tomato,Zaid,Fruiting,Drip,32.17331739,17.00973283,83.56735972,6.99300104,9.382696051,6.741505064,15.86776586,0.71870582,29.94089842,8.789274291,1
2107,Central,Silt,Tomato,Zaid,Maturity,Furrow,70.00254799,15.84574021,76.91989615,6.482747168,1.575651746,6.526596967,21.5104127,118.3786935,132.0597548,1.099875511,0
2108,West,Sandy,Cotton,Kharif,Fruiting,Flood,73.43002783,22.34235239,42.28104124,12.18644425,13.05534199,7.10045211,138.5835659,43.7121864,115.2750259,2.029611975,0
2109,South,Loamy,Sugarcane,Zaid,Fruiting,Drip,29.38331412,41.44457459,51.99146407,6.55652856,16.32839432,7.519502187,48.22930236,132.6144143,40.45316528,7.702175796,1
2110,South,Silt,Groundnut,Rabi,Maturity,Furrow,78.84650309,27.47740963,33.9465084,8.821546742,4.285828529,6.717538823,40.87627231,31.42781812,49.9102828,3.006575504,0
2111,North,Clay,Soybean,Zaid,Seedling,Furrow,19.84980696,36.61000107,28.32893333,6.851211791,9.290690461,8.253141661,7.317328993,124.8674193,70.53685139,1.310350549,1
2112,Central,Loamy,Wheat,Rabi,Fruiting,Flood,24.14109679,42.54855106,74.20715246,4.98055633,23.25598728,8.407336683,88.9448547,9.95341911,146.8650162,6.136414324,1
2113,Central,Peaty,Groundnut,Zaid,Fruiting,Furrow,22.89573875,27.24121385,40.0633893,2.784054576,11.05972793,8.481369266,91.30670992,37.79234286,124.9919035,4.635725492,1
2114,West,Chalky,Wheat,Rabi,Flowering,Drip,72.5792797,20.73832113,81.50445243,11.61992772,20.06358922,7.17756444,24.56281654,141.1036875,14.26210916,9.824826209,0
2115,Central,Chalky,Cotton,Kharif,Vegetative,Sprinkler,55.80047866,30.51353793,94.67065336,5.262966545,23.17961863,8.230481867,128.6938157,33.52351488,155.7875255,10.0071189,0
2116,West,Silt,Cotton,Zaid,Vegetative,Furrow,20.64729983,42.24251061,25.74648604,2.540441219,24.35864562,6.117918781,112.0690965,19.28688269,53.84521042,7.758654333,1
2117,North,Peaty,Sugarcane,Zaid,Fruiting,Flood,40.82263929,39.13123242,55.47763438,0.43579855,22.45805049,7.938369565,32.24470435,124.2729246,137.7107341,4.22337121,1
2118,East,Chalky,Rice,Rabi,Vegetative,Flood,53.07086175,16.9748953,80.15469195,1.717417784,7.935133229,8.136697195,68.01896233,17.08111481,25.28938316,6.077893164,0
2119,Central,Peaty,Maize,Rabi,Flowering,Drip,15.84248595,35.777184,79.17131724,3.923316916,24.06432215,8.116561889,64.17471987,14.13113574,204.5738617,8.724816298,1
2120,East,Chalky,Tomato,Kharif,Fruiting,Sprinkler,71.76914579,32.15692567,76.99978687,1.612301904,20.30988104,7.823385132,48.79286221,46.89664446,16.46870999,1.762394085,0
2121,North,Silt,Soybean,Rabi,Fruiting,Sprinkler,66.25224748,42.22389529,46.17462015,1.250231971,20.92938959,6.126396647,114.4688598,92.12263346,152.0554758,4.657467972,0
2122,Central,Peaty,Maize,Kharif,Fruiting,Flood,45.36447415,18.67444251,54.03899418,3.747460952,0.379324604,5.135629928,15.29702799,103.0582242,110.9727236,10.04606671,0
2123,Central,Silt,Wheat,Zaid,Flowering,Sprinkler,77.69886307,31.0210834,64.6226268,0.930565754,23.85597158,5.835825425,58.14399358,127.7796237,17.61753421,5.466313965,0
2124,East,Peaty,Soybean,Rabi,Vegetative,Sprinkler,39.24326855,41.38388081,93.04554377,8.057451669,19.4522556,7.569154277,59.92435828,78.43217126,5.496143798,7.871348124,1
2125,North,Clay,Maize,Rabi,Fruiting,Drip,78.88772233,27.3007136,44.56604532,3.311811199,19.19918741,5.431542045,65.62158465,57.04557908,74.34647209,2.05967806,0
2126,North,Clay,Groundnut,Zaid,Maturity,Sprinkler,56.75439992,29.45984753,89.23579158,4.264969289,2.038118273,6.413088259,120.5889988,52.03089547,164.4559061,9.547505727,0
2127,East,Loamy,Groundnut,Kharif,Fruiting,Furrow,54.42698913,17.11382033,40.20176886,0.797225748,5.814213527,6.761598072,30.54336183,122.8008956,8.436004258,2.105120389,0
2128,East,Peaty,Wheat,Kharif,Vegetative,Sprinkler,21.61684267,23.34430921,94.18058491,1.96207567,24.05654163,6.91543425,14.40924429,104.9532199,144.401726,10.4767778,1
2129,Central,Clay,Cotton,Rabi,Seedling,Drip,71.73494308,24.73519948,70.26977651,2.638923796,12.51692687,8.242902194,86.49318479,131.287207,134.3521366,2.172611494,0
2130,North,Clay,Maize,Zaid,Seedling,Flood,39.92427815,43.35367346,54.76336103,8.25684507,9.946450456,7.145972082,24.3368265,139.7851411,54.43522374,10.79982039,1
2131,South,Clay,Tomato,Rabi,Seedling,Furrow,21.3563384,23.48002082,66.0042821,7.351848947,20.99852043,7.645195264,10.49049202,43.50737123,15.88586733,5.001468616,1
2132,North,Sandy,Tomato,Kharif,Maturity,Drip,10.8825264,28.82606206,40.43983768,1.261429695,2.183510353,6.827513392,59.73089088,76.80274721,187.6410019,7.86983805,1
2133,Central,Peaty,Cotton,Kharif,Seedling,Furrow,49.18289785,35.13913271,40.56303931,4.787895968,10.42355041,7.834321275,30.75050032,91.61401707,61.57170956,10.31205607,1
2134,East,Loamy,Cotton,Kharif,Flowering,Flood,46.91797355,19.86550117,28.51659079,1.394975289,9.392519361,5.554654452,50.57032664,23.75809728,22.83356252,1.112655631,0
2135,Central,Clay,Soybean,Zaid,Flowering,Drip,60.35475357,29.59327161,28.55377233,22.21829999,8.746284676,5.339510687,36.35955121,7.735319919,139.7110011,3.922624775,0
2136,South,Silt,Soybean,Zaid,Seedling,Flood,72.31806371,37.15617118,46.07538061,15.19569199,7.692306091,8.205280195,12.96910478,125.8257675,44.4196519,10.99172153,0
2137,North,Sandy,Soybean,Zaid,Seedling,Furrow,15.55846093,41.00565639,77.21416084,4.142140176,5.25187392,7.273923505,78.44860841,77.65090906,97.50430489,5.269936666,1
2138,South,Peaty,Wheat,Zaid,Vegetative,Flood,61.20475432,33.78777824,65.59783757,6.001606926,4.322770075,7.186102308,3.782578526,82.76226137,10.33313657,8.770135184,0
2139,North,Chalky,Tomato,Rabi,Flowering,Flood,23.11883609,35.07160546,27.69384202,8.083077605,16.01015292,6.369180955,135.2925487,80.46258009,203.5617095,2.540132618,1
2140,Central,Loamy,Groundnut,Kharif,Vegetative,Drip,70.07239372,18.78850418,83.91773937,6.382689171,22.98487103,6.006789037,47.78627304,109.4693022,91.76233099,8.462087616,0
2141,South,Clay,Wheat,Kharif,Vegetative,Furrow,67.33444597,43.37329492,65.10257202,6.017009688,12.72129113,6.722764778,97.32205147,21.09778198,204.8175462,1.804770951,0
2142,Central,Silt,Tomato,Rabi,Seedling,Flood,47.85556285,18.97722232,92.06416826,15.91682048,7.449363809,4.982265398,113.4508022,89.03702391,79.06334977,8.890576537,0
2143,Central,Sandy,Rice,Rabi,Vegetative,Furrow,59.7169959,38.24018812,70.26391006,4.537350074,3.979004943,6.318850244,39.07467138,68.07452918,71.30977397,4.561854498,0
2144,Central,Silt,Onion,Rabi,Seedling,Drip,32.00450792,22.94448965,33.13811478,5.057166366,20.75358413,6.321470818,104.8234193,130.0589331,187.4873273,6.124324215,1
2145,South,Silt,Groundnut,Rabi,Seedling,Flood,42.98175293,43.00779431,55.53375217,9.461284161,24.28730141,6.653346052,116.5389198,75.34503599,67.54050004,2.828861991,1
2146,North,Sandy,Soybean,Rabi,Fruiting,Sprinkler,67.51458284,36.59878618,68.63731982,5.541659879,8.728885037,7.038742457,33.78441273,136.7255712,88.5611372,7.906339195,0
2147,Central,Silt,Potato,Zaid,Flowering,Flood,42.1485638,37.61441139,22.11985258,6.601271502,7.273760639,8.329273464,138.9492548,51.22168416,16.01263953,4.713243917,1
2148,Central,Clay,Maize,Rabi,Maturity,Flood,35.04587857,21.57177519,21.11826981,1.333966752,15.03732382,7.108676508,2.896415598,140.1997324,195.8697895,5.217125067,1
2149,East,Sandy,Potato,Zaid,Flowering,Drip,44.59487131,28.2911993,29.70522504,2.320242375,19.38322452,8.034900608,30.38006723,126.8979025,17.45600437,8.174122174,1
2150,East,Peaty,Sugarcane,Rabi,Maturity,Flood,67.97744767,33.53439584,38.87483263,0.796745357,11.38507009,6.725215446,109.2029059,84.71817701,158.0929114,2.967478273,0
2151,South,Sandy,Sugarcane,Rabi,Fruiting,Drip,33.46456332,38.09920855,52.21618426,3.523725307,15.75182875,7.007711531,27.17834351,51.28794033,110.4161557,10.37209783,1
2152,West,Chalky,Soybean,Zaid,Fruiting,Flood,22.16331152,18.11878128,56.55803553,3.04152528,17.9137267,4.779347812,97.75638086,54.50888683,12.58805453,9.132150461,1
2153,Central,Loamy,Maize,Rabi,Flowering,Drip,59.84098142,43.87095949,30.35207067,29.32471331,24.0148072,5.033054892,119.7742567,112.0490525,0.349284748,7.355030035,0
2154,South,Chalky,Cotton,Rabi,Fruiting,Sprinkler,,41.70662012,70.50436843,4.723562309,4.125933263,6.818681741,134.2899982,84.19154592,191.7884959,2.411663738,0
2155,North,Chalky,Onion,Rabi,Fruiting,Furrow,17.0446235,23.11045771,64.71035463,7.719300202,24.93456235,6.08285148,66.39465216,58.23019989,152.1455479,8.558206638,1
2156,South,Clay,Soybean,Rabi,Seedling,Drip,26.79118789,39.68280729,42.08480741,2.032438184,9.803916381,7.695242079,135.9552772,92.2279694,140.7194299,1.199093093,1
2157,Central,Peaty,Sugarcane,Rabi,Fruiting,Sprinkler,19.93803928,30.54971769,21.02449126,8.905442971,18.08000357,6.672711499,57.62712154,106.3188427,89.90408877,9.848353817,1
2158,North,Chalky,Onion,Zaid,Vegetative,Furrow,34.35589881,28.85419445,25.82359365,4.773663306,14.31035945,8.029164156,30.53792555,3.320574321,48.91582628,4.341774665,1
2159,East,Clay,Tomato,Rabi,Fruiting,Sprinkler,41.52456852,24.43302317,49.37710816,5.969985828,12.16671543,8.389326714,71.94905943,13.03010616,139.3719303,2.289327056,0
2160,Central,Clay,Groundnut,Zaid,Maturity,Drip,62.41784359,32.4290576,31.54807634,1.743751974,17.45188422,5.09054074,90.9752542,13.70038886,124.7017191,2.809378495,0
2161,East,Sandy,Rice,Rabi,Flowering,Sprinkler,55.58033094,36.89667353,48.26147046,3.977432342,9.893846256,6.079311007,64.11486425,33.63040176,148.9001499,11.59447838,0
2162,Central,Chalky,Soybean,Zaid,Maturity,Furrow,53.46499972,27.32798715,67.11369534,5.026114855,3.152749533,7.159924101,79.37614216,61.91361369,74.98746629,9.512134596,0
2163,North,Peaty,Sugarcane,Zaid,Seedling,Flood,34.66624626,33.87657579,61.04280709,4.446962229,12.22233458,5.721955022,58.29728628,116.5292354,202.3193709,3.616591707,1
2164,Central,Sandy,Onion,Zaid,Fruiting,Furrow,68.90132872,35.97938763,37.33819124,12.33692791,13.04789677,5.568129351,73.46667356,50.90936007,13.73677436,11.59812868,0
2165,Central,Loamy,Potato,Zaid,Vegetative,Sprinkler,42.99010172,36.33365451,45.78668684,11.42729613,5.047553835,7.754954243,133.3633941,2.534279315,16.33883149,2.541294377,1
2166,South,Loamy,Maize,Kharif,Seedling,Flood,78.53734566,16.55898294,66.05233988,17.69954936,23.39048391,8.421513876,69.97636136,70.08746868,187.9595488,9.068799331,0
2167,West,Loamy,Cotton,Kharif,Flowering,Flood,54.38994968,40.79243417,84.5641271,5.504494595,5.686891166,7.595213325,35.44514859,144.5111463,132.7798192,8.224135895,0
2168,South,Sandy,Cotton,Rabi,Fruiting,Flood,18.83853191,28.74759944,76.49100791,17.8624434,10.23068985,6.594706491,106.224527,50.60804437,66.89848398,10.0362445,1
2169,West,Sandy,Cotton,Rabi,Flowering,Furrow,57.33242935,22.87248245,61.50500201,8.933202966,3.873242171,6.270044928,47.26182409,139.3819052,156.2003153,5.198685927,0
2170,West,Loamy,Potato,Kharif,Seedling,Sprinkler,32.75728108,,47.17197487,1.579256567,13.39491615,6.658590882,114.2690039,14.69504401,92.81854451,5.420190041,0
2171,North,Sandy,Tomato,Kharif,Vegetative,Sprinkler,58.04290377,29.49042339,47.37884582,2.788150911,7.690940203,6.351358809,7.957878458,25.0994504,4.329909306,7.870237203,0
2172,Central,Silt,Potato,Zaid,Flowering,Drip,14.87488037,41.60494618,85.95629827,1.36161936,12.231813,6.511552227,46.5049168,104.9977002,133.4762522,5.380263327,1
2173,East,Silt,Cotton,Zaid,Fruiting,Furrow,,26.35042745,22.9432682,0.021029968,5.615422911,5.313812202,13.21038716,72.6758051,49.8379471,1.45485982,0
2174,Central,Silt,Maize,Zaid,Maturity,Drip,69.90160812,37.4917724,94.09869833,1.041574907,1.344378199,8.114967797,11.94449539,110.9426615,23.64369891,9.02678835,0
2175,West,Clay,Sugarcane,Zaid,Maturity,Flood,25.90256899,17.90456193,69.82815581,0.020344264,19.48066628,7.518140006,92.17453828,125.21596,46.18100241,8.050406694,1
2176,West,Peaty,Wheat,Rabi,Flowering,Drip,68.59287877,29.28170106,71.08532743,6.361944592,16.0271571,7.223909691,53.94687219,36.40730703,97.61236563,5.66084094,0
2177,North,Chalky,Sugarcane,Zaid,Vegetative,Sprinkler,29.54932619,44.75058421,22.8498378,2.771574418,8.518483893,8.299699884,122.0070519,99.01022971,10.22056841,4.33112517,1
2178,South,Peaty,Wheat,Rabi,Seedling,Flood,55.0017337,38.11313408,65.41469562,1.874010746,1.187355617,5.637577328,72.2967193,88.10217931,181.0462393,4.527984222,0
2179,West,Peaty,Onion,Kharif,Fruiting,Flood,58.59054015,21.31585465,56.35835451,7.17156283,21.63937657,4.824637644,41.34805096,124.9225792,114.7831934,9.151314861,0
2180,West,Loamy,Wheat,Kharif,Flowering,Sprinkler,45.88583272,30.04324421,27.93341802,8.933464867,4.244875123,7.804554641,100.9244443,62.36506559,60.06421692,9.020769669,0
2181,South,Silt,Groundnut,Zaid,Fruiting,Flood,31.37174737,22.00874291,40.84415081,18.50466679,23.26855546,8.493667855,87.36235082,7.521212453,140.8359939,10.00810262,1
2182,East,Chalky,Onion,Zaid,Vegetative,Drip,24.88510635,27.28682782,86.77358422,5.136301197,11.96488446,6.813729752,111.9432469,83.25698845,164.8684819,9.383984711,1
2183,South,Silt,Cotton,Rabi,Maturity,Sprinkler,12.32325482,38.40252071,61.24913119,3.095107801,8.509667748,4.735237552,90.10235869,139.0373563,125.8545487,9.337386223,1
2184,South,Sandy,Soybean,Rabi,Seedling,Furrow,31.27624809,38.13674446,51.00624314,1.821118979,18.54398692,7.621872161,23.38187839,2.121521028,41.51140979,3.769505575,1
2185,South,Clay,Potato,Zaid,Maturity,Drip,55.72139534,21.84301134,25.45116169,1.257189239,21.92098515,4.794996195,93.84340527,34.83740832,22.60912613,2.117738101,0
2186,West,Clay,Onion,Kharif,Seedling,Flood,75.68133729,42.66669954,73.55911456,1.197164721,9.267839091,6.660055945,54.81688767,45.82982954,176.2794379,9.379274926,0
2187,East,Silt,Maize,Zaid,Maturity,Furrow,70.98431376,32.77704548,72.71381175,2.63129872,10.1835938,5.610129897,64.84002424,111.0466387,48.11091978,2.084798216,0
2188,North,Sandy,Rice,Kharif,Flowering,Drip,63.62453436,26.39772873,66.05327052,24.00979259,10.82895548,8.160107122,129.0190406,46.87515376,4.116898289,11.80322546,0
2189,North,Silt,Maize,Kharif,Vegetative,Drip,65.19131403,30.05806742,58.26969847,0.00427031,23.05807654,6.305324853,50.39496648,34.66716016,131.7949322,10.62598194,0
2190,North,Loamy,Maize,Zaid,Maturity,Sprinkler,56.54894324,33.1521376,52.53383017,1.09828504,17.31409979,8.093853394,85.67428002,94.0409121,31.34149262,6.868077621,0
2191,Central,Loamy,Maize,Zaid,Vegetative,Flood,28.22008003,31.79671596,64.49533197,1.043695122,6.191152926,5.696324341,50.88744268,6.728766899,203.1488131,4.874019216,1
2192,Central,Peaty,Cotton,Kharif,Maturity,Sprinkler,73.50365215,29.59215107,37.50465888,6.313653404,4.624992438,6.049450335,13.26184795,24.73654469,178.2948205,6.795273395,0
2193,North,Chalky,Maize,Rabi,Fruiting,Drip,56.95126183,30.14798412,90.59442981,2.173064495,5.759191586,8.288476753,63.49354789,59.16438316,124.7313738,9.077320164,0
2194,East,Chalky,Sugarcane,Rabi,Maturity,Flood,49.23084417,20.29235731,64.15958969,3.055631888,6.58909723,5.305257804,83.58861062,51.56199454,170.9424567,9.319629764,0
2195,South,Chalky,Tomato,Rabi,Seedling,Flood,17.76926284,39.38198713,43.33943333,0.80450784,5.754587283,6.814004607,57.05046089,50.33904378,96.45981866,1.810325985,1
2196,South,Peaty,Maize,Kharif,Fruiting,Flood,41.29388807,31.2528096,53.72598882,2.595944484,16.46266118,6.054041314,54.69326585,15.7404769,161.6396801,9.853395044,1
2197,West,Silt,Onion,Kharif,Flowering,Flood,42.22507898,18.93239585,80.42635917,0.544610987,2.898337766,7.59666754,114.8529919,52.32180282,132.5393782,8.056467899,0
2198,West,Peaty,Soybean,Rabi,Flowering,Drip,70.51945267,37.98471305,,3.807593596,9.683962243,5.017185485,4.155924121,115.7089519,5.872152834,1.446375753,0
2199,West,Silt,Rice,Zaid,Flowering,Furrow,48.26537541,42.97331935,41.96267168,0.515362151,15.62633932,6.248859876,41.38195554,60.00740926,194.4953218,4.444773264,1
2200,South,Clay,Cotton,Zaid,Vegetative,Furrow,36.62803843,43.41920698,70.96310171,7.81535773,7.271499349,7.295730507,113.6460172,84.9948218,176.4885135,6.617055056,1
2201,Central,Loamy,Rice,Zaid,Flowering,Sprinkler,78.376023,26.07053197,43.66169049,4.180490764,1.631859618,6.12806494,128.8742208,23.71901435,195.4485151,3.072966414,0
2202,Central,Sandy,Wheat,Kharif,Maturity,Drip,17.75044153,19.06550621,79.43762614,6.436190103,2.045598071,4.734126957,57.72194202,10.1081477,149.9300166,2.707645818,1
2203,North,Sandy,Maize,Kharif,Fruiting,Drip,39.57838998,30.5519888,29.78401154,2.710862437,3.149169408,7.320449045,124.431194,127.5936261,84.47248894,1.157092811,1
2204,West,Clay,Sugarcane,Zaid,Seedling,Flood,12.94172726,18.37827688,77.20146278,2.40222005,20.89607562,6.512793311,27.8502171,48.04902644,42.43197077,11.02705697,1
2205,Central,Chalky,Potato,Kharif,Flowering,Sprinkler,61.79328845,43.01962256,25.12637861,0.51686185,16.44658764,4.545234747,30.9997895,50.79889879,36.89925125,1.617187505,0
2206,West,Silt,Potato,Zaid,Seedling,Flood,74.26535865,20.50738882,20.94444595,3.710170621,1.613060277,6.950623581,118.4667927,127.2647382,29.70783092,5.026125636,0
2207,South,Chalky,Maize,Rabi,Vegetative,Drip,29.60261307,22.5829758,87.36676391,3.612902251,9.776721979,8.17952409,126.4560838,102.6268456,45.22497674,3.26348801,1
2208,East,Loamy,Tomato,Rabi,Vegetative,Drip,70.08391738,27.19909581,63.60044127,3.156518105,6.964629321,4.944103793,31.19280751,109.6580931,112.8803827,9.151364124,0
2209,West,Silt,Wheat,Zaid,Seedling,Sprinkler,30.45527613,26.49493406,46.38701728,6.745346742,14.45100279,6.86268494,8.305386596,98.8905052,140.167738,8.779031232,1
2210,North,Silt,Potato,Kharif,Maturity,Sprinkler,73.75391132,38.83988677,37.44459777,8.933990985,13.07014874,7.414675527,12.64537919,15.33987549,64.38159501,9.868446532,0
2211,East,Clay,Cotton,Rabi,Seedling,Furrow,62.77733325,28.68950462,66.26643374,6.947290301,12.02810058,4.783094681,36.59331695,138.9093941,112.4931287,7.784891314,0
2212,East,Clay,Wheat,Zaid,Fruiting,Drip,66.34347438,20.1230478,58.17516377,0.776640363,7.862809259,4.590461833,106.6028708,131.8247616,69.95679519,7.508184764,0
2213,Central,Peaty,Sugarcane,Rabi,Flowering,Flood,11.26045889,23.01629686,94.36983316,4.865092639,3.444994301,6.356783467,71.39885589,34.25191839,142.7845446,5.47821787,1
2214,East,Clay,Groundnut,Kharif,Maturity,Sprinkler,77.396725,30.27340156,93.741199,0.418664362,18.55940957,7.664746749,63.78243791,116.5791577,202.6396752,7.999945701,0
2215,North,Peaty,Soybean,Rabi,Seedling,Flood,60.86696944,19.42361752,67.62684246,5.931029334,21.99641922,5.14287764,81.77959036,59.36248257,141.2484785,2.267261435,0
2216,Central,Chalky,Potato,Rabi,Fruiting,Drip,31.33257668,,53.21528796,2.405032469,23.60377273,7.846549089,124.6312359,99.14621034,12.10126825,8.529641341,0
2217,East,Chalky,Groundnut,Zaid,Seedling,Drip,68.05762654,31.9724192,56.83557269,0.71069282,1.465474265,7.126309022,12.66025314,24.01243497,97.83316636,2.142875336,0
2218,East,Sandy,Soybean,Rabi,Flowering,Furrow,29.70648389,36.44106949,71.18592997,9.904350953,18.49771779,5.828693151,97.26137787,78.09036635,157.929436,10.47913893,1
2219,North,Peaty,Tomato,Rabi,Vegetative,Sprinkler,71.09276877,43.13113846,27.61809082,4.759697567,18.16258649,6.563303194,129.7507184,18.35936344,111.1595293,6.562510864,0
2220,Central,Peaty,Groundnut,Kharif,Seedling,Sprinkler,17.88062733,42.36763683,44.62640554,2.190393234,23.67774035,8.362299919,29.86900585,77.74423898,194.9679211,6.83392595,1
2221,Central,Chalky,Groundnut,Kharif,Fruiting,Furrow,59.25801842,43.38226854,25.64541808,0.156045792,6.322864862,5.365747883,117.2881242,35.32112363,11.22819424,7.433433624,0
2222,East,Sandy,Tomato,Rabi,Seedling,Flood,47.84889337,22.34146791,25.50205696,3.853492777,18.55447596,6.498141591,97.72345951,65.60764667,59.68688638,9.536577489,0
2223,North,Loamy,Soybean,Rabi,Flowering,Furrow,16.75741291,18.9469592,34.68794314,12.83443828,1.365657219,6.997946224,2.02559505,96.85555824,45.24721207,6.26317683,1
2224,South,Silt,Onion,Zaid,Fruiting,Furrow,26.93256798,24.06830101,56.39399409,4.536405116,15.78114302,5.052058422,32.42563525,127.1758143,157.3625514,5.70346881,1
2225,North,Chalky,Sugarcane,Rabi,Vegetative,Furrow,10.86828254,41.85255518,78.85807409,17.81574788,8.771195601,4.674088354,84.81826653,23.96690545,107.377579,4.171668025,1
2226,East,Silt,Cotton,Zaid,Flowering,Drip,42.81375758,44.16160424,56.41219184,0.733523871,19.22273599,4.553839812,70.33604753,129.5240217,28.36056333,2.408432858,1
2227,East,Clay,Tomato,Kharif,Seedling,Flood,31.08856825,40.77974853,45.16074579,4.200181004,21.58260716,5.798771426,73.91107535,56.55545895,58.54661901,3.093767952,1
2228,South,Clay,Potato,Kharif,Maturity,Sprinkler,51.8850239,18.30053163,26.17647428,8.000534114,9.120526055,4.795789178,32.47025944,122.3505024,107.1451612,1.005806281,0
2229,South,Loamy,Potato,Rabi,Seedling,Drip,30.80664654,43.42283994,61.27216424,3.727897524,13.13965232,7.71507981,94.5004859,74.31944817,204.2064412,10.56363813,1
2230,Central,Clay,Cotton,Zaid,Vegetative,Sprinkler,30.99433781,27.70074082,40.34514399,0.477415932,2.935101559,8.489278109,37.29857193,125.0202429,74.67993327,9.414542344,1
2231,East,Silt,Potato,Zaid,Seedling,Furrow,62.02352391,15.27930872,66.12006334,4.371978585,10.42267413,4.745215287,54.52089531,96.10948979,32.14934995,3.405506717,0
2232,Central,Chalky,Wheat,Rabi,Maturity,Furrow,13.36999852,28.27181222,93.28908043,4.730373335,9.020009831,6.230905104,51.64822822,73.76384039,101.8986378,1.026290997,1
2233,East,Chalky,Groundnut,Zaid,Vegetative,Drip,73.20264966,16.38207509,28.34857411,6.522820747,4.578086495,4.602928492,94.0835031,45.31810179,63.58820733,6.413279353,0
2234,North,Peaty,Cotton,Rabi,Vegetative,Flood,69.65847121,31.31633763,35.9094049,7.160885598,22.36196562,5.035963563,12.63538664,140.4918177,116.0231989,5.538305192,0
2235,West,Peaty,Cotton,Kharif,Seedling,Furrow,56.74632783,25.15662082,55.48209036,7.365205699,3.702195951,5.791690244,28.77586615,116.1301604,95.67561207,9.536072835,0
2236,Central,Clay,Tomato,Rabi,Flowering,Drip,51.52550991,29.20304801,92.64603615,5.444959472,15.89348394,6.074792852,28.0695899,55.27214185,141.345434,5.431850574,0
2237,Central,Silt,Maize,Kharif,Vegetative,Flood,72.46117487,33.39511082,77.88573322,1.21552727,22.25356609,8.259131786,15.17945438,24.17492099,187.4295953,10.50524088,0
2238,Central,Chalky,Sugarcane,Kharif,Fruiting,Sprinkler,22.97311257,41.06403287,87.36718949,2.589551268,22.7992145,6.083347235,29.06329704,113.0326357,41.10544191,2.05422052,1
2239,West,Sandy,Sugarcane,Kharif,Vegetative,Drip,15.52784135,34.85704729,45.02861364,7.483448152,19.8309925,6.485110636,84.98843751,143.5419217,168.3419144,5.024438949,1
2240,West,Sandy,Maize,Zaid,Fruiting,Sprinkler,26.76571189,28.02146605,94.40288553,15.33366974,4.403528347,5.482333473,102.5035439,40.4513683,194.5994717,11.27334989,1
2241,South,Chalky,Cotton,Zaid,Flowering,Flood,65.62047951,39.58283561,27.7124612,0.4111883,20.43578523,4.500500555,92.44248258,132.8001455,76.58998471,1.129025846,0
2242,East,Chalky,Potato,Rabi,Maturity,Drip,12.42691867,42.16746413,23.97296795,3.834363429,6.91412031,8.097337827,66.52633932,18.17875231,23.30085362,5.298683664,1
2243,North,Chalky,Maize,Zaid,Fruiting,Furrow,50.79647846,18.59279899,84.17019703,1.873629223,23.05995069,4.826859028,7.340839953,138.0699069,168.49179,3.856735861,0
2244,Central,Peaty,Onion,Zaid,Fruiting,Sprinkler,79.68062613,30.95798933,89.54486527,1.277003148,17.72716704,8.356995364,134.2609815,108.0741423,143.7246409,6.850467947,0
2245,South,Silt,Potato,Zaid,Maturity,Flood,69.89872657,23.53535879,26.79390182,3.524183017,19.63168903,5.023376416,23.53070452,50.25645324,43.60600199,4.066434803,0
2246,Central,Chalky,Onion,Kharif,Vegetative,Furrow,46.50119823,16.41183594,28.50705701,4.65815574,2.125811338,6.919513923,93.57899186,44.17161423,91.2708366,10.5689885,0
2247,East,Peaty,Rice,Kharif,Fruiting,Drip,14.45486365,35.05640085,22.48806183,0.049101465,14.56912784,8.497642351,127.8046862,93.29812632,118.4884023,11.30852078,1
2248,West,Silt,Sugarcane,Kharif,Fruiting,Furrow,68.19614601,40.88312332,27.8380672,7.575335691,20.52855317,5.053858384,97.68879344,86.05853534,34.82008776,10.34047727,0
2249,East,Chalky,Sugarcane,Kharif,Maturity,Drip,51.92849557,19.88707963,35.70648626,8.57071908,21.53975882,-5,30.52694963,133.2458217,146.5571295,5.384246298,0
2250,East,Sandy,Potato,Kharif,Vegetative,Drip,18.04530979,39.37240973,92.75574642,16.8355488,0.715792618,7.621694676,44.21148183,111.1052545,141.425962,11.88927142,1
2251,East,Chalky,Tomato,Zaid,Seedling,Sprinkler,16.57000994,40.60187201,70.08951667,0.996181438,23.47898081,4.628760599,4.228821382,78.35290652,181.8609556,9.085399483,1
2252,South,Clay,Groundnut,Rabi,Fruiting,Drip,73.67387736,42.43021328,78.39147691,4.513820187,1.083468333,7.259131005,85.78615372,134.4970471,116.2909577,4.911698303,0
2253,East,Loamy,Rice,Zaid,Flowering,Flood,56.84401841,22.95855267,78.21045528,2.781079887,15.36296699,4.821493352,85.81901732,85.94594154,117.7341713,2.030621033,0
2254,East,Clay,Groundnut,Rabi,Maturity,Flood,68.05007595,42.11859196,60.13053123,2.03854701,17.33468819,5.446080569,101.5700814,123.2043012,126.974408,8.33751058,0
2255,East,Silt,Wheat,Kharif,Fruiting,Sprinkler,71.52852302,,79.81167333,4.169332597,2.683632279,5.14030465,1.539480499,121.9366846,56.12556858,9.014241887,0
2256,North,Peaty,Potato,Rabi,Vegetative,Drip,50.02406464,31.5701404,64.68556493,7.625095352,1.20029664,8.129345727,114.4977804,133.2832545,155.5141995,2.347050462,0
2257,South,Peaty,Maize,Zaid,Flowering,Flood,46.22124462,16.51522412,43.59095732,0.116613272,19.62280386,5.221826867,103.419534,9.802294535,135.8123486,7.04709987,0
2258,South,Sandy,Potato,Zaid,Seedling,Furrow,40.12991872,16.31643265,62.08325816,17.43379474,9.61676562,4.661736382,19.72412533,84.65385185,172.0248532,11.85796782,0
2259,North,Chalky,Sugarcane,Zaid,Flowering,Flood,32.18626115,36.61119638,60.01314396,8.300540839,2.677812883,6.850502714,48.6677253,67.91692572,157.560131,4.588663127,1
2260,South,Sandy,Cotton,Kharif,Fruiting,Drip,40.42171726,28.33439934,81.75897903,6.954599284,19.06669541,5.884723702,89.39348501,71.1286456,130.9073073,4.320845247,1
2261,Central,Clay,Sugarcane,Zaid,Flowering,Furrow,64.1715759,22.68877126,93.6295413,7.143658761,21.22907675,6.122824883,69.41156249,66.68703752,32.98289094,10.93632383,0
2262,South,Chalky,Wheat,Zaid,Seedling,Flood,52.13464017,20.71240488,50.82819241,2.463788429,14.68465477,4.976250979,16.11319695,121.43267,188.4252013,2.291576491,0
2263,South,Clay,Tomato,Kharif,Vegetative,Furrow,72.4766303,35.09860473,77.25430088,6.963988326,4.030920211,7.492937966,12.22835252,46.17277013,75.27849718,11.26880254,0
2264,East,Loamy,Tomato,Zaid,Seedling,Drip,41.03660101,15.01204632,27.4822253,2.445077748,0.380561787,6.906214599,109.4038819,67.09890684,197.6812065,9.574357663,0
2265,North,Silt,Tomato,Kharif,Seedling,Flood,52.49627051,39.17673508,78.26235271,11.44868145,17.52006203,5.956868179,21.83539652,29.09896872,82.38351441,5.299244498,0
2266,West,Clay,Tomato,Zaid,Maturity,Sprinkler,54.19152872,17.37748818,47.8562684,0.975346627,13.75349187,5.186299775,24.09297435,36.49890931,29.91735,1.919023824,0
2267,East,Clay,Groundnut,Kharif,Maturity,Furrow,51.41880136,20.74468845,22.95426222,1.729010089,16.26992854,6.873806957,116.3292375,95.76091208,181.3921482,1.210919954,0
2268,Central,Sandy,Wheat,Kharif,Seedling,Sprinkler,59.18436412,26.58709186,47.24346339,4.007422197,20.32961675,7.614389118,85.69954884,16.95571105,162.9870417,5.134143161,0
2269,South,Chalky,Tomato,Zaid,Flowering,Sprinkler,26.62034279,29.54576219,65.79820632,1.92251456,10.85569442,5.749589135,84.66018514,27.23416259,161.1906915,8.758889429,1
2270,East,Silt,Soybean,Rabi,Flowering,Sprinkler,45.86546443,25.64985347,28.94376258,2.760297937,3.112886721,4.603441534,67.10840799,76.56501114,18.3292039,6.362821348,0
2271,West,Sandy,Sugarcane,Zaid,Seedling,Furrow,17.2957362,24.62136495,89.30258693,3.390531218,23.49958213,5.357375939,79.65930202,6.347089055,180.2523658,9.125170821,1
2272,Central,Loamy,Wheat,Rabi,Flowering,Flood,36.91579294,43.91748036,25.825431,9.701994031,13.63155318,7.229591276,84.24775665,18.40441492,122.2621306,8.376279336,1
2273,South,Clay,Maize,Zaid,Vegetative,Furrow,44.1366948,34.24739044,89.75050399,3.703209584,15.38235298,8.45638551,135.4956729,125.1861762,96.42292594,7.301979083,1
2274,South,Chalky,Cotton,Zaid,Flowering,Furrow,55.65569817,15.70298866,73.03531385,2.250690107,23.33528574,4.553504958,31.21626305,122.691281,187.2001824,11.64248989,0
2275,West,Clay,Cotton,Rabi,Flowering,Flood,76.53717368,27.90527725,44.72841316,1.423340854,23.28959141,5.724614249,30.03873876,50.42753523,136.5384773,9.012228778,0
2276,West,Clay,Sugarcane,Kharif,Seedling,Drip,52.04557466,41.25026099,49.30627608,2.626955763,14.30236517,4.748083482,8.010588279,50.45874072,27.27131889,11.06074794,1
2277,West,Peaty,Wheat,Rabi,Flowering,Flood,62.05157413,24.04368559,75.56070235,3.62562641,7.440285618,5.765397151,92.14783183,135.7947401,106.5051211,3.663766208,0
2278,Central,Silt,Potato,Rabi,Flowering,Furrow,45.43862416,17.83669034,65.11033257,6.85436654,24.92784085,6.123657373,76.86590532,3.746965165,130.5064007,8.850035895,0
2279,Central,Sandy,Potato,Kharif,Maturity,Furrow,54.3872822,37.75154315,70.37321911,0.645129367,17.02042725,8.183448368,15.57348854,84.1428494,184.202893,7.575831498,0
2280,East,Sandy,Potato,Zaid,Maturity,Sprinkler,14.96525513,33.18041496,49.18734624,1.252632761,10.21091692,4.822243198,51.03545092,86.62163396,57.37829084,11.16725707,1
2281,West,Sandy,Sugarcane,Rabi,Flowering,Sprinkler,27.80741066,32.10937523,56.58601114,2.387389588,13.99592007,7.608536212,25.01284875,114.2436247,162.8179466,6.614983194,1
2282,South,Loamy,Cotton,Rabi,Flowering,Furrow,35.32971652,16.60729679,94.2400613,-999,10.39585126,6.082137584,46.40744366,138.0038248,163.9616453,4.076055169,1
2283,North,Peaty,Potato,Rabi,Seedling,Drip,43.07453485,19.21497029,36.04421529,-999,22.20762881,7.745051399,133.1769837,51.59500012,26.25014439,5.233228564,0
2284,South,Loamy,Tomato,Zaid,Vegetative,Drip,13.19541219,33.67648189,51.33921399,7.887789242,12.06248437,6.553608741,95.66463744,63.48585365,3.532802465,3.40712786,1
2285,West,Silt,Groundnut,Rabi,Maturity,Drip,19.80168683,21.23471524,41.88673907,1.958953179,20.5882094,4.657128155,1.059674111,97.33827968,119.1889877,3.419702993,1
2286,South,Sandy,Sugarcane,Zaid,Fruiting,Drip,29.37700155,30.12210239,77.38336328,3.484753829,21.00440745,8.284823539,35.35113033,140.2543852,161.8431717,6.174637446,1
2287,East,Sandy,Tomato,Rabi,Flowering,Sprinkler,78.00728836,31.34645058,77.30094692,4.889594566,20.60830844,4.830936254,1.450616591,129.1648913,113.658319,10.81825719,0
2288,West,Sandy,Sugarcane,Rabi,Fruiting,Furrow,33.1942905,23.50521571,41.93340957,1.3209903,18.05471531,6.89073401,100.0815898,96.72268547,166.7362345,3.110562771,1
2289,Central,Clay,Wheat,Kharif,Seedling,Flood,43.74287407,43.45275467,26.10427375,6.341585826,21.37194292,8.010671052,65.71905229,124.2249179,127.5721438,4.166570133,1
2290,North,Clay,Soybean,Rabi,Fruiting,Flood,23.72683989,40.27392321,20.85745075,3.960544613,9.680739491,4.819079191,139.1626169,12.35464248,133.9249341,10.38286941,1
2291,West,Chalky,Wheat,Kharif,Vegetative,Flood,52.75460498,36.67120523,52.05878999,2.960008144,2.866580154,6.715573554,102.7016565,54.68340671,5.771657281,4.731819053,0
2292,South,Sandy,Onion,Kharif,Vegetative,Flood,29.64782509,17.33981599,50.77531958,8.297975755,21.06135511,7.797159502,72.50781198,1.898411876,18.1626316,11.58654742,1
2293,South,Sandy,Potato,Zaid,Seedling,Drip,24.48948049,18.18390058,94.1292409,1.395232395,12.45421039,8.445298835,112.6587599,25.73347455,148.6310716,3.958123041,1
2294,West,Clay,Groundnut,Rabi,Maturity,Flood,46.16008399,29.78344038,55.23515568,10.73543249,3.184400813,7.397309603,98.67251117,91.42142282,156.3828729,5.863577639,0
2295,Central,Loamy,Maize,Rabi,Flowering,Furrow,10.38540594,19.82140048,39.23137772,4.116834433,2.882813055,5.613337502,34.12866487,128.4064354,111.1464855,2.051709331,1
2296,Central,Peaty,Onion,Kharif,Fruiting,Drip,10.53648229,44.34796391,86.84220808,4.697475404,3.98105985,7.298281319,74.23615848,91.75314495,120.9838511,11.91393375,1
2297,West,Loamy,Tomato,Kharif,Seedling,Furrow,25.33481664,19.75560702,56.83009622,10.39956683,18.77433149,7.323067077,77.83982148,96.30002552,125.9449972,10.79156249,1
2298,South,Peaty,Rice,Zaid,Vegetative,Drip,12.57049538,29.62403506,64.93817264,8.507291464,17.77141684,7.299864048,63.17243781,15.05413276,21.52322037,9.993184782,1
2299,South,Clay,Potato,Zaid,Vegetative,Flood,17.56180279,25.92363171,27.17515328,4.601017745,5.095467005,7.917041748,25.0869672,96.40477118,136.9212639,2.730767176,1
2300,Central,Chalky,Groundnut,Kharif,Seedling,Flood,33.72024545,34.18159264,48.71873055,6.995635829,21.17308545,4.84952025,31.27166723,65.88027402,98.08634524,11.66293864,1
2301,South,Chalky,Onion,Rabi,Seedling,Furrow,66.18099757,18.87109227,90.81677559,2.839798045,7.032369888,4.933679382,39.34663613,94.45883358,123.5172102,11.22066414,0
2302,North,Sandy,Wheat,Zaid,Seedling,Furrow,50.04340504,27.90949284,64.21290381,3.963486972,19.82463958,7.062468497,1.435720913,47.29510088,115.4440749,5.792385862,0
2303,North,Sandy,Tomato,Rabi,Fruiting,Flood,45.88674082,23.24115098,45.83763914,0.320400527,12.22014769,8.315524384,128.3721449,84.31546154,156.4150509,8.498007327,0
2304,North,Sandy,Soybean,Kharif,Vegetative,Furrow,30.54421762,41.63254574,66.92503855,0.470772788,18.28871706,6.363354556,96.05343882,61.49004804,65.30649406,11.9170427,1
2305,North,Loamy,Soybean,Kharif,Seedling,Furrow,75.22276036,16.21757136,88.28083172,8.842912829,9.534691577,8.342250807,96.54642421,81.00237304,76.57288024,5.507197414,0
2306,East,Sandy,Cotton,Kharif,Flowering,Furrow,37.79105289,42.41182482,40.54929504,0.307630811,8.678514927,8.252341038,80.12628593,21.32798016,80.27929284,2.24350258,1
2307,North,Peaty,Sugarcane,Zaid,Seedling,Drip,16.09649368,39.98982416,57.88375389,0.928029475,21.03398997,8.111638953,96.50351314,57.39460377,156.3035003,10.54556938,1
2308,East,Sandy,Potato,Zaid,Seedling,Furrow,53.19465613,23.92712149,91.90179904,7.944076611,0.882556363,8.139403899,137.460757,54.2704053,88.37808747,6.241336303,0
2309,South,Clay,Groundnut,Kharif,Fruiting,Drip,17.96868754,38.67871964,32.92971075,0.005733039,24.36842368,8.093275173,53.92244727,106.7772055,36.3003282,11.85666401,1
2310,Central,Sandy,Rice,Rabi,Maturity,Furrow,34.16562,15.93640681,73.97479442,1.659245003,16.20448896,7.779557534,99.75358216,102.4293795,201.5233989,7.059821464,1
2311,North,Loamy,Wheat,Zaid,Vegetative,Furrow,45.51883571,44.00596651,66.08607562,4.385814753,10.8120847,7.279915834,50.33406061,131.7845093,101.1432821,1.324253639,1
2312,North,Loamy,Rice,Kharif,Seedling,Sprinkler,71.19557673,30.79784828,70.97563484,4.524898857,15.70136328,4.597632714,119.6004318,91.64806088,22.39585705,6.4089966,0
2313,North,Clay,Potato,Kharif,Fruiting,Sprinkler,44.54826062,24.09843078,46.3414723,7.506347149,3.068523661,5.029014369,120.124005,45.60933382,137.406366,8.898683423,0
2314,East,Silt,Onion,Rabi,Maturity,Sprinkler,59.15811362,25.87749638,43.54095301,3.525352453,12.85131138,5.036928218,126.3172996,113.5675762,151.5282833,1.28633031,0
2315,North,Loamy,Rice,Zaid,Maturity,Drip,79.49717873,16.9921606,,3.560649789,24.62738808,4.594161137,0.764865394,72.06465831,102.545682,5.547935858,0
2316,East,Silt,Maize,Zaid,Maturity,Furrow,19.20423839,44.68048542,36.16574638,6.460570926,5.881735946,4.966807074,41.7468023,28.05651554,132.5237297,2.711162205,1
2317,North,Clay,Soybean,Kharif,Seedling,Drip,29.23120679,16.17875835,51.47410586,3.451999422,18.05695248,8.178985734,18.74940917,108.3746629,35.39834722,8.074065031,1
2318,Central,Sandy,Soybean,Kharif,Seedling,Furrow,37.62032529,34.64721369,34.11309845,4.688734982,10.8742844,7.155217148,63.5580677,19.21705238,75.42408898,11.53080434,1
2319,North,Chalky,Potato,Zaid,Fruiting,Flood,39.5279725,28.28207783,20.62286308,11.40284949,16.31145371,5.748292073,69.36294998,25.83223303,33.17486369,7.87043395,1
2320,East,Silt,Potato,Kharif,Vegetative,Sprinkler,38.77147527,43.46748655,92.754302,2.566234494,5.122180717,7.673440049,35.826566,110.0196096,79.38322755,8.64365477,1
2321,Central,Clay,Cotton,Rabi,Fruiting,Sprinkler,73.53277018,22.37999221,52.3777234,2.431681996,11.76162457,6.453477948,101.2825089,111.6709806,115.374107,5.362191905,0
2322,South,Silt,Rice,Kharif,Maturity,Drip,59.98228511,30.96260472,92.70122108,0.017776522,24.50231785,5.068508148,37.76776041,114.663284,90.72057847,7.194549558,0
2323,South,Silt,Onion,Rabi,Flowering,Flood,52.55336499,29.47068626,30.52426398,4.75216322,4.882178775,8.038008325,119.5447925,42.53214304,121.6090424,6.982434807,0
2324,Central,Sandy,Potato,Zaid,Vegetative,Furrow,31.65609025,36.08599332,64.05250846,0.151120441,15.9111257,5.854647785,24.87231154,125.6551813,102.8606305,9.355669798,1
2325,South,Chalky,Wheat,Kharif,Fruiting,Sprinkler,67.6653269,17.04030696,35.07305246,3.507393858,14.38994372,7.295436922,51.41294127,104.7868797,65.15194655,10.42602812,0
2326,Central,Loamy,Onion,Zaid,Vegetative,Sprinkler,76.8542358,20.8136739,79.25555952,8.154170664,14.12628966,5.662376642,87.11328618,120.9252744,29.40027961,8.291745387,0
2327,North,Silt,Onion,Zaid,Flowering,Sprinkler,67.48387978,21.4369446,78.77772416,3.991661564,15.37808224,6.500285003,84.74690986,102.7477953,51.79793659,11.77789682,0
2328,South,Peaty,Cotton,Rabi,Maturity,Sprinkler,10.10955736,37.14452265,28.44553618,1.571062326,12.55594934,7.765010846,10.92407568,84.04148652,41.14621664,10.11117232,1
2329,West,Sandy,Groundnut,Kharif,Fruiting,Flood,54.54809591,20.67416089,88.40483397,7.71283295,0.423268756,5.127109386,118.4762057,15.86224188,145.0215702,2.371114238,0
2330,West,Peaty,Wheat,Zaid,Vegetative,Furrow,13.5794767,32.20475292,34.59722354,1.571615772,22.50242029,8.409005581,83.72909068,103.0857507,168.0932031,6.582229382,1
2331,Central,Sandy,Potato,Rabi,Vegetative,Drip,28.03250542,21.45731462,65.97330062,6.603128287,20.67447069,4.780863691,121.7803368,100.1168124,147.6796641,10.93559687,1
2332,West,Sandy,Sugarcane,Rabi,Seedling,Furrow,14.16672902,40.8487485,93.92252151,4.711357326,4.354192023,6.636035639,121.468981,45.31121433,131.9655001,11.38328356,1
2333,Central,Chalky,Onion,Rabi,Maturity,Drip,52.26568171,43.26556363,86.17974011,0.931625582,10.33182943,8.164102077,76.42861665,106.6938665,63.10952753,5.182265323,1
2334,South,Loamy,Potato,Zaid,Fruiting,Flood,58.06129394,30.55478925,91.74229464,11.77644295,19.26372452,8.28277554,127.509404,79.81591025,145.7520396,8.982744677,0
2335,Central,Peaty,Potato,Zaid,Maturity,Sprinkler,18.01413466,25.56926653,45.69490784,1.119742394,24.50155788,5.428435852,118.7770918,81.11390459,124.0421093,5.51600032,1
2336,Central,Silt,Tomato,Rabi,Seedling,Sprinkler,36.86872181,22.02173325,27.91817317,22.82353687,23.77842616,5.075939925,134.1372122,53.30267842,9.613140171,2.360256944,0
2337,North,Sandy,Maize,Kharif,Flowering,Sprinkler,41.93655563,16.49343005,34.1260155,0.036686706,22.48397999,7.397612001,119.0697758,16.93383099,186.0604843,10.73072435,0
2338,South,Chalky,Potato,Rabi,Maturity,Furrow,35.83371152,150,57.53711713,1.529117366,3.959347432,4.667894273,114.9685391,31.45462639,16.39053743,11.25148435,1
2339,Central,Peaty,Maize,Zaid,Seedling,Flood,18.47175003,34.6270734,79.49222587,1.114844691,22.86187765,6.440955876,65.71046729,111.4805897,103.0551204,6.552255844,1
2340,South,Peaty,Potato,Kharif,Flowering,Drip,39.32634531,31.00850794,31.26152331,0.070461205,21.96112282,7.685420907,29.68434845,39.35902482,105.1791763,1.201381739,1
2341,West,Loamy,Wheat,Rabi,Maturity,Drip,62.58246335,43.32123835,69.47986492,6.590710017,9.423747779,6.741018898,127.4992226,0.326692879,171.5864737,9.976398758,0
2342,Central,Peaty,Groundnut,Zaid,Flowering,Sprinkler,14.97053652,26.88831787,44.2683203,5.911477358,9.863064863,5.252053063,101.1568861,144.5675261,187.1788377,6.246564029,1
2343,West,Silt,Wheat,Zaid,Fruiting,Drip,15.61260099,35.81590027,45.59015543,7.859529765,11.49772305,6.448177198,39.44470099,30.54892391,192.6335373,1.825311933,1
2344,North,Peaty,Sugarcane,Rabi,Vegetative,Flood,34.83399043,29.67968242,69.64382976,1.483267959,16.40439077,8.185098866,47.73940119,95.03055659,116.7827874,3.083306312,1
2345,North,Loamy,Wheat,Kharif,Flowering,Furrow,75.92079981,30.37728648,55.02495646,2.937949925,6.5208904,6.968851912,96.05099166,134.4036907,139.2036572,2.673312743,0
2346,South,Sandy,Tomato,Kharif,Vegetative,Furrow,56.80008527,23.03322944,80.90249698,5.381028826,0.573710736,7.38596251,66.89442317,86.95834652,18.14657179,8.54906753,0
2347,North,Peaty,Wheat,Rabi,Fruiting,Furrow,57.50689697,28.64852331,31.69388822,2.897025974,3.530738115,5.845055519,11.40755866,115.8594392,100.0227822,4.293504422,0
2348,Central,Peaty,Potato,Zaid,Flowering,Furrow,35.33439936,29.12354991,79.24612023,5.975491007,11.00289769,5.253935101,19.8027124,141.5738983,184.0606244,2.40459569,1
2349,South,Clay,Wheat,Rabi,Vegetative,Flood,51.55625538,36.19927565,24.8176436,5.025246468,7.050064236,5.52256892,104.3908157,124.7526968,93.41791596,11.09413709,0
2350,West,Silt,Cotton,Zaid,Flowering,Flood,10.70918288,43.21919998,34.55404102,0.608848752,19.11291403,6.632710375,45.99973399,80.89609286,14.26675676,11.52184165,1
2351,East,Chalky,Groundnut,Zaid,Seedling,Furrow,54.52672325,24.87963832,69.21122859,7.594402342,2.667251764,5.620880614,71.07091998,52.73692492,41.1314342,2.5243346,0
2352,North,Silt,Potato,Zaid,Flowering,Furrow,73.93008633,16.26601406,84.11942424,6.376920831,22.93663064,6.66785915,107.327007,69.95734513,88.0489191,3.532594386,0
2353,Central,Chalky,Maize,Zaid,Flowering,Flood,52.88014278,29.88885377,38.95097208,5.333161531,22.3831795,7.33116771,105.1645831,122.0647944,48.69330251,7.513327916,0
2354,West,Chalky,Wheat,Rabi,Maturity,Sprinkler,71.15890154,31.33383996,44.53937044,0.842647172,22.71892042,7.437583505,23.38210376,123.7364185,80.41998,2.655586344,0
2355,East,Silt,Soybean,Zaid,Maturity,Sprinkler,60.67811388,20.05321653,60.28405612,1.559849568,18.49024997,5.158739759,13.77514102,122.6489637,68.25718444,2.744508622,0
2356,South,Chalky,Rice,Kharif,Fruiting,Drip,18.43908915,37.81393819,35.86796049,2.497590903,2.674999287,7.501723395,82.76132102,86.5975384,65.38045583,4.702336459,1
2357,Central,Peaty,Sugarcane,Kharif,Fruiting,Flood,73.17173151,44.54787325,80.83671962,1.64203162,10.95343928,7.190752558,103.8286024,69.15860807,18.688745,11.44087366,0
2358,East,Silt,Tomato,Rabi,Fruiting,Drip,14.6510691,43.37324151,78.02274838,1.292625108,3.285134295,4.548020533,20.86558908,45.14401813,180.9565117,11.58686416,1
2359,Central,Silt,Maize,Zaid,Vegetative,Flood,47.37772308,20.91318116,30.8968784,8.182958053,24.69247982,4.7354887,52.07374023,0.487324001,142.004782,10.25967075,0
2360,West,Clay,Sugarcane,Zaid,Fruiting,Drip,19.94959867,41.2608972,54.78722989,5.083764188,8.325960585,7.084998007,121.8389194,110.8503643,127.7932912,8.652842097,1
2361,West,Loamy,Potato,Zaid,Fruiting,Drip,,36.13480909,78.1120825,4.167475986,14.63326355,6.034815598,132.1912398,40.1647506,124.3262287,8.927407024,0
2362,North,Loamy,Rice,Rabi,Maturity,Flood,39.54239821,,45.29971483,1.280611551,19.48482636,5.084415998,63.56976653,47.80329483,81.28295607,6.165301274,0
2363,West,Sandy,Potato,Kharif,Flowering,Furrow,30.65284954,31.21832983,67.4830117,12.50985077,23.01540211,4.677586237,11.13223076,122.3047776,168.7796383,6.83170091,1
2364,South,Chalky,Rice,Zaid,Fruiting,Furrow,44.02003457,40.48800525,23.76598411,1.060913205,18.88869315,5.137593363,36.07750387,7.576417783,190.6581988,7.97897926,1
2365,South,Chalky,Cotton,Kharif,Fruiting,Drip,50.40399207,29.40404819,65.65165704,7.922529882,16.86259447,8.330055857,32.61578884,134.5049481,1.151536044,9.044153012,0
2366,Central,Chalky,Rice,Zaid,Flowering,Drip,13.06173506,26.19622107,31.4489735,17.006887,11.64954455,7.410262566,33.45492088,0.197478754,16.23568775,2.065307898,1
2367,South,Chalky,Tomato,Zaid,Maturity,Drip,18.61023066,29.79742479,82.29374938,6.493116045,15.13500334,6.610821684,69.14343875,136.1795216,138.3700016,3.473757106,1
2368,West,Clay,Groundnut,Kharif,Maturity,Flood,49.10496775,32.37389412,46.65870977,24.70935487,2.354095221,8.266162,81.65159124,65.93998121,48.39367816,11.5923751,0
2369,East,Chalky,Maize,Rabi,Flowering,Sprinkler,34.02171472,20.67232961,41.1165397,5.264149172,22.09806355,6.976441751,17.15134242,14.80778065,186.8995247,4.68656492,1
2370,South,Chalky,Sugarcane,Zaid,Maturity,Drip,61.04214413,42.02723191,83.06667325,1.226053394,13.59443272,7.402580753,124.5098409,97.75339825,136.8196783,3.953216319,0
2371,West,Peaty,Wheat,Rabi,Maturity,Furrow,55.6604154,35.22560846,23.76080173,1.139646761,1.003376261,5.630607274,86.79633526,129.8991817,75.49970731,5.641024433,0
2372,West,Chalky,Onion,Zaid,Seedling,Drip,69.19230541,33.99806752,49.74565995,1.961986458,22.99755314,6.855927374,83.61524224,63.52055844,85.13289257,4.200128255,0
2373,Central,Chalky,Sugarcane,Zaid,Vegetative,Drip,58.47449787,17.98488679,47.75026554,0.035777801,12.23254935,5.073908977,138.2190598,100.2468961,141.6309136,2.002982118,0
2374,Central,Sandy,Sugarcane,Zaid,Flowering,Flood,40.09517542,33.12521815,41.36002807,5.723780691,21.71472854,6.117932581,87.94015685,142.0075944,28.89764103,3.287572451,1
2375,South,Silt,Potato,Zaid,Vegetative,Furrow,57.10766357,18.62881987,88.3815749,1.564437277,21.42219886,4.6329613,130.0542809,34.90161944,181.0994355,8.041757773,0
2376,South,Sandy,Sugarcane,Rabi,Flowering,Sprinkler,29.2766822,17.36093026,76.31962951,8.441951948,20.39378969,5.36651235,40.07597613,118.9651713,0.978198178,3.455008128,1
2377,West,Loamy,Wheat,Rabi,Seedling,Furrow,31.44194491,30.81932687,24.79423731,2.22497602,1.535075482,4.799474518,33.61812865,42.80938086,200.6841254,8.124339164,1
2378,South,Sandy,Maize,Kharif,Flowering,Flood,65.22896119,27.08356602,73.60155871,3.269214022,6.176666136,6.051115278,72.31261616,61.818952,34.36732347,2.100889844,0
2379,East,Sandy,Soybean,Rabi,Flowering,Furrow,41.24936615,32.6643081,59.54743498,16.86143422,21.88869681,7.872140659,71.20525267,40.85605093,152.1328285,1.460639846,0
2380,North,Chalky,Rice,Rabi,Flowering,Flood,65.88662384,17.67666504,87.56509208,1.386494972,22.4747764,6.011736425,31.70771093,64.67170352,8.184564944,10.47724451,0
2381,North,Clay,Soybean,Kharif,Seedling,Furrow,67.56956616,27.92949189,43.4709213,6.387273278,11.45172156,7.826558504,97.95179197,0.737909702,88.4429243,9.360288151,0
2382,West,Silt,Sugarcane,Kharif,Maturity,Flood,70.02936364,20.24360145,63.06214997,7.034889784,11.00103669,7.12599325,4.148734693,43.99863286,129.2143049,8.326304511,0
2383,North,Peaty,Wheat,Zaid,Fruiting,Flood,74.16446651,44.61300258,57.55664561,1.24870934,4.378515847,6.538117787,96.68826616,64.56763927,14.39662881,1.339891562,0
2384,West,Chalky,Wheat,Kharif,Vegetative,Flood,40.16896544,31.83450637,56.71706797,3.475714219,24.21026972,5.447566773,64.00490406,91.67482664,90.87517342,3.632893287,1
2385,West,Peaty,Wheat,Rabi,Vegetative,Furrow,32.32067728,35.62310583,54.20790496,2.155468093,5.328461884,8.188624371,96.46105152,92.41740172,62.14296264,9.935457599,1
2386,East,Clay,Maize,Kharif,Vegetative,Furrow,50.75391226,24.76254842,35.42221066,7.389992607,4.773419609,-5,66.79128829,84.64891468,102.1399405,2.591344316,0
2387,Central,Chalky,Onion,Zaid,Fruiting,Furrow,35.98206964,17.84216744,76.67824419,4.870702616,16.51822425,7.255652071,136.8267296,42.48961529,103.4381899,9.941387839,1
2388,South,Clay,Wheat,Rabi,Maturity,Flood,52.07519168,44.27612588,53.85020246,3.231156286,6.071107575,6.984959571,46.85589315,137.3736258,160.9724792,7.426569047,1
2389,East,Chalky,Maize,Zaid,Seedling,Sprinkler,59.39101039,23.58777106,91.88872063,7.556188316,23.46929028,6.264166089,137.5602112,56.83562444,25.31842833,9.144052046,0
2390,Central,Chalky,Potato,Rabi,Flowering,Furrow,58.18835129,27.71424556,39.56063204,1.340414127,0.272674883,5.461283821,9.096351947,31.44962148,16.95751821,8.089577863,0
2391,West,Peaty,Maize,Kharif,Flowering,Flood,36.21870209,34.49591765,71.20578797,7.004439262,0.143831558,6.222783747,95.72650847,80.40437625,82.38749781,5.586885381,1
2392,East,Chalky,Groundnut,Kharif,Maturity,Furrow,21.68021412,15.74091893,90.55378097,10.02628517,12.62192004,7.991090902,63.59068895,108.5946571,181.9415835,4.211750838,1
2393,West,Sandy,Maize,Kharif,Seedling,Furrow,40.13705369,39.30777392,69.75937423,10.54421157,12.2015615,7.847064441,115.0992676,1.773868059,175.3302515,8.400020964,1
2394,North,Silt,Soybean,Kharif,Flowering,Flood,19.98159009,31.0973457,85.34546807,7.654834342,4.084100548,8.265525,110.5462498,40.06988107,114.7985464,9.8760417,1
2395,West,Peaty,Potato,Kharif,Seedling,Sprinkler,72.30679246,23.34651561,82.06107198,2.621362876,12.36298907,5.731172827,112.0294256,119.6217886,182.1986329,1.492058998,0
2396,North,Sandy,Soybean,Rabi,Maturity,Furrow,34.21142225,16.84823956,47.00882866,20.03387295,10.29152763,6.048416633,13.2634039,73.51805854,165.0954375,5.178998271,0
2397,West,Sandy,Cotton,Zaid,Maturity,Sprinkler,20.81218231,19.87495246,65.0092955,2.386903012,22.25823813,4.574904611,115.131198,59.23080416,56.97758932,4.858027626,1
2398,West,Loamy,Sugarcane,Zaid,Maturity,Sprinkler,11.78134319,41.85101577,31.71960049,5.089200915,0.231348005,8.271799979,29.96562204,134.9806855,34.87178749,7.154179245,1
2399,Central,Clay,Tomato,Zaid,Flowering,Flood,55.20756704,35.58072672,60.1644412,0.878164945,24.40674513,5.817560367,3.59523694,12.98258908,61.7370827,2.25317562,0
2400,West,Chalky,Tomato,Zaid,Seedling,Furrow,54.58316222,22.49705165,37.28164789,19.67361829,15.60981911,6.116655286,30.48342076,89.25767911,46.55916508,11.26761351,0
2401,West,Chalky,Groundnut,Kharif,Vegetative,Sprinkler,33.84229166,16.96802295,75.78026112,6.086741323,3.796086141,8.131218446,67.09991466,49.61736386,127.6573525,7.033612953,1
2402,West,Peaty,Sugarcane,Zaid,Vegetative,Furrow,15.01983222,35.71845937,59.60438164,6.999483175,1.169000345,6.606393721,103.8955904,10.26939275,119.9043181,11.16128085,1
2403,South,Peaty,Potato,Zaid,Flowering,Flood,38.67402264,32.17223178,50.8420522,0.340198969,13.45264146,6.764698167,30.60854732,30.99295375,122.6796636,9.986350158,1
2404,South,Chalky,Rice,Rabi,Fruiting,Flood,31.78522465,27.13558573,40.15978221,7.207298114,5.872254149,5.204931353,15.82105673,91.05031589,38.80722498,3.108027485,1
2405,East,Silt,Cotton,Rabi,Fruiting,Drip,57.39844478,25.90834348,94.90238614,7.452132141,7.529138425,6.494640083,90.4354157,4.100155409,162.3318587,2.455729135,0
2406,Central,Chalky,Onion,Kharif,Maturity,Flood,52.40454746,21.50442828,25.37828907,5.570245016,6.128304121,8.172834404,137.7457251,85.87607823,88.89334713,10.47375264,0
2407,South,Chalky,Groundnut,Rabi,Seedling,Drip,35.52156097,35.0883377,23.26705104,1.725917646,16.25430784,6.734872352,84.12184229,138.7433111,96.85264368,6.897102448,1
2408,East,Peaty,Sugarcane,Kharif,Vegetative,Drip,25.2524788,44.12004083,36.29430504,3.363684887,13.83822405,5.520465459,96.74803098,115.288929,204.3771785,1.217170227,1
2409,East,Sandy,Cotton,Zaid,Maturity,Sprinkler,79.16251763,20.27145738,92.8304344,0.585109965,1.949360588,4.624723457,78.56344212,50.1115765,57.86571612,11.27649423,0
2410,East,Sandy,Sugarcane,Zaid,Flowering,Furrow,41.78011348,32.9134986,93.44286262,3.189386149,13.16316333,5.845207094,109.5287822,20.04010872,80.79829084,6.203312393,1
2411,Central,Silt,Rice,Kharif,Fruiting,Drip,58.1791965,27.72555167,69.11958011,1.397404654,19.77974414,6.790363656,136.6126188,67.43434292,138.6749576,4.310299319,0
2412,North,Sandy,Cotton,Zaid,Flowering,Drip,19.83870773,28.40066165,86.00800004,2.146973143,2.029864771,4.670453153,76.17809212,56.97781325,180.4846691,6.682576583,1
2413,Central,Sandy,Rice,Kharif,Seedling,Furrow,43.99127898,22.6244184,36.04712981,0.887269566,22.24347441,6.939170309,58.35067164,140.9012792,25.99010637,10.05210229,0
2414,East,Peaty,Wheat,Rabi,Seedling,Drip,11.92757039,,,1.30717687,14.45766624,6.593655308,120.4480286,143.5308679,150.6843903,2.213220085,0
2415,West,Clay,Potato,Rabi,Seedling,Furrow,45.38185825,29.55766812,30.70886376,0.39829405,23.76561173,7.633741877,135.7619681,59.53477517,188.2475078,4.948261936,1
2416,East,Peaty,Sugarcane,Zaid,Fruiting,Flood,77.4812185,31.30217557,27.58438911,-999,3.703530443,4.615552689,18.08542972,21.57367761,86.69954575,4.507533406,0
2417,West,Loamy,Potato,Rabi,Fruiting,Sprinkler,36.89446991,24.14282738,,3.779483852,24.83912498,7.623389379,80.94393517,132.0383847,58.7790192,10.23614472,1
2418,Central,Silt,Potato,Kharif,Maturity,Sprinkler,12.72972088,20.45425397,62.98459425,2.527051327,16.10682165,6.583508183,110.944399,115.06363,138.9361151,9.563140036,1
2419,North,Chalky,Onion,Rabi,Flowering,Sprinkler,12.16690536,17.57731165,78.57308005,3.828903493,14.18735499,5.982117331,74.66751672,74.13475997,50.4450985,5.40114438,1
2420,South,Sandy,Sugarcane,Zaid,Vegetative,Flood,37.1590732,36.42357423,47.50003834,4.948249921,12.8819906,8.361531905,57.28757555,52.97642324,78.77939804,8.309371406,1
2421,South,Peaty,Maize,Zaid,Vegetative,Furrow,21.20174555,20.88702845,93.34219908,12.74746864,0.591359327,5.140478189,91.73217496,64.984045,183.8672417,5.338900305,1
2422,North,Peaty,Cotton,Kharif,Vegetative,Sprinkler,11.63464674,35.70226063,52.58151036,0.984291236,23.49097979,6.665300476,37.81793323,130.7727704,121.0181733,7.284452221,1
2423,West,Chalky,Sugarcane,Rabi,Fruiting,Furrow,62.93495298,26.71129338,31.28364131,1.751707347,16.09986182,5.783925894,48.87872401,26.77329993,19.47033965,11.90336824,0
2424,West,Chalky,Soybean,Rabi,Maturity,Flood,42.09661062,27.47324403,54.94750611,18.60481048,2.290662112,6.609945515,138.9187322,116.9836106,67.58799395,6.89131914,0
2425,North,Sandy,Soybean,Kharif,Seedling,Sprinkler,30.24713404,29.07532488,70.92778741,2.319654422,0.523804257,6.70910181,89.10514681,2.63764176,128.5893588,11.87432206,1
2426,North,Silt,Tomato,Kharif,Seedling,Sprinkler,73.00582281,26.03125524,82.41693354,0.114100295,1.269590981,4.857792994,122.2098218,133.482939,98.70701562,9.219190169,0
2427,East,Peaty,Tomato,Kharif,Maturity,Sprinkler,18.12972721,18.01859932,54.40762175,0.798752019,15.23489409,7.144540588,113.0875918,72.54310555,135.3695599,2.327945193,1
2428,Central,Clay,Tomato,Zaid,Fruiting,Drip,76.91431803,24.2889543,64.52051195,0.133458894,15.35038537,7.037925984,91.31815762,32.87843482,156.0954906,9.755627855,0
2429,East,Chalky,Maize,Zaid,Vegetative,Drip,31.97767022,34.91203082,40.05085341,22.98756907,12.49168229,7.577869099,117.7020715,0.414192908,98.52609964,2.774142056,1
2430,East,Sandy,Cotton,Kharif,Flowering,Flood,72.18825706,34.97353204,68.44373948,1.634685151,7.669145516,4.862633975,40.20218936,81.13423797,202.3250957,6.855614692,0
2431,Central,Silt,Cotton,Rabi,Fruiting,Drip,52.20600135,23.58672922,93.9478958,12.85511804,13.29356829,5.689034188,89.19630283,35.45074123,187.5081445,7.745697579,0
2432,South,Loamy,Groundnut,Kharif,Vegetative,Furrow,67.86951518,28.8030788,23.67901794,27.4671326,12.90754552,7.100442399,82.68448853,91.53332872,12.28101824,10.81453501,0
2433,Central,Chalky,Sugarcane,Kharif,Seedling,Furrow,78.88092142,20.80341684,86.4898003,4.579469317,0.485388997,5.046923304,87.13874411,40.76954581,54.61838324,3.314666313,0
2434,South,Sandy,Cotton,Kharif,Maturity,Flood,30.18838065,21.31116245,62.17118771,0.168799093,7.061730758,7.210392843,23.6084698,12.76348423,61.61142002,10.6353628,1
2435,Central,Loamy,Onion,Kharif,Maturity,Flood,77.27948398,15.69141265,38.90739947,0.425565701,1.329633537,4.736106843,38.8140256,73.23248633,37.77952312,11.27943154,0
2436,South,Sandy,Sugarcane,Zaid,Vegetative,Furrow,37.26373264,41.9023965,91.61672825,3.284935107,22.50386879,5.839726212,40.13216463,81.85043176,63.96338313,1.984360864,1
2437,West,Peaty,Rice,Zaid,Fruiting,Furrow,36.98583333,21.32119995,56.25157273,2.605827928,18.13057907,7.886844489,84.27246276,65.6255537,87.08822975,10.7381363,1
2438,West,Silt,Cotton,Rabi,Vegetative,Drip,33.8270973,21.82601631,44.87676888,4.659272428,24.90287925,7.597165162,136.1565633,66.41515538,10.56795069,3.850980535,1
2439,Central,Clay,Groundnut,Zaid,Fruiting,Drip,47.89853251,23.38804298,33.61232212,2.888815632,7.554281583,7.079042861,133.5694572,85.49926855,26.09654841,1.891010443,0
2440,North,Loamy,Maize,Kharif,Seedling,Furrow,20.79015302,18.82224215,38.33391577,13.59632799,21.96214619,7.981833667,31.80653742,76.32125886,19.73040515,11.54431792,1
2441,West,Loamy,Groundnut,Kharif,Maturity,Sprinkler,48.75980398,34.1778865,82.46367812,3.825791391,15.0763567,7.337078177,42.67833403,19.22229314,9.494972525,5.31423836,0
2442,Central,Sandy,Sugarcane,Kharif,Fruiting,Furrow,47.91933687,17.2542886,66.0807507,5.916376768,11.32813517,6.577500421,5.048664919,28.57741874,98.70688916,7.852818557,0
2443,Central,Loamy,Rice,Rabi,Seedling,Sprinkler,63.33312688,19.02607279,,11.34020692,5.564327782,8.418870002,55.83418258,20.55970101,68.42963206,7.081604318,0
2444,West,Sandy,Cotton,Zaid,Flowering,Furrow,,34.3427018,37.39763391,0.794227693,18.45980413,7.279424319,116.854377,100.5278594,191.7666821,3.345001171,0
2445,Central,Sandy,Onion,Kharif,Vegetative,Furrow,40.83089452,25.18981861,29.08539304,1.305101092,22.60351872,6.905468707,128.2052435,76.64676976,21.06590977,8.36522301,1
2446,North,Loamy,Maize,Kharif,Fruiting,Flood,31.16332745,36.2384348,20.45656482,0.567628022,5.882709952,6.135482244,33.10950714,62.32899291,189.8372438,1.507264879,1
2447,South,Loamy,Cotton,Kharif,Vegetative,Furrow,28.15344281,31.72274234,58.08965282,0.75201256,4.384758374,8.109649994,37.21122629,115.7591543,17.74185157,3.234044189,1
2448,Central,Peaty,Soybean,Rabi,Vegetative,Sprinkler,23.62366857,22.68063519,94.87301978,3.593186216,17.40554788,5.682836382,30.91897431,47.24022567,126.9395561,11.39130126,1
2449,West,Peaty,Onion,Zaid,Maturity,Sprinkler,14.03533075,34.52483851,72.12239516,1.936990953,24.42432907,4.536878377,49.01449946,82.37546615,50.78471916,11.48858277,1
2450,North,Chalky,Cotton,Rabi,Vegetative,Flood,33.97135852,18.48821041,43.1295944,2.75106303,18.74887753,5.28696209,112.6663158,10.78910222,169.4951575,6.30920711,1
2451,North,Peaty,Groundnut,Zaid,Flowering,Flood,28.91733845,31.09231149,85.76439373,20.22486763,7.114518476,4.938069968,90.56004578,107.9385922,12.60233954,2.859789128,1
2452,Central,Silt,Tomato,Kharif,Maturity,Drip,77.64921701,28.11444315,78.62916995,0.852188341,10.4988856,5.775975097,110.0317285,100.8029045,195.2641719,5.637820671,0
2453,East,Clay,Maize,Rabi,Vegetative,Flood,49.03961784,23.03620748,21.15613746,3.891478605,9.607940886,7.80351471,81.62435489,116.3450462,9.687726068,10.64777917,0
2454,West,Peaty,Maize,Rabi,Flowering,Furrow,34.30939273,33.12014993,81.26453604,0.520535147,21.30237545,7.106118741,36.08263093,128.2490139,49.42822,1.773014599,1
2455,North,Peaty,Wheat,Rabi,Fruiting,Flood,50.63273207,41.14000777,42.53950679,1.917268091,19.28426947,5.175922357,31.91918523,109.9140988,95.15786884,2.406554349,1
2456,West,Sandy,Soybean,Zaid,Seedling,Flood,19.74376909,44.96714099,31.22550984,3.748861992,14.72438587,7.655286884,1.260098821,122.4510341,154.9918667,10.8521813,1
2457,Central,Clay,Soybean,Rabi,Flowering,Drip,41.08306244,33.23288306,36.97481298,14.65269602,6.87397776,6.516879464,109.3374992,50.11991685,194.9781071,5.569217408,1
2458,Central,Loamy,Rice,Rabi,Fruiting,Drip,53.8364025,27.14117623,55.14348533,2.481559145,23.44971319,6.550858496,118.5969717,49.78391749,87.74869842,1.918044657,0
2459,East,Silt,Potato,Kharif,Fruiting,Sprinkler,44.22284823,21.75621301,51.86509453,0.335544823,16.33288062,5.948448724,107.5595639,136.9236189,155.2485692,2.531299849,0
2460,East,Loamy,Wheat,Rabi,Fruiting,Furrow,38.12451605,22.71288268,41.66654745,2.456434176,24.26191616,7.958465459,10.41628808,132.6133078,149.0683237,10.70692996,1
2461,Central,Sandy,Cotton,Kharif,Seedling,Sprinkler,79.56938722,29.38364934,32.91637417,0.787605292,14.50292583,5.773309215,106.7110278,79.53211446,117.0896235,6.391137088,0
2462,South,Silt,Potato,Kharif,Vegetative,Sprinkler,71.62203335,26.01833104,77.16730922,1.306756375,20.52981896,4.876559043,6.407443441,53.15102386,141.6384311,2.792937386,0
2463,South,Peaty,Groundnut,Rabi,Vegetative,Drip,53.63841707,42.41443568,94.25823378,4.81285966,20.32763448,5.710915976,14.7830292,125.5702219,7.803670029,10.8346573,1
2464,North,Clay,Maize,Kharif,Vegetative,Drip,49.85641528,26.04886403,78.33436853,0.34902243,8.433219421,7.361414185,61.66655221,46.8946142,90.52336718,10.29806778,0
2465,East,Clay,Onion,Zaid,Flowering,Flood,53.44623359,26.20333773,42.19527258,3.124861609,24.10051807,7.130327547,66.66058125,22.27708702,161.1014423,1.253256859,0
2466,North,Peaty,Wheat,Zaid,Seedling,Flood,24.09184755,26.50603537,38.36067211,4.701144716,0.54853669,5.252068614,114.2566091,92.72643788,97.21533473,7.390891185,1
2467,West,Loamy,Potato,Zaid,Maturity,Furrow,37.65964203,40.09860631,36.3249407,2.739682222,19.21777272,4.947137196,95.13376489,6.180162411,179.0684398,3.687703154,1
2468,Central,Loamy,Wheat,Kharif,Seedling,Drip,12.7621673,,30.25213059,0.096558127,24.13892714,7.143463034,21.46482501,54.96977639,170.8957647,6.864493932,0
2469,Central,Peaty,Cotton,Zaid,Maturity,Flood,43.28822262,33.42506551,61.34979123,21.1747124,8.472705082,7.205507343,31.66054965,117.1112533,177.0064362,4.071951654,0
2470,South,Peaty,Wheat,Zaid,Fruiting,Drip,48.01172088,25.02429067,65.4050279,2.287338802,16.20276469,5.964598549,39.99452636,42.80634838,26.64932055,4.47463909,0
2471,North,Clay,Groundnut,Kharif,Vegetative,Sprinkler,25.94248153,39.5371253,72.91269955,7.53840612,14.05558125,7.871205534,17.31416924,135.0407445,50.04893054,7.620377857,1
2472,North,Loamy,Soybean,Rabi,Maturity,Sprinkler,77.4820193,16.15091584,71.01600282,1.970004066,19.03768274,8.412820815,40.27028409,138.5945767,6.067441008,6.927450955,0
2473,West,Chalky,Tomato,Kharif,Vegetative,Sprinkler,73.66182277,41.12391517,41.92499835,3.221944675,21.65444804,5.322580894,102.0037418,118.2933636,201.474149,5.347116376,0
2474,North,Silt,Maize,Kharif,Seedling,Furrow,60.55002648,30.38249699,44.7733254,2.458904348,15.07611423,6.808274863,33.79620582,143.2082813,48.40831858,2.18324769,0
2475,West,Silt,Groundnut,Rabi,Vegetative,Sprinkler,47.33706401,26.94750705,71.11359016,2.096850907,20.39761466,4.521385316,116.9503506,76.96079617,75.25413357,11.66366288,0
2476,North,Sandy,Tomato,Zaid,Vegetative,Furrow,70.89784118,29.91501842,46.20857306,0.110468272,7.807139397,7.352217584,65.73237932,82.53393506,56.35992168,2.920661055,0
2477,East,Sandy,Rice,Zaid,Flowering,Drip,19.14566407,35.02246592,35.94673922,2.231599093,5.714676468,6.157128454,45.21100657,121.2441882,8.157692683,7.964289695,1
2478,Central,Sandy,Tomato,Kharif,Maturity,Furrow,65.3356856,15.3829628,48.07521153,-999,10.76669224,5.273076908,57.73853464,71.45676209,53.55789197,1.91019239,0
2479,West,Loamy,Rice,Zaid,Flowering,Furrow,18.73745698,41.14655569,40.40631182,5.862263107,16.94341499,7.508887687,99.32954368,58.97440099,20.13011157,8.571441158,1
2480,Central,Silt,Soybean,Kharif,Seedling,Drip,65.59474638,28.40218576,,0.785742522,4.681173723,7.74259519,72.35097845,89.13927072,80.82803271,2.043237617,0
2481,Central,Loamy,Wheat,Kharif,Fruiting,Flood,29.30372978,25.28899559,82.26041767,4.472095896,17.0088048,4.944666005,1.019012957,95.36062907,198.1989443,3.524591757,1
2482,North,Peaty,Potato,Zaid,Fruiting,Drip,71.39634067,19.14736697,83.98335419,11.13881966,9.852341214,4.663983047,129.1253385,108.8798941,143.1437863,8.116837193,0
2483,North,Clay,Onion,Kharif,Vegetative,Drip,76.08294657,28.18396123,36.48127251,6.020431403,19.88938185,5.836313767,9.23944042,96.8891011,144.9146619,4.112287111,0
2484,West,Chalky,Onion,Zaid,Fruiting,Drip,20.41571786,29.88968314,24.85791496,0.804861762,0.920895428,7.003961863,131.4069888,108.1296603,92.90106632,6.861358967,1
2485,South,Sandy,Onion,Rabi,Flowering,Drip,42.38729235,27.10940083,75.4120578,10.11842598,16.69956595,7.673678109,3.941395307,97.81115228,166.3173222,2.369559327,0
2486,South,Peaty,Maize,Kharif,Vegetative,Sprinkler,78.66911647,35.35980281,35.86464694,1.794415567,16.24555842,6.684249987,107.9371069,69.66455958,186.1982542,3.226405932,0
2487,Central,Peaty,Cotton,Zaid,Vegetative,Furrow,43.83852052,27.62689586,49.50766171,3.026378857,23.5233869,6.822995105,74.85445915,19.56551473,197.1177512,9.071534991,1
2488,South,Chalky,Onion,Rabi,Maturity,Sprinkler,70.44832658,43.84252734,24.81014392,3.734245917,17.83418884,7.699432887,70.80166528,113.8892682,20.29299566,1.386527463,0
2489,East,Clay,Sugarcane,Kharif,Vegetative,Sprinkler,51.21120655,32.97832553,36.97021886,9.502515318,19.90754741,6.615373497,10.18899036,4.462976951,180.3270218,2.229802308,0
2490,North,Silt,Maize,Rabi,Fruiting,Flood,36.27309355,39.22433807,79.46767087,13.41246019,22.6147754,6.944617961,33.42430145,143.9125133,46.14199113,3.364516205,1
2491,Central,Silt,Groundnut,Kharif,Maturity,Sprinkler,30.00484889,18.28067709,80.32973352,13.27156702,16.87629796,6.56486936,108.8566244,120.126481,81.43971491,1.22209615,1
2492,North,Peaty,Wheat,Zaid,Flowering,Furrow,24.22561638,,35.53136187,0.039929923,7.253840874,8.021832933,124.7763762,97.28203816,70.82282492,2.049165684,0
2493,South,Clay,Groundnut,Rabi,Fruiting,Sprinkler,63.3258734,25.10543104,45.19353838,12.74808901,21.74434499,5.442066474,74.07661535,140.1579819,138.4016582,4.095306254,0
2494,East,Silt,Sugarcane,Rabi,Fruiting,Drip,37.05783548,32.08447164,30.06788143,0.279609243,18.68945299,5.555974338,49.46807549,88.80819081,122.5745307,2.022091967,1
2495,East,Sandy,Potato,Rabi,Fruiting,Furrow,45.78928235,40.8334056,25.56294727,1.544689642,10.6109401,5.011845846,8.392049129,8.182767708,22.36649933,10.52731373,1
2496,West,Loamy,Wheat,Zaid,Flowering,Drip,44.4627836,17.35014653,94.41287858,3.617906733,17.76322932,7.777867006,95.50499365,81.11041523,160.4786391,1.726811696,0
2497,Central,Clay,Potato,Kharif,Maturity,Sprinkler,50.40953205,17.17724394,69.16954634,3.268917859,21.69222193,6.147109162,38.9825255,40.19460692,90.12730737,10.47082069,0
2498,East,Chalky,Potato,Zaid,Maturity,Flood,70.59040019,40.50953124,60.65723819,4.640675424,24.39130328,5.891575764,7.701920099,53.57424156,0.455477883,10.05146095,0
2499,Central,Peaty,Tomato,Rabi,Fruiting,Sprinkler,78.65175405,21.38550258,77.41238753,3.264310447,23.8087876,8.425394868,93.21924207,66.6398476,84.97316971,2.10837754,0
2500,Central,Loamy,Sugarcane,Rabi,Vegetative,Furrow,38.5308946,35.06259763,83.00578698,13.61904457,8.133195669,8.207213466,68.00077109,112.3171082,105.847973,1.277104457,1
2501,Central,Silt,Maize,Rabi,Vegetative,Sprinkler,67.92632455,31.28634397,80.5036076,1.375796376,10.54234284,8.387950728,1.674700958,72.92473608,14.11931047,1.549912164,0
2502,North,Silt,Onion,Zaid,Fruiting,Sprinkler,,39.98680785,21.2404587,1.601196393,2.738415124,5.069195987,15.52936547,68.82864217,30.98272818,7.49415871,0
2503,Central,Chalky,Rice,Rabi,Vegetative,Drip,50.1470266,18.7526673,34.01059236,12.67497823,6.188607175,8.065007253,97.88827009,43.78595997,203.6822952,8.373889869,0
2504,South,Clay,Onion,Kharif,Flowering,Flood,76.92330005,18.89348897,69.11789766,0.399219337,22.06053021,5.814838398,8.913986629,78.28147507,178.5950574,7.827187304,0
2505,East,Loamy,Maize,Kharif,Maturity,Flood,24.03321609,31.70455081,48.18195109,4.702415379,9.021248157,4.550627081,121.2348291,36.01667389,27.33212097,6.956245372,1
2506,North,Silt,Soybean,Zaid,Flowering,Drip,17.64849472,43.3913596,93.68619883,5.724369507,15.51381646,6.065193344,43.58567884,37.84410323,118.9634269,2.921524997,1
2507,East,Clay,Cotton,Kharif,Fruiting,Sprinkler,69.77733769,27.44993275,69.90535945,3.521462532,16.64914046,6.536785413,12.41330586,109.8025224,77.74487593,10.25049284,0
2508,South,Loamy,Soybean,Zaid,Vegetative,Furrow,40.74048716,24.80826301,91.74116815,5.924641191,19.54573188,4.932881694,106.3660329,49.66935335,111.4667838,4.6031043,0
2509,North,Peaty,Cotton,Zaid,Fruiting,Furrow,69.28781979,,35.10848612,0.948269742,4.570000756,6.650710467,73.41981282,7.452952576,96.45971468,11.84796016,0
2510,West,Peaty,Potato,Rabi,Flowering,Flood,72.51631436,42.91345802,84.79677711,9.574119993,7.620328365,7.777854337,42.92960453,49.83320645,9.87052963,5.233435777,0
2511,South,Silt,Tomato,Zaid,Maturity,Flood,14.37203155,40.10783499,44.10142294,0.754263808,11.20840854,6.010603803,56.85376783,92.59297014,64.66116375,3.893053284,1
2512,West,Clay,Onion,Rabi,Seedling,Flood,71.84253341,44.86450832,94.21736062,2.560903076,9.121026531,5.910579226,2.997735385,118.0279101,25.73171932,10.83675895,0
2513,East,Sandy,Soybean,Kharif,Fruiting,Drip,41.38233388,15.6770575,31.82665041,0.391200341,24.57263082,5.855241681,92.77779526,139.4808188,100.2384589,7.241555795,0
2514,South,Silt,Onion,Kharif,Fruiting,Drip,45.73027423,18.38574434,58.72548641,3.939609386,20.87352008,8.192377784,51.20831645,108.2019611,185.9999276,8.940354842,0
2515,West,Sandy,Tomato,Rabi,Fruiting,Sprinkler,53.86147578,33.2840329,79.46334004,5.539463203,11.99216887,4.695032395,99.96525976,62.18348337,204.0842184,5.492386617,0
2516,West,Loamy,Groundnut,Rabi,Fruiting,Drip,74.84678247,39.61729318,52.44818605,14.16990718,21.98171565,6.280304568,87.94396043,43.37229548,193.571879,10.75607057,0
2517,North,Clay,Sugarcane,Kharif,Maturity,Sprinkler,11.33812661,23.55733027,55.10630451,6.722619044,8.69132369,5.558397817,91.17558603,18.79634857,202.0679106,11.09497734,1
2518,North,Chalky,Potato,Zaid,Maturity,Sprinkler,43.37904278,22.17633264,,3.894646565,19.6457081,8.075228102,111.0049795,91.01453299,3.125494735,5.804458242,0
2519,East,Silt,Cotton,Rabi,Flowering,Sprinkler,,38.60927398,51.89811127,13.48681387,5.591889953,4.884209054,88.36213097,73.93308055,149.5366306,3.647962189,0
2520,South,Peaty,Cotton,Rabi,Seedling,Furrow,60.58948704,16.69145562,65.30540754,3.25462448,19.30805113,6.145771067,58.62163009,98.26671988,55.95450609,8.124385229,0
2521,West,Loamy,Onion,Rabi,Fruiting,Drip,58.47727021,26.08147943,24.09047455,4.118622169,11.41133508,6.127264608,54.58985864,34.38430769,177.4516855,11.50042767,0
2522,South,Chalky,Potato,Zaid,Flowering,Sprinkler,19.41045906,30.17427668,83.16575602,4.532921556,2.687483025,8.05357767,16.74149495,46.92840438,166.8153656,7.846911055,1
2523,Central,Loamy,Cotton,Zaid,Maturity,Sprinkler,30.95769119,31.81046023,68.61260367,2.637991899,6.831561364,5.36197378,109.1220778,42.35382568,86.85328806,11.49644682,1
2524,East,Loamy,Cotton,Rabi,Vegetative,Flood,35.11008678,36.8584547,50.30150771,9.115714815,10.0568656,7.079581641,106.5551818,115.6595171,97.0184384,4.781887615,1
2525,East,Sandy,Tomato,Kharif,Maturity,Sprinkler,66.31060454,25.6453717,21.2127155,1.023915325,18.73232279,5.037624508,34.48177139,24.82832316,54.34379214,11.06586978,0
2526,North,Sandy,Soybean,Zaid,Maturity,Furrow,29.51319107,33.38053034,64.37516154,4.046632157,1.824567868,8.315902856,120.7754678,88.22845697,59.20482743,2.238235157,1
2527,West,Chalky,Groundnut,Rabi,Vegetative,Drip,24.74934747,32.56126268,20.94933714,6.404867843,16.48867488,6.872059837,82.46045609,7.446477285,201.1407568,4.947178608,1
2528,South,Loamy,Cotton,Zaid,Vegetative,Sprinkler,77.02136133,31.42848302,20.09027104,11.71579454,17.90034102,7.005026921,67.01615794,79.68149851,182.2148422,6.439183579,0
2529,West,Silt,Rice,Kharif,Flowering,Sprinkler,10.62042996,34.21449879,66.20739216,10.76730928,16.34803425,6.235093607,2.449482228,9.267526484,39.33313928,8.184213721,1
2530,East,Sandy,Cotton,Zaid,Seedling,Drip,79.8474599,22.78347513,34.17628005,3.553911745,19.01674095,5.869130851,53.58376602,25.50210566,56.48255896,4.235531694,0
2531,West,Clay,Cotton,Kharif,Seedling,Sprinkler,57.37749092,17.53946261,34.39156623,5.152359218,4.454215401,5.350705718,89.69390755,16.3886688,22.27283858,11.1666323,0
2532,East,Peaty,Wheat,Zaid,Maturity,Flood,67.99285096,18.57815016,68.99536744,2.506338369,14.67758388,6.915951015,12.56469728,50.27517631,202.7185105,10.9384583,0
2533,Central,Silt,Tomato,Rabi,Vegetative,Sprinkler,30.62335774,21.73747148,24.0272891,3.157229931,23.52862368,8.318246981,64.33942324,49.84105557,185.9780194,9.792702743,1
2534,West,Chalky,Sugarcane,Rabi,Maturity,Drip,11.00206944,30.00593807,43.50541711,11.83646041,15.26960675,5.939163816,139.0810332,119.8307957,113.1800873,2.257987775,1
2535,East,Chalky,Potato,Rabi,Seedling,Drip,61.6508663,40.21328252,31.20739266,13.34683998,15.28340867,8.032627555,100.3154092,32.72468045,142.0430863,1.861200463,0
2536,West,Clay,Sugarcane,Kharif,Seedling,Sprinkler,68.39012179,36.03880026,63.51322773,11.28873067,18.41099105,5.095105251,76.56192425,12.52607756,153.3291226,6.479446006,0
2537,West,Chalky,Cotton,Kharif,Fruiting,Furrow,61.83332924,38.67121813,69.6323866,0.744651675,8.330105803,8.244504084,74.62460389,87.50920967,41.78130163,9.418781313,0
2538,South,Chalky,Maize,Zaid,Seedling,Furrow,19.99952011,25.52926872,74.08518902,9.48840142,17.51189753,5.901945136,6.127111516,99.68035144,191.6065992,2.355594822,1
2539,West,Sandy,Onion,Rabi,Fruiting,Drip,62.73995456,27.13961225,39.14234127,14.81765483,22.90584583,6.018908846,134.0240212,42.74942432,107.9822563,8.055812136,0
2540,West,Peaty,Onion,Zaid,Maturity,Furrow,63.82459475,26.81045658,26.69373137,2.241208297,0.272386826,6.351369028,129.9448724,87.40804687,18.95256519,6.806409302,0
2541,West,Loamy,Rice,Kharif,Flowering,Furrow,56.0978361,20.75619553,25.90127427,3.65576457,21.75282603,7.37297708,95.53665949,112.5282024,81.40193461,8.985883617,0
2542,East,Peaty,Groundnut,Rabi,Seedling,Furrow,63.6281153,16.83649974,51.96136613,7.550118461,5.465458281,7.378613735,13.86163096,50.39517617,123.337544,5.789127488,0
2543,East,Loamy,Potato,Zaid,Fruiting,Flood,69.21450078,32.72748278,90.93833068,4.128573904,11.39808184,6.418354339,29.09674554,76.17630679,72.32875425,8.626262569,0
2544,West,Chalky,Wheat,Zaid,Flowering,Furrow,52.952288,44.6765005,36.32967757,25.16710594,21.30869502,6.592611597,25.74733502,21.26182468,143.3369077,2.755695386,0
2545,Central,Clay,Cotton,Zaid,Flowering,Flood,16.20232998,20.00489115,39.2556201,3.041396343,20.59780319,4.620041951,72.74098791,3.428786155,180.820246,3.360537006,1
2546,West,Clay,Tomato,Zaid,Maturity,Flood,44.13394668,16.4005446,27.56666016,6.257815889,22.29818695,5.717186806,29.09254243,142.2983563,158.2378855,10.9366747,0
2547,West,Silt,Potato,Kharif,Vegetative,Furrow,15.43545343,38.38595045,65.41777054,7.865316328,23.51041982,5.884068297,97.41207862,43.46097333,131.7448941,4.623125828,1
2548,East,Clay,Potato,Kharif,Flowering,Drip,38.52801217,22.5775802,70.99046555,3.407085398,11.17892392,6.734909075,76.33218404,40.44079735,104.9922837,11.84056396,1
2549,North,Sandy,Soybean,Zaid,Maturity,Sprinkler,38.49745424,39.88931416,68.21984061,9.723987042,16.40909527,6.733199069,2.472144786,141.1205443,52.16501459,1.508250574,1
2550,North,Sandy,Wheat,Kharif,Vegetative,Furrow,14.62068909,36.11810001,84.58476823,3.949993241,9.761961013,7.339599191,104.1680132,105.5938609,93.26396382,6.454633964,1
2551,West,Peaty,Rice,Rabi,Flowering,Furrow,34.41743738,43.37020611,56.48193763,2.652173122,8.767917937,7.368109185,26.43602313,84.86819375,60.05534596,4.574858809,1
2552,Central,Chalky,Cotton,Rabi,Maturity,Drip,17.76986692,27.26781707,30.08427806,0.570457454,10.78988526,5.440842897,115.4839168,101.4018923,191.4747931,11.95561541,1
2553,South,Loamy,Soybean,Zaid,Maturity,Flood,66.5764647,34.85909518,41.7053848,2.499540325,18.57690337,7.580748604,49.7063612,102.9393522,185.9987872,11.89038232,0
2554,East,Chalky,Wheat,Rabi,Fruiting,Furrow,76.33816182,28.94564342,69.68224801,6.620100534,12.53601868,4.578414272,47.4067552,110.6837026,31.94440858,3.58767621,0
2555,South,Peaty,Soybean,Rabi,Maturity,Drip,15.06215327,33.91766092,65.98414803,12.70969739,20.35149186,7.364647538,1.654427009,9.742438556,168.6371453,3.939825677,1
2556,South,Silt,Rice,Zaid,Flowering,Flood,76.85806451,28.48796718,59.82523473,1.449618942,18.63046193,4.908244414,138.2820576,59.86055587,144.0975128,9.246394406,0
2557,Central,Chalky,Soybean,Kharif,Flowering,Drip,,20.65896739,71.2223314,2.19435086,0.511961528,7.418592834,85.68060748,42.79389609,199.9184027,10.78641875,0
2558,Central,Silt,Sugarcane,Zaid,Seedling,Furrow,30.96959746,30.23692248,67.80431378,0.835949071,15.75595393,6.608472362,59.18222327,10.23259758,94.97784656,8.300666866,1
2559,North,Chalky,Wheat,Zaid,Flowering,Sprinkler,15.38034527,30.85752604,86.09936671,5.867588108,10.91427808,6.249018003,13.52699662,59.82685454,148.0457461,10.51179851,1
2560,East,Sandy,Cotton,Kharif,Vegetative,Sprinkler,45.04369876,39.31811545,63.95122831,16.11798853,11.41572473,7.262665559,97.88072898,89.34515538,106.1662036,1.696217009,1
2561,North,Silt,Potato,Kharif,Seedling,Furrow,65.61608811,37.06562117,78.3951019,5.121499035,20.45932635,4.645483335,39.5822658,25.8821636,14.22710182,8.045813295,0
2562,Central,Chalky,Wheat,Kharif,Maturity,Sprinkler,59.49605341,34.91374872,38.6530367,4.799600635,13.69019965,5.393881303,138.3593146,44.22887786,9.586773696,8.701879781,0
2563,Central,Sandy,Sugarcane,Rabi,Seedling,Furrow,13.5158208,18.40161287,70.86369384,4.031466634,22.14054559,6.96576057,133.0766303,92.67976918,25.03284579,3.093509694,1
2564,East,Loamy,Maize,Kharif,Vegetative,Sprinkler,15.10312848,36.61848872,87.66455888,0.463075647,17.82013981,7.888861627,102.941535,84.00207535,60.71916809,9.557672303,1
2565,East,Peaty,Wheat,Rabi,Seedling,Flood,38.20112978,30.00915469,48.92992459,6.537486633,13.82100022,6.024430548,135.9500702,125.9738922,53.11818669,11.38691687,1
2566,West,Chalky,Onion,Kharif,Vegetative,Flood,30.67033458,41.82298608,78.43281405,4.607138814,18.8634494,5.535045891,14.78874074,114.7284906,149.3069671,10.87763142,1
2567,West,Silt,Tomato,Zaid,Maturity,Flood,26.26690261,42.59612802,74.35919759,5.415812797,0.958726273,6.574945743,39.18815048,140.0136026,146.7641607,3.694641597,1
2568,South,Loamy,Onion,Kharif,Seedling,Drip,29.67031492,16.65469772,24.46446477,11.45383072,0.677091371,6.98926101,35.45406043,86.59302997,199.1358889,4.563919018,1
2569,East,Silt,Potato,Zaid,Flowering,Drip,66.24379203,39.61924681,63.61312322,7.661476732,2.083733173,6.180412126,10.08177218,101.2777681,63.63011922,6.495725058,0
2570,East,Clay,Soybean,Zaid,Flowering,Sprinkler,75.04596375,16.13092171,29.76420119,7.591483238,10.93913313,8.006842731,136.1117237,124.7734075,192.3826772,2.741973027,0
2571,North,Silt,Sugarcane,Kharif,Vegetative,Furrow,38.35718862,,92.54893792,13.09908197,5.886253641,6.593754835,8.396372131,121.7989045,125.6343737,11.49348479,0
2572,North,Loamy,Groundnut,Rabi,Vegetative,Furrow,73.42777015,31.26899927,80.8555627,22.99343199,24.60653236,4.64329435,119.9364466,104.2146381,101.5382858,2.777562927,0
2573,West,Silt,Maize,Rabi,Vegetative,Flood,32.50469909,19.44302396,28.22928509,4.352796824,13.55725348,5.392215819,107.5425994,72.53715036,136.9074825,9.375652538,1
2574,South,Clay,Soybean,Rabi,Maturity,Furrow,43.35058904,37.38941438,29.13139982,0.57638997,16.56039365,-5,52.62139225,39.61499879,144.0648676,4.755709663,1
2575,Central,Silt,Groundnut,Zaid,Vegetative,Sprinkler,25.82202985,15.25064113,64.58553912,3.072880771,6.970503406,7.290902076,2.633030768,127.1962843,35.24545092,7.310928775,1
2576,West,Loamy,Rice,Rabi,Flowering,Sprinkler,54.83332295,20.05797145,45.86668806,7.746446936,8.044922715,5.379008975,0.853426697,112.6150391,154.1016782,1.518912068,0
2577,North,Sandy,Cotton,Zaid,Flowering,Drip,78.52867806,32.4239049,22.61793943,0.140584634,8.386547854,8.405029759,28.5591377,121.496508,148.6604167,3.255130433,0
2578,Central,Loamy,Groundnut,Kharif,Vegetative,Flood,52.24451672,36.43162686,60.62311309,0.29284819,17.46839263,5.774233033,69.1427212,20.41445113,204.4941182,5.888303622,0
2579,South,Sandy,Onion,Rabi,Fruiting,Flood,35.04698589,42.49929308,49.08838248,0.347596027,11.84265519,6.629920827,64.10739695,45.64786734,186.949295,8.44910339,1
2580,North,Sandy,Soybean,Kharif,Vegetative,Furrow,,36.16489956,27.58073693,6.565884194,12.94209131,4.575865539,81.94096072,61.6083305,140.3553475,9.553181188,0
2581,West,Peaty,Onion,Kharif,Fruiting,Furrow,18.60444749,35.15337811,80.14402942,3.47741582,14.80007455,8.039562886,108.0743034,121.561036,146.0345612,1.331545695,1
2582,West,Chalky,Wheat,Zaid,Seedling,Sprinkler,72.20613562,26.83023439,88.6307574,2.301438459,19.22029141,7.655338614,52.82964608,129.4685675,193.9270549,2.677392377,0
2583,South,Loamy,Tomato,Zaid,Seedling,Furrow,45.21587655,15.03853277,76.74454505,0.558106173,2.259243713,5.281832017,22.45091737,41.30944357,198.271546,9.027709126,0
2584,West,Peaty,Groundnut,Zaid,Flowering,Drip,41.45448194,18.60477776,81.68167325,6.588325783,19.42184781,8.232946765,112.0068484,99.53222925,169.5278654,9.943609684,0
2585,South,Sandy,Wheat,Zaid,Seedling,Furrow,51.01053519,31.03663634,36.23679254,1.93581664,14.08087672,5.763359055,46.57669539,11.28305989,157.3156768,3.6022868,0
2586,East,Silt,Potato,Rabi,Seedling,Drip,53.7348704,35.25389658,39.76797132,1.541628943,16.72738612,7.268745154,40.16346569,59.38812444,22.82999379,3.526183517,0
2587,North,Sandy,Soybean,Zaid,Seedling,Drip,15.02430644,27.52344852,35.63956552,5.28235233,8.188794121,7.775905272,107.0036854,70.56702062,170.2160493,1.968323834,1
2588,East,Loamy,Wheat,Kharif,Maturity,Drip,57.78320549,36.92037035,77.37975735,4.093675518,10.23467092,7.463657845,130.7795213,111.0167582,51.90511408,2.653233732,0
2589,East,Loamy,Sugarcane,Rabi,Maturity,Flood,26.93521762,30.65586886,91.09378092,2.25030421,5.779145491,8.170331136,128.0945795,129.3359743,115.5757807,1.088174811,1
2590,West,Loamy,Rice,Rabi,Vegetative,Drip,,17.22528587,73.76279051,5.128958353,24.48249994,7.957099041,19.24193962,48.90606919,83.10135644,7.488143638,0
2591,Central,Loamy,Wheat,Rabi,Fruiting,Drip,67.57743561,20.76048753,86.11000737,1.58192731,12.42507431,8.478446056,70.44214149,76.52213904,70.84949663,10.94280478,0
2592,West,Silt,Potato,Rabi,Flowering,Sprinkler,66.27709553,40.1999467,67.90243212,7.919588251,24.90192289,5.23044565,13.00183972,93.87999224,63.6012503,2.645337095,0
2593,North,Peaty,Onion,Zaid,Maturity,Furrow,48.67506772,36.7473824,49.07449254,1.302403375,12.24464945,5.719047205,134.5366342,47.6596482,175.3625515,9.265880298,1
2594,West,Clay,Rice,Rabi,Maturity,Sprinkler,46.41189246,41.84285961,51.93212112,0.864853238,5.49378161,7.04490347,30.13190402,142.9030409,157.6729047,7.31024555,1
2595,North,Peaty,Cotton,Rabi,Flowering,Furrow,20.00131729,18.52671747,25.64910741,7.626389451,12.68630992,7.432188744,27.64014047,126.987285,107.3069942,11.33914082,1
2596,Central,Sandy,Potato,Rabi,Maturity,Sprinkler,64.27423053,44.70667604,22.35928964,6.153158936,0.989889295,6.638420218,124.4439942,42.97841019,136.2185012,9.779347747,0
2597,Central,Loamy,Cotton,Zaid,Flowering,Sprinkler,28.99865663,,72.16067031,1.008371958,22.61924504,4.79571346,135.4990777,73.65220349,201.8282298,10.38001925,0
2598,Central,Loamy,Onion,Zaid,Vegetative,Furrow,44.7686796,15.35339629,52.8821669,0.617881279,20.46375628,7.866380907,97.6685163,33.47188892,81.49470283,8.030563676,0
2599,North,Clay,Rice,Rabi,Vegetative,Furrow,29.8991865,44.92268817,61.4161301,9.113127462,18.14551302,8.343497424,16.94070472,74.60306824,112.9756242,9.924697315,1
2600,Central,Peaty,Sugarcane,Rabi,Seedling,Drip,19.36798541,23.43221656,61.82459357,7.493922991,15.24566789,6.122067375,68.01978548,99.08319,109.3723611,4.859564538,1
2601,East,Sandy,Soybean,Kharif,Flowering,Sprinkler,54.06903878,35.04058358,40.803186,1.98196225,14.49585584,5.399249927,114.3247132,12.40055845,191.8743369,3.299193543,0
2602,West,Loamy,Rice,Rabi,Flowering,Flood,13.80324244,20.30046943,55.69193831,5.367609628,24.91820535,4.57725502,80.14680572,126.1669947,72.07029561,11.03771968,1
2603,West,Chalky,Tomato,Kharif,Vegetative,Drip,62.40516639,32.40685597,55.30701663,0.662860331,6.94993585,5.449196144,18.56327966,86.09315092,202.1822238,9.077694659,0
2604,North,Clay,Rice,Kharif,Maturity,Drip,32.23107567,42.12104959,49.13204159,3.536713906,19.49210913,7.299675099,24.06428493,143.4924203,62.46301078,1.997731866,1
2605,South,Clay,Soybean,Rabi,Flowering,Drip,10.00942851,24.60543502,81.55065376,0.094539628,14.53511926,8.146357551,120.9798346,3.710768551,22.32594224,10.53600481,1
2606,South,Chalky,Potato,Zaid,Flowering,Furrow,45.77903975,35.10761928,53.83730028,2.484629051,24.39701359,4.874052266,73.78408292,120.5672609,39.23157677,4.83794334,1
2607,West,Sandy,Maize,Zaid,Maturity,Sprinkler,13.2796336,20.63710766,65.27333934,0.388958166,20.69507958,6.713036749,98.81714833,114.834642,87.37537508,4.281055696,1
2608,South,Clay,Sugarcane,Rabi,Vegetative,Flood,29.33186905,33.74386196,87.16400903,3.223186994,24.96312782,7.282124994,52.22875367,19.26361425,133.1999697,7.85644924,1
2609,South,Chalky,Rice,Kharif,Flowering,Furrow,59.48835412,25.09351055,84.96752171,2.73815389,14.70812486,5.605523284,74.54798161,48.61931709,105.9491701,7.254584997,0
2610,South,Clay,Rice,Zaid,Flowering,Drip,14.38827351,21.33624776,86.78166528,2.938398593,5.113598939,6.779588157,136.7944397,128.2954494,77.1370262,6.920823933,1
2611,North,Peaty,Wheat,Zaid,Maturity,Flood,68.75369446,24.39546152,40.25037473,0.231954559,12.59217589,7.360993704,46.15842518,75.17587279,115.2168195,3.803649017,0
2612,East,Loamy,Soybean,Kharif,Seedling,Flood,10.26739459,20.36523206,22.62368662,-999,17.77777835,7.850876973,94.47039385,58.18581568,171.9552866,11.55751126,1
2613,Central,Peaty,Groundnut,Zaid,Maturity,Flood,27.27767084,42.05748324,39.58000999,7.062860053,19.35900965,6.309999403,24.15077801,131.2969827,171.9808607,11.45133016,1
2614,North,Clay,Sugarcane,Kharif,Maturity,Sprinkler,61.86328393,26.91560659,40.90305092,2.301568629,0.012749725,7.491428876,17.04358394,13.53495605,148.8767171,1.045784089,0
2615,East,Silt,Rice,Rabi,Seedling,Flood,32.13891048,22.35837915,88.2020245,6.279348116,12.62567721,5.707131887,109.7096156,68.60280352,195.2519339,4.716103921,1
2616,Central,Sandy,Rice,Kharif,Flowering,Flood,17.13246716,28.45223523,68.69320496,2.306041895,5.880864499,5.352186987,118.1751494,94.59424421,120.9919568,1.501035305,1
2617,Central,Clay,Rice,Zaid,Seedling,Sprinkler,35.21637432,24.616085,26.12779697,2.751640376,21.87279583,5.249254984,93.56363735,88.23850866,1.569815719,10.35273643,1
2618,North,Clay,Maize,Rabi,Fruiting,Sprinkler,28.92753005,37.33257761,30.1533947,4.149328093,3.822636101,5.935490927,22.14741726,38.32008589,59.64057473,10.75170062,1
2619,West,Chalky,Cotton,Rabi,Seedling,Drip,68.98983315,44.13659736,31.67570942,15.04732436,16.66140624,4.643518727,33.68231519,81.68037116,67.28565442,6.701281121,0
2620,North,Peaty,Tomato,Zaid,Vegetative,Flood,31.93435423,28.1410097,67.28163111,0.576271191,6.651554758,5.631967351,127.5645991,102.7414558,112.2018458,10.23645838,1
2621,Central,Sandy,Potato,Zaid,Flowering,Drip,65.22527302,40.831002,75.15605191,0.167338067,8.91355358,7.108891298,40.41856683,84.80838406,185.5023416,8.736963474,0
2622,South,Chalky,Sugarcane,Kharif,Fruiting,Drip,72.43105014,31.97589221,84.47329329,4.681921101,23.51398152,7.091676189,114.6404723,99.24702277,171.8135675,6.495313372,0
2623,South,Loamy,Cotton,Kharif,Fruiting,Flood,40.36721937,19.71706995,90.54774131,14.88917583,6.011203135,4.794215226,40.03122045,37.13141721,47.59546199,5.001925389,0
2624,West,Sandy,Onion,Rabi,Seedling,Sprinkler,73.69602007,35.71868226,35.1278418,22.88929894,2.375069046,5.649662468,131.5247597,120.7630978,106.4749984,3.928475279,0
2625,North,Clay,Potato,Rabi,Fruiting,Furrow,36.41226378,30.40303491,43.23293635,3.309834365,1.732122536,6.778230659,128.0234078,65.20498286,135.1254703,3.853720512,1
2626,Central,Peaty,Soybean,Zaid,Flowering,Furrow,77.48548915,34.5181957,38.02421606,3.156326123,12.61537775,5.77420855,6.056844308,143.1474574,202.4398658,7.182708227,0
2627,South,Silt,Maize,Kharif,Flowering,Drip,16.25026672,41.69062238,46.90711756,5.177677202,16.04278706,6.171952097,107.8579582,3.376371497,6.417077969,2.834897091,1
2628,East,Clay,Groundnut,Rabi,Maturity,Sprinkler,58.09134866,28.21303712,88.59988306,4.055542179,8.182341089,7.351243028,23.72464643,55.14572883,95.09484994,2.922710638,0
2629,South,Sandy,Potato,Zaid,Maturity,Drip,44.56698283,42.0353287,63.13344252,5.026812846,17.25649354,4.537067318,30.13802763,26.16888258,202.5622741,1.114326744,1
2630,West,Chalky,Onion,Kharif,Vegetative,Flood,37.13541638,37.52007043,75.3643923,10.35734406,1.525842964,5.605574176,64.37832973,80.56338141,200.3271884,7.746608655,1
2631,North,Chalky,Wheat,Rabi,Seedling,Drip,54.28983151,29.65814778,56.75894271,6.858135654,21.43336612,5.069488975,80.68454096,35.26473868,67.79893611,11.93778604,0
2632,North,Sandy,Potato,Zaid,Fruiting,Furrow,59.26999641,33.09666407,22.1643435,3.434606922,20.41418024,5.010436731,45.61196066,106.9343023,0.003430933,10.78141313,0
2633,South,Silt,Wheat,Zaid,Maturity,Furrow,10.30542888,24.76743398,24.81466145,3.098224078,24.63740678,8.336160866,80.55367118,127.87055,120.2805899,8.762587849,1
2634,East,Sandy,Sugarcane,Rabi,Flowering,Furrow,21.68671621,44.50791899,60.34422735,5.102728024,23.41262452,6.006241326,23.89217199,30.57823127,177.7224644,9.640778275,1
2635,North,Chalky,Rice,Rabi,Fruiting,Furrow,59.91322354,35.02053489,73.90917761,3.041331297,8.904929098,6.60835434,3.127271613,23.29825465,66.48093096,5.585379879,0
2636,North,Sandy,Wheat,Kharif,Seedling,Drip,,16.31540557,36.14978956,3.060411297,9.9818846,7.435287548,79.97141437,126.9267919,191.5253428,4.278875104,0
2637,Central,Chalky,Groundnut,Rabi,Fruiting,Drip,77.62332536,24.79865717,74.14321805,0.08220153,18.64912119,4.689789899,72.43813639,52.38442769,68.20399961,5.054911101,0
2638,West,Peaty,Cotton,Rabi,Fruiting,Furrow,63.27264532,33.69943301,80.79993301,0.956190783,3.352069299,5.464090554,96.55155497,63.01462707,125.0912706,1.895642899,0
2639,Central,Sandy,Groundnut,Rabi,Vegetative,Sprinkler,76.55408954,16.68999833,50.89231088,3.352171803,7.850367756,7.828591149,90.97508868,32.04057785,148.019445,7.971747178,0
2640,West,Loamy,Cotton,Kharif,Seedling,Furrow,59.17783511,15.71652574,75.98144246,8.64824801,2.963523424,7.947962453,125.6480932,61.67065587,70.81023172,2.923515244,0
2641,North,Silt,Rice,Zaid,Fruiting,Furrow,30.8636546,28.50072719,50.30224627,1.63368791,11.37216123,5.991803683,64.32560682,33.5385106,72.20231446,9.391660323,1
2642,East,Clay,Soybean,Rabi,Flowering,Flood,17.37554456,24.98070539,70.87629721,3.697457739,13.800107,5.999446399,1.171726457,96.55947889,96.34894009,3.089741085,1
2643,East,Silt,Potato,Kharif,Flowering,Sprinkler,,28.14895824,77.2997787,2.115310796,5.279011749,7.527587508,88.29137542,72.33707981,171.2208028,3.509364278,0
2644,North,Chalky,Soybean,Kharif,Vegetative,Flood,55.0904455,22.8807993,94.39449637,0.553562893,0.665792173,5.680280907,94.51854014,114.2687647,20.67440735,11.53036203,0
2645,West,Clay,Groundnut,Zaid,Maturity,Furrow,13.37302087,19.94153241,45.90474965,15.88608887,17.98389579,4.968376325,73.00929852,45.34557683,129.453274,2.159355032,1
2646,Central,Peaty,Groundnut,Kharif,Seedling,Flood,35.20353261,35.67430071,50.82805854,9.643874457,0.500129111,5.530141801,96.50268183,73.31127724,138.8563255,6.487267932,1
2647,Central,Sandy,Rice,Zaid,Fruiting,Drip,76.97598708,30.43713349,32.42150446,0.408721405,24.33506522,6.049378927,45.30173385,37.63088183,114.3639158,1.689551581,0
2648,Central,Chalky,Wheat,Rabi,Vegetative,Sprinkler,45.0280802,21.00462634,35.30547938,6.361030937,5.540181419,4.708818838,20.83316245,135.4987199,191.8468694,1.994300913,0
2649,West,Clay,Rice,Zaid,Flowering,Furrow,40.29103952,24.58768279,72.00462519,2.13533303,16.5975023,6.414721017,93.03751295,75.68067183,123.408097,7.968503984,1
2650,North,Clay,Rice,Kharif,Fruiting,Furrow,42.03897236,32.75423723,88.77841926,26.34360551,10.86879316,7.460030051,34.32610009,25.15206197,130.088234,7.937999894,0
2651,East,Peaty,Tomato,Zaid,Flowering,Sprinkler,24.62179068,17.16688045,49.59537137,1.800536423,1.491846508,6.554980578,63.8842273,39.55102059,122.9508057,3.124323095,1
2652,Central,Chalky,Cotton,Rabi,Fruiting,Flood,35.80950196,19.42359028,33.48833351,1.363891408,11.80459017,4.787581362,68.82718229,12.0207848,148.0138489,10.59735167,1
2653,West,Silt,Onion,Zaid,Seedling,Drip,35.88692792,17.19736812,41.38246245,4.195381812,12.91901586,6.260598525,66.80793707,4.033319362,27.75893021,8.724056953,1
2654,West,Chalky,Tomato,Zaid,Flowering,Drip,13.66485141,39.36951998,54.12887786,9.012873619,21.3670802,7.335618432,83.78288012,76.25866478,183.3266463,4.306716412,1
2655,Central,Silt,Sugarcane,Zaid,Vegetative,Flood,63.729734,37.572277,41.7987747,1.069177974,18.30872674,4.732386616,4.12351925,48.88282377,8.710926198,3.732252138,0
2656,North,Silt,Rice,Rabi,Vegetative,Drip,39.15531023,37.59938796,37.51843123,6.179085295,1.982561869,4.739388759,138.5555493,139.747151,131.3525118,9.297137784,1
2657,East,Sandy,Potato,Kharif,Vegetative,Sprinkler,67.55259208,36.4897603,75.19883666,0.316864447,5.229067086,5.982405613,100.2834664,24.84305247,126.1735911,9.069863165,0
2658,East,Peaty,Maize,Kharif,Vegetative,Drip,69.52436008,35.08156271,20.58836909,12.56250404,7.797192105,5.279855856,59.55428945,115.1173346,42.66483112,2.637151027,0
2659,West,Clay,Groundnut,Rabi,Maturity,Flood,24.83958383,29.30975746,60.44228955,0.422753396,2.910192162,8.239123165,26.78620424,45.81585912,8.345749605,4.841066335,1
2660,North,Silt,Groundnut,Kharif,Fruiting,Flood,56.01474375,34.26834491,79.53251053,12.28051016,11.42247677,6.825374415,11.22482514,32.41292098,28.46125639,3.383449713,0
2661,South,Silt,Onion,Zaid,Fruiting,Furrow,43.05972629,16.15084664,39.96712147,3.374643247,24.60772977,5.649301598,94.10665889,140.5973388,55.69277127,4.235586157,0
2662,East,Silt,Onion,Zaid,Fruiting,Sprinkler,71.61097165,33.64393268,65.2468633,2.971861529,12.86531978,7.319106916,44.37378609,116.3736068,180.8316666,4.163203587,0
2663,South,Loamy,Cotton,Kharif,Maturity,Drip,25.10184754,38.33633117,70.16750792,18.11678449,18.54705421,5.999716205,32.12698415,91.44002926,175.4255529,11.7362607,1
2664,West,Sandy,Tomato,Zaid,Vegetative,Furrow,57.44692402,,69.12685223,23.2217269,17.07344494,5.028462578,53.1936142,101.0825504,13.09039272,9.252325104,0
2665,East,Silt,Tomato,Rabi,Seedling,Furrow,52.54264856,25.72539985,53.43872256,5.251655927,21.24778588,5.448928919,83.00923229,143.7503139,59.29994165,9.580572538,0
2666,North,Chalky,Wheat,Zaid,Vegetative,Furrow,30.67110343,23.32280204,45.99334909,0.679781892,5.393087262,7.070989138,94.03873034,86.01507428,182.3098299,4.051654818,1
2667,South,Loamy,Tomato,Rabi,Maturity,Flood,19.56206326,34.2840615,82.69430548,3.52782062,18.84565654,4.707504424,90.32380971,14.77556537,48.51510083,1.005797936,1
2668,Central,Peaty,Sugarcane,Zaid,Seedling,Sprinkler,55.61478323,35.78403596,76.88344677,3.766217657,22.03388101,5.59075616,120.8571817,9.405588372,204.1728873,1.639727054,0
2669,South,Clay,Wheat,Kharif,Maturity,Sprinkler,61.70182207,41.129028,44.09413801,3.612328268,4.287745575,5.333245911,30.62604035,96.65798273,52.65224014,7.082997433,0
2670,West,Silt,Soybean,Kharif,Flowering,Flood,32.09391406,25.27002247,27.72643958,4.213944986,8.670055495,5.304540443,89.14446285,95.35216587,151.5182176,4.140292528,1
2671,West,Sandy,Tomato,Zaid,Fruiting,Sprinkler,55.13828228,38.09316922,25.38556591,0.094511204,24.25254411,7.231049648,14.15601267,108.4852,85.49713058,3.122500607,0
2672,West,Silt,Cotton,Rabi,Fruiting,Furrow,37.65916353,31.84067473,27.07069834,6.210576707,19.51969615,7.803267667,76.71085659,15.77291588,27.93013317,1.546050138,1
2673,North,Sandy,Onion,Rabi,Maturity,Sprinkler,59.92448183,41.48509472,63.71520209,6.230824205,7.064770813,7.363466432,81.75417635,137.0108298,52.30669573,10.63469913,0
2674,North,Loamy,Potato,Rabi,Seedling,Drip,23.94506924,30.83436325,23.87466319,0.613492972,14.09854424,7.082911263,30.27322185,79.91797002,138.3992055,7.601400818,1
2675,West,Sandy,Tomato,Rabi,Flowering,Flood,72.31505018,30.52889485,45.26951562,4.222635341,10.10815307,8.165807087,54.8370382,94.18555055,69.09656242,2.181105359,0
2676,East,Chalky,Groundnut,Rabi,Flowering,Furrow,30.11867175,32.33631244,76.48997764,4.200830554,12.24912941,4.733569522,115.8070045,5.05359559,123.8462852,9.430444177,1
2677,Central,Peaty,Groundnut,Rabi,Vegetative,Furrow,35.74501914,37.47946065,42.07611249,5.73560658,8.879154785,5.169932344,20.77726753,139.3412611,42.13386377,9.314081502,1
2678,North,Sandy,Tomato,Rabi,Vegetative,Flood,14.06643665,43.94071436,77.24810579,0.446329722,6.983275463,6.157627423,60.83086767,81.57581807,91.9590993,4.183440051,1
2679,East,Chalky,Groundnut,Kharif,Seedling,Drip,17.80585486,17.20690063,75.91002787,4.924230646,16.86907603,5.989806574,130.58263,81.68765138,105.010385,3.072695807,1
2680,South,Clay,Rice,Kharif,Vegetative,Furrow,,16.60303807,38.43703495,1.647744944,19.46354538,6.172206412,70.57524988,136.8155209,84.62083548,9.953800638,0
2681,South,Loamy,Sugarcane,Kharif,Fruiting,Furrow,28.73148737,43.12651012,,3.536260854,21.84892807,5.32581962,101.5187197,134.7557758,40.57319643,4.625212059,1
2682,East,Sandy,Wheat,Kharif,Maturity,Sprinkler,,,76.08324787,7.421158103,3.883249183,5.098013262,115.7612455,31.94329581,94.61847254,10.32170889,0
2683,Central,Silt,Sugarcane,Zaid,Fruiting,Flood,11.02853721,33.44709044,49.80904443,6.114859691,20.57138809,6.53677299,28.52841248,135.0093292,142.0446149,1.480167744,1
2684,South,Peaty,Sugarcane,Rabi,Flowering,Flood,36.53658341,29.47270805,35.78153628,0.632937885,6.370020612,8.212210096,30.55041297,106.810087,197.8056609,6.492178438,1
2685,East,Clay,Soybean,Kharif,Flowering,Flood,33.61418827,17.80972358,59.09531052,4.472460136,10.68340975,6.067877849,106.2028039,2.740605463,161.8519322,2.975548095,1
2686,East,Sandy,Soybean,Rabi,Maturity,Flood,11.35293416,38.04268135,89.1048191,17.3876711,22.53609215,4.673412856,105.4629433,34.77725657,33.10144871,8.392492946,1
2687,West,Sandy,Soybean,Rabi,Seedling,Furrow,18.70578793,37.41673935,67.97125493,0.852574279,11.36259002,7.324669372,8.42566489,59.88212109,55.90387921,11.96935138,1
2688,East,Clay,Groundnut,Rabi,Flowering,Sprinkler,38.95498724,24.35109964,32.96918732,9.583454178,4.926588351,5.664419622,45.1497537,84.50925605,16.15889857,5.537621352,0
2689,Central,Clay,Wheat,Rabi,Seedling,Drip,44.50052091,24.18717736,71.20676936,6.062513412,3.996716381,5.480380029,55.79454887,101.6928109,27.80815247,2.103416016,0
2690,West,Sandy,Cotton,Zaid,Fruiting,Drip,38.30028231,40.13524143,52.04022705,7.436174694,11.82459417,5.797032003,116.0656565,30.48050712,51.3900078,4.494404314,1
2691,Central,Silt,Sugarcane,Rabi,Vegetative,Drip,47.16563749,17.17071773,64.3646598,1.656138357,19.0668106,7.395262096,59.06071576,121.3215746,40.90311009,10.8065715,0
2692,Central,Silt,Onion,Kharif,Maturity,Sprinkler,51.65921724,41.43315445,75.05480263,1.697606908,24.9301286,7.775277547,129.6300447,122.628722,43.79809641,9.423371265,1
2693,West,Silt,Groundnut,Kharif,Vegetative,Sprinkler,10.69466748,22.6998507,58.62105136,11.82333747,19.68521571,6.852224269,139.5250888,92.07482879,47.30789642,3.554328281,1
2694,West,Sandy,Wheat,Zaid,Seedling,Furrow,42.48666116,32.78954243,81.04879809,2.230123436,21.92529897,5.789915015,109.3016632,133.558617,61.63913264,11.48958591,1
2695,South,Loamy,Tomato,Zaid,Seedling,Furrow,77.44494686,43.07982537,74.16166845,0.325442112,18.69580902,5.741912932,93.29413654,117.8824519,25.74514407,7.844067282,0
2696,South,Sandy,Wheat,Rabi,Fruiting,Furrow,46.33225961,35.34367505,66.1305005,4.588918023,22.38587752,4.9972334,54.86560324,32.1354306,56.95617168,2.848543403,1
2697,West,Loamy,Sugarcane,Zaid,Fruiting,Furrow,57.42795872,27.43289437,31.30946119,0.66661518,1.907338583,8.233204193,9.385522447,115.8081456,141.1244246,7.295543567,0
2698,Central,Silt,Potato,Zaid,Seedling,Flood,31.83047005,35.68602627,82.69618332,7.962811584,23.24828997,7.052557596,80.2394259,138.2143014,48.46220496,5.964045544,1
2699,North,Sandy,Wheat,Kharif,Fruiting,Sprinkler,64.17939647,,90.1929189,5.132571411,9.910153843,4.607898479,50.63868678,19.95293482,35.22687767,10.01667442,0
2700,East,Chalky,Wheat,Zaid,Maturity,Drip,64.10450373,23.31775249,30.27238429,10.38627987,23.04035558,7.149468381,49.12573062,141.9111933,13.87761075,4.785760326,0
2701,West,Silt,Wheat,Kharif,Flowering,Drip,46.49072334,44.90049834,56.61808471,7.681802797,1.893320936,6.288613697,96.27929538,3.623955532,102.4941547,10.62476152,1
2702,East,Sandy,Groundnut,Kharif,Maturity,Sprinkler,78.32096763,37.52370694,39.41665565,0.594557633,17.88107393,8.390231852,64.9095102,75.71425049,172.6064592,9.931674251,0
2703,South,Silt,Sugarcane,Kharif,Seedling,Flood,18.78851503,34.34159932,76.58924806,2.398820956,18.39221872,7.776275299,105.2931383,112.2145052,12.09841207,8.420637963,1
2704,East,Clay,Potato,Rabi,Flowering,Drip,11.18633654,25.6586893,74.1222227,7.448511697,24.92277223,5.185263015,55.74425118,114.6135249,111.1768356,3.844679446,1
2705,South,Chalky,Cotton,Kharif,Seedling,Sprinkler,63.91107482,16.47482487,30.56638404,2.700769908,19.22138177,7.380444475,21.12087397,106.5275225,133.3768777,11.67362534,0
2706,West,Sandy,Rice,Zaid,Maturity,Furrow,66.50088762,15.93170628,85.77704534,17.94344868,9.564342645,6.442264015,64.58865367,76.75594905,121.4546396,7.035334583,0
2707,South,Loamy,Tomato,Zaid,Seedling,Drip,18.41450604,31.62543766,33.5729798,6.654117572,13.93121379,5.248180655,133.141752,94.3898267,179.9127567,10.98265376,1
2708,Central,Silt,Soybean,Kharif,Fruiting,Furrow,28.59079831,37.86098163,79.79442692,0.078106481,9.163773454,7.294959629,112.2134481,101.4901669,177.6110939,3.373028892,1
2709,Central,Chalky,Potato,Kharif,Seedling,Flood,11.22866544,31.12137571,54.27352697,10.60072153,4.900466133,6.689550315,28.80489571,71.70818751,11.74805647,11.81716132,1
2710,Central,Chalky,Maize,Kharif,Maturity,Drip,30.53160275,40.22355216,44.62042202,0.531275606,6.212558188,4.621495515,54.78207023,86.37432139,73.99351369,9.976651518,1
2711,East,Chalky,Onion,Kharif,Fruiting,Drip,64.11993117,16.00279599,31.8679447,0.757160284,5.550263357,7.086351802,129.8908933,122.7233678,137.5201153,11.44149572,0
2712,East,Peaty,Groundnut,Kharif,Flowering,Sprinkler,46.25723694,26.00256229,32.57106921,6.630559079,13.72038325,7.039948359,17.31786822,45.36745807,195.2511544,3.336023055,0
2713,North,Loamy,Rice,Zaid,Maturity,Drip,34.36669152,22.11211174,69.6417916,10.01123817,22.65401586,5.076340644,35.55303386,75.86491741,164.9603833,5.737238864,1
2714,East,Peaty,Wheat,Rabi,Vegetative,Drip,36.02175064,28.41818904,61.2822791,3.843122596,22.81816565,5.895950908,36.71117042,1.229559549,36.20080866,2.07397314,1
2715,North,Silt,Sugarcane,Kharif,Vegetative,Sprinkler,,17.1712918,29.15640662,1.705763998,1.369094438,6.843595883,79.93060259,99.67827797,57.23781174,2.506665672,0
2716,West,Chalky,Onion,Kharif,Maturity,Drip,30.98603693,43.62394925,28.45233953,2.164044414,1.997485024,5.055132056,57.50266476,28.33089237,156.536742,4.123545299,1
2717,West,Sandy,Wheat,Rabi,Maturity,Sprinkler,55.25211191,21.69766203,25.42329311,2.099514133,6.127976429,7.910893511,11.18189436,69.74518179,96.65234369,11.46788227,0
2718,West,Sandy,Tomato,Kharif,Vegetative,Flood,78.19361107,42.66923326,75.78255105,1.977658816,6.376486312,4.609944185,88.08540364,30.47975636,112.1970006,8.339108492,0
2719,West,Sandy,Sugarcane,Zaid,Vegetative,Furrow,69.29425789,27.77679465,73.39115639,1.391363544,2.372229381,4.91134966,13.87090103,3.412388614,124.8408631,4.460955378,0
2720,East,Peaty,Potato,Zaid,Vegetative,Flood,11.65164753,44.565724,24.38232431,4.693539327,9.711583529,4.964427679,84.89809048,70.06698,21.17476113,11.50030651,1
2721,Central,Chalky,Maize,Rabi,Maturity,Flood,,31.6217515,62.02025567,11.53323258,14.69313482,6.612428504,70.98117323,61.60087296,175.4722169,9.137045473,0
2722,Central,Silt,Soybean,Kharif,Fruiting,Flood,64.82388893,42.92498593,26.35071164,1.834221045,14.45405501,6.980456049,69.1136125,61.64667946,176.9425601,10.97676915,0
2723,South,Clay,Cotton,Kharif,Seedling,Flood,64.62632865,15.16046966,87.7809328,1.033241111,13.58574203,6.114963186,9.449474342,30.27689319,95.98908605,11.19942873,0
2724,West,Sandy,Groundnut,Zaid,Seedling,Sprinkler,42.05970313,37.44716419,88.03380644,9.118655792,8.466798122,5.654667311,89.49086256,137.3446655,128.5032698,9.258467249,1
2725,Central,Silt,Groundnut,Zaid,Fruiting,Sprinkler,37.86037051,42.09151959,72.36747424,6.769781219,17.66139213,7.737269503,60.3848362,0.508537013,135.2803446,3.674467728,1
2726,North,Clay,Sugarcane,Kharif,Seedling,Drip,31.20410102,19.19161701,89.46416911,13.35644849,20.66209852,4.773143935,57.55485712,129.2740902,38.89312987,11.96247851,1
2727,West,Clay,Onion,Kharif,Fruiting,Drip,14.59864013,17.88377555,80.85897728,0.904730929,8.656856662,5.621167445,83.5031955,106.8507789,23.07988984,4.575999241,1
2728,North,Silt,Sugarcane,Kharif,Fruiting,Flood,25.97647544,27.73717822,82.14039319,0.778892686,2.138383982,4.656462315,84.87472839,24.95044486,4.237954013,8.388763245,1
2729,East,Sandy,Cotton,Kharif,Seedling,Flood,27.26225445,43.01036718,62.72808879,3.898205032,7.408256277,4.55556054,2.104661407,68.46783801,187.1407745,10.29292864,1
2730,West,Sandy,Potato,Kharif,Seedling,Drip,43.88539488,31.27159681,42.95443987,4.765209996,3.434216364,5.913519548,17.53162617,143.3832618,70.87122423,2.926660939,1
2731,West,Loamy,Groundnut,Zaid,Seedling,Flood,62.32110846,30.82369391,36.33493363,3.271300325,11.68396818,5.27929465,33.11255092,93.33624436,17.59534168,7.699458479,0
2732,Central,Silt,Soybean,Zaid,Flowering,Sprinkler,43.16668799,19.23378355,44.54000165,4.56855327,3.898378783,5.573463419,94.91682667,18.46962495,95.48899559,5.126900546,0
2733,East,Chalky,Maize,Zaid,Seedling,Sprinkler,14.04911146,15.02368533,67.13715726,0.994570894,11.57111894,7.78378863,80.74375778,66.35812463,15.50314824,3.687179766,1
2734,South,Clay,Sugarcane,Zaid,Maturity,Flood,77.04528607,39.30420272,32.94924019,3.265919813,5.525072308,5.151920385,106.0680785,67.889449,17.47640433,1.12948994,0
2735,North,Peaty,Cotton,Rabi,Maturity,Sprinkler,75.99070234,17.62723689,39.39801775,5.366076123,18.46827764,7.620933469,103.6850928,116.3281833,100.2214959,10.5917147,0
2736,West,Peaty,Sugarcane,Zaid,Flowering,Drip,64.96326802,34.01549456,55.10456471,2.834391915,0.689206021,7.200202493,119.4456017,132.8436253,104.3115152,2.494697019,0
2737,North,Chalky,Wheat,Kharif,Maturity,Sprinkler,79.39295311,42.43849364,37.47875739,5.688543486,13.8686576,5.805782101,52.75408058,11.92502378,118.9293325,10.65928877,0
2738,West,Sandy,Sugarcane,Zaid,Seedling,Flood,48.1137633,21.25955739,64.14827523,3.000026572,4.237206873,6.686224581,48.30894127,45.53540661,134.5438534,7.607596587,0
2739,West,Loamy,Groundnut,Zaid,Flowering,Sprinkler,,34.95818509,89.23820213,2.029322796,0.024796612,6.277742439,116.3421564,43.2735284,136.9948109,7.8316111,0
2740,South,Chalky,Onion,Zaid,Vegetative,Flood,15.29235284,17.3609573,76.10670243,1.809191593,21.7300022,5.013581262,33.26421474,144.4269781,88.76432095,10.11516974,1
2741,Central,Peaty,Onion,Rabi,Vegetative,Flood,35.59765238,33.11265432,69.98199606,2.645814128,16.7881947,8.128741287,64.56413231,81.08793192,131.924277,6.603852613,1
2742,North,Sandy,Maize,Zaid,Fruiting,Sprinkler,25.77668876,19.91795163,63.7041107,0.116801818,2.473570551,6.77847187,27.20559128,127.5755669,62.47165002,4.930130249,1
2743,North,Loamy,Cotton,Zaid,Seedling,Flood,23.70831589,37.07860682,56.59609319,5.521016523,16.60180919,8.020960183,127.9377039,61.77476317,90.46817919,2.526873524,1
2744,East,Peaty,Rice,Kharif,Fruiting,Furrow,19.85620642,24.03693884,33.99228947,9.325059746,15.29118332,7.795306047,57.09242183,104.7948568,80.63204495,7.274569193,1
2745,East,Clay,Potato,Kharif,Vegetative,Sprinkler,53.56895491,28.90173026,87.10328416,-999,11.83391718,4.819103701,29.74816575,41.55491813,67.46755025,7.084837597,0
2746,Central,Peaty,Maize,Kharif,Maturity,Furrow,,32.98291626,38.64020015,0.23563171,10.48145246,5.329082664,96.88187468,132.2089734,48.90701925,4.232861342,0
2747,Central,Peaty,Onion,Kharif,Flowering,Drip,50.48088796,20.13820232,26.84816582,21.62845737,22.17674407,5.081044457,34.25025495,65.99620494,16.08409511,7.600626182,0
2748,East,Peaty,Soybean,Rabi,Vegetative,Flood,20.28738967,37.24913456,76.25113844,1.530576326,6.128700497,7.823118131,132.0905044,116.5401971,103.7116479,5.833035746,1
2749,East,Peaty,Rice,Zaid,Fruiting,Furrow,66.7786639,24.07921022,33.17116507,0.676929108,9.957751425,7.949786506,51.46638207,37.09344808,110.1440782,9.860831693,0
2750,East,Sandy,Sugarcane,Rabi,Maturity,Flood,54.5168295,34.8711558,47.89219997,2.308213461,8.227885322,6.611886039,93.04969969,100.5726296,68.91178404,7.154348834,0
2751,Central,Silt,Onion,Zaid,Flowering,Flood,37.17159943,,22.12136962,6.707695739,19.28002573,4.91671229,48.33429036,58.74796864,200.0479919,11.27046445,0
2752,East,Clay,Sugarcane,Kharif,Maturity,Drip,57.18912069,35.64352978,30.28009569,1.740109569,22.91163266,5.042466474,113.0143816,4.558716331,114.1770481,6.697812652,0
2753,South,Silt,Sugarcane,Zaid,Vegetative,Sprinkler,28.19334855,18.84564218,,4.27484005,21.24454247,7.75419525,125.5691837,59.8861968,182.2471564,10.76244833,1
2754,Central,Sandy,Rice,Zaid,Maturity,Sprinkler,34.16345459,27.76069489,24.08075958,2.685505728,19.94259826,8.216760546,110.3085703,79.75313805,116.8674885,6.725776518,1
2755,East,Peaty,Groundnut,Zaid,Maturity,Drip,74.22400902,22.41618221,69.24927175,0.626478382,24.66974864,5.29790274,118.7898626,22.00543402,38.93274986,7.13838284,0
2756,Central,Loamy,Sugarcane,Rabi,Fruiting,Flood,30.3353154,37.45125748,82.77558469,2.004530176,17.42861376,4.544550306,14.26331591,26.66740025,199.7976206,5.03488795,1
2757,South,Loamy,Rice,Kharif,Maturity,Drip,42.89917877,22.86105014,47.99865548,6.452567019,18.77634478,5.823811621,129.3690548,67.40510576,181.4936771,5.401860358,0
2758,North,Silt,Tomato,Kharif,Flowering,Sprinkler,72.30987962,41.45151919,85.59323575,4.73379992,24.57006349,4.621997559,87.40210204,49.6958083,96.61110408,11.26411636,0
2759,East,Chalky,Soybean,Rabi,Vegetative,Flood,59.54049452,41.75460634,36.00099309,0.637907811,0.174769635,7.811899664,121.6904545,63.90737801,49.82686782,3.456106422,0
2760,South,Loamy,Groundnut,Rabi,Seedling,Sprinkler,14.35422583,20.89323946,,0.891582397,15.85120941,6.466049029,95.82114699,66.81991345,45.64727133,2.336034938,1
2761,West,Silt,Cotton,Rabi,Maturity,Drip,20.3112131,33.41537835,31.30527448,5.118452172,18.4742883,7.067443115,28.2586736,20.31102634,165.2341876,10.13232003,1
2762,Central,Clay,Rice,Kharif,Vegetative,Furrow,10.54891135,17.63152925,66.54193966,8.394353001,22.94567634,6.145939505,85.33771423,26.27321341,14.16931535,7.346018797,1
2763,North,Loamy,Tomato,Kharif,Maturity,Furrow,54.16452532,26.74611299,51.49021932,2.149873875,22.0961076,5.882030188,12.73247356,122.9839821,130.8023782,4.131120459,0
2764,West,Chalky,Rice,Kharif,Maturity,Drip,41.33713978,36.39965189,65.99625101,4.523178974,21.04901703,5.388801652,97.40122423,23.59420995,131.2276593,5.756402423,1
2765,East,Peaty,Potato,Rabi,Fruiting,Flood,19.39923956,34.78269741,77.1256179,0.935526436,23.6447818,7.582130188,57.26015975,96.55757829,37.40318228,6.773957495,1
2766,West,Sandy,Soybean,Rabi,Vegetative,Furrow,77.05538847,33.74102008,60.9277262,1.865301823,13.4344797,7.282190338,21.24264423,60.68656678,144.5070355,7.513542825,0
2767,East,Clay,Sugarcane,Kharif,Flowering,Furrow,47.07618068,,67.07227662,0.102392327,0.17300239,5.942915938,137.0921742,140.3943195,144.6082893,10.03156125,0
2768,South,Loamy,Wheat,Zaid,Seedling,Drip,26.93253059,26.34074848,90.14377358,7.311040227,0.276359967,5.784464537,126.1518194,9.585132474,71.75632783,5.337875602,1
2769,South,Loamy,Tomato,Zaid,Maturity,Drip,45.04224998,18.08838434,42.42982322,2.562550373,13.61597639,4.504971515,125.0961199,120.4063856,99.09206211,8.441534245,0
2770,North,Silt,Potato,Kharif,Vegetative,Furrow,57.57342329,36.57068461,46.9372954,8.467511099,10.88180597,4.75420852,110.4348429,71.26013851,170.716528,10.18243671,0
2771,West,Clay,Maize,Zaid,Vegetative,Furrow,,30.1166639,73.82775213,6.161398385,11.28112633,6.9930221,96.87735752,0.776093775,107.2464211,10.28150802,0
2772,Central,Sandy,Onion,Rabi,Maturity,Flood,29.22926705,36.26296897,65.84791378,8.822986588,10.01011843,6.558429241,91.71112724,38.23073175,126.7222057,3.796697255,1
2773,South,Sandy,Tomato,Kharif,Seedling,Drip,66.48758436,22.46830574,33.38996784,1.681971885,22.94314523,6.239212818,14.85313728,59.11604362,84.61777835,4.851903487,0
2774,South,Silt,Onion,Rabi,Maturity,Flood,42.17654093,24.73314686,48.21104825,1.023502931,8.979258779,7.810008963,126.0792729,45.55823925,30.66781328,7.543966377,1
2775,East,Silt,Sugarcane,Zaid,Seedling,Drip,48.26039994,25.02646012,55.08785098,17.86093976,21.40567354,6.515592818,123.3579755,52.55517228,204.6036595,10.7434963,0
2776,North,Silt,Onion,Kharif,Vegetative,Drip,40.29712015,15.77227229,51.45423785,6.317336554,22.57161984,6.037974326,104.6993677,132.9174268,108.9649867,9.694906954,0
2777,North,Loamy,Cotton,Zaid,Maturity,Drip,,25.23143618,33.37061062,8.980110746,12.48754425,5.14502539,129.8240943,52.3354347,68.97152459,7.423591916,0
2778,East,Clay,Onion,Rabi,Vegetative,Drip,21.60248459,39.09913721,89.33225688,0.066101895,11.17345093,7.782752033,77.4316832,60.73026001,146.3264018,11.82106994,1
2779,Central,Sandy,Potato,Kharif,Maturity,Sprinkler,41.18791471,41.91895487,77.17390713,2.188353066,19.02551511,6.804993,62.66992686,110.3640753,127.2684622,5.828859524,1
2780,South,Peaty,Groundnut,Rabi,Maturity,Flood,24.64298258,30.54654947,56.10168741,6.789830911,17.69928769,4.869839864,135.5126363,115.105867,47.74619746,10.26695628,1
2781,North,Sandy,Cotton,Rabi,Flowering,Drip,13.49853201,28.66505086,71.00457712,0.405957181,8.213377915,7.095593592,64.97836629,12.19299951,179.7697274,10.00262418,1
2782,East,Chalky,Sugarcane,Rabi,Fruiting,Flood,69.05547648,15.92473856,87.29620041,4.18901458,2.563703148,6.200282982,89.78542175,102.090155,14.53510207,10.98842143,0
2783,West,Clay,Sugarcane,Rabi,Maturity,Furrow,78.68347704,41.37613013,30.21306068,2.80246758,6.621310005,7.745544894,52.22870056,69.97293328,124.1681416,11.86446191,0
2784,North,Silt,Wheat,Kharif,Maturity,Flood,65.52000118,15.3903064,38.7779788,0.088867623,3.275712645,8.175658388,89.08567164,19.40881452,97.96714075,6.452663673,0
2785,South,Loamy,Sugarcane,Zaid,Vegetative,Sprinkler,69.76494452,43.34250241,60.70259354,1.345777616,7.368306894,6.901863253,100.8138594,38.38303177,65.23067483,3.151926136,0
2786,South,Sandy,Maize,Zaid,Seedling,Drip,26.93839912,29.67648746,79.92577785,1.675909271,6.54553914,7.426451277,87.45177354,6.530147109,169.4079263,6.069848925,1
2787,South,Peaty,Sugarcane,Rabi,Vegetative,Drip,77.24388829,25.25803481,22.71911716,0.593129152,15.9427856,4.72636339,72.03881177,52.23439238,134.5368002,10.39273365,0
2788,West,Loamy,Rice,Rabi,Fruiting,Sprinkler,23.78479931,42.72655305,93.80136126,4.992073672,23.86240071,6.74102182,42.01551167,37.03393385,155.6973969,10.19717298,1
2789,West,Sandy,Tomato,Rabi,Maturity,Drip,76.60008673,15.73172979,54.11799522,-999,17.14359331,7.521359913,90.13839466,55.40499262,85.00504224,4.695668983,0
2790,South,Clay,Potato,Zaid,Vegetative,Sprinkler,79.63735058,32.44274685,46.94233555,1.62601635,23.1662352,6.487048598,127.1800453,84.14937939,193.1916579,1.520374877,0
2791,East,Sandy,Potato,Kharif,Seedling,Furrow,59.8205964,31.46797573,41.95433284,11.42562202,19.60330647,6.874200358,0.967762764,106.189235,70.66830166,6.608263076,0
2792,East,Peaty,Tomato,Zaid,Fruiting,Furrow,78.68006123,21.57961204,33.07675307,3.147324123,18.19694055,8.095792742,18.75006384,87.77603805,108.8642095,6.21511022,0
2793,South,Loamy,Wheat,Zaid,Fruiting,Drip,49.86778457,27.86662294,79.36804317,2.488955936,10.35154851,5.292398288,16.76824219,98.36470883,191.3982729,1.943403756,0
2794,East,Sandy,Wheat,Rabi,Maturity,Sprinkler,28.16792482,34.56792018,91.65606236,6.43443635,8.119862572,4.89298603,129.2487424,125.5176725,17.05373637,9.743789513,1
2795,Central,Peaty,Onion,Rabi,Fruiting,Sprinkler,40.589712,36.81393591,51.02335661,12.01831822,21.15693431,7.262574453,92.78467645,126.7045443,22.30613962,4.119493013,1
2796,South,Sandy,Sugarcane,Kharif,Seedling,Furrow,51.54926548,15.02150576,91.43155211,0.126775383,22.63483082,7.791395622,133.2503349,124.8043055,203.8084921,8.103273014,0
2797,North,Sandy,Soybean,Rabi,Vegetative,Flood,15.11570934,43.1056029,81.78482116,2.973200097,11.29706234,7.901960754,81.59385825,22.20949274,199.1351872,2.116366489,1
2798,Central,Chalky,Sugarcane,Rabi,Fruiting,Sprinkler,53.56402852,19.93576117,56.07883456,4.718070133,0.226577455,7.066577988,64.6426056,36.40502437,158.1988292,10.4677349,0
2799,Central,Silt,Rice,Rabi,Flowering,Drip,,22.00741303,70.55196343,1.917758096,19.81327647,7.832853673,110.9280077,72.83716921,99.25859659,9.132019535,0
2800,East,Peaty,Rice,Zaid,Vegetative,Drip,23.30753548,22.90420337,52.62381344,7.400997529,7.126721012,7.302656823,22.53191745,52.01719763,103.742474,5.272649799,1
2801,Central,Sandy,Tomato,Kharif,Seedling,Drip,65.48165814,16.1346041,61.90425562,17.78523482,0.247196625,4.849507664,53.38733628,19.0920004,52.72863908,7.924378443,0
2802,West,Chalky,Sugarcane,Kharif,Seedling,Sprinkler,73.55291556,18.69156371,24.35347528,14.36114957,20.12471397,7.548174032,65.27839367,41.72378402,88.70986241,3.06199282,0
2803,East,Loamy,Tomato,Zaid,Maturity,Furrow,76.0591115,44.59049769,72.21976065,1.546112312,12.93535472,5.217438758,41.78417523,141.4371704,88.42662246,11.8396474,0
2804,East,Clay,Maize,Zaid,Fruiting,Drip,77.20949231,24.45650212,23.96184834,1.283102766,17.13026866,5.44643737,51.97998574,50.30437955,7.39845388,9.757188463,0
2805,West,Silt,Sugarcane,Rabi,Maturity,Sprinkler,46.50217471,18.45903271,81.28137102,15.79014214,22.86724553,6.078602508,10.93472617,60.7425399,92.89743265,9.678340034,0
2806,Central,Chalky,Wheat,Kharif,Fruiting,Sprinkler,78.41155356,18.20973784,81.87101971,3.068247606,13.52934575,5.758268265,27.71770252,0.928206169,98.35785375,2.687182393,0
2807,East,Silt,Tomato,Zaid,Vegetative,Sprinkler,63.0117145,36.58379903,37.78079657,1.167849354,12.57985181,5.786606953,46.96954085,104.3151576,136.4855507,1.195068774,0
2808,East,Silt,Rice,Zaid,Maturity,Drip,21.31700054,40.63705992,44.27470858,6.137861535,7.266553034,5.177038097,111.4246607,59.9647595,105.8728472,7.439085045,1
2809,North,Clay,Sugarcane,Rabi,Maturity,Sprinkler,43.38300745,22.70856899,56.09827839,1.673311645,7.629845861,5.675484188,25.54962968,14.95530912,176.6450011,2.58532673,0
2810,East,Peaty,Groundnut,Rabi,Maturity,Furrow,,15.62728537,64.74971802,1.554732856,19.91355165,4.57865036,48.52965236,140.4407271,75.35017417,9.584768021,0
2811,East,Loamy,Onion,Kharif,Maturity,Drip,27.31382211,21.69270055,41.55152463,10.57012531,11.22573114,6.391643787,9.088840348,112.7278158,83.9921062,5.576837542,1
2812,West,Clay,Sugarcane,Kharif,Flowering,Drip,54.84306285,16.69547072,64.43648035,0.886545621,4.088155215,7.574363835,77.99460828,105.291763,117.1539153,4.724536739,0
2813,East,Loamy,Maize,Kharif,Flowering,Furrow,56.66203353,18.1018481,42.33403049,0.332798526,2.3632191,7.948989477,85.57512434,138.8914886,41.55815852,1.810141887,0
2814,East,Loamy,Cotton,Rabi,Maturity,Flood,21.38898207,27.9452436,24.16180408,1.567984499,11.82300292,7.781714236,121.1723049,59.08461225,80.66710754,11.95671588,1
2815,Central,Silt,Potato,Kharif,Fruiting,Furrow,49.55597187,21.89755113,20.18956624,4.669033891,11.62387559,6.165830876,114.6762398,104.1873633,140.6643317,11.51611858,0
2816,East,Sandy,Sugarcane,Rabi,Maturity,Furrow,64.01388377,30.47837636,27.58632934,0.656742333,16.33645696,7.421705925,39.95291366,29.90014512,84.42079155,2.447565986,0
2817,South,Loamy,Maize,Kharif,Flowering,Sprinkler,44.92269652,22.6048126,79.41880251,3.189458118,11.77668694,5.651563096,19.17351649,101.0824794,185.8563846,4.660927646,0
2818,South,Loamy,Groundnut,Rabi,Flowering,Drip,10.84721817,43.21611903,92.10734843,4.935405246,3.586892603,4.722249891,21.85164551,2.041468367,126.1366068,5.298662918,1
2819,North,Loamy,Soybean,Kharif,Maturity,Drip,10.63269284,42.17831904,52.02246495,9.443675932,12.69507212,7.203886102,135.654952,18.31428016,31.52238873,4.264811859,1
2820,South,Loamy,Maize,Zaid,Maturity,Sprinkler,34.99205408,32.00418315,58.45129651,1.305977082,22.6697351,7.095184659,94.25161396,61.6625432,99.9260899,11.27915416,1
2821,South,Silt,Onion,Rabi,Fruiting,Sprinkler,74.83358479,25.63271976,31.01361268,8.500816983,3.986035291,7.706517582,5.959910292,1.753440747,156.7796428,8.934760119,0
2822,West,Loamy,Maize,Zaid,Flowering,Flood,26.00737457,26.43440646,61.32735145,1.338784591,17.24386602,6.964424827,19.14909571,66.98504904,131.8857589,11.51508046,1
2823,West,Sandy,Cotton,Kharif,Maturity,Drip,54.40545822,27.35556849,30.84911765,5.646902172,14.84648162,5.1275665,68.01200911,75.80480361,181.4790326,10.61955943,0
2824,North,Chalky,Onion,Rabi,Seedling,Furrow,25.54531095,36.82737966,65.84107484,2.816506606,18.71464317,7.912649568,29.0960326,90.13295665,153.7464938,9.299956714,1
2825,West,Peaty,Maize,Kharif,Maturity,Furrow,32.51689928,28.54916987,89.99440007,0.609037604,3.765006836,7.009011152,112.5122579,14.55606816,12.63082339,8.666638178,1
2826,East,Peaty,Soybean,Rabi,Flowering,Flood,69.36294627,40.7018984,34.67739045,6.263425457,23.54013342,7.730438796,80.25039646,26.2467274,23.06509309,10.5277874,0
2827,North,Loamy,Rice,Zaid,Seedling,Sprinkler,61.02030096,43.32284358,77.34227885,1.227985138,15.52416069,7.596428482,85.76850909,88.92608875,133.1984832,8.525648865,0
2828,East,Silt,Rice,Kharif,Seedling,Furrow,16.67794941,25.0783846,21.76268171,0.971708102,21.17677844,5.691457949,64.79557673,95.43721831,48.87363149,3.075917789,1
2829,Central,Sandy,Groundnut,Rabi,Seedling,Furrow,,31.82083444,48.1622931,2.218350529,6.165169092,4.798211899,35.84878856,3.75553309,120.506155,8.129391681,0
2830,West,Sandy,Tomato,Zaid,Fruiting,Furrow,12.04188346,17.8516961,28.30613809,5.296336446,18.48532223,5.206017636,82.51650585,78.35326751,162.4046064,6.665018039,1
2831,East,Loamy,Cotton,Zaid,Maturity,Furrow,43.66231026,21.01407143,46.43565812,1.332842562,19.52576761,4.871449337,100.3758065,113.8223511,118.2709755,11.80084145,0
2832,Central,Silt,Groundnut,Zaid,Seedling,Sprinkler,56.37038082,27.403973,33.01526897,1.014631146,9.93588181,5.473649728,51.93273087,10.01962728,85.17515685,6.609621018,0
2833,West,Peaty,Wheat,Kharif,Fruiting,Drip,18.29518365,21.18608148,47.99787426,0.050017471,9.598836322,6.338129092,70.69210829,59.91006546,132.4854138,1.423004815,1
2834,West,Chalky,Potato,Kharif,Flowering,Flood,30.22194572,41.29681472,51.31421046,3.189916356,16.44490663,8.12724242,117.5557559,47.34413459,29.44198608,3.906084618,1
2835,North,Clay,Potato,Zaid,Seedling,Flood,37.84856379,19.74858768,42.54433421,2.798727713,2.335192044,7.988075024,20.81544666,132.4815157,148.2576391,11.09119937,1
2836,South,Loamy,Groundnut,Rabi,Maturity,Flood,74.36717173,28.66982465,69.24664621,1.332002329,18.39060376,7.37439926,76.3314187,26.94134701,142.8901483,11.58591963,0
2837,South,Loamy,Sugarcane,Kharif,Seedling,Flood,79.52785108,33.17097721,88.91390384,0.275725431,1.072168996,4.596449438,48.77777266,46.16225991,105.4526898,9.013484343,0
2838,East,Loamy,Groundnut,Kharif,Flowering,Sprinkler,13.14379093,35.75591724,50.04465306,2.804071432,4.764757528,5.865556805,98.39126615,130.274488,57.15676648,1.625502887,1
2839,North,Silt,Groundnut,Kharif,Flowering,Sprinkler,63.27055464,26.49208109,34.42573674,7.760684889,16.60359393,7.229393706,2.633434043,47.94472938,163.5005763,1.258955265,0
2840,South,Clay,Maize,Zaid,Seedling,Drip,36.02068465,,40.30420686,6.281282618,2.458091677,5.016115587,93.86626197,77.04537888,104.6628122,6.275545031,0
2841,East,Silt,Groundnut,Rabi,Maturity,Sprinkler,37.47207304,32.04957453,84.05006176,9.859034105,24.29605229,7.7043514,14.40568276,4.790123898,12.1312657,11.99639537,1
2842,East,Loamy,Maize,Kharif,Fruiting,Sprinkler,62.79854813,28.18523341,62.87297925,0.048144486,21.70990524,8.15829472,9.067485419,142.8108532,188.3155731,10.56226411,0
2843,South,Clay,Maize,Rabi,Seedling,Drip,74.28985025,17.01721902,54.12582742,16.96902141,15.65755831,5.916417787,101.4472621,119.6172726,157.3818695,11.26418383,0
2844,Central,Sandy,Groundnut,Kharif,Flowering,Sprinkler,,28.94068405,31.22275411,2.088287566,20.47643639,7.323372247,89.64790141,91.98813699,119.8850553,7.858956555,0
2845,East,Sandy,Groundnut,Kharif,Fruiting,Drip,50.39858102,39.62207522,53.72954812,23.22881317,22.18950121,5.092816531,125.2910303,8.809514598,89.54923104,10.45037201,0
2846,South,Chalky,Soybean,Rabi,Maturity,Sprinkler,34.99848115,33.43623055,40.88690025,1.455904,6.486891239,7.263265796,72.75169381,10.8561444,196.7794381,4.516682118,1
2847,Central,Clay,Groundnut,Rabi,Seedling,Sprinkler,65.12843601,39.96487361,90.73723459,3.188906634,21.2352897,4.585821649,74.20341957,79.02117646,158.8792177,1.301004038,0
2848,South,Loamy,Onion,Rabi,Flowering,Flood,27.57009683,29.82035012,86.30525821,2.184219129,4.869844591,5.103086027,98.98249698,41.33434325,109.6735788,11.10075691,1
2849,East,Silt,Onion,Zaid,Fruiting,Drip,49.48518202,18.55385115,26.29269064,2.198425307,10.3335566,7.339525786,45.27566069,90.30446989,133.8965485,3.402736871,0
2850,Central,Loamy,Sugarcane,Rabi,Vegetative,Furrow,35.10049231,15.40919538,58.74901169,9.234736384,13.95649078,7.347400892,5.167743759,86.73790987,57.55383235,9.013349904,0
2851,East,Clay,Potato,Rabi,Fruiting,Furrow,55.96417516,24.0965864,36.87937591,6.860358714,17.84727408,7.064650823,32.2064156,121.6044528,40.12176826,8.248640464,0
2852,South,Chalky,Rice,Rabi,Flowering,Flood,26.8279239,35.93971414,50.80828171,24.23712298,0.753532943,6.409456098,33.32187767,40.7996738,56.0305072,2.739799033,1
2853,North,Loamy,Sugarcane,Rabi,Flowering,Flood,23.4115062,38.70779712,85.76359987,4.753307003,7.262735319,7.199632365,46.99223904,83.79021105,60.09290035,3.153568962,1
2854,North,Loamy,Maize,Rabi,Vegetative,Flood,74.27673607,23.87258504,59.56358899,3.111175734,15.21297746,7.595203193,132.0847826,112.7176812,151.6463824,4.619797296,0
2855,South,Sandy,Tomato,Rabi,Vegetative,Furrow,17.12625781,29.86961763,45.066147,0.471959254,8.934216979,8.365926636,112.6779918,71.16208302,28.71251335,9.326237182,1
2856,West,Peaty,Groundnut,Rabi,Vegetative,Flood,45.41705354,27.63356713,35.59162656,28.36348271,19.37562639,8.054564126,131.0338743,120.4433314,159.4053764,1.431686692,0
2857,Central,Silt,Rice,Kharif,Maturity,Flood,25.45969481,27.31568353,80.02436446,4.009574726,16.29130403,7.67813681,139.8053426,19.03504923,107.2960392,5.477756143,1
2858,North,Chalky,Potato,Rabi,Flowering,Drip,12.72509743,21.9404614,66.83885115,6.027828189,5.860036343,7.279030067,60.72906057,106.4151759,78.8374864,8.316245269,1
2859,South,Loamy,Sugarcane,Rabi,Seedling,Flood,12.52131728,19.09113315,55.10490953,2.610632757,3.64822449,6.796622182,31.79026434,136.7324033,61.58120247,2.886180405,1
2860,West,Sandy,Rice,Rabi,Maturity,Drip,22.26552405,20.90065675,36.31132654,3.967221663,15.72617484,4.982435293,78.40058258,48.12308154,105.2061239,2.313589998,1
2861,East,Peaty,Rice,Rabi,Flowering,Flood,70.67392482,16.65997161,45.06847806,14.28661552,11.26168319,5.162227368,123.358818,53.11878415,65.09128484,5.292334652,0
2862,East,Sandy,Tomato,Rabi,Fruiting,Sprinkler,29.77351208,20.94392225,91.98825701,0.910124632,4.223926028,7.781118243,65.20246054,12.11470319,88.03765845,4.152151396,1
2863,East,Loamy,Maize,Kharif,Vegetative,Sprinkler,76.53214194,15.27602693,59.00674532,1.729187864,8.159355133,7.713251649,70.75590236,93.01645304,151.4981344,8.140052307,0
2864,South,Silt,Potato,Zaid,Fruiting,Sprinkler,50.71356051,150,50.05244609,0.824725397,7.576168708,6.957835704,18.82147483,80.10535522,128.3296938,11.6652539,1
2865,Central,Peaty,Tomato,Rabi,Seedling,Sprinkler,40.56299328,24.49126222,59.10665318,7.856278687,2.703299308,6.255360531,58.86376896,5.850135016,153.3363872,1.049158295,0
2866,South,Loamy,Soybean,Kharif,Maturity,Drip,50.60621843,150,78.42413794,0.320267916,13.67272548,4.604130599,54.17927337,109.0707439,146.1596064,10.92617904,1
2867,West,Clay,Soybean,Zaid,Fruiting,Flood,46.16888697,20.81151152,45.50817024,0.42578358,19.09121585,5.80870777,49.2363904,120.2462519,167.0898611,5.7654534,0
2868,Central,Chalky,Sugarcane,Rabi,Seedling,Drip,,25.37485711,33.40295907,1.772629936,14.38667222,6.18255863,124.2218138,131.5323426,41.34644174,8.304085022,0
2869,East,Chalky,Wheat,Kharif,Fruiting,Drip,29.77472462,25.73523476,63.87020888,3.609669668,20.65728412,6.443265145,8.30220065,79.13144249,204.0002149,10.36129736,1
2870,North,Loamy,Soybean,Zaid,Flowering,Drip,34.71352741,15.25354488,69.89030776,2.606693469,3.18921368,8.217298394,136.1006056,65.62410506,97.53294222,7.308045272,1
2871,North,Sandy,Tomato,Zaid,Fruiting,Furrow,72.58660118,40.17623859,73.45385022,0.229258061,10.89029645,4.934837599,1.154555538,127.0398874,147.2377523,2.070430099,0
2872,North,Loamy,Soybean,Zaid,Vegetative,Flood,76.25195592,15.9598338,86.14906931,15.79026292,15.23537759,6.575467679,132.383162,57.81103876,138.9387834,2.546546933,0
2873,West,Clay,Groundnut,Zaid,Vegetative,Furrow,72.47907592,43.20539504,47.83805905,15.27417681,16.90003902,5.971689188,76.7266504,95.03925316,116.0607673,9.682080466,0
2874,East,Chalky,Wheat,Zaid,Flowering,Sprinkler,39.36135958,41.76223053,25.65161722,1.638052354,17.39465766,8.460392477,98.34233422,89.22752718,204.1423248,3.520080546,1
2875,North,Clay,Wheat,Kharif,Maturity,Sprinkler,,31.06565748,91.87614377,6.574998855,18.22413568,7.947456065,26.19859896,53.96335947,44.54974918,7.259413777,0
2876,Central,Loamy,Maize,Rabi,Vegetative,Furrow,43.34350133,31.30786725,52.62589456,4.320572147,16.2857453,6.255143417,91.58961546,12.59904095,86.45441779,5.708885637,1
2877,North,Clay,Onion,Zaid,Fruiting,Drip,,34.61333769,66.74431323,1.355611035,2.355702224,8.498782437,123.4740736,3.105253107,26.18476464,4.340028811,0
2878,West,Sandy,Groundnut,Kharif,Vegetative,Sprinkler,24.32760763,26.61150036,69.97289923,1.520219682,17.38264194,6.556252986,19.52721958,62.09447238,37.27627176,9.656643205,1
2879,North,Clay,Tomato,Rabi,Flowering,Sprinkler,51.37912123,34.4166685,60.98852815,3.378041198,18.11956642,5.168471186,17.79142572,69.77422835,146.157633,9.043383174,0
2880,West,Chalky,Cotton,Kharif,Maturity,Flood,23.02951284,16.34305166,35.39431473,2.71706211,24.83699836,6.723498767,42.55690728,119.2883489,0.992749146,8.107197729,1
2881,West,Clay,Onion,Kharif,Flowering,Drip,33.20952893,16.62142882,76.63572876,1.721116289,17.33406092,5.404823063,22.64162495,60.08968924,182.4132335,5.099385053,1
2882,Central,Silt,Soybean,Zaid,Fruiting,Furrow,69.85211411,28.71691259,80.28139807,8.238596838,17.17075989,7.04525136,15.49041873,40.76818184,129.8028191,3.491173564,0
2883,West,Sandy,Potato,Rabi,Vegetative,Drip,24.49530664,31.48866903,61.47316895,3.283718677,12.87033225,8.2497607,94.96466504,67.00398787,90.38553601,6.674844461,1
2884,South,Chalky,Groundnut,Kharif,Fruiting,Drip,14.98107996,41.63452921,56.64208704,5.3188528,21.69807271,7.644794307,29.93572595,34.50861966,67.92902699,9.988145104,1
2885,East,Clay,Cotton,Rabi,Vegetative,Drip,14.83053148,18.13981902,28.54536373,1.0491226,24.92086905,5.592654762,93.38208592,13.24728861,25.88617996,7.332314674,1
2886,West,Chalky,Tomato,Zaid,Vegetative,Sprinkler,75.85491644,39.67943782,26.29637461,3.812568422,19.47612175,5.6874345,120.6700918,16.39123988,188.9203302,11.67153608,0
2887,South,Loamy,Tomato,Rabi,Seedling,Sprinkler,45.48443066,21.30142012,45.46736342,1.913452518,15.31250945,4.777152812,91.2834708,46.27739669,146.0260766,1.169812369,0
2888,South,Clay,Groundnut,Zaid,Flowering,Sprinkler,38.65884503,26.82250946,43.31346166,3.73710467,1.973870673,5.643471343,16.71138979,1.838080546,68.96056478,11.9818146,1
2889,North,Peaty,Sugarcane,Kharif,Seedling,Furrow,66.76150067,24.49807304,91.52423382,7.58944292,18.16847829,4.870499199,80.30086037,31.92947657,14.54191679,8.60549951,0
2890,Central,Peaty,Onion,Rabi,Fruiting,Furrow,68.50781495,27.00465819,78.77170568,7.324809626,17.71403921,6.497794877,55.10801579,114.1908554,66.76498047,10.15941419,0
2891,North,Chalky,Onion,Rabi,Fruiting,Furrow,33.25337232,19.51486494,69.49432214,2.186487202,19.3892037,7.333388318,48.07193114,34.0194929,37.85003044,4.684476045,1
2892,Central,Sandy,Soybean,Zaid,Maturity,Drip,58.55326402,30.10710223,58.82360668,5.925380994,3.11388471,7.504724646,44.59440561,16.0557791,161.1860292,6.591754609,0
2893,North,Peaty,Onion,Zaid,Vegetative,Furrow,63.97859711,39.04927769,32.5525648,14.17572182,16.3433125,4.738116929,130.1205113,137.6166812,147.5177304,9.766881727,0
2894,North,Peaty,Maize,Rabi,Seedling,Flood,55.82554808,28.24602031,93.38425041,4.913078638,7.393097624,5.859823593,103.9510439,90.25816687,102.1229286,9.367144196,0
2895,South,Clay,Maize,Kharif,Maturity,Sprinkler,20.61165524,29.71840728,48.12805237,0.803251168,19.00678109,5.652687066,18.73883054,8.703762668,181.5974261,4.674378718,1
2896,East,Sandy,Cotton,Kharif,Seedling,Drip,71.31181585,40.46302756,28.01942018,5.69262082,6.009348851,4.917201292,66.64076716,9.025375142,37.03954107,4.568512585,0
2897,South,Silt,Wheat,Kharif,Fruiting,Drip,47.73661869,36.18174344,57.03491718,0.554123678,17.09946692,5.949885244,44.55123054,88.75770823,92.65294501,8.290923232,1
2898,North,Clay,Soybean,Kharif,Maturity,Furrow,29.77306985,29.71363226,85.54985087,10.28293978,7.374823675,5.697280437,136.9113638,78.3186763,145.6771623,11.270251,1
2899,East,Silt,Maize,Zaid,Flowering,Drip,39.76597298,22.73086945,86.54682513,3.635179825,0.22485732,7.037996917,136.9240562,9.914341997,13.89948169,5.826645897,1
2900,North,Loamy,Wheat,Zaid,Maturity,Sprinkler,12.62997633,41.54780241,20.8224437,2.431809384,15.8339478,8.033210655,44.73482641,32.52574387,76.39885898,4.882359792,1
2901,North,Chalky,Potato,Kharif,Vegetative,Drip,18.95067609,32.31061205,86.47218086,0.293479948,2.831727079,6.319366883,49.29583626,134.7112226,117.1912844,10.8415574,1
2902,East,Peaty,Rice,Kharif,Fruiting,Furrow,63.58827254,21.6344283,40.36131631,2.396503443,16.48228682,7.486660691,83.917989,82.94156752,75.19472544,8.513616676,0
2903,South,Clay,Cotton,Rabi,Flowering,Furrow,10.00081443,23.07359258,22.9229273,11.67588585,23.14023621,5.084041468,67.10298201,63.84718273,98.4407928,5.271035777,1
2904,West,Sandy,Potato,Zaid,Fruiting,Flood,39.15960799,39.09399267,83.58427028,0.106031341,24.23114836,8.079865515,29.8341221,36.27253473,124.6642616,1.630038539,1
2905,North,Peaty,Sugarcane,Kharif,Vegetative,Sprinkler,46.57571268,16.32436686,84.7900067,3.218435326,5.898077183,5.110378953,92.45770338,19.38621613,75.52007591,8.936381993,0
2906,West,Loamy,Soybean,Kharif,Fruiting,Sprinkler,13.8244094,44.76276561,64.71733099,13.37971289,20.23133069,5.268404722,46.77801014,58.3815942,21.73294296,4.881751398,1
2907,South,Chalky,Cotton,Rabi,Flowering,Drip,78.11547141,18.91055039,63.0825318,2.511320226,8.838831922,4.925855214,91.52030977,133.7431511,28.58612196,1.776228175,0
2908,West,Peaty,Onion,Kharif,Maturity,Sprinkler,25.82877319,38.88205576,80.98402045,2.794617403,22.51142682,5.738718006,53.71541313,7.063152373,108.0358138,7.73517996,1
2909,South,Peaty,Soybean,Rabi,Maturity,Drip,31.29391037,26.8432595,78.97321645,4.320389957,19.68723922,6.709641787,98.02938514,143.6919283,35.82170525,4.553075575,1
2910,West,Silt,Groundnut,Zaid,Maturity,Drip,31.27597586,29.7664855,86.75791051,3.10820247,1.848042916,8.451976446,93.49192592,30.13284443,182.4159028,4.723021591,1
2911,West,Loamy,Soybean,Kharif,Flowering,Drip,26.12916635,41.41951732,61.45605857,0.923231432,10.17842485,7.673472139,71.23378583,59.27126726,171.0080655,6.270871438,1
2912,North,Sandy,Soybean,Kharif,Maturity,Furrow,10.10316755,27.38733569,92.57353195,0.093649264,8.43294565,6.021743212,98.6635987,6.532439684,71.55157415,8.892222441,1
2913,East,Peaty,Maize,Rabi,Seedling,Sprinkler,61.05413559,31.12481261,94.71101232,4.705628641,19.62952552,6.803384232,64.53519467,84.79341945,170.3523703,4.039635254,0
2914,East,Peaty,Tomato,Rabi,Seedling,Drip,77.67918499,16.47898987,28.74084575,12.67931076,10.25714277,6.993232124,16.25936195,70.11551348,109.3035052,1.890405074,0
2915,South,Chalky,Tomato,Kharif,Maturity,Flood,25.70054383,15.07042422,83.71578197,0.562284472,17.11470994,7.790908885,25.49487547,96.67252004,32.60544036,5.668682936,1
2916,North,Sandy,Cotton,Zaid,Vegetative,Drip,56.41330343,22.34399619,57.48666933,1.184645175,15.06088139,7.445807142,34.43903878,78.68832846,125.9134302,1.604179654,0
2917,West,Sandy,Tomato,Kharif,Flowering,Drip,61.93274289,35.41749279,49.06747537,2.311998946,24.39096798,6.777164508,8.852049952,57.73577877,139.287479,8.669953609,0
2918,South,Clay,Potato,Rabi,Vegetative,Sprinkler,69.38977654,18.6379468,,-999,23.44462392,7.176732108,99.59337089,106.9747212,17.19777359,11.55167815,0
2919,East,Clay,Sugarcane,Zaid,Fruiting,Drip,39.58404379,18.41285876,24.19741679,1.568489964,10.69248787,7.483670444,51.43463176,3.628063529,64.46288354,8.246346884,0
2920,West,Peaty,Maize,Kharif,Vegetative,Sprinkler,31.20516339,27.32881824,57.98458391,10.68765907,18.08945529,5.032576237,13.09326149,78.44920803,1.10371746,4.029294947,1
2921,North,Clay,Groundnut,Zaid,Vegetative,Furrow,32.77065938,34.43511116,85.31679275,0.282628877,20.73650235,5.301821845,114.7941369,16.51204956,64.86790469,2.998726263,1
2922,South,Peaty,Cotton,Rabi,Vegetative,Sprinkler,59.88349332,36.36215977,36.00961371,14.14741436,22.47214385,7.254337156,95.71159982,63.2212083,68.76629325,3.560619284,0
2923,Central,Sandy,Tomato,Rabi,Maturity,Sprinkler,67.17456266,20.35352022,51.97924211,4.113399497,1.703356594,7.901702248,63.3113932,114.7131709,129.1927685,3.437710035,0
2924,North,Clay,Maize,Rabi,Fruiting,Flood,22.71297774,17.38764442,90.46106658,5.376105224,7.551969982,6.137049131,34.63954691,20.65680821,40.80387233,4.452135566,1
2925,South,Chalky,Rice,Kharif,Fruiting,Flood,35.96587057,43.21191102,52.14228784,2.291873718,8.005751024,8.41956129,21.24442513,135.6925006,6.168652279,2.070813459,1
2926,West,Loamy,Sugarcane,Zaid,Maturity,Flood,73.13581377,22.81999148,46.87757242,7.616170016,10.86114878,5.364286931,64.17238685,128.8331804,64.70507937,10.85290963,0
2927,South,Loamy,Soybean,Zaid,Seedling,Flood,66.46854638,40.60039493,53.04024861,0.911005321,4.231618768,6.166797128,123.934404,60.16123528,169.252007,10.73632545,0
2928,North,Sandy,Potato,Rabi,Seedling,Sprinkler,78.94008819,40.90474351,58.95895749,0.250742514,12.405147,6.014092174,26.37534526,0.866351905,81.82476714,7.767598789,0
2929,East,Peaty,Maize,Kharif,Fruiting,Flood,62.79737818,38.17567775,67.39935081,2.516908188,16.58035818,8.221183763,79.61229206,114.5129999,85.09422282,1.681124036,0
2930,East,Loamy,Soybean,Rabi,Flowering,Sprinkler,37.52366407,20.0650082,80.05196007,9.610333376,12.43409801,5.64151407,134.6360393,127.7298915,96.15065038,9.844008148,0
2931,North,Clay,Tomato,Rabi,Maturity,Flood,51.34464838,39.65404378,53.90766543,7.030992435,16.64482738,6.383163112,89.19632047,25.33702339,154.1167103,1.679674421,0
2932,West,Silt,Onion,Kharif,Vegetative,Furrow,56.2709978,38.07751678,81.31107013,3.640307989,1.661040795,5.248935358,61.59506222,132.8478703,98.40510294,2.170633461,0
2933,East,Peaty,Cotton,Rabi,Flowering,Flood,15.49190714,32.9016897,60.0290496,4.244769872,21.89968329,6.585064954,100.2922162,132.5441052,18.71296427,4.578260319,1
2934,Central,Clay,Onion,Zaid,Seedling,Flood,48.11478714,25.11606106,45.38603828,0.695694434,23.4767298,7.929616678,115.4409087,68.3371734,42.31195892,5.746173494,0
2935,Central,Peaty,Onion,Kharif,Fruiting,Drip,59.65245799,22.87525813,69.34631211,9.184249949,15.4476856,5.716157848,82.6722817,115.7150476,38.51896023,4.892778524,0
2936,Central,Chalky,Soybean,Kharif,Seedling,Drip,21.71249128,18.65667636,73.82916911,7.731369247,22.03477497,7.743168289,122.0565303,64.51745685,104.1119803,2.817527591,1
2937,South,Chalky,Maize,Rabi,Fruiting,Drip,,30.29271201,61.85367317,5.342409907,3.286150416,8.145246329,72.04284631,81.78670856,6.135540338,2.233426894,0
2938,West,Clay,Onion,Kharif,Maturity,Sprinkler,50.86409464,32.55782627,24.24612299,3.13858625,19.936223,4.791831559,116.2040603,46.37665642,58.14140475,10.45356749,0
2939,West,Sandy,Potato,Rabi,Fruiting,Flood,,25.78016972,32.74121564,16.68537934,2.978704837,7.525698145,133.2826937,23.12305507,124.4749629,4.994993485,0
2940,East,Sandy,Soybean,Rabi,Flowering,Furrow,12.96956087,29.26077203,41.39732907,10.56114499,10.20025579,5.521373745,70.17408538,108.2478047,72.70338848,3.404593159,1
2941,North,Sandy,Wheat,Rabi,Flowering,Drip,28.57282963,25.90543372,41.19692045,5.170172657,8.095463364,5.20131065,84.70024018,0.201962455,145.0809925,6.356904923,1
2942,Central,Sandy,Groundnut,Rabi,Flowering,Sprinkler,52.10877155,150,70.50656002,2.3244914,14.63979563,6.904489568,85.32545601,84.03514,80.20037406,1.405057406,1
2943,Central,Clay,Groundnut,Zaid,Flowering,Furrow,30.75919385,42.03777623,21.37614963,4.811964966,7.537863381,7.322410465,109.4008809,125.3794738,200.7477933,7.603093006,1
2944,North,Loamy,Rice,Rabi,Vegetative,Drip,60.00969148,19.91760786,76.67613328,4.283520614,15.93284074,6.079043943,115.2152176,32.08520658,197.8980388,3.733385455,0
2945,North,Clay,Cotton,Kharif,Seedling,Furrow,63.13036978,26.4422643,39.90068561,2.506373463,9.184682229,4.656694828,3.812104269,48.27042124,163.9673465,7.580160555,0
2946,Central,Clay,Rice,Rabi,Maturity,Sprinkler,17.17611748,19.22605812,43.25163847,1.831274655,21.51975953,8.134818097,102.670339,85.18544867,195.6500583,7.755376809,1
2947,North,Silt,Soybean,Rabi,Maturity,Sprinkler,45.96981249,33.74831311,59.5932371,2.612895398,15.84709601,7.422987667,109.7341342,35.79618575,41.97953953,9.901466105,1
2948,South,Silt,Sugarcane,Rabi,Maturity,Furrow,45.62233889,36.86611528,36.19442007,4.265539936,5.382457433,5.586667227,98.06012152,122.8855943,153.939249,3.528952312,1
2949,East,Chalky,Maize,Zaid,Seedling,Drip,35.84965392,42.95738198,86.33534852,2.794260289,8.403235551,6.487455423,99.91739231,53.15745923,65.94001983,6.098111025,1
2950,South,Clay,Potato,Rabi,Fruiting,Sprinkler,75.30474038,23.36615779,26.40265845,1.529735931,21.18552219,4.61117116,5.796400286,84.33398937,148.6853354,11.58076072,0
2951,Central,Sandy,Potato,Rabi,Maturity,Furrow,67.92544239,43.50633618,53.32867717,7.155691283,9.66199375,5.857131127,61.88541267,32.7875664,76.64815963,8.998373285,0
2952,East,Silt,Soybean,Kharif,Maturity,Drip,58.80465673,16.89788015,83.70667021,3.790749004,13.39497664,6.590140942,114.545151,6.001018864,59.33123525,11.72878189,0
2953,East,Silt,Soybean,Zaid,Vegetative,Flood,60.0028645,33.0904159,66.18829208,0.350369939,16.2235484,6.56889446,130.7609998,25.18653857,196.5529945,11.20102284,0
2954,East,Clay,Potato,Kharif,Maturity,Flood,42.32013007,16.71398158,41.92471369,2.296834052,8.69524124,5.332739512,32.12550888,6.698845953,43.02651556,7.718234565,0
2955,West,Peaty,Wheat,Rabi,Maturity,Furrow,74.46961648,41.81322563,51.55701558,10.81035444,7.349465769,7.606989465,81.08729165,67.94756544,155.5065619,3.903233915,0
2956,West,Silt,Rice,Kharif,Fruiting,Sprinkler,58.62167991,30.89427171,73.00207853,7.037314841,11.88137257,5.695448634,112.6062335,85.06242168,138.3077935,9.326165723,0
2957,East,Sandy,Onion,Kharif,Maturity,Furrow,61.02867432,35.08045052,92.99455575,1.952242991,5.372024302,6.821640093,105.33707,6.477905114,62.21291657,8.679311704,0
2958,West,Chalky,Maize,Zaid,Maturity,Drip,70.31836327,39.94721778,86.98540388,13.91789666,7.105264673,5.586088902,86.64461638,13.11992212,93.96031859,7.477791324,0
2959,South,Clay,Tomato,Zaid,Seedling,Flood,29.18501125,19.50931867,45.68246063,0.398479593,1.551962101,6.200671492,2.616766357,70.40112889,29.30333466,8.676121513,1
2960,Central,Peaty,Wheat,Zaid,Vegetative,Sprinkler,66.49496327,16.15774686,94.86484095,16.25114931,7.599256899,5.330058501,101.3440176,115.8810902,188.8477639,7.74945056,0
2961,Central,Loamy,Tomato,Kharif,Seedling,Flood,23.66684221,41.36643438,20.26284976,1.409859317,8.017602334,7.03203117,108.2539505,91.06133094,198.4645593,6.713169254,1
2962,Central,Sandy,Onion,Zaid,Maturity,Drip,34.17393666,24.44799682,22.07223169,0.045678924,24.04582916,6.202337441,101.1989309,15.18298192,150.1549215,5.575510299,1
2963,North,Sandy,Soybean,Kharif,Vegetative,Furrow,33.4927318,18.86936724,81.78803864,2.844110501,14.74322064,4.564469218,107.2132826,128.6936297,174.1311705,1.49179212,1
2964,South,Clay,Cotton,Kharif,Fruiting,Sprinkler,78.49678279,29.05383711,34.95970151,2.223398458,19.68456064,4.612659976,60.32808498,133.030284,16.93657331,10.52256711,0
2965,Central,Loamy,Cotton,Rabi,Seedling,Furrow,69.95760566,32.94918227,24.55769513,3.872751622,1.13443132,6.384537274,139.1253004,47.11874004,78.71356668,10.52094641,0
2966,Central,Sandy,Groundnut,Kharif,Fruiting,Sprinkler,59.08189031,15.9291181,37.78610549,7.96715506,2.66341734,5.232903468,107.9101682,89.32257982,67.81627855,7.53452052,0
2967,Central,Sandy,Groundnut,Rabi,Maturity,Furrow,60.89397331,23.24686975,51.95751155,9.239452829,20.36342402,6.840168193,81.01520074,71.38743678,115.815071,3.946727357,0
2968,Central,Clay,Potato,Kharif,Maturity,Furrow,49.34509561,15.98399623,74.79247028,2.564388636,15.58873874,6.132767127,130.7867778,136.5934465,37.58783541,1.309441484,0
2969,West,Sandy,Cotton,Rabi,Vegetative,Sprinkler,76.2963467,27.61006168,66.82516449,2.809241648,4.774550764,7.117679342,127.1477675,73.76853728,115.4931707,1.015716846,0
2970,West,Chalky,Potato,Zaid,Fruiting,Furrow,44.7381127,41.85300087,37.82159132,0.801886888,10.11988515,8.309580696,114.0393891,139.195043,134.1448999,1.801981287,1
2971,South,Peaty,Cotton,Rabi,Maturity,Sprinkler,36.63623969,44.47957234,57.74528361,0.243575782,13.4668125,6.614944539,78.91728866,28.90466983,27.13238383,4.95874959,1
2972,South,Loamy,Wheat,Kharif,Fruiting,Sprinkler,21.41247359,34.11142661,89.4660579,5.125159642,21.09024573,7.649514414,73.79414268,50.10282987,27.00274532,3.072355406,1
2973,Central,Silt,Groundnut,Rabi,Fruiting,Flood,65.03439566,19.84913081,81.12558327,0.333037303,1.510299792,7.512163985,46.01911048,113.2950598,7.261794918,3.915638942,0
2974,Central,Silt,Potato,Rabi,Vegetative,Sprinkler,61.41107525,42.1754817,44.23923386,6.618102626,14.91805723,8.187164417,35.12291707,113.6235567,155.9829522,8.69626415,0
2975,Central,Loamy,Onion,Zaid,Vegetative,Furrow,36.9048527,30.4874347,93.6698421,3.872763987,17.92589804,5.356071469,71.73033238,106.1665747,67.85675005,11.55064752,1
2976,North,Chalky,Wheat,Rabi,Maturity,Furrow,11.76353898,19.61247936,73.14653003,1.106869205,24.44729645,7.809307883,80.88944664,124.6436624,46.21119343,3.274534273,1
2977,East,Peaty,Soybean,Zaid,Maturity,Flood,68.72981294,,24.68370168,3.877461238,20.17900196,8.122081514,34.2337004,101.8691951,159.509351,6.122083276,0
2978,West,Clay,Soybean,Rabi,Fruiting,Flood,,37.72407152,22.6370535,1.010566946,6.905682839,6.071051924,129.1641741,92.23234595,29.36741647,11.90627342,0
2979,Central,Clay,Onion,Rabi,Seedling,Sprinkler,59.25898457,36.95115818,32.63059618,2.887830237,17.73947985,5.755264778,78.01835954,66.5441269,87.57260255,11.24841838,0
2980,North,Silt,Maize,Kharif,Maturity,Furrow,77.91799768,36.27542111,74.5891901,8.036209533,19.08194712,8.308143639,73.71074555,67.72772278,152.6812685,4.875479333,0
2981,North,Sandy,Tomato,Kharif,Fruiting,Sprinkler,40.63629297,21.01019463,33.78041944,3.098733589,18.2433875,7.010531289,60.98937437,58.89341651,117.6356251,4.516579515,0
2982,North,Loamy,Sugarcane,Zaid,Fruiting,Drip,26.44813835,21.33020075,58.36150769,0.804949427,20.5036017,6.022705941,8.1299814,89.93071096,113.5700294,3.663877044,1
2983,West,Peaty,Cotton,Zaid,Flowering,Furrow,59.3409707,35.64878995,26.99450901,6.433669439,22.59324941,7.667310884,123.5361868,58.96626974,32.2799992,2.709431348,0
2984,East,Clay,Cotton,Kharif,Flowering,Drip,67.19896994,21.5916825,89.06646184,1.033696796,2.460746725,5.717895606,44.3791917,21.38667554,37.09120921,6.06057287,0
2985,Central,Loamy,Sugarcane,Zaid,Seedling,Furrow,48.25012213,28.1601509,45.79704602,6.707558689,2.619096442,5.205630344,89.94444683,15.44679435,119.4245528,4.752325647,0
2986,Central,Sandy,Onion,Kharif,Vegetative,Drip,77.69246927,38.46005477,88.10990424,3.263408224,19.90999972,6.675878543,85.04069826,134.0484799,4.831206522,9.193213533,0
2987,East,Silt,Cotton,Rabi,Seedling,Flood,13.61681052,38.51857554,90.86567314,3.023317232,6.309311913,6.76484818,81.82815555,3.587141593,178.1691877,3.605531542,1
2988,West,Sandy,Soybean,Zaid,Seedling,Drip,45.33569188,28.59785318,20.45964855,9.533664804,1.463535549,7.802985929,73.59970828,15.29275296,71.84651413,9.099654629,0
2989,North,Peaty,Tomato,Rabi,Maturity,Furrow,60.29177631,38.76569815,54.81013904,6.165352399,10.03072952,6.32810942,25.40157668,64.56920682,85.40632449,4.169612446,0
2990,Central,Chalky,Wheat,Kharif,Fruiting,Flood,70.38483298,40.15865389,21.84920418,0.167322703,20.4969228,7.758346158,39.28480375,38.1243087,52.97862862,7.520016631,0
2991,North,Chalky,Groundnut,Zaid,Seedling,Furrow,22.54789283,34.64327254,88.15195747,1.756122797,3.164125595,5.745290717,73.38632998,58.84809056,179.7175753,8.02273106,1
2992,East,Silt,Soybean,Zaid,Vegetative,Flood,66.00024372,21.85277557,58.88056586,10.23664016,16.7960493,6.801472809,110.5079432,17.02987033,131.7133349,8.389595681,0
2993,Central,Sandy,Cotton,Zaid,Fruiting,Furrow,48.6894953,23.22035341,25.62080095,0.092480865,0.090396544,5.333891116,60.47845589,18.98150584,92.23123615,2.928728846,0
2994,Central,Chalky,Wheat,Zaid,Maturity,Flood,37.75875774,24.44523466,28.27075462,3.9400752,2.74343618,6.041783804,28.54915743,116.0953968,119.9883031,4.109825067,1
2995,Central,Peaty,Rice,Rabi,Flowering,Furrow,19.220052,150,48.76317684,6.506562479,8.771258644,7.930158791,12.31221947,110.0707679,77.97576717,3.707272539,1
2996,South,Chalky,Tomato,Zaid,Seedling,Sprinkler,70.57070312,23.19478861,90.51756447,4.862402148,2.090057026,5.363952774,92.82154049,15.11666553,95.44440805,7.337764521,0
2997,East,Peaty,Tomato,Zaid,Fruiting,Flood,21.00912457,21.28557673,71.96818637,7.146681634,21.14754169,7.740957852,59.26759589,96.82961016,73.31459965,1.833210425,1
2998,East,Peaty,Potato,Zaid,Flowering,Furrow,31.68515014,28.65986249,85.07141496,6.467515828,21.60176258,5.631486631,17.55192497,88.35014189,84.18833281,6.70082095,1
2999,North,Loamy,Sugarcane,Zaid,Maturity,Drip,30.30318724,42.25312644,47.48424848,5.888775803,18.88926758,4.637958879,94.4253632,103.4375948,64.57019152,1.962137612,1
3000,West,Peaty,Potato,Kharif,Vegetative,Drip,70.99898239,18.1344095,23.24102747,8.616950066,6.061990785,4.93973828,29.06102232,68.79509116,15.9164209,4.707615889,0
3001,Central,Clay,Cotton,Rabi,Maturity,Drip,57.08920959,36.60803772,93.07382279,5.187924647,13.08117688,7.483518181,71.26224676,39.14808999,7.655987023,8.553767022,0
3002,Central,Peaty,Onion,Kharif,Vegetative,Drip,65.7676978,35.61849013,21.2879743,2.574322966,4.604713138,5.548283706,42.86631651,96.23347956,35.69177187,5.538204605,0
3003,Central,Sandy,Cotton,Rabi,Vegetative,Flood,,17.87262596,91.07387398,3.192434349,7.031961252,7.116582369,130.436609,53.84682685,51.58573748,4.083760233,0
3004,East,Clay,Sugarcane,Zaid,Vegetative,Furrow,53.74118697,42.67717215,47.65080679,6.306681773,12.9001323,7.296795611,31.96032928,31.74817065,182.5467314,7.774428935,1
3005,Central,Silt,Maize,Zaid,Maturity,Drip,50.02221882,32.05416606,20.75678038,10.44972373,18.37534521,5.880473858,58.78859302,59.25120699,125.3059742,9.142960237,0
3006,East,Chalky,Sugarcane,Kharif,Seedling,Flood,68.29812638,25.91176563,71.68679238,1.588774133,2.36635951,6.399675949,134.3291036,110.6741262,196.4509198,3.800434282,0
3007,West,Chalky,Sugarcane,Rabi,Flowering,Sprinkler,73.42609423,37.6961575,93.5405228,2.093335328,7.417417441,6.115068362,44.62152519,68.9900135,69.62760634,4.293398912,0
3008,West,Clay,Onion,Zaid,Fruiting,Drip,10.850974,22.72096375,92.42192921,13.34939512,23.16553371,8.289395985,90.24304282,43.4803182,82.35629078,8.043233086,1
3009,East,Sandy,Cotton,Rabi,Seedling,Flood,57.18139433,35.80529511,32.07027584,4.319817396,10.72808294,5.779795449,44.34178612,120.6209491,147.5494117,11.61745586,0
3010,Central,Chalky,Sugarcane,Rabi,Seedling,Flood,13.62850594,16.19133623,33.59358545,0.985928314,23.47174185,5.233292169,15.49449708,127.8383445,118.4699259,3.352586903,1
3011,East,Chalky,Sugarcane,Rabi,Fruiting,Furrow,48.42010656,40.18224113,62.4154186,5.448686029,24.78501354,5.962371372,87.85661258,62.82131145,108.2154165,8.196723993,1
3012,Central,Silt,Potato,Rabi,Fruiting,Flood,30.13429103,28.44512541,67.79786198,23.42223352,13.16649565,7.17806283,128.2444149,54.32976301,117.9906285,10.97248825,1
3013,Central,Sandy,Rice,Kharif,Flowering,Drip,,34.10078743,75.45634352,8.670856732,7.201100245,7.289450761,63.35905341,88.84134732,119.747739,6.081634415,0
3014,South,Sandy,Groundnut,Zaid,Seedling,Drip,34.70709524,21.63713459,33.57877704,6.847011918,19.76942021,8.196229261,87.66471598,8.406294678,156.976787,4.485286491,1
3015,East,Loamy,Rice,Zaid,Flowering,Drip,53.49047143,35.31221138,91.92553151,1.166263979,3.982768388,8.02701794,85.24577786,100.2418583,136.9568156,8.335581717,0
3016,North,Loamy,Rice,Zaid,Seedling,Flood,33.3834976,38.16720828,67.90544422,10.44300823,6.301171492,5.653282082,58.11255837,113.4317028,196.249421,1.345749871,1
3017,North,Sandy,Maize,Rabi,Fruiting,Flood,61.28893354,29.19639561,83.52851892,3.730512894,19.62199774,6.320652996,86.08552943,57.62907945,194.3324187,4.961766056,0
3018,West,Peaty,Sugarcane,Rabi,Vegetative,Sprinkler,38.31691699,33.53180772,60.50492865,11.00420654,10.84114812,7.489075953,36.30453182,25.31929825,86.49418418,3.837714295,1
3019,Central,Loamy,Potato,Rabi,Flowering,Flood,14.78472402,28.68977771,51.07076357,2.001103143,5.038448425,8.166149122,52.92530664,4.178664395,7.32313495,3.470838731,1
3020,Central,Chalky,Potato,Rabi,Flowering,Flood,64.86318897,41.82274108,93.28871799,0.320298793,16.27814362,5.848660051,61.92463989,92.40061193,2.270330355,2.977351899,0
3021,South,Sandy,Rice,Kharif,Vegetative,Sprinkler,30.00308272,29.93607542,63.65910281,3.231088672,18.31904653,6.277765737,120.9612157,39.00404396,25.254648,9.107696317,1
3022,Central,Clay,Maize,Rabi,Seedling,Drip,40.29368157,40.25426127,85.01551871,1.572441552,3.126780986,8.097913082,48.76660528,67.26399013,15.35396677,11.50609775,1
3023,West,Sandy,Rice,Rabi,Vegetative,Flood,57.98107183,39.04056175,91.49692973,6.28035474,6.924506499,5.933935493,88.91918674,56.02155064,76.54004004,5.232477099,0
3024,East,Sandy,Rice,Rabi,Vegetative,Sprinkler,33.271931,27.31514464,70.65159703,15.74518106,5.531918884,6.422051945,29.87653724,25.35829541,10.83929277,1.540136376,1
3025,East,Silt,Potato,Rabi,Maturity,Furrow,13.96099593,21.90253476,61.17040089,5.871651762,9.496365719,8.118016565,35.35976207,73.71345693,128.1073774,8.90802995,1
3026,West,Loamy,Wheat,Kharif,Seedling,Flood,36.17447329,27.18246398,20.26331382,10.89891469,19.08612239,7.708972872,90.78004256,66.6410608,38.98571633,6.920247679,1
3027,South,Silt,Rice,Rabi,Vegetative,Sprinkler,76.11140079,39.78652127,23.00147306,3.01675189,17.84270256,5.4737237,106.7233898,90.50140532,105.3628903,8.960090752,0
3028,East,Peaty,Soybean,Zaid,Vegetative,Furrow,54.92140781,21.82897607,35.0638412,7.384175881,16.56309776,5.799180262,64.69640471,36.52332421,21.13115044,8.126945806,0
3029,West,Sandy,Wheat,Rabi,Maturity,Furrow,57.00354041,30.73309038,33.95063239,9.258930893,0.157138647,5.91183491,46.91395755,31.12266658,169.6844585,10.95979579,0
3030,Central,Loamy,Sugarcane,Kharif,Maturity,Drip,54.25975075,39.18290244,39.10690964,6.204491645,3.553582835,8.150953894,127.4380178,118.0800337,159.8915598,2.54484212,0
3031,East,Loamy,Maize,Rabi,Maturity,Furrow,23.92944973,25.60432425,42.87009783,3.544119972,5.582438728,8.495734948,19.01309411,101.8178755,79.22988032,2.860780298,1
3032,West,Chalky,Onion,Zaid,Fruiting,Flood,39.28337049,34.26628911,47.00491202,4.91570775,6.798896151,7.596017209,100.8999933,111.9699355,186.6716332,4.757261464,1
3033,South,Loamy,Sugarcane,Rabi,Flowering,Furrow,62.56578589,22.36894722,51.54032676,6.028321098,3.660663541,6.43730521,96.62390496,17.8770227,38.06863247,6.405276976,0
3034,East,Sandy,Tomato,Kharif,Maturity,Sprinkler,17.09610283,18.27838336,27.41497538,1.459015449,10.25788879,4.540695272,96.63432278,32.48574828,166.8570246,11.18285159,1
3035,South,Sandy,Soybean,Rabi,Seedling,Drip,29.44969433,38.83152675,23.1771449,8.292596194,1.879514625,7.289952226,130.9588622,83.45206985,111.900364,10.97660652,1
3036,North,Chalky,Tomato,Kharif,Fruiting,Sprinkler,29.34233759,17.9690587,70.54583368,15.01122105,18.75055476,6.057444658,101.9466421,124.2941953,67.563914,10.59059331,1
3037,South,Clay,Soybean,Rabi,Flowering,Furrow,40.24132493,23.14144185,60.30011186,3.129679751,19.69301968,7.031945881,42.21912652,129.3566233,17.29399166,3.447796273,0
3038,West,Silt,Cotton,Rabi,Fruiting,Sprinkler,78.62581187,40.65328266,53.31081517,6.037682118,14.35666724,6.926775854,49.47729139,120.6269445,35.11878091,9.026440149,0
3039,Central,Silt,Cotton,Rabi,Maturity,Flood,14.72517827,25.39407861,67.58299559,6.678498764,2.242621926,6.423328226,54.75553625,6.292702182,176.8868341,5.218409185,1
3040,East,Sandy,Onion,Kharif,Vegetative,Drip,46.30906961,44.19136049,82.07595554,5.427210205,22.25207924,8.277549591,4.313214374,119.0274818,124.4116454,11.2430122,1
3041,South,Peaty,Onion,Zaid,Vegetative,Furrow,22.55552774,44.39203004,52.07696818,3.96058644,24.14089572,4.592585381,127.8914442,130.3682207,48.60458947,3.3598942,1
3042,East,Chalky,Maize,Rabi,Fruiting,Flood,77.94735818,23.04828061,,10.6704583,5.059089008,7.348529938,10.29736454,8.228618072,101.6498399,2.553837485,0
3043,East,Loamy,Tomato,Kharif,Flowering,Furrow,17.93124533,16.22934667,91.51791679,2.979437323,17.61599549,6.139359473,97.97119949,60.3607296,22.10651731,10.26623692,1
3044,West,Sandy,Onion,Rabi,Flowering,Drip,38.25207017,36.15189853,82.97183719,0.315247253,21.04846577,7.355161802,102.2225407,77.80849688,20.26271079,8.885983546,1
3045,West,Sandy,Potato,Rabi,Seedling,Flood,61.65194894,28.52959508,51.95006079,9.307360789,13.49608806,7.20087859,118.1201071,33.74880407,186.0917536,10.03563846,0
3046,North,Sandy,Tomato,Kharif,Maturity,Furrow,59.31880996,18.02258532,68.35376284,-999,8.083077488,4.54095201,77.47071578,74.91942013,93.8605393,2.737377264,0
3047,Central,Loamy,Potato,Rabi,Vegetative,Drip,39.59100458,36.22568457,33.28031914,9.460948344,11.96396788,5.641353981,101.5370193,128.4635893,74.12126656,10.73271957,1
3048,North,Loamy,Onion,Kharif,Flowering,Sprinkler,34.25669176,15.93524727,62.03916387,0.745676471,12.80671877,5.256366082,42.38120943,125.7066634,194.5597245,8.453823923,1
3049,West,Chalky,Potato,Kharif,Seedling,Drip,37.8328665,41.10590071,93.59962184,0.156178681,10.0159261,5.167945412,104.3817615,136.2764058,81.79513911,8.167168832,1
3050,North,Sandy,Maize,Rabi,Fruiting,Furrow,28.49933842,19.15957587,58.87363364,13.61895777,23.24606234,7.413906736,48.07820322,70.19592077,68.92963625,7.408422494,1
3051,South,Clay,Cotton,Rabi,Seedling,Furrow,24.37330571,18.81935636,89.57287244,0.799249566,18.59707777,5.458205396,126.397387,59.53220707,55.96216509,9.413641342,1
3052,South,Silt,Maize,Kharif,Vegetative,Sprinkler,43.81277883,20.27016894,50.55011904,8.294515239,6.032541056,6.39895046,22.87345309,96.53923376,115.8378783,5.571691453,0
3053,East,Chalky,Sugarcane,Kharif,Maturity,Sprinkler,28.79736292,43.80799075,94.91336204,8.663961822,14.63892968,5.487955981,44.20602349,60.43028375,114.4741714,2.461033705,1
3054,North,Clay,Potato,Zaid,Seedling,Flood,30.12231654,35.79508081,63.44150264,6.16709734,17.21722877,6.820935294,69.82772322,6.08196642,3.319806079,6.931913531,1
3055,North,Clay,Maize,Kharif,Fruiting,Furrow,55.97292444,39.04114606,23.17017457,0.703569691,3.503910543,7.382295072,108.619078,104.3886106,134.0827764,9.229121536,0
3056,West,Sandy,Soybean,Rabi,Seedling,Drip,77.79761322,26.92904957,64.00660975,5.504052884,8.96064356,5.824298955,104.8318747,40.74267149,161.6029561,2.690121982,0
3057,North,Loamy,Cotton,Kharif,Fruiting,Flood,52.25460404,25.08938183,40.59295218,10.99502706,22.63870704,6.912083393,29.50036241,7.117370279,126.2727312,3.464227344,0
3058,East,Silt,Rice,Rabi,Seedling,Drip,15.38856269,22.0345202,22.43609915,2.771551328,14.1793275,7.799419098,20.19299753,2.990056096,178.3270683,8.662001843,1
3059,West,Clay,Tomato,Zaid,Vegetative,Drip,15.29085297,29.41944085,81.56399785,2.668056743,5.424943652,4.876897141,42.5557446,135.0473839,56.66535401,3.966160275,1
3060,East,Peaty,Maize,Kharif,Flowering,Furrow,76.59962546,31.55486201,40.67972277,2.92467845,3.069619953,7.342682396,67.72558123,36.55102125,39.35577757,2.869349466,0
3061,South,Loamy,Tomato,Rabi,Maturity,Flood,,33.95324531,79.74114155,0.429270547,12.95567234,5.792579778,75.46070628,64.94538292,142.9420092,10.78331285,0
3062,West,Chalky,Sugarcane,Rabi,Fruiting,Furrow,16.44468903,22.71355512,41.61631872,11.12930415,13.69214308,4.990599826,60.07926273,137.8335857,38.65461595,2.769848917,1
3063,Central,Loamy,Tomato,Rabi,Vegetative,Drip,51.9331211,43.45962243,34.57447654,10.1697742,8.360361284,6.68261683,92.83261633,67.78996192,18.67650027,4.78563437,1
3064,East,Silt,Rice,Rabi,Fruiting,Furrow,53.65541448,20.09275495,93.04516806,30.85133382,15.76040071,5.405049277,59.8582521,11.39835191,19.80608905,5.712733216,0
3065,Central,Silt,Soybean,Zaid,Flowering,Flood,55.39533741,43.96959524,47.12339958,4.399590805,1.717117155,7.785447171,132.4860614,80.03072685,157.5206661,6.237539841,1
3066,Central,Silt,Maize,Rabi,Fruiting,Sprinkler,28.71814195,15.44568368,65.10321586,6.955361516,3.628492332,4.671583638,36.53563872,12.78880475,5.891146842,4.974409184,1
3067,East,Sandy,Sugarcane,Kharif,Flowering,Sprinkler,11.0577479,29.43377075,65.74861196,1.13244512,13.65684553,4.894611585,87.83209689,13.78774236,59.33862449,11.03792349,1
3068,West,Loamy,Cotton,Zaid,Flowering,Drip,77.55107586,25.00103514,62.03551116,5.50601047,1.545392346,6.583984504,85.59291141,123.4641757,26.48321404,8.244877433,0
3069,Central,Sandy,Potato,Rabi,Fruiting,Flood,27.5625132,28.47370242,88.60218076,5.245295632,22.02271912,6.855767136,39.42046106,41.96612379,154.7565801,4.954441141,1
3070,West,Sandy,Maize,Zaid,Vegetative,Drip,57.32184016,32.11993737,70.58308035,11.57373049,3.553659261,7.419546658,57.63626743,98.40717902,103.2160825,4.934916915,0
3071,Central,Sandy,Groundnut,Kharif,Seedling,Sprinkler,59.46409089,28.06767474,50.27997531,8.883154118,16.84799685,5.537042913,51.16630672,73.79402862,42.12594497,6.532477491,0
3072,East,Loamy,Cotton,Zaid,Vegetative,Drip,52.7005192,27.44540551,84.67852884,13.94086465,9.780086043,7.867041633,24.1498684,32.23737022,153.8342342,1.370295246,0
3073,North,Chalky,Maize,Zaid,Vegetative,Sprinkler,31.90351759,36.98170246,33.57971743,10.15643781,9.994693689,8.312569359,66.82132977,75.0839433,153.8251344,11.19307123,1
3074,West,Peaty,Onion,Rabi,Vegetative,Furrow,28.97673776,35.57628825,60.81775682,10.15112001,19.12223822,6.496157214,54.13271542,10.00406271,107.2196426,3.456403155,1
3075,Central,Clay,Maize,Rabi,Fruiting,Furrow,51.83677979,39.99813846,91.2912779,0.329221275,12.48655335,7.54212546,24.96443041,50.34579069,56.54920635,8.673518223,1
3076,North,Loamy,Cotton,Rabi,Seedling,Furrow,70.62669435,22.49876944,66.90482224,9.352778233,18.14138659,6.599393418,62.98320636,75.81125263,120.1868053,9.554950217,0
3077,North,Loamy,Groundnut,Rabi,Seedling,Sprinkler,76.27136102,33.28585529,81.27263379,4.675818487,12.62978072,4.777868118,59.05815556,33.11717902,191.3736707,10.10121317,0
3078,North,Silt,Potato,Kharif,Flowering,Furrow,17.41340631,32.55584356,69.01705442,2.393764578,14.82263354,5.804446051,18.39119487,95.72727888,10.58545946,2.822065409,1
3079,East,Clay,Soybean,Kharif,Seedling,Furrow,20.83800288,26.09213433,82.95281477,0.290872072,19.0178657,4.849946759,18.36625587,7.512728646,54.72471856,6.903623767,1
3080,East,Silt,Rice,Zaid,Vegetative,Sprinkler,76.13153811,29.58172626,90.83659099,5.660955622,15.18271857,8.455516477,90.65103318,70.29743519,58.41868506,1.920417984,0
3081,East,Peaty,Tomato,Kharif,Fruiting,Flood,61.55746598,24.4134643,40.46912956,1.988986038,15.39037773,5.416103648,98.92131266,103.6743883,129.521391,9.852715798,0
3082,East,Chalky,Wheat,Rabi,Seedling,Flood,71.80956774,19.25533193,32.72458109,3.153456618,19.73048979,7.043601678,131.7652588,62.34217855,133.4887013,6.350966874,0
3083,West,Sandy,Potato,Kharif,Flowering,Sprinkler,24.18428439,21.41403632,56.29930627,5.724251446,23.7271704,5.637380408,12.18065666,126.8150302,42.29465596,2.743379648,1
3084,Central,Silt,Maize,Zaid,Seedling,Furrow,51.13101098,,72.63968201,12.13929888,9.417903848,7.112984861,16.50060893,91.66795328,44.30062252,8.905468402,0
3085,West,Peaty,Onion,Kharif,Fruiting,Sprinkler,59.07977161,35.49208726,37.03934399,8.727345438,14.42792893,5.341606763,7.254537986,138.9814728,190.2836003,4.642868336,0
3086,North,Clay,Groundnut,Zaid,Vegetative,Sprinkler,57.60783198,34.82182179,20.30760878,2.994616399,2.156828943,7.641080264,74.51198031,41.19766285,155.0412576,2.259572641,0
3087,Central,Sandy,Soybean,Zaid,Seedling,Sprinkler,38.57061836,43.51819115,45.72013369,2.453343707,8.970097014,4.943246411,87.184526,136.124453,191.5252882,6.071812075,1
3088,Central,Peaty,Potato,Rabi,Fruiting,Flood,11.07764242,36.89035241,92.66445016,1.370735352,10.30123065,8.0806016,56.49328327,87.98927553,170.0809126,3.587712586,1
3089,North,Silt,Maize,Zaid,Flowering,Flood,50.80482398,16.56137516,72.12255955,2.329474418,20.88093292,7.86168677,111.7063109,108.0509404,82.43418595,11.45244019,0
3090,South,Peaty,Wheat,Zaid,Vegetative,Flood,27.71710774,41.52735522,50.0994083,0.58855112,12.83481005,7.215229375,96.13792104,130.813362,24.99106555,4.974978236,1
3091,Central,Peaty,Maize,Rabi,Flowering,Furrow,41.51779723,40.88025489,34.4432073,17.72052151,18.27665933,4.769658509,138.0176589,79.92359226,129.0578251,7.296981957,1
3092,West,Sandy,Cotton,Zaid,Maturity,Flood,77.03067106,28.29960962,46.70672553,4.26561079,0.475185001,5.334276113,19.30529766,125.0162148,72.15816776,11.43197098,0
3093,Central,Loamy,Sugarcane,Kharif,Flowering,Drip,37.93247223,32.57589152,32.7379575,0.683716113,11.61231674,7.937446383,8.164193008,78.54605624,87.20945807,5.330933052,1
3094,North,Peaty,Soybean,Kharif,Flowering,Drip,68.78611247,44.28234997,27.9729366,2.175545992,22.53294163,4.987897737,38.47251878,86.8838445,87.30534689,4.939395612,0
3095,North,Sandy,Groundnut,Kharif,Seedling,Flood,23.1978424,30.96913092,88.00567794,3.959747835,5.607847733,5.123728385,2.667027344,64.53929307,191.9865224,2.786462044,1
3096,West,Chalky,Onion,Zaid,Seedling,Furrow,57.07223486,,94.82377538,3.805905809,0.788054633,6.676013295,130.5655999,21.11759002,14.11679593,11.32133921,0
3097,North,Chalky,Maize,Zaid,Flowering,Drip,78.39048681,17.49116273,32.30858297,0.180744697,10.83521834,5.596709759,42.55323222,80.25796884,39.5862711,9.808192562,0
3098,Central,Sandy,Potato,Rabi,Fruiting,Sprinkler,17.13251706,20.73155606,24.08919192,15.06348016,17.61079552,5.3883028,77.34022338,141.7299934,124.6282886,3.431120879,1
3099,East,Clay,Maize,Zaid,Maturity,Drip,10.58239596,28.2226483,44.72983304,1.610509699,11.36158767,6.803253727,44.5297486,114.1419694,181.1704035,4.659418705,1
3100,West,Clay,Maize,Zaid,Seedling,Flood,40.35079548,32.54270425,54.62443856,0.081585356,11.49945784,5.990306706,34.41320708,108.3872803,188.1782436,11.06402956,1
3101,North,Loamy,Tomato,Kharif,Vegetative,Furrow,,39.48683556,35.36159353,0.39761926,16.74512603,5.062239587,21.33106136,93.2797764,114.5320499,6.910075554,0
3102,South,Silt,Onion,Kharif,Fruiting,Furrow,62.38690448,44.64786345,,4.339823654,6.359720207,6.63941507,44.85122885,50.44675766,7.085049861,7.119677153,0
3103,South,Peaty,Maize,Zaid,Seedling,Flood,74.01840647,26.66554489,35.06530518,0.741256117,18.79724479,6.048049613,86.15865026,24.5942032,74.39061204,8.129589301,0
3104,East,Peaty,Groundnut,Rabi,Vegetative,Sprinkler,40.38146809,16.42246908,78.06954263,0.213101348,3.827838273,7.438067097,136.026968,32.55998224,188.3608249,9.383801997,0
3105,Central,Sandy,Rice,Kharif,Vegetative,Flood,28.10981495,39.0351451,73.44334574,2.387167544,9.893765132,4.911021769,78.13288565,0.916702984,102.4885376,11.332141,1
3106,East,Sandy,Rice,Zaid,Flowering,Flood,40.40823233,33.13142157,67.62136368,4.87438425,16.40020271,6.982452976,74.57926925,97.65466103,148.9557222,9.824475808,1
3107,Central,Sandy,Sugarcane,Rabi,Maturity,Flood,60.64134725,20.95628577,49.04133928,0.593015762,20.70922518,6.245973308,4.936822535,117.722246,55.18465119,11.28004118,0
3108,South,Chalky,Potato,Rabi,Seedling,Furrow,10.63379131,,88.1780706,1.879491472,19.78827678,6.1242475,117.6138622,38.99214592,5.126428919,10.02670734,0
3109,North,Clay,Tomato,Zaid,Flowering,Flood,51.26177926,37.26930737,92.71494062,2.704368493,18.04213998,5.429150752,6.2777925,13.31830795,118.5638382,1.510774667,0
3110,East,Chalky,Wheat,Kharif,Flowering,Furrow,52.93041794,38.11235361,33.02294845,0.868554264,8.977409588,4.621704113,126.8725184,48.68042483,171.1711059,2.292880826,0
3111,North,Chalky,Tomato,Rabi,Maturity,Flood,54.63817728,29.98855236,36.72594811,3.526846825,3.057607907,7.890756777,75.41404155,42.34742827,203.0050829,10.73382218,0
3112,South,Sandy,Onion,Rabi,Fruiting,Flood,26.9415456,24.1564359,59.4223271,0.445326079,5.420855442,5.805640344,23.58532473,65.37707231,173.5585571,1.304660939,1
3113,Central,Loamy,Potato,Rabi,Flowering,Drip,59.98369064,44.21227746,26.8437927,0.238176262,21.62084536,7.224364159,63.23903488,38.29479788,113.5688443,9.735921137,0
3114,North,Sandy,Cotton,Kharif,Fruiting,Flood,16.39740404,34.90087833,52.73362991,-999,21.43328425,8.290349599,139.2978273,49.26124228,124.7891557,10.34828105,1
3115,South,Silt,Potato,Zaid,Maturity,Sprinkler,23.94892355,27.24712558,63.63434486,1.4244098,23.78902131,6.759961192,42.71159929,131.595443,168.9536282,5.570110183,1
3116,West,Chalky,Cotton,Rabi,Flowering,Furrow,71.42290327,23.41389673,59.15551784,0.50116734,1.899716297,6.08858761,37.7243676,48.55112617,4.06119285,4.903402281,0
3117,East,Sandy,Tomato,Kharif,Seedling,Furrow,61.71062055,36.93308949,44.81814373,2.75747936,13.42022713,5.573094265,16.52082531,113.9001168,195.0870914,3.13844641,0
3118,Central,Peaty,Groundnut,Kharif,Fruiting,Drip,10.96218878,22.26550337,60.68343546,12.33380577,16.21707612,8.236175171,83.59992883,90.74588653,108.9003554,1.538107588,1
3119,Central,Peaty,Groundnut,Rabi,Maturity,Flood,27.38633823,20.15129967,91.91007157,6.440259635,17.76643443,7.228307272,12.49177986,48.94300212,195.1707101,9.199212519,1
3120,West,Sandy,Potato,Kharif,Vegetative,Drip,25.00845381,30.89501667,35.45130532,8.453671402,16.09658088,7.161125573,107.2411289,118.5792991,156.7262241,1.810997929,1
3121,East,Peaty,Tomato,Rabi,Flowering,Furrow,28.95644296,23.69962178,69.11235188,10.27526639,19.25028475,6.204633301,128.691292,86.28603009,31.22512412,11.39136591,1
3122,North,Sandy,Onion,Kharif,Flowering,Flood,27.32918392,33.86715435,23.25475206,17.99112619,8.986789407,7.880194851,130.4619556,1.249715502,33.878262,4.264178091,1
3123,South,Chalky,Onion,Zaid,Flowering,Flood,14.3768407,18.53816025,24.98123034,7.20368037,4.485819303,7.354688748,15.1082754,9.965589228,72.49742508,9.736687494,1
3124,South,Sandy,Soybean,Kharif,Seedling,Drip,42.12583616,34.64823314,61.38711682,4.687672991,5.114584304,5.632733087,78.15676363,109.1327361,54.1175445,1.656509161,1
3125,North,Chalky,Cotton,Zaid,Seedling,Drip,61.29134324,23.49889584,27.87043852,2.274005914,0.299467237,6.89831464,13.59537969,64.74652949,90.05624566,6.899065531,0
3126,North,Clay,Sugarcane,Zaid,Vegetative,Sprinkler,52.47122073,15.00728803,21.67600913,1.002284482,8.758046803,6.220775818,80.08225981,58.7986298,123.8002935,4.840094908,0
3127,East,Chalky,Cotton,Rabi,Flowering,Drip,57.1010168,18.80808173,32.86347482,5.802330069,2.293601272,4.526360651,114.0972819,21.14494171,89.49879739,1.330012157,0
3128,West,Clay,Rice,Kharif,Maturity,Flood,15.6804425,43.00846134,62.36368782,26.44182144,8.03721732,7.730493726,75.29062272,22.81119612,11.56621986,8.213792899,1
3129,South,Peaty,Soybean,Zaid,Seedling,Flood,76.60434971,41.02063917,72.75057159,3.149535178,15.70525193,4.991321396,122.0875357,115.6741053,200.0044811,11.37478993,0
3130,West,Peaty,Potato,Rabi,Seedling,Furrow,68.69442837,22.00827096,35.18589231,6.430966889,22.36195139,6.539818024,112.2344097,120.2074844,87.15003751,1.118280439,0
3131,East,Loamy,Groundnut,Kharif,Vegetative,Sprinkler,66.35632229,38.35115714,70.11945779,3.416899679,20.99013627,5.844904772,38.71676899,81.20036839,174.4703759,3.974806188,0
3132,North,Chalky,Onion,Zaid,Maturity,Furrow,67.60886635,33.2571478,33.68572483,2.827583274,6.316855299,5.868356165,88.2143196,42.79353242,15.16062991,8.73966317,0
3133,South,Chalky,Cotton,Kharif,Fruiting,Drip,75.28973557,44.12714134,66.009307,2.640754327,3.352078555,6.409459534,1.037697707,135.2416184,166.0633003,10.58379096,0
3134,West,Loamy,Rice,Kharif,Seedling,Furrow,48.09777763,26.20816979,50.89697599,3.512197937,4.826806845,8.488092416,55.44586823,90.47454669,35.54795073,3.098570909,0
3135,Central,Sandy,Tomato,Rabi,Maturity,Drip,24.01974125,35.44381838,69.0349632,2.285600196,24.2746663,6.133518723,33.31442349,115.5131073,139.2780133,1.77788463,1
3136,South,Loamy,Wheat,Rabi,Fruiting,Sprinkler,53.17485255,16.90607167,94.62895644,6.906998235,13.73686199,5.229316919,131.1962884,0.476023442,135.6703727,1.095055404,0
3137,Central,Silt,Wheat,Rabi,Seedling,Drip,62.00170456,26.8874204,90.33627239,10.36817324,4.562555575,6.954425352,56.75446164,65.29634213,186.5103772,3.367270638,0
3138,Central,Clay,Groundnut,Kharif,Seedling,Drip,61.65421753,43.91452984,20.32113184,10.7230077,21.01865387,5.445150832,91.56901998,126.2876175,65.73871947,1.784490213,0
3139,Central,Chalky,Tomato,Zaid,Maturity,Drip,46.50143169,31.16942623,86.40790733,1.291902688,9.879781108,4.922196547,102.4774253,49.04382607,22.33675078,4.95320298,1
3140,Central,Peaty,Wheat,Kharif,Seedling,Drip,14.79211035,23.6363851,24.98680964,11.31245548,22.4805538,4.700696688,108.2497554,105.3499206,177.2359923,5.841383524,1
3141,South,Loamy,Wheat,Kharif,Fruiting,Flood,35.97790569,18.60812889,91.47849396,2.089342808,6.516928171,-5,103.0085269,95.36284964,67.97339358,6.279161865,1
3142,Central,Silt,Cotton,Rabi,Seedling,Drip,74.45366259,36.10585021,41.13692593,1.850304005,9.83054397,6.224658593,40.48310854,22.07166312,47.66942676,2.565622413,0
3143,South,Loamy,Potato,Kharif,Flowering,Sprinkler,50.91142368,34.3456813,48.65261228,6.486951601,12.62369407,6.206903119,96.04947754,112.361055,99.67276546,6.103868537,0
3144,North,Peaty,Potato,Zaid,Fruiting,Sprinkler,47.68323603,26.21816141,26.87286539,1.817033041,22.31538335,5.2421816,76.86132752,16.3163846,29.95781645,1.099568059,0
3145,West,Loamy,Tomato,Rabi,Maturity,Furrow,28.81974601,43.52824056,28.42045687,0.272103559,21.71893579,7.636076215,83.63217307,105.547544,60.87748738,3.633631969,1
3146,West,Clay,Groundnut,Kharif,Maturity,Furrow,35.79142439,15.66608439,74.50554239,2.338972534,14.35887676,5.017082512,0.114046423,143.6904088,78.98252998,5.059946542,0
3147,West,Chalky,Tomato,Zaid,Seedling,Sprinkler,72.67422624,24.11171555,90.82491768,6.391068548,5.544387745,8.161268771,36.15606413,138.9073076,56.83733517,2.301867335,0
3148,North,Loamy,Groundnut,Kharif,Fruiting,Drip,56.65241333,42.63208459,65.80613712,1.979740843,10.08392429,6.850303911,130.2957175,116.0350527,92.30319765,9.95405057,1
3149,West,Silt,Maize,Rabi,Maturity,Flood,65.11709187,24.62806315,73.68875116,4.965306212,24.39082663,4.610465504,40.61065166,77.50502651,78.85338782,3.213336315,0
3150,North,Chalky,Cotton,Kharif,Flowering,Sprinkler,41.80417961,22.56758502,77.14773084,5.395805149,15.1943306,8.351890503,61.32217311,97.84956349,158.7911614,9.303786828,0
3151,East,Loamy,Wheat,Zaid,Vegetative,Sprinkler,54.11730536,31.0266123,39.71107059,6.616335126,19.52744388,5.731765038,26.13435751,105.5757166,188.2737788,6.212823434,0
3152,South,Peaty,Tomato,Kharif,Flowering,Flood,27.38685261,39.7140525,23.39222232,11.37146878,11.24661738,6.299899838,19.40435727,1.21822102,20.68925943,6.277174025,1
3153,East,Loamy,Tomato,Zaid,Flowering,Sprinkler,59.38225812,18.09440283,20.14045579,2.833140956,13.30018189,5.637074772,29.21365561,14.84310204,168.7770214,8.097137697,0
3154,North,Silt,Groundnut,Kharif,Fruiting,Drip,39.93209336,43.29062129,46.29869622,0.910200442,10.72385281,7.413685192,77.51062604,86.57357415,191.0130976,1.487054828,1
3155,Central,Loamy,Potato,Zaid,Seedling,Furrow,40.97818604,38.85218644,38.10981711,1.920419486,17.57302495,6.442720883,128.6640112,0.947508321,140.7556949,1.86635274,1
3156,North,Sandy,Groundnut,Kharif,Maturity,Sprinkler,55.45256272,20.43750767,24.67382938,2.829641835,21.28677535,5.029491838,45.66788519,131.7913194,204.2660336,4.595278387,0
3157,South,Peaty,Maize,Kharif,Seedling,Drip,75.5396435,36.36023884,33.46462194,6.256920311,12.68408858,4.916815809,45.27711331,71.00109342,68.68381493,5.585047506,0
3158,East,Sandy,Tomato,Kharif,Fruiting,Flood,14.48044426,26.54876168,29.33741737,0.066044907,12.02168647,7.401501653,78.97968216,37.37622596,170.213538,5.729348769,1
3159,North,Chalky,Maize,Zaid,Fruiting,Flood,67.73202661,27.06884034,88.61587855,1.897418218,8.507161677,5.44832562,49.94398048,57.10406959,138.1090135,8.445758439,0
3160,South,Sandy,Rice,Kharif,Maturity,Sprinkler,30.46681773,38.49870277,30.52004101,7.567062238,4.427417357,5.051173499,127.4582467,123.3625795,66.30290138,1.00775513,1
3161,Central,Chalky,Rice,Kharif,Flowering,Drip,41.07436182,43.88354424,60.3236348,5.556325545,23.48119307,6.497710388,52.89872597,134.4429667,144.4586791,11.55015601,1
3162,East,Chalky,Cotton,Rabi,Fruiting,Furrow,11.53393301,18.79967619,64.48294663,6.578992605,7.901992967,7.71106115,68.66191535,16.85407217,104.472477,2.919361521,1
3163,East,Peaty,Wheat,Kharif,Maturity,Flood,31.07322545,,60.76170933,8.351536384,20.01728659,5.615130983,74.67449976,112.8042919,38.73964761,3.734948439,0
3164,West,Peaty,Onion,Kharif,Flowering,Sprinkler,,29.42824824,27.42923257,7.64472389,17.88367553,5.605726447,109.4894913,83.84293214,35.64533489,10.96189903,0
3165,East,Silt,Tomato,Zaid,Vegetative,Sprinkler,13.93232541,26.28935451,43.90987713,5.731400282,19.77294001,7.835525041,78.94683152,84.89789986,146.2467636,1.06040541,1
3166,West,Silt,Rice,Rabi,Vegetative,Sprinkler,44.37670106,25.89567371,23.84527493,2.896071357,23.41920333,5.091335178,33.48171402,113.0205577,145.9457448,11.9043669,1
3167,East,Silt,Soybean,Rabi,Fruiting,Flood,74.89774402,16.56806003,49.67524356,20.55186026,15.58426901,6.966910367,17.35820893,32.31247958,108.808621,1.395530692,0
3168,East,Sandy,Cotton,Rabi,Maturity,Drip,17.37752527,35.56615862,34.14491985,4.209085153,22.44875858,8.320053932,131.2884365,77.00152036,102.7902118,2.326000714,1
3169,North,Chalky,Tomato,Rabi,Vegetative,Furrow,63.51085097,28.08643251,62.12244,1.13305534,4.192433073,7.865212598,112.2188192,46.30612924,36.90788137,3.641173838,0
3170,Central,Loamy,Maize,Zaid,Seedling,Furrow,38.67697374,20.84381408,71.96062954,1.732299726,15.6678144,4.747260935,3.21512944,13.70429002,88.00365522,5.825938041,1
3171,Central,Clay,Sugarcane,Kharif,Seedling,Drip,55.86216002,39.48100507,59.90898952,5.913706579,19.30689032,5.779643506,115.0140578,15.23651961,178.6364918,6.702966871,0
3172,East,Loamy,Groundnut,Kharif,Maturity,Drip,28.21656186,39.07682244,52.56775225,12.93400358,6.791028269,5.069497862,82.68369115,19.78836324,175.2190977,2.151903183,1
3173,East,Clay,Rice,Zaid,Seedling,Furrow,21.16445838,29.59174884,49.05000656,0.984456687,18.51884503,8.296962551,72.6451929,89.16047809,135.4883749,1.810412885,1
3174,West,Clay,Cotton,Zaid,Fruiting,Sprinkler,21.232383,23.95351983,83.12688261,0.42967703,19.46192073,8.443766265,1.712085063,15.34537876,204.458119,1.3504494,1
3175,Central,Clay,Wheat,Zaid,Vegetative,Furrow,14.9344362,34.14278177,36.45260488,10.66552181,20.7796989,5.439972082,109.3209679,82.66505718,183.1015611,3.824257707,1
3176,North,Clay,Cotton,Kharif,Vegetative,Drip,22.99526934,23.64456407,75.06637546,12.34189861,7.822072815,7.178796179,27.72910199,85.30307341,29.77223683,11.13686271,1
3177,Central,Peaty,Wheat,Kharif,Maturity,Flood,56.49535695,22.08023791,76.81117436,1.617439908,17.04016475,7.866526928,101.9173698,131.064994,81.82296263,5.288267708,0
3178,South,Silt,Wheat,Zaid,Flowering,Sprinkler,71.71834283,36.91543962,51.44000055,2.36833746,7.606332085,5.434721138,2.221554631,90.82460647,27.04718438,9.404081313,0
3179,Central,Peaty,Onion,Rabi,Vegetative,Flood,66.98879799,16.20975719,42.29754494,5.396813741,18.47600969,5.250722537,111.489511,142.9102369,95.54837137,3.09207014,0
3180,North,Sandy,Groundnut,Zaid,Flowering,Furrow,57.95940169,17.84305413,,2.001865628,11.57434163,4.544844093,3.22552557,4.493924091,159.1584791,1.711471483,0
3181,Central,Peaty,Tomato,Zaid,Flowering,Flood,17.73023044,15.20364522,26.99104444,10.48431034,14.93860936,6.147849828,33.02500657,102.1011898,31.93668554,7.097077673,1
3182,North,Silt,Groundnut,Rabi,Maturity,Furrow,30.24312124,19.58829559,23.44475242,0.569084758,10.39599954,8.09774985,37.55894975,3.839611318,180.4865166,10.0430164,1
3183,West,Loamy,Potato,Rabi,Flowering,Flood,31.68648127,17.06970026,28.37023996,0.193611736,4.049573173,8.111918596,22.05120933,105.7597488,116.6567981,10.88305908,1
3184,East,Silt,Tomato,Rabi,Flowering,Drip,27.49698625,44.87407103,34.03587736,1.169039865,4.45073824,5.01097251,67.34814747,55.94828033,153.5336132,7.008250639,1
3185,West,Loamy,Tomato,Rabi,Maturity,Furrow,46.05039618,23.6642991,57.81326153,1.684976314,1.939222682,5.317409922,39.71631435,88.63962598,9.256941482,4.234355124,0
3186,East,Sandy,Soybean,Zaid,Maturity,Sprinkler,47.48876704,,83.68524771,0.599137697,15.45181699,6.132189324,139.0603166,44.88302045,19.23682144,2.204629198,0
3187,West,Clay,Sugarcane,Zaid,Maturity,Sprinkler,34.98201826,22.22988774,37.6731749,0.339737248,21.21595995,7.622498181,81.19563107,23.07023068,127.2765432,8.346051397,1
3188,West,Chalky,Rice,Kharif,Maturity,Flood,34.76524111,43.08376715,90.13715081,7.044903066,0.520920657,6.947405934,79.30689551,104.9093151,171.8293422,4.084804988,1
3189,East,Peaty,Wheat,Kharif,Maturity,Sprinkler,67.99889185,30.60480669,91.61809317,0.897287705,1.655987552,6.555398974,30.92174821,131.1699551,179.1423423,10.28358667,0
3190,North,Chalky,Onion,Zaid,Seedling,Sprinkler,65.25049938,25.94454289,91.91784536,12.26251865,11.43667481,6.867727537,57.21652142,26.61945434,141.1157117,7.656332303,0
3191,South,Clay,Rice,Kharif,Fruiting,Drip,31.54570822,41.20174374,82.8172051,2.294326746,18.4430184,4.884798775,17.35691921,133.5019352,41.19243763,10.4476642,1
3192,East,Sandy,Potato,Kharif,Vegetative,Sprinkler,73.96519107,26.84970812,47.28687806,5.552500493,3.942691118,6.410654569,106.7540953,20.32640583,39.97945151,7.23318311,0
3193,North,Sandy,Cotton,Kharif,Maturity,Flood,76.69705119,25.0502571,25.45129333,1.27705621,6.791282989,8.468253158,46.36229446,106.670973,180.6793632,9.48916599,0
3194,North,Loamy,Maize,Rabi,Flowering,Sprinkler,,21.21847568,62.66140488,1.374308156,5.800155032,4.853784588,105.2752167,139.1195479,23.21325403,4.23735666,0
3195,North,Loamy,Onion,Rabi,Vegetative,Furrow,34.80974642,26.33390472,61.9011083,4.274910577,9.976280467,6.576986711,52.03743999,21.36877785,140.6445271,6.533646694,1
3196,Central,Chalky,Wheat,Rabi,Maturity,Furrow,45.39439074,24.50053068,83.74818253,4.112214071,5.624966925,5.682597047,138.4260136,63.08805678,109.368902,1.213470102,0
3197,East,Sandy,Groundnut,Zaid,Seedling,Furrow,75.87845688,35.31911878,94.69932882,7.320830409,8.814966964,6.659653187,23.95702712,48.93133494,86.39111971,7.686149177,0
3198,East,Silt,Soybean,Rabi,Flowering,Flood,71.34236032,23.68748114,58.11179799,7.090231931,18.21356497,6.79527504,0.213345144,56.32927378,90.26858606,6.871132823,0
3199,West,Clay,Onion,Kharif,Seedling,Sprinkler,17.17975738,32.31599239,45.89030233,5.553744673,15.27523121,6.809891592,83.27557579,109.2052622,193.7675094,9.308105547,1
3200,East,Peaty,Onion,Zaid,Fruiting,Flood,37.49115203,16.97676495,33.94262837,2.981287298,2.029542635,7.908835141,133.413448,95.87239522,176.595856,9.01851562,0
3201,North,Sandy,Groundnut,Zaid,Fruiting,Furrow,48.73598328,20.7386747,20.35998686,11.06556809,15.94364166,6.058989659,90.58756769,140.4596098,177.3216921,7.90378702,0
3202,South,Peaty,Rice,Kharif,Maturity,Furrow,45.21927308,27.22215815,58.18352694,4.871963265,11.92692929,6.565416651,12.00129318,26.89452799,83.35675317,1.62353955,0
3203,South,Sandy,Rice,Kharif,Fruiting,Flood,23.57041476,43.10847762,61.6639,23.12609435,23.36413937,4.543713596,75.66725355,78.77282605,21.93114779,10.93310678,1
3204,West,Loamy,Onion,Rabi,Maturity,Sprinkler,70.11717398,26.31755957,81.87038599,8.556517654,7.232607928,7.658202406,127.3281711,65.12329109,204.5570838,1.1982111,0
3205,East,Loamy,Cotton,Kharif,Maturity,Flood,57.38585481,34.92222364,57.84327259,-999,18.15416049,5.53795083,0.910849503,133.2341358,29.79533289,9.835944265,0
3206,South,Sandy,Sugarcane,Rabi,Fruiting,Drip,68.65358624,22.65261667,88.73512615,1.932681276,18.27152058,7.766220096,23.3677098,1.539788709,105.6943777,6.272809864,0
3207,East,Peaty,Wheat,Zaid,Fruiting,Drip,70.11349955,18.81100728,67.10626074,4.241708717,5.537519525,5.562554666,114.0386179,143.4297081,54.24693366,9.997929192,0
3208,West,Clay,Onion,Rabi,Seedling,Flood,62.38490976,16.756098,83.02521787,6.391139232,22.58059062,4.543153985,125.1469949,69.56147558,104.7022866,6.115768611,0
3209,East,Sandy,Soybean,Zaid,Seedling,Flood,,24.16240496,31.12263011,3.996278744,12.27958001,5.119325273,99.00248692,90.70324885,62.51130479,8.116315856,0
3210,West,Sandy,Wheat,Zaid,Seedling,Flood,52.73827285,19.7298308,84.15020977,7.711944503,16.97208417,8.44273161,138.8184229,52.20762059,183.8617613,4.995920564,0
3211,Central,Silt,Groundnut,Rabi,Flowering,Sprinkler,21.22557843,20.22031344,70.63578908,1.660996463,3.646388972,5.779204984,12.63023014,123.6163671,198.5100271,9.180466097,1
3212,South,Sandy,Onion,Zaid,Flowering,Furrow,57.15517922,37.82277925,32.76747743,1.016165747,6.445097925,4.935295608,76.39471222,81.48825204,84.06317794,3.795937926,0
3213,West,Chalky,Wheat,Kharif,Vegetative,Drip,22.5477279,15.47514213,34.23226686,0.277123209,14.65267795,4.975035215,95.89926117,96.10758576,14.38887632,8.912915031,1
3214,West,Loamy,Rice,Zaid,Maturity,Sprinkler,58.57647134,31.73430377,89.48754643,4.258531503,7.975681709,5.741370856,98.37026085,94.09118267,135.9839004,3.127209162,0
3215,West,Silt,Potato,Rabi,Maturity,Sprinkler,26.07187125,26.38384142,22.41615203,5.833377402,12.49232296,4.650580164,111.0878461,52.77741029,77.20824063,8.94384452,1
3216,West,Silt,Cotton,Zaid,Flowering,Furrow,18.22859101,30.1965,54.69012075,1.973736625,9.350129984,6.545954352,128.4676463,11.01869439,202.1235745,4.230384358,1
3217,West,Loamy,Rice,Rabi,Flowering,Drip,21.56991431,31.88490712,43.51064675,4.75420624,16.01384492,5.354963662,50.62980239,117.1174028,18.32182947,4.064949493,1
3218,West,Loamy,Tomato,Rabi,Maturity,Sprinkler,10.13944947,24.40103083,69.880808,0.267833229,12.17863407,6.577242566,6.014874993,42.00880828,24.42092034,9.926433312,1
3219,East,Chalky,Potato,Rabi,Vegetative,Furrow,60.31177325,23.85326581,82.97220407,0.522878265,0.115248399,5.063056875,50.74186803,123.0948831,143.3817384,9.950619004,0
3220,North,Loamy,Soybean,Zaid,Fruiting,Sprinkler,61.26807343,37.00205548,47.02835912,6.049196095,16.24202095,6.219428916,94.02606687,88.25323627,155.5231685,8.605426065,0
3221,West,Peaty,Onion,Kharif,Vegetative,Drip,46.04533449,41.13830964,52.01765655,2.29488092,10.55303893,6.891667434,29.88385223,51.28707392,96.57476288,11.16299494,1
3222,North,Chalky,Onion,Zaid,Flowering,Flood,21.29539607,20.77744897,93.64383384,5.56356668,8.542458512,4.747999753,113.3962132,86.1658366,56.8392435,2.718130627,1
3223,Central,Silt,Cotton,Rabi,Flowering,Sprinkler,15.84880363,17.92856282,78.79373823,8.910663388,2.353668807,6.094997237,30.76702408,93.59644039,63.51106007,3.962534522,1
3224,Central,Clay,Wheat,Rabi,Fruiting,Sprinkler,11.33902765,41.93387419,87.29030982,9.573787662,5.509242264,5.710095284,1.408876333,102.4690941,69.28445812,4.234154953,1
3225,South,Clay,Tomato,Zaid,Fruiting,Sprinkler,21.60237239,25.49686391,52.90716655,0.944723077,5.59430729,5.461439266,71.13130839,119.2390295,46.18280808,4.358149711,1
3226,West,Chalky,Maize,Rabi,Vegetative,Drip,72.35988745,31.53952172,37.5557153,3.330438781,23.38423749,6.918138504,101.70462,23.16446662,174.3817224,4.608351823,0
3227,South,Peaty,Soybean,Rabi,Maturity,Flood,26.90757892,25.78629434,50.8897599,6.619917665,10.81282437,6.854167943,48.95174768,136.9009358,13.34082755,8.667100948,1
3228,South,Clay,Soybean,Rabi,Maturity,Flood,34.79899291,18.77407009,73.70689384,7.435672131,1.05164618,7.022799227,104.8454119,59.57188909,83.49195394,3.978339577,1
3229,South,Silt,Rice,Zaid,Seedling,Sprinkler,17.37418391,32.67994935,28.20728036,7.678056595,3.470417056,5.135530682,61.37660678,124.7652933,153.2586447,4.145143703,1
3230,South,Loamy,Groundnut,Zaid,Vegetative,Sprinkler,25.56529133,30.75422555,40.28518292,1.294937534,1.975816893,5.642836979,24.04004642,31.96954133,0.784222262,7.274560419,1
3231,East,Silt,Groundnut,Kharif,Flowering,Furrow,46.34571995,21.08980678,23.49769253,1.069276714,14.72173476,5.338715112,12.67817513,4.20920097,179.9966659,3.126947406,0
3232,West,Chalky,Sugarcane,Kharif,Seedling,Sprinkler,52.54268782,28.55607134,52.42608038,4.458142651,4.665537289,6.66201442,99.48220309,83.13488633,144.7901085,5.013762572,0
3233,East,Peaty,Wheat,Zaid,Vegetative,Furrow,27.17466199,38.90842512,82.0584302,6.756292688,12.46394101,6.344262757,54.00007026,47.07661047,15.04166115,1.637344275,1
3234,South,Peaty,Cotton,Rabi,Maturity,Furrow,14.04125115,32.71278309,21.84977662,1.921989312,9.251551572,5.82117495,127.7883275,142.7469907,183.4743007,11.47801819,1
3235,West,Sandy,Groundnut,Rabi,Fruiting,Drip,37.37230084,17.90751981,70.64926451,0.553010906,20.09690943,7.644059235,75.6357082,15.14575093,99.89752349,4.490384448,1
3236,Central,Peaty,Soybean,Rabi,Flowering,Sprinkler,26.39423596,31.44064492,89.93719059,6.307063046,8.012240932,4.875894978,48.78053855,6.858915571,133.7090634,10.35046347,1
3237,East,Peaty,Potato,Zaid,Seedling,Sprinkler,25.36877463,,37.76958961,1.781216838,11.45663706,8.399586755,48.85872978,6.52758369,180.8168418,6.829401535,0
3238,Central,Chalky,Tomato,Zaid,Fruiting,Drip,77.19039619,38.78110217,72.02261305,0.909784462,18.03213871,4.966176311,18.40130102,31.44668581,180.6382807,3.51033373,0
3239,West,Silt,Sugarcane,Zaid,Flowering,Flood,53.14103401,33.87352736,93.13264258,0.799221538,10.83378017,7.59228325,83.1304815,83.98271187,83.79254429,3.127703314,0
3240,South,Silt,Groundnut,Rabi,Maturity,Furrow,48.98149102,19.57974494,92.17085451,1.89102201,19.8303884,5.972920757,81.50339896,73.30668918,48.72634443,8.644568194,0
3241,West,Peaty,Maize,Rabi,Maturity,Flood,39.10425725,36.305198,37.61968948,4.490757067,16.54210891,7.961048917,111.9991169,50.7609917,52.77141659,11.61355688,1
3242,South,Silt,Cotton,Rabi,Maturity,Furrow,40.02610334,35.32025538,27.52482899,2.218968558,10.26322785,4.796679795,28.16757475,12.87500058,157.0180252,3.013766926,1
3243,Central,Silt,Groundnut,Zaid,Vegetative,Sprinkler,47.86335027,15.73280649,31.12119034,0.104391471,12.59954814,5.998886841,40.71054995,33.89187875,190.533224,2.269633384,0
3244,West,Chalky,Rice,Rabi,Flowering,Flood,58.75008649,27.35243003,72.65267514,0.509656647,24.1800864,5.841773626,13.61331567,26.70132439,14.80728803,5.2580928,0
3245,West,Chalky,Potato,Zaid,Vegetative,Drip,59.15022673,24.98850741,74.43191566,1.715996796,16.54028741,8.472628153,41.34790832,108.1216914,3.079044255,5.331916016,0
3246,West,Peaty,Groundnut,Zaid,Maturity,Furrow,22.01857354,35.08236193,70.56774212,5.389704344,22.62488065,8.44219598,59.93429621,113.0922255,168.7016876,9.868782711,1
3247,East,Loamy,Potato,Rabi,Flowering,Drip,45.00789265,21.48407437,45.20587908,0.518559785,4.468962587,5.259215835,134.9639768,112.6670319,79.25353367,6.157782239,0
3248,North,Peaty,Groundnut,Kharif,Flowering,Furrow,38.83706665,32.72615769,32.73327048,4.112372582,12.08090391,7.019787843,91.4292404,140.5108789,56.67209522,1.687073072,1
3249,East,Clay,Sugarcane,Zaid,Maturity,Drip,70.93688764,42.39617885,63.5570819,0.638518438,22.71654175,6.64207768,109.6023502,128.2145022,38.61663876,11.12734461,0
3250,Central,Silt,Rice,Zaid,Vegetative,Drip,54.19932449,38.93407117,56.27603343,1.188845725,8.065301536,5.117493965,45.57138393,72.18168834,71.02852501,5.105066829,0
3251,South,Sandy,Groundnut,Rabi,Seedling,Furrow,47.27528465,42.64373209,74.66256103,0.944849204,24.19160495,5.171118824,20.23179379,60.16572303,199.1509583,8.353849035,1
3252,Central,Peaty,Onion,Kharif,Maturity,Drip,18.07762495,44.35517901,53.1020059,0.347975812,2.426937262,8.457006914,35.94079187,132.7864351,200.3013538,8.342370987,1
3253,West,Loamy,Potato,Kharif,Maturity,Furrow,52.39465225,15.32010381,45.3979771,5.563502577,22.56677926,6.310919974,35.90547674,88.62766155,67.96027294,1.619762864,0
3254,North,Loamy,Maize,Rabi,Seedling,Flood,,33.68223829,42.0108933,3.112544759,11.13030305,5.003205168,81.63614596,42.68780672,197.5564742,1.039651251,0
3255,West,Silt,Sugarcane,Kharif,Seedling,Flood,33.60446029,27.38518193,35.860274,8.890864162,1.843604129,5.359160155,47.80595854,81.84728402,61.4720072,1.968407312,1
3256,East,Peaty,Onion,Rabi,Flowering,Flood,19.99893754,40.79563471,39.93097821,0.520644372,21.98803981,5.573392269,120.035841,143.8616663,175.1686245,11.52184246,1
3257,South,Peaty,Maize,Rabi,Seedling,Flood,58.44515529,22.55444106,27.11228291,0.781707501,6.29850531,6.543669053,138.3962327,123.1731587,43.46086288,9.733922439,0
3258,Central,Chalky,Rice,Kharif,Flowering,Furrow,24.43764797,44.43088467,46.01427582,1.829715457,0.556253137,5.842192518,48.06177674,40.78555883,169.4299556,2.452135044,1
3259,East,Clay,Tomato,Zaid,Seedling,Furrow,37.43015612,33.41123909,22.74273593,7.259308111,3.395177639,6.320047144,98.70843832,138.1783918,72.5147315,7.763568514,1
3260,North,Chalky,Groundnut,Kharif,Vegetative,Sprinkler,72.69723443,38.80612207,33.98103854,1.824679309,16.47786855,5.165998204,92.04812147,142.3120062,40.12332159,7.731711256,0
3261,East,Peaty,Onion,Zaid,Flowering,Sprinkler,24.30214684,17.56798658,76.00778335,2.624780853,24.44528723,5.806914762,27.22474828,33.51920912,191.629881,1.006150033,1
3262,East,Chalky,Tomato,Zaid,Vegetative,Drip,45.54635448,20.50373654,44.41017415,1.794841904,2.78655349,4.781266371,128.5212033,129.8608572,43.90778815,5.719706953,0
3263,North,Clay,Maize,Zaid,Seedling,Sprinkler,39.34901628,37.75211019,70.11777627,0.41812717,11.5487012,8.058841094,27.92196221,128.0643941,203.3262213,8.829530177,1
3264,Central,Loamy,Sugarcane,Kharif,Vegetative,Furrow,11.26868287,15.65959566,73.76631317,14.02007687,4.515913774,5.295009909,103.1739984,5.764268119,22.25764794,3.054721318,1
3265,South,Peaty,Groundnut,Zaid,Maturity,Sprinkler,65.49306795,39.50633958,63.5889007,3.976331355,18.62591335,7.527600542,48.66534992,97.10493299,2.054260595,10.35994215,0
3266,East,Chalky,Potato,Rabi,Seedling,Flood,14.83321344,15.41847056,91.9023306,7.751912328,2.951472494,5.898207153,51.39141938,44.26570339,178.5126769,8.263353835,1
3267,West,Chalky,Soybean,Rabi,Flowering,Sprinkler,43.19785147,34.71356517,21.60799,5.369946083,5.996043712,6.397589276,63.7628674,97.81883084,120.2539037,1.076167268,1
3268,Central,Silt,Maize,Zaid,Seedling,Furrow,49.24748065,25.95281761,75.39894879,3.61035,4.910149191,5.665044158,121.0311169,132.4660107,86.43339193,10.40405598,0
3269,Central,Clay,Groundnut,Kharif,Fruiting,Furrow,53.98985196,33.34484558,91.9089983,0.469785889,13.81299451,7.285765084,19.63527181,72.32299096,16.80260473,1.213400325,0
3270,North,Clay,Groundnut,Zaid,Maturity,Drip,58.20421405,35.88094221,84.6703797,5.146367019,21.8296023,7.878185677,7.639740897,60.08986046,117.8529689,10.76721685,0
3271,Central,Silt,Maize,Rabi,Flowering,Furrow,27.72906685,25.27425658,32.59195189,0.844285194,12.77725503,5.645080739,56.28571465,133.6220343,80.71374497,4.670907433,1
3272,West,Sandy,Sugarcane,Rabi,Seedling,Sprinkler,10.69851437,18.23887344,44.51152297,2.675447879,1.456086319,5.468870575,7.78191388,141.2466631,99.14249216,8.685152807,1
3273,Central,Silt,Soybean,Zaid,Maturity,Furrow,60.64105636,17.08937603,32.93388799,4.959291159,14.08472326,7.225761062,96.26412363,9.02426753,129.2303316,9.661740656,0
3274,South,Clay,Rice,Kharif,Flowering,Flood,47.49596195,32.66808068,65.09812729,7.621556146,19.93802498,5.280612242,106.4455105,133.81297,131.1863892,4.09395702,0
3275,North,Silt,Rice,Rabi,Maturity,Sprinkler,68.52823922,30.61966061,73.41409865,5.776630327,3.303904933,7.059359062,119.6597353,12.00143736,196.9228445,4.920805167,0
3276,West,Clay,Cotton,Kharif,Flowering,Sprinkler,67.4971854,37.26603027,43.7805327,5.566602567,1.817780359,4.877712319,104.1379144,48.90650094,134.2859498,6.604959177,0
3277,South,Chalky,Onion,Rabi,Maturity,Sprinkler,69.03283175,30.2920653,60.46299305,0.806963756,4.695194439,6.98054864,128.2891951,110.5732478,69.57784874,7.40960685,0
3278,North,Sandy,Groundnut,Rabi,Flowering,Sprinkler,43.9566262,27.6733737,71.81904276,2.124222456,18.65215807,6.553626936,104.7621572,112.6703624,67.57472969,4.212460967,1
3279,North,Peaty,Groundnut,Zaid,Flowering,Furrow,33.35398771,26.94261535,51.60048625,0.219301113,14.79201049,4.955622862,131.0505896,105.2441741,97.81799535,11.91634906,1
3280,South,Loamy,Tomato,Rabi,Fruiting,Flood,65.40907418,15.79340708,84.05116478,6.355495901,13.51486635,7.096414539,27.03551119,5.671310769,53.16217847,9.107051405,0
3281,Central,Sandy,Soybean,Zaid,Flowering,Flood,41.59058791,25.06671605,77.86624515,15.24418671,6.236997366,6.286228628,69.9808386,19.28007696,77.16999052,4.015672108,0
3282,West,Peaty,Groundnut,Rabi,Fruiting,Furrow,22.84095375,44.28060473,24.84991579,1.533375791,8.305914881,5.368460203,139.150284,135.7513922,172.6331182,8.044754104,1
3283,West,Chalky,Soybean,Rabi,Seedling,Drip,69.84818137,41.20666729,66.58439743,0.458913942,24.14712532,5.913536623,95.42094556,11.81190132,176.2511286,5.789083213,0
3284,East,Silt,Sugarcane,Kharif,Seedling,Drip,71.77919137,24.88134201,37.64941632,3.227217334,6.015630668,6.468408423,123.0097565,11.38915796,128.697458,10.46361781,0
3285,East,Clay,Onion,Zaid,Maturity,Flood,42.64168293,32.63386215,61.81386985,9.714012723,22.54113558,4.866216909,4.255131137,121.168661,119.4823931,4.618450779,1
3286,North,Chalky,Soybean,Kharif,Vegetative,Drip,15.29898091,40.41890237,91.7666332,4.014522242,14.51328761,8.330437933,122.0461058,92.98353422,87.55546551,3.06639387,1
3287,East,Chalky,Onion,Zaid,Vegetative,Flood,37.14782629,28.2382301,85.92965034,0.239532812,3.082411659,7.162248625,97.67985284,50.9901281,130.3592777,1.507498847,1
3288,West,Sandy,Cotton,Kharif,Seedling,Drip,66.24763616,15.53873591,50.33873023,18.30092367,11.68280945,4.910139925,23.90576076,24.02802063,165.2409359,11.82740155,0
3289,West,Silt,Groundnut,Rabi,Fruiting,Drip,73.124182,17.23531385,41.86353938,8.820232526,23.71371793,7.791448737,3.595333899,128.2047109,151.2586469,4.95143841,0
3290,East,Chalky,Tomato,Zaid,Flowering,Sprinkler,24.24309197,30.31178164,37.58043083,0.705480102,10.46413995,5.790219724,36.38972094,143.3379749,7.269200714,3.425703152,1
3291,East,Peaty,Tomato,Zaid,Maturity,Flood,14.68815284,44.08318127,59.93861523,12.74228471,21.58466412,6.887198147,128.2082703,7.245900624,149.8816497,6.409453208,1
3292,North,Chalky,Cotton,Zaid,Flowering,Drip,71.41453172,35.79628627,28.56863399,2.995446091,6.410717366,5.608571366,93.53861142,80.3464404,147.5892718,4.208032542,0
3293,West,Loamy,Maize,Rabi,Flowering,Drip,37.25834573,17.12748574,61.19562561,2.325263452,14.2730538,7.43362378,128.7256746,37.88901981,20.29306002,3.561900378,0
3294,Central,Sandy,Groundnut,Rabi,Vegetative,Sprinkler,47.9232675,20.68082627,20.10002296,3.090693282,21.09630146,7.3920359,62.46110955,120.6960909,30.80070974,7.780229502,0
3295,West,Loamy,Groundnut,Zaid,Seedling,Furrow,77.76460684,38.1396943,44.28872231,8.996094817,23.01721103,6.708173827,131.1277933,50.18059831,161.5212448,1.823332482,0
3296,North,Silt,Maize,Kharif,Fruiting,Drip,14.65953095,40.2431928,36.49507354,5.386402366,12.14558418,5.46370237,64.81437416,103.6212469,114.5928635,6.598922446,1
3297,South,Peaty,Rice,Kharif,Vegetative,Drip,55.38226052,33.53083759,92.84140925,0.305381022,15.99220255,5.51481523,28.59566142,78.23089612,168.4339431,5.261744315,0
3298,East,Chalky,Maize,Rabi,Flowering,Drip,15.18737958,34.33269509,74.54317397,15.80355007,0.07450327,6.031451187,21.19508499,78.52089033,37.87254766,6.857822286,1
3299,South,Sandy,Maize,Rabi,Flowering,Drip,36.28282499,15.85012351,46.22400353,0.799577099,6.330582688,5.08004867,139.1336538,124.4099175,6.276026765,4.524846855,0
3300,East,Chalky,Soybean,Kharif,Seedling,Furrow,66.26701816,39.85590779,26.96338149,6.843607398,6.967802594,5.850622853,46.74077261,68.20864176,33.19805971,7.27353013,0
3301,East,Peaty,Wheat,Kharif,Fruiting,Furrow,40.34305629,150,58.7600446,5.054882827,2.337325291,7.237418405,22.40742354,122.6119325,92.77685928,1.900003988,1
3302,Central,Clay,Cotton,Rabi,Seedling,Drip,79.80276477,22.77105432,36.0085911,1.03836943,6.992375334,7.82338112,1.177180325,52.69689007,107.2750149,5.137748517,0
3303,Central,Peaty,Sugarcane,Kharif,Maturity,Sprinkler,49.13414995,36.2603016,60.23221594,0.936059934,8.028050826,5.830329162,39.97973931,25.34352666,175.82873,3.612484691,1
3304,East,Peaty,Soybean,Kharif,Maturity,Drip,32.48135068,21.44563819,82.65217656,10.2137198,24.21915099,5.434361033,124.4762601,66.04421976,146.8211086,5.818986846,1
3305,West,Chalky,Onion,Kharif,Vegetative,Drip,25.40779281,16.20990483,66.18444141,2.721006599,16.71505951,7.830570313,74.76130489,72.2615883,203.0300813,5.381697176,1
3306,North,Peaty,Potato,Rabi,Seedling,Furrow,34.5364374,21.03409628,67.53413147,5.314920598,10.65012699,8.06281611,88.54090721,69.36556366,16.13751623,7.943020279,1
3307,North,Chalky,Onion,Kharif,Flowering,Drip,36.07732916,20.3588663,60.57727168,3.506612577,24.70136152,6.140086093,129.1347545,117.2079097,26.69531987,7.91633501,1
3308,East,Sandy,Sugarcane,Zaid,Maturity,Flood,14.80995744,150,89.54492245,6.497896286,3.830808006,4.607616615,71.79758853,81.87844651,17.29289673,5.547012222,1
3309,North,Sandy,Wheat,Rabi,Vegetative,Furrow,35.87019396,27.55348492,89.89270133,3.262352783,11.90127985,7.279846484,117.3591784,128.8243904,110.3838995,2.997854727,1
3310,North,Sandy,Groundnut,Zaid,Maturity,Flood,42.49669638,30.25616674,58.45424008,1.694034205,16.17655518,7.636132945,45.33665893,74.55689676,54.70645802,7.401050135,1
3311,West,Loamy,Onion,Zaid,Maturity,Drip,60.59164266,29.30261627,42.93196154,2.257938214,1.389515862,4.572097013,136.7942608,32.58368702,140.1447527,11.63166907,0
3312,West,Chalky,Rice,Kharif,Maturity,Sprinkler,,23.12023818,54.46902544,9.797732825,17.92497145,6.880123413,11.03394229,18.77689684,27.20163213,3.039869968,0
3313,East,Silt,Tomato,Zaid,Maturity,Drip,59.61359587,15.87512006,33.99184341,3.15588502,2.496683823,6.853475033,101.4761336,125.912609,21.15423691,1.759650969,0
3314,North,Silt,Groundnut,Rabi,Seedling,Furrow,10.58545773,33.15304867,67.72582365,1.200490684,3.507057715,6.014831635,92.47928015,8.145055841,94.33392135,3.91017304,1
3315,East,Peaty,Tomato,Rabi,Flowering,Flood,25.23671797,26.8723449,57.50692518,13.63657705,3.992237812,7.499069303,26.83401082,17.05339373,77.05916242,5.542123682,1
3316,West,Loamy,Rice,Rabi,Seedling,Flood,56.31790019,23.96016472,27.74753584,7.962915199,23.22224567,6.212716152,54.43815984,9.230485243,169.9788078,4.36807264,0
3317,North,Silt,Soybean,Rabi,Vegetative,Sprinkler,43.87925577,41.00823128,34.82358358,0.286377583,17.08088863,7.207103807,43.79607635,61.44145859,171.6985854,10.1818068,1
3318,West,Sandy,Sugarcane,Kharif,Vegetative,Drip,10.3719433,37.40229923,55.97239671,34.26142302,16.38568753,6.568469219,13.22900157,77.22926438,24.07287691,6.423304397,1
3319,South,Clay,Wheat,Rabi,Vegetative,Flood,66.31462497,40.73296645,86.5691743,5.936015959,13.88733741,5.493858419,81.87032321,2.881835998,166.5261699,3.707406698,0
3320,North,Chalky,Tomato,Zaid,Flowering,Flood,64.09667013,29.84948384,62.47930405,0.873354087,7.320149967,6.926003452,139.1137784,74.7599942,115.6538214,11.45218963,0
3321,South,Clay,Onion,Kharif,Seedling,Sprinkler,48.38934141,150,71.11512502,1.353585188,15.52224261,7.447633979,78.34233975,57.09512334,103.2294461,2.375691017,1
3322,South,Silt,Wheat,Rabi,Vegetative,Furrow,14.6524328,35.88664308,45.42714123,5.895514553,10.253743,8.395622694,76.33638696,112.1785515,19.42649213,2.352025861,1
3323,West,Loamy,Wheat,Zaid,Seedling,Flood,63.65605347,21.1822134,62.85585448,7.565211048,3.635403752,6.020435787,5.64391903,120.3437102,151.6243076,3.698133451,0
3324,West,Silt,Potato,Zaid,Flowering,Flood,50.85995114,28.23689007,53.5534867,1.365845769,17.23993226,4.757890179,19.49083127,99.32027828,12.22492539,1.844493338,0
3325,Central,Sandy,Soybean,Rabi,Flowering,Sprinkler,64.7371984,16.95002367,69.43474345,1.485086579,3.239554198,8.451884885,71.85067247,68.65685262,56.92681278,9.268179531,0
3326,North,Loamy,Maize,Rabi,Vegetative,Sprinkler,62.62228947,39.75925207,23.79316746,1.834497289,4.766714526,6.995226638,137.924999,31.34154628,19.56346463,4.440919176,0
3327,Central,Clay,Potato,Zaid,Seedling,Sprinkler,66.21014504,18.77821923,56.99751622,4.556744375,20.4424828,8.285801833,122.725083,122.8316558,108.80736,9.028217911,0
3328,East,Chalky,Wheat,Zaid,Fruiting,Furrow,46.26056465,42.09292521,42.19944689,0.942600712,16.5029274,4.915308344,47.62927699,49.54202531,132.272162,9.390112145,1
3329,East,Peaty,Tomato,Rabi,Flowering,Flood,19.82271627,40.92691807,44.4638796,0.550431651,15.77477886,5.868135359,76.02059559,51.66232364,182.625305,3.612704058,1
3330,West,Sandy,Cotton,Zaid,Vegetative,Flood,56.98102314,28.93748293,92.06880737,5.679454235,10.45506961,5.035746795,77.37831112,132.8216743,150.4437438,6.702000026,0
3331,East,Loamy,Onion,Rabi,Flowering,Furrow,53.43316495,37.33104613,33.70211095,7.550179211,9.907012956,7.842040618,95.95048579,141.4616021,197.0264018,6.715513938,0
3332,South,Peaty,Wheat,Kharif,Seedling,Drip,61.9577231,33.58335221,43.34339394,3.475038596,17.25656523,8.021370966,96.28948577,130.2289887,155.9947157,10.58500854,0
3333,East,Sandy,Sugarcane,Kharif,Fruiting,Furrow,21.89167042,39.09226927,58.24194318,2.26146858,18.50013847,6.5052468,110.5709484,144.7440349,61.10498617,1.28193935,1
3334,Central,Chalky,Maize,Rabi,Fruiting,Drip,23.64826399,27.95415302,84.72702111,2.828545315,12.75533006,5.246424871,3.495943478,125.9917824,112.2548862,4.48480378,1
3335,North,Chalky,Potato,Rabi,Fruiting,Drip,72.32866621,38.57425453,51.25025624,2.458448069,24.23173111,5.008475876,132.1152267,102.1318401,93.87762606,10.70738318,0
3336,West,Clay,Tomato,Rabi,Fruiting,Sprinkler,62.49844589,28.87370451,75.78989607,16.09249301,23.89248897,6.85265644,9.808686438,42.60381294,116.0235883,3.60483545,0
3337,North,Loamy,Soybean,Zaid,Maturity,Furrow,73.57599421,43.22897364,84.22805737,7.307027525,10.31073725,6.525505298,66.66241561,138.1787721,117.2783146,2.505679887,0
3338,West,Silt,Soybean,Zaid,Seedling,Flood,63.11007248,29.59116302,43.25122669,1.166520065,20.51555636,7.279156409,128.7410987,127.1108906,143.9307225,7.337530044,0
3339,East,Loamy,Potato,Kharif,Fruiting,Flood,51.80087142,28.87857816,49.45626377,2.424077138,13.58169604,5.72082905,68.27363609,34.9082849,17.023982,4.364644381,0
3340,East,Loamy,Wheat,Rabi,Seedling,Furrow,55.78929159,38.55215585,46.74171678,3.926447123,12.79389719,6.10947198,8.909156793,70.92855862,153.0827514,6.140239426,0
3341,West,Sandy,Groundnut,Rabi,Maturity,Furrow,72.23895468,39.64733075,82.46418565,4.746470272,1.374101534,4.585444295,32.09360277,10.15807079,29.46744071,10.02014042,0
3342,North,Silt,Maize,Rabi,Vegetative,Drip,50.51647282,31.63467343,23.32601465,3.157287593,14.34936776,6.94057218,81.01334575,138.2297852,5.372497509,6.727666726,0
3343,South,Clay,Maize,Zaid,Maturity,Sprinkler,54.2673927,20.3939344,43.13158166,8.306989645,22.51444826,6.192574085,12.30062651,83.05140752,106.3756361,6.674787609,0
3344,West,Peaty,Cotton,Rabi,Flowering,Flood,20.95337012,29.03274693,70.95564182,7.296605778,19.50334623,8.179058535,59.31491034,35.55407916,119.2027769,4.060009433,1
3345,South,Clay,Sugarcane,Zaid,Seedling,Drip,43.17448541,,62.40826247,3.517582974,19.65792862,7.067145191,46.07305727,42.39790048,7.144469374,9.721521209,0
3346,Central,Silt,Sugarcane,Kharif,Vegetative,Sprinkler,60.14779784,37.58958579,52.72170195,9.635469979,3.998225964,6.094777966,114.1290679,142.195174,105.6510785,9.137960865,0
3347,West,Chalky,Onion,Rabi,Fruiting,Flood,28.96598888,39.33487812,60.49611704,6.953310036,8.961236178,5.554356723,15.41847137,89.26407231,109.5868927,3.575325661,1
3348,West,Peaty,Rice,Rabi,Vegetative,Furrow,24.15779264,15.98476496,34.81884394,7.53851139,5.830122916,8.12113977,95.59178302,60.999053,10.76145476,4.520049717,1
3349,South,Loamy,Onion,Zaid,Maturity,Drip,31.96787658,29.03578388,52.30374662,15.66358003,7.897882061,4.565060296,56.92246992,72.47759196,145.8749834,9.674910123,1
3350,South,Peaty,Soybean,Rabi,Fruiting,Sprinkler,26.90504396,34.39863401,57.62772381,1.549413062,14.48848359,5.807649869,82.28509527,14.28976049,43.10938887,4.93489582,1
3351,East,Loamy,Wheat,Zaid,Maturity,Drip,25.04388459,39.90098051,87.58918415,1.55747114,9.119595334,8.274022335,28.77444807,10.87830021,162.8641388,5.439155775,1
3352,North,Chalky,Wheat,Rabi,Flowering,Drip,39.739559,16.47820961,39.56263721,10.98897521,14.01744544,7.116132028,85.35851587,85.94262278,63.71853661,5.008534984,0
3353,East,Silt,Potato,Kharif,Fruiting,Flood,73.54869597,40.57316657,85.08713766,7.397015045,10.96253121,6.630876285,94.35688184,74.24058528,97.96796895,2.777957792,0
3354,East,Clay,Rice,Rabi,Seedling,Furrow,45.49417527,31.4520281,68.31810506,13.05544838,7.165388961,5.314138872,9.832419053,52.07721274,182.8294303,4.749861886,0
3355,South,Sandy,Wheat,Zaid,Fruiting,Drip,23.15442666,20.91941912,21.52556233,0.326054591,2.385085855,7.833499097,115.4081975,82.08652311,165.2667907,9.832288334,1
3356,West,Peaty,Onion,Rabi,Vegetative,Flood,15.38801686,24.51765649,74.34735027,4.941043099,22.29596143,5.31679625,120.5755758,10.53801267,160.2820336,6.401828898,1
3357,West,Sandy,Potato,Zaid,Vegetative,Flood,58.73093016,23.45788655,22.66639082,0.781096061,0.28433415,5.493014126,8.897567796,136.8787199,32.88901051,6.040392316,0
3358,South,Chalky,Cotton,Rabi,Fruiting,Sprinkler,36.79591351,30.92577103,94.80358451,3.504860561,0.041312204,5.267404571,84.44624833,42.58819473,9.869189273,2.719862939,1
3359,West,Sandy,Cotton,Zaid,Vegetative,Sprinkler,67.52816626,16.5505704,85.44775158,0.846514928,20.66994349,5.132597842,83.16160958,10.40792465,124.1805849,2.953268224,0
3360,North,Peaty,Onion,Rabi,Maturity,Sprinkler,56.1657538,19.75608475,42.30078107,0.685279462,24.92027351,8.313249984,1.744177662,24.57811952,84.19178671,1.472451808,0
3361,Central,Sandy,Potato,Kharif,Seedling,Drip,65.73690154,39.3807913,39.30584226,0.061214929,18.17757069,6.908126385,47.92849795,13.8437176,186.3608417,1.153510847,0
3362,West,Sandy,Sugarcane,Rabi,Flowering,Flood,29.03622276,18.97811972,48.60808116,4.974489603,0.381845952,7.051348528,135.6496096,25.89765313,71.66661903,6.368154419,1
3363,West,Sandy,Cotton,Zaid,Maturity,Flood,58.46512457,,46.7125224,2.223805531,5.667255667,8.317301863,77.76310532,60.42933795,84.16241195,5.501555907,0
3364,East,Clay,Potato,Kharif,Flowering,Furrow,28.48433893,28.60111817,47.92533638,0.555709785,24.29556751,5.422300221,130.6496524,107.0173796,107.8301113,4.02915329,1
3365,South,Loamy,Cotton,Kharif,Seedling,Sprinkler,75.73479356,30.51362664,43.87074096,1.949222077,20.2151063,4.523670154,94.59024902,39.49051038,163.2621365,11.89051194,0
3366,West,Clay,Cotton,Zaid,Fruiting,Flood,54.54619971,37.90831439,66.58500551,0.925291039,14.1699961,6.895534598,3.974672551,63.20936018,55.00130609,5.377958152,0
3367,South,Chalky,Groundnut,Zaid,Vegetative,Flood,32.71582601,28.4199728,32.31977478,14.21032268,5.921517736,6.531379413,10.87984773,134.6698067,193.0732347,9.67731589,1
3368,East,Chalky,Onion,Rabi,Fruiting,Flood,,38.69593863,83.44859693,1.928348329,0.359255148,6.41060151,101.1050538,42.8941522,110.6838281,3.316001527,0
3369,North,Clay,Onion,Kharif,Fruiting,Furrow,23.36486096,33.55038921,80.9301863,2.03197913,0.521536816,4.747520845,77.63949065,115.2343642,172.4003385,3.717453295,1
3370,Central,Chalky,Rice,Zaid,Seedling,Sprinkler,58.62486712,18.39299218,55.73624059,9.158471893,15.29952159,6.317739466,17.80123304,22.88344651,107.7517891,7.252305039,0
3371,North,Loamy,Maize,Rabi,Maturity,Sprinkler,25.31009291,19.68994315,83.9547474,5.21715242,0.545796909,5.65023826,85.96877497,25.85665321,158.2586051,1.044310967,1
3372,Central,Loamy,Onion,Rabi,Seedling,Drip,51.67122861,28.11101176,38.53588025,6.192331404,24.84075355,5.598258709,113.4402305,66.14216665,10.54125426,1.191680081,0
3373,North,Chalky,Cotton,Zaid,Fruiting,Drip,28.52445188,26.90668179,21.31740918,5.053031837,4.584595837,5.389526321,105.4175402,33.94482632,163.8385587,2.564405933,1
3374,Central,Sandy,Tomato,Kharif,Flowering,Drip,56.33782614,37.30632809,66.44059438,14.61206371,17.76768405,5.830113439,34.4627444,130.9390707,107.4116831,3.454331451,0
3375,North,Clay,Potato,Zaid,Seedling,Furrow,67.045781,32.42211419,54.34320552,1.15966553,3.876493035,5.912532301,36.14729533,7.359082213,92.13019558,6.806344674,0
3376,South,Peaty,Rice,Rabi,Maturity,Sprinkler,64.46176702,,62.53734097,22.56716908,13.50233553,5.735103105,135.4972927,86.60452209,22.87998166,8.548523739,0
3377,Central,Peaty,Maize,Zaid,Seedling,Sprinkler,63.25959317,20.1228085,87.45045568,8.887986466,2.015282212,8.415010863,124.2366723,87.61326244,152.0203205,4.430665304,0
3378,South,Sandy,Maize,Rabi,Vegetative,Flood,23.1405684,21.80511307,,4.445476865,19.16946061,8.230924342,44.56722402,9.57375949,26.88854876,3.629780296,1
3379,East,Clay,Tomato,Zaid,Maturity,Furrow,16.18694629,32.26503055,67.58398548,5.429047344,14.62302737,6.798040398,115.3676286,106.2218112,39.42515162,10.05092296,1
3380,West,Sandy,Sugarcane,Zaid,Vegetative,Drip,58.92641799,27.70316415,77.30416924,5.232365501,2.154167335,8.424219354,22.64339416,67.99014395,25.91676742,2.790546831,0
3381,East,Clay,Sugarcane,Kharif,Flowering,Sprinkler,35.78430497,30.44782527,26.28563251,0.300853565,21.21465473,8.464792041,27.55775419,104.8456392,1.347999581,8.461592106,1
3382,East,Sandy,Tomato,Kharif,Fruiting,Furrow,40.26423585,20.12032306,32.05366887,-999,13.67546537,5.92375884,25.36744754,119.904123,135.6923249,11.24463568,1
3383,Central,Loamy,Soybean,Rabi,Vegetative,Furrow,12.1804365,34.88718757,74.99036037,16.28170539,23.03980775,6.280750183,12.2809085,46.82040604,55.52302918,3.554320013,1
3384,Central,Peaty,Soybean,Kharif,Vegetative,Flood,28.17035145,40.57616223,52.35240923,3.821759935,22.91558434,8.336247108,119.6549363,70.25045303,30.64144413,1.956619021,1
3385,East,Chalky,Groundnut,Zaid,Fruiting,Drip,12.35734827,22.7381852,53.44739528,2.376919209,23.01269474,-5,81.03296575,37.81031307,65.59435892,11.77734783,1
3386,North,Sandy,Onion,Kharif,Flowering,Furrow,71.54300408,29.74542677,43.14557612,7.178231146,1.944630005,5.351716331,36.25385295,29.21945221,102.3123618,3.978511757,0
3387,West,Clay,Rice,Zaid,Fruiting,Furrow,27.03776783,44.26581987,65.55172876,3.717141176,3.023944044,7.257522673,118.8117046,0.086239916,103.1995668,4.0322953,1
3388,South,Chalky,Potato,Zaid,Vegetative,Flood,49.01360187,24.99725222,33.88737841,0.066250842,24.69264524,5.322984728,112.3705463,139.7265693,75.27518171,6.321495205,0
3389,South,Chalky,Sugarcane,Rabi,Seedling,Sprinkler,12.72855245,32.85139035,67.01872095,6.663532843,12.19002053,5.857430975,14.13321254,63.93462805,101.4611156,3.54163425,1
3390,North,Chalky,Tomato,Kharif,Vegetative,Drip,56.67931739,17.70587101,33.03491429,6.587902097,5.955351321,5.410240652,90.17951232,1.895117094,87.60499885,11.92159591,0
3391,West,Peaty,Onion,Rabi,Fruiting,Sprinkler,32.6119142,33.18045007,24.7869526,0.902508342,19.24161221,5.479920864,101.0567042,1.296093747,168.6463756,1.472624745,1
3392,North,Sandy,Soybean,Zaid,Maturity,Flood,72.85434309,17.6889532,44.77682665,15.69340662,6.60713053,4.518622326,100.2158272,41.81112244,6.070863336,5.966203868,0
3393,South,Silt,Soybean,Zaid,Maturity,Drip,72.16827323,43.77706306,37.33552565,1.267421893,18.1803922,8.022835329,101.2399791,2.020963413,177.9461773,7.031814086,0
3394,North,Peaty,Cotton,Rabi,Fruiting,Drip,32.77034329,36.46987956,86.67437289,3.060134813,20.93214445,5.683961981,23.72408999,54.30461956,50.00262741,6.136459437,1
3395,Central,Chalky,Maize,Rabi,Maturity,Drip,73.0672627,38.64479364,24.12150904,0.609346648,19.60658443,4.845497518,44.1121036,9.126082709,147.9653541,6.725752701,0
3396,South,Silt,Wheat,Rabi,Fruiting,Furrow,79.73103714,36.12313082,33.24602694,4.622651917,6.851195205,4.847949623,118.1849912,5.691480717,83.03312135,11.86337059,0
3397,Central,Clay,Onion,Zaid,Seedling,Flood,67.77909649,32.69187108,61.15397042,2.35362841,10.04046435,6.724073106,125.774845,97.06030214,60.33825772,10.64591742,0
3398,West,Loamy,Cotton,Kharif,Fruiting,Furrow,69.14099434,28.49738343,56.08003931,2.178385614,10.33127508,8.471682202,39.08644412,131.491987,126.1462115,4.392880472,0
3399,Central,Loamy,Rice,Zaid,Seedling,Flood,27.43061153,40.75120139,23.43890138,8.771650179,12.28182295,5.080089869,3.222732265,59.36105458,157.6213059,7.066247541,1
3400,North,Clay,Soybean,Zaid,Maturity,Furrow,50.36916792,43.70507003,20.5439321,0.048038598,4.184321289,4.898487124,120.3673726,121.3317124,92.23697289,1.003421138,1
3401,West,Silt,Groundnut,Zaid,Flowering,Sprinkler,14.70791398,29.97108519,94.10509565,7.996120529,11.31175126,6.253215522,52.7928573,4.243491865,95.64353783,5.505259015,1
3402,East,Chalky,Sugarcane,Zaid,Maturity,Flood,16.64425558,42.94605147,69.41260253,4.236722574,12.76957476,6.753325015,46.12489783,112.7650581,12.06557938,2.802616451,1
3403,West,Loamy,Onion,Kharif,Fruiting,Furrow,79.92248284,32.4999873,47.40545982,21.3787975,13.29272491,5.677521436,48.57995516,9.105998887,189.419176,8.824966499,0
3404,East,Chalky,Onion,Zaid,Maturity,Flood,32.86474746,31.15152561,55.28241857,4.45120521,20.49751075,5.71008837,58.19749936,121.5737164,173.6138228,3.431985354,1
3405,East,Loamy,Onion,Rabi,Flowering,Drip,62.37287384,28.63448199,39.99125903,0.284858161,12.93336246,6.197906007,52.95732703,127.94312,81.58852145,9.237852101,0
3406,West,Silt,Rice,Kharif,Maturity,Furrow,66.46655371,21.27863285,45.86553378,0.259864081,5.769598063,5.756582461,79.30032588,113.9662071,156.8148757,4.444758174,0
3407,East,Sandy,Maize,Rabi,Flowering,Flood,70.06162897,15.11158982,68.67833505,10.73444888,16.57821846,8.161326334,11.05163899,119.0086085,64.22223102,11.18411483,0
3408,Central,Loamy,Soybean,Rabi,Vegetative,Drip,79.83398082,22.24518681,86.21088492,9.200994058,19.9328536,4.667818285,136.0156272,81.41526212,149.7364676,5.899582619,0
3409,Central,Loamy,Groundnut,Zaid,Fruiting,Flood,26.90475397,30.29169515,33.80975173,2.122399307,7.984291661,5.438280639,131.1031448,38.40831667,105.9218019,10.23469492,1
3410,West,Sandy,Potato,Kharif,Fruiting,Sprinkler,12.82455788,26.39879857,83.0271129,4.812098556,16.13264823,7.734211185,130.8169305,93.26849539,94.45717806,7.909826033,1
3411,East,Silt,Wheat,Zaid,Flowering,Drip,38.78340626,28.45455684,29.11674721,3.362718067,3.673449899,7.835832499,123.0988674,63.73353912,11.58721444,11.75138036,1
3412,North,Silt,Maize,Kharif,Seedling,Flood,19.10564689,44.41944659,36.12441677,17.08115742,8.548157614,4.946220316,92.44568231,0.773801333,197.911494,9.169950258,1
3413,West,Sandy,Cotton,Kharif,Flowering,Furrow,11.56981224,25.50817112,22.7881466,14.97475298,22.73059824,8.3950538,30.95519878,69.13972743,171.6688388,9.004736545,1
3414,East,Loamy,Sugarcane,Rabi,Vegetative,Flood,35.2298779,28.56548818,30.56088966,20.62577438,22.78270408,7.2734194,6.9276882,94.42224906,162.6445539,3.913525807,1
3415,East,Sandy,Groundnut,Kharif,Fruiting,Sprinkler,64.86167758,19.00546654,88.79773591,10.06635105,14.38311447,5.590372224,13.90494907,2.013130655,62.50782052,6.553457261,0
3416,East,Clay,Soybean,Rabi,Fruiting,Furrow,49.63264839,16.43873197,54.457906,12.01487827,17.55878652,6.324151459,45.35895007,90.09724874,59.36598781,4.191250576,0
3417,North,Chalky,Sugarcane,Zaid,Maturity,Drip,31.89445924,38.26228544,25.82493963,1.224893428,21.35038538,5.688554478,70.54362357,94.6171264,117.5045848,1.212227807,1
3418,Central,Sandy,Soybean,Rabi,Flowering,Sprinkler,55.80394038,32.12049525,91.97951285,8.889483682,23.96382963,5.100088999,139.05543,22.92559884,173.4757552,8.816438659,0
3419,South,Chalky,Rice,Rabi,Vegetative,Furrow,26.24127262,37.82114418,85.92442308,6.169705562,12.24716101,5.664712259,60.96208885,62.50575685,191.5988233,3.594201497,1
3420,North,Peaty,Tomato,Kharif,Maturity,Furrow,11.00670123,19.49588397,76.60118907,16.45541959,14.03939342,6.82036775,73.45045267,139.8282271,55.13045033,5.370564334,1
3421,South,Silt,Groundnut,Kharif,Seedling,Furrow,63.50473705,32.15486314,90.0104594,4.234544345,10.39103917,7.803878779,97.32201461,128.207438,124.5200341,4.131026659,0
3422,Central,Loamy,Maize,Rabi,Maturity,Furrow,53.66201594,22.60927423,36.50970656,0.445069631,1.799548426,5.9541163,25.30275586,59.56910631,148.400074,3.195994421,0
3423,East,Loamy,Wheat,Zaid,Vegetative,Furrow,63.36118372,21.84185451,82.72769698,4.549045058,10.57008681,5.891606162,130.5957802,50.72770886,46.41038976,1.738312568,0
3424,South,Clay,Potato,Rabi,Flowering,Sprinkler,12.72566117,15.34578042,71.74933973,5.801070479,19.76568348,6.372002804,74.06484482,17.99169874,83.5310692,4.716788996,1
3425,South,Loamy,Sugarcane,Zaid,Seedling,Sprinkler,68.59837395,18.91022171,85.23194372,1.244365096,20.12213745,7.0782224,38.67588838,5.102417258,38.43222611,1.899194159,0
3426,North,Clay,Potato,Zaid,Fruiting,Sprinkler,53.366834,24.27804334,79.76836743,2.50531206,22.30942786,7.50646505,130.9152581,43.13210273,143.2755409,6.943510544,0
3427,Central,Clay,Potato,Kharif,Maturity,Flood,49.43767455,18.50636282,45.98712974,4.562781244,1.286667629,5.807198019,87.5630866,136.3410853,177.075953,1.215865141,0
3428,West,Silt,Maize,Zaid,Vegetative,Flood,53.72298337,44.57575321,78.07989028,2.342869158,13.17886474,6.845409871,67.71656237,138.9989504,179.8945427,11.34021868,1
3429,South,Clay,Maize,Rabi,Flowering,Sprinkler,70.51032728,24.25897946,39.68422272,2.349599902,2.685612198,6.057443365,81.22182739,117.8153044,137.3682185,11.63122521,0
3430,North,Silt,Potato,Kharif,Maturity,Sprinkler,51.08555546,18.9097184,44.64441223,0.714081185,5.018554579,7.365599401,104.7623106,50.86959796,71.16623384,4.351192331,0
3431,East,Chalky,Maize,Kharif,Vegetative,Flood,50.66652659,150,,14.12967097,22.50541256,5.158699682,21.63532052,20.82583277,135.5132773,3.862141049,1
3432,Central,Chalky,Groundnut,Kharif,Seedling,Drip,79.34754099,32.63109685,90.1307462,6.941369285,12.41978146,5.52769946,121.0762603,86.35235396,177.1746791,2.148457197,0
3433,East,Clay,Maize,Zaid,Maturity,Flood,62.97111169,16.92130572,41.82525226,0.006221063,18.96362302,6.204241679,134.3309534,93.74322604,128.300446,10.95410819,0
3434,East,Chalky,Rice,Rabi,Maturity,Furrow,40.96056638,40.8730239,59.04668489,7.253914477,1.609602648,8.05765916,79.37995125,61.56316754,84.64284776,7.455503178,1
3435,West,Sandy,Maize,Rabi,Flowering,Flood,59.51779,43.84499038,49.34996273,6.731427344,10.4206626,6.793303157,95.51791855,100.2887854,188.5595639,7.711374153,0
3436,South,Silt,Sugarcane,Kharif,Vegetative,Flood,37.24613302,22.40242262,91.99460904,0.048893077,16.85600702,8.361584476,120.3766873,108.2688734,171.2194016,10.85442109,1
3437,West,Peaty,Onion,Zaid,Vegetative,Sprinkler,26.02128237,28.50285806,45.12868782,2.307037789,3.335162032,4.913110741,52.4734884,113.5439412,180.8992243,11.01865473,1
3438,North,Sandy,Tomato,Rabi,Fruiting,Sprinkler,51.77963138,15.66403353,78.39093661,4.666519319,8.145446978,6.340701655,138.9964513,72.83322615,185.1543643,10.11175837,0
3439,West,Clay,Groundnut,Zaid,Fruiting,Sprinkler,74.97274687,34.22130674,84.1562116,3.014253669,1.613695126,6.17631412,95.2701917,114.7879127,80.73152307,9.507857172,0
3440,North,Peaty,Onion,Kharif,Vegetative,Furrow,75.0397664,27.41778174,,7.525076854,16.28349852,6.900824706,59.35981777,3.694081809,176.2259965,10.64965345,0
3441,South,Silt,Rice,Rabi,Maturity,Furrow,33.93336947,23.10175398,48.36288608,2.770913281,24.27228148,7.747858435,94.8273165,98.65863318,116.9216826,10.63567667,1
3442,South,Peaty,Wheat,Rabi,Seedling,Sprinkler,46.93742264,21.20511332,76.08093657,0.835369789,20.67613728,7.865792102,73.03520455,34.16692377,7.822589579,5.055093419,0
3443,West,Peaty,Potato,Zaid,Fruiting,Drip,24.8145129,34.62069233,88.46719852,18.73585416,24.36557792,7.180778435,15.62982002,39.22544229,130.3464531,11.70730342,1
3444,East,Clay,Onion,Zaid,Fruiting,Flood,79.69417766,27.48651093,76.61987998,1.385623278,21.14011988,7.066145457,111.4211427,13.23874746,96.47687948,8.800454345,0
3445,West,Sandy,Tomato,Kharif,Seedling,Drip,78.67825355,20.38977867,37.03447742,6.323788527,21.37989515,8.296118168,79.01258124,27.89687822,56.40670513,5.072303774,0
3446,Central,Peaty,Wheat,Kharif,Flowering,Sprinkler,55.46562508,35.67327244,86.62308106,0.772498855,14.42942988,6.034749607,111.4183781,143.8411938,198.9285437,5.86254469,0
3447,South,Sandy,Maize,Rabi,Maturity,Flood,,31.95216849,49.06862506,1.995024703,12.95630779,7.831133257,21.68767165,60.23156893,11.28952595,8.558441641,0
3448,Central,Chalky,Tomato,Rabi,Fruiting,Sprinkler,60.05701129,40.76016165,63.21720588,2.917228976,10.15635666,8.186014908,75.37000195,134.5259828,193.9048651,4.972088006,0
3449,Central,Peaty,Cotton,Kharif,Flowering,Drip,51.52107533,18.52427697,82.35767145,1.06740198,20.45237238,6.466156977,107.3273981,23.62043159,32.64974743,10.09213483,0
3450,Central,Silt,Wheat,Rabi,Vegetative,Drip,13.73435979,38.56999806,34.12960756,2.98881753,4.551690307,7.416410314,138.3626395,29.5885321,77.28257676,2.628699833,1
3451,East,Clay,Cotton,Rabi,Fruiting,Sprinkler,41.83350398,35.2055036,78.83826018,0.854907434,1.405622896,6.008079427,123.8156187,80.8829363,85.53321096,10.98353729,1
3452,South,Peaty,Soybean,Zaid,Seedling,Drip,57.23504115,18.4503281,64.71220984,4.093626156,23.69734557,5.135516057,121.0089478,50.68221843,149.8592063,4.31317263,0
3453,South,Clay,Tomato,Rabi,Vegetative,Sprinkler,57.42721297,35.8446219,87.00062314,5.448955339,0.09445463,6.846015526,34.64441934,93.36770524,44.19988779,2.679840639,0
3454,South,Chalky,Maize,Zaid,Vegetative,Sprinkler,36.11858329,28.24641867,32.89778014,0.322342133,24.42073305,5.285886603,117.3178442,61.19675348,202.1508779,10.4382671,1
3455,West,Chalky,Sugarcane,Kharif,Maturity,Drip,75.91843907,43.34954357,51.55116778,10.24483797,18.22133425,6.330396523,23.69937886,117.6815994,153.5474298,3.634095628,0
3456,North,Sandy,Maize,Kharif,Flowering,Drip,21.71499226,19.24834052,82.46323197,1.023700229,8.212472992,7.991517253,27.73507304,62.57606532,161.9402909,10.27735312,1
3457,South,Peaty,Tomato,Kharif,Maturity,Sprinkler,45.02516124,34.28500172,21.44237776,1.276800023,17.44549608,4.84407275,15.41634412,82.99063145,21.81789841,4.258908438,1
3458,East,Silt,Tomato,Zaid,Vegetative,Sprinkler,58.36187836,26.45940136,28.41510251,5.413938406,20.44687893,4.621714143,120.0635143,46.555614,97.64396195,11.27250716,0
3459,East,Loamy,Soybean,Kharif,Maturity,Sprinkler,58.79950641,43.70444012,94.29239096,3.162622774,6.1340514,6.92591139,15.1556295,102.0859432,193.8499168,3.409854038,0
3460,North,Sandy,Onion,Zaid,Seedling,Flood,55.40472697,,41.02956339,3.459695545,19.27239208,5.824245306,19.33560716,94.9364603,55.36354467,1.766149902,0
3461,West,Clay,Rice,Rabi,Fruiting,Drip,29.27017494,,93.16573953,0.685718027,20.10924063,6.171750828,34.42420101,57.56514975,29.80364926,11.3018428,0
3462,East,Sandy,Maize,Zaid,Seedling,Furrow,20.93445981,42.04457553,33.68986633,8.192681517,6.233865753,6.122842355,80.17273728,40.0246549,99.50586425,2.821883165,1
3463,North,Silt,Groundnut,Rabi,Vegetative,Drip,54.51582288,23.11149706,47.08208323,4.799309673,1.048158859,4.846480916,123.2252259,89.04513435,190.7305793,11.38545796,0
3464,East,Chalky,Tomato,Kharif,Maturity,Drip,51.95114813,,76.46520834,0.727337691,5.103057114,4.514265731,58.55194174,136.7569891,99.79207801,10.06375085,0
3465,North,Clay,Maize,Rabi,Flowering,Furrow,22.55492072,44.86812605,69.33338054,2.342019484,5.016160222,8.093692971,76.48003289,19.23323848,82.9910321,1.901179287,1
3466,East,Clay,Soybean,Rabi,Flowering,Drip,59.35974019,22.57989007,63.58417999,8.314455392,1.631011354,5.371194244,23.30851599,115.8719097,133.3058495,5.896487188,0
3467,West,Clay,Wheat,Kharif,Vegetative,Drip,41.86203942,28.10331508,59.74243819,4.200759472,18.15018462,6.204315967,37.23241983,78.73380706,192.0612198,1.807396239,1
3468,West,Loamy,Rice,Rabi,Fruiting,Sprinkler,56.74324141,30.6054221,83.25803327,0.57508371,9.499373111,8.387703187,18.74960675,76.2061558,10.05677709,4.627652211,0
3469,East,Chalky,Potato,Rabi,Maturity,Sprinkler,68.61569558,23.84793407,37.62114221,2.332266064,22.10965419,7.807050328,57.38863828,139.4442014,31.44608682,4.866533861,0
3470,East,Chalky,Potato,Zaid,Seedling,Flood,21.88099,15.45794519,53.18531952,1.389942031,6.304277642,4.931723421,82.64699221,87.85184565,27.21463356,7.595966634,1
3471,Central,Loamy,Sugarcane,Rabi,Seedling,Furrow,11.34014076,21.60387733,31.65892191,3.643514847,11.33080413,6.534076126,39.7627342,120.425085,17.49326137,11.73485125,1
3472,South,Clay,Rice,Kharif,Flowering,Drip,64.53718105,23.45810653,64.69561968,9.269061535,15.97543572,7.420316106,118.4394198,74.59920109,61.93174653,2.867397841,0
3473,West,Loamy,Wheat,Zaid,Seedling,Furrow,52.67881976,28.30799104,38.79083182,2.865873915,21.93662374,7.29357114,137.3733691,36.22873825,47.00835179,4.620660612,0
3474,East,Clay,Rice,Rabi,Fruiting,Sprinkler,58.97476987,20.13307435,45.03815483,2.839996927,13.11552754,7.54336741,16.82167932,100.7010894,112.4817096,7.458127436,0
3475,South,Silt,Soybean,Kharif,Vegetative,Furrow,68.67084825,41.1976307,55.34380375,11.78789467,9.338115695,6.32981862,2.500407842,133.8606511,67.09433145,2.885629409,0
3476,East,Clay,Wheat,Zaid,Maturity,Furrow,66.19676544,36.14733398,22.00779393,4.292296065,21.67537696,5.203691717,110.568767,121.9783639,83.0676116,8.817806285,0
3477,South,Loamy,Rice,Zaid,Seedling,Drip,77.26441029,17.55601433,26.89534519,4.175755677,7.756160617,6.359489776,26.68997489,28.7627229,193.0822616,5.440256875,0
3478,South,Silt,Onion,Rabi,Vegetative,Flood,47.51545552,34.50277353,71.44469155,1.518446821,1.985592491,7.091548997,49.44052297,45.94892226,31.90940646,11.44529525,1
3479,West,Silt,Soybean,Zaid,Maturity,Flood,44.19469429,34.60969429,52.17274855,4.678932066,11.12605269,6.934368346,55.19237056,74.94769773,79.63375199,7.928580397,1
3480,Central,Loamy,Wheat,Zaid,Vegetative,Flood,38.13210399,43.68663521,84.85926665,4.289053421,19.62733266,4.782088215,128.3239144,82.88247781,52.70177731,4.993887823,1
3481,North,Clay,Potato,Kharif,Seedling,Furrow,20.758373,15.09062614,72.10040027,2.527958974,0.769520794,4.759809736,92.23735021,28.1030466,112.5790264,8.914204332,1
3482,East,Loamy,Onion,Kharif,Vegetative,Sprinkler,50.0825063,22.43797349,20.60757062,23.38632104,14.64705612,8.361031325,5.685328642,33.3517893,150.9489264,10.22630036,0
3483,South,Sandy,Maize,Zaid,Fruiting,Flood,29.3908767,42.83374438,66.25342481,10.68073528,14.86160121,5.10722182,2.0734337,110.030505,167.4825141,9.805277404,1
3484,Central,Loamy,Onion,Zaid,Flowering,Furrow,74.49152585,42.96401746,27.02936495,6.923204446,23.21354409,5.677849856,27.93953365,105.8960254,105.6358224,3.890408335,0
3485,South,Silt,Tomato,Zaid,Maturity,Furrow,50.8233563,36.61759258,78.56998848,3.853874574,7.161620429,7.570537929,44.54407172,121.6852781,175.2579013,5.586816874,0
3486,East,Clay,Potato,Zaid,Maturity,Drip,51.49881264,37.97289963,94.36307662,3.100039405,6.97091533,6.138708303,67.83333677,135.2748221,160.9404791,5.973954271,1
3487,North,Peaty,Onion,Zaid,Fruiting,Flood,34.84472626,17.74448874,59.83990957,1.022206391,11.01209128,5.225859413,117.2975177,44.69786224,32.18583259,5.272217314,1
3488,West,Clay,Sugarcane,Kharif,Vegetative,Flood,13.63925464,30.41627504,71.20846251,1.824525552,8.922872537,6.368929529,44.07448584,124.6412687,50.3128956,4.419499411,1
3489,North,Silt,Soybean,Kharif,Maturity,Furrow,12.22206358,21.94748974,37.79856207,7.435234213,18.40864657,6.775799883,52.7152107,96.57170974,137.7027083,9.280225792,1
3490,West,Chalky,Onion,Zaid,Flowering,Flood,39.63346009,20.43654131,52.81983078,3.023383088,16.04380193,6.311066437,46.1073102,138.8767115,199.832774,1.134466678,0
3491,South,Clay,Sugarcane,Rabi,Seedling,Drip,15.91957647,39.30909897,84.20714992,10.69678653,18.97302595,8.175784302,1.255147045,39.45075262,77.10658862,4.228986517,1
3492,Central,Silt,Soybean,Rabi,Maturity,Drip,52.47928689,19.0511441,32.55672108,0.800322288,20.50104478,5.63879718,133.7282155,39.10236774,47.11060733,2.557789827,0
3493,West,Peaty,Wheat,Rabi,Fruiting,Flood,71.66811039,29.05954911,39.91517042,3.549911456,23.07452832,7.145328643,19.45942378,102.1225501,178.171534,2.416462475,0
3494,South,Chalky,Potato,Kharif,Fruiting,Furrow,71.80403716,43.15734719,53.40752565,5.205950072,10.77341829,4.949178886,40.27344695,134.6195622,40.92045171,4.046545336,0
3495,East,Chalky,Groundnut,Zaid,Flowering,Sprinkler,56.13317871,20.57496167,73.41866689,3.637124597,24.61743474,6.069141831,18.10246229,119.5605946,142.9686962,9.383684002,0
3496,East,Loamy,Soybean,Rabi,Fruiting,Sprinkler,24.7862282,44.33980271,48.19129661,11.00135619,5.391520335,7.463973006,68.67604186,105.4207359,7.021059423,11.66364056,1
3497,Central,Chalky,Cotton,Rabi,Vegetative,Sprinkler,70.4097782,44.82863957,89.57992098,22.81212549,17.85912905,5.399267762,130.5032561,56.15983372,3.891005595,6.660803132,0
3498,Central,Sandy,Onion,Rabi,Maturity,Flood,72.02654047,31.66851464,27.08427885,0.615555979,13.35023293,6.859084183,14.09810047,104.0762635,92.57117636,4.728689993,0
3499,East,Clay,Potato,Zaid,Maturity,Flood,23.76575095,20.10428221,47.81031482,0.696051171,20.42251487,5.113748117,61.7255693,116.1588586,134.5907261,10.12087513,1
3500,East,Peaty,Groundnut,Zaid,Maturity,Sprinkler,61.619826,24.48314664,73.17155926,0.698173405,11.91926302,4.910806765,3.132478408,109.2264236,29.19906306,1.738137678,0
3501,West,Clay,Cotton,Kharif,Vegetative,Sprinkler,30.05636842,27.73478498,36.94900742,5.715597452,19.59846588,6.592930996,107.925751,98.13756575,156.5959029,2.024847361,1
3502,Central,Sandy,Maize,Zaid,Vegetative,Sprinkler,66.18482186,24.27972673,69.23098507,2.331461388,23.25421787,7.200043984,89.7716601,6.834031495,26.39097889,4.799029462,0
3503,East,Sandy,Onion,Kharif,Maturity,Furrow,79.80665299,23.4190674,32.31627187,6.608429111,18.30735665,4.953468265,97.95781292,95.6586653,109.4101006,5.932493494,0
3504,West,Sandy,Tomato,Rabi,Maturity,Drip,12.10182037,44.16689128,24.19852136,2.599932895,19.40235716,8.171105009,66.12709053,69.35272505,63.20133442,9.776216562,1
3505,South,Peaty,Soybean,Kharif,Fruiting,Drip,72.81561061,19.60094482,29.07617876,4.939023912,1.679385782,5.403089051,127.0686241,139.4275444,154.2119217,11.17790333,0
3506,Central,Chalky,Wheat,Kharif,Seedling,Sprinkler,,36.99983726,89.74885874,7.34529397,5.123941556,4.979901233,57.33804312,88.04253309,164.8439345,6.844041885,0
3507,Central,Sandy,Groundnut,Zaid,Vegetative,Drip,78.13678334,15.01230868,61.38131622,3.972754459,24.35759351,5.310795633,71.97191047,88.19295215,13.54870411,6.452091365,0
3508,East,Sandy,Tomato,Rabi,Fruiting,Furrow,42.55066623,32.88548008,79.72593316,3.877251101,17.32967509,5.178289826,97.34049112,144.1380022,39.48393671,3.34312121,1
3509,East,Chalky,Sugarcane,Kharif,Maturity,Drip,69.31715514,42.47829012,44.94908757,0.461861288,14.03622543,4.862698602,72.87848975,13.57022952,182.9920425,5.962996981,0
3510,East,Sandy,Maize,Rabi,Maturity,Flood,14.3675848,23.63802282,64.44939859,2.644793043,9.174409335,7.691356939,26.50699071,40.06586134,85.2006315,11.16008654,1
3511,East,Sandy,Tomato,Rabi,Maturity,Furrow,33.46953351,20.56577926,57.12141003,3.945836747,1.10972503,6.482151099,44.38988653,95.13151865,97.7308524,5.321894899,1
3512,North,Chalky,Wheat,Zaid,Seedling,Drip,14.69115764,34.55039385,90.93034696,3.099305397,9.228397699,6.054077762,12.92122554,45.70925712,34.44488754,3.317507366,1
3513,East,Peaty,Onion,Rabi,Vegetative,Furrow,78.27401934,36.37804222,76.0680977,11.55217916,12.47282183,8.302511708,60.56588961,50.19177145,203.9534333,4.710245321,0
3514,South,Clay,Soybean,Kharif,Maturity,Furrow,67.18817351,35.64091557,74.79069736,11.85060756,5.286487735,5.984033548,85.31489303,129.4335163,189.224775,6.660540739,0
3515,East,Peaty,Groundnut,Rabi,Fruiting,Furrow,69.67831949,24.5795064,23.47649521,8.627538412,4.328419782,5.167890904,16.5941922,84.00631623,0.415057551,7.584435337,0
3516,East,Chalky,Onion,Rabi,Flowering,Flood,75.6575662,22.56607206,61.22522518,2.352403318,12.71041378,5.596171568,88.28219701,14.91550951,112.9006099,5.756728676,0
3517,South,Peaty,Potato,Rabi,Flowering,Flood,15.95724403,150,55.02435904,6.316830068,14.64760589,5.455866134,125.0020996,45.07507493,178.8148136,9.343897975,1
3518,West,Sandy,Sugarcane,Zaid,Seedling,Sprinkler,36.99183148,42.69898525,89.58817,2.515018649,5.997947971,6.494965118,47.28132262,11.02846459,88.25938928,7.428987203,1
3519,South,Loamy,Rice,Zaid,Vegetative,Drip,14.97244223,28.7194983,39.30064911,1.3236938,14.68473686,5.666020496,31.08463347,80.63884035,89.54692301,8.315529474,1
3520,Central,Chalky,Onion,Rabi,Vegetative,Sprinkler,24.75551711,40.38581598,40.237509,2.099615441,22.5084991,6.564244689,125.0208489,25.12388847,77.76616713,10.49210817,1
3521,South,Clay,Wheat,Rabi,Seedling,Flood,26.05560439,28.56970433,50.85096867,0.368042356,11.82933145,7.1771737,96.87233303,124.2816968,5.909808707,10.52257427,1
3522,Central,Clay,Tomato,Rabi,Flowering,Furrow,42.83750477,27.73167054,38.25272851,2.015670453,21.43475424,7.609195143,14.75528153,83.71053384,162.0080839,3.238591435,1
3523,North,Loamy,Rice,Rabi,Flowering,Furrow,28.79935172,19.70288843,29.68879384,3.087807806,23.18178611,7.340631125,57.13567329,8.60946808,93.6409667,7.856792193,1
3524,South,Clay,Wheat,Kharif,Maturity,Furrow,17.06846748,27.79218169,84.3061135,15.55918426,2.309850723,5.322362866,94.37254397,43.62697123,108.8684559,8.883049471,1
3525,West,Chalky,Sugarcane,Rabi,Fruiting,Furrow,21.72437624,31.12250816,61.87073933,1.880094082,2.395289491,4.963598877,80.4137425,89.36896175,52.41544895,2.604382486,1
3526,North,Sandy,Onion,Rabi,Maturity,Drip,20.30928945,15.67512982,84.60220392,11.63713247,11.90110457,6.669800636,86.59659671,48.64725614,160.7442909,10.27046821,1
3527,East,Sandy,Maize,Kharif,Vegetative,Sprinkler,78.11537585,28.32339016,82.33510741,1.299415518,14.70256111,5.295647165,79.39892436,74.41061695,162.7184521,2.985168482,0
3528,West,Sandy,Cotton,Rabi,Maturity,Sprinkler,63.15047548,38.44068655,41.15317661,1.059589587,10.64708661,4.839734887,111.7285911,131.8575327,113.3487675,9.792073656,0
3529,South,Sandy,Onion,Zaid,Vegetative,Sprinkler,77.74330257,35.40138169,61.08030832,3.659392814,8.16126926,6.608377372,44.85977395,50.75521572,185.4487248,2.776123323,0
3530,South,Silt,Sugarcane,Kharif,Maturity,Flood,40.78183406,34.05470967,26.24132771,5.5815097,16.0248529,5.80717674,99.18472871,48.70156506,23.7562673,9.159563905,1
3531,West,Sandy,Maize,Zaid,Fruiting,Sprinkler,29.48579372,42.28666285,88.6438913,-999,0.052037809,7.524596048,138.7511219,118.864742,161.2584663,2.629627768,1
3532,East,Silt,Sugarcane,Zaid,Maturity,Sprinkler,65.8805238,15.54096029,50.31970363,1.249143937,24.20183202,5.756766522,54.59424009,46.21969582,114.5097492,5.167122419,0
3533,East,Chalky,Maize,Rabi,Maturity,Furrow,32.83777426,31.71142759,49.52571379,3.041123529,5.801977205,8.414868548,110.746764,11.3039599,47.35769924,2.578677468,1
3534,North,Clay,Rice,Zaid,Maturity,Drip,30.95683616,38.62046545,42.7066528,2.009888501,22.92746921,7.534092765,34.4552932,26.23701836,27.12227544,3.97786606,1
3535,West,Clay,Groundnut,Kharif,Vegetative,Flood,26.27541945,31.24006148,54.54978085,6.234768265,2.725368613,4.730772886,39.46553972,137.5760364,61.70644327,11.82966255,1
3536,Central,Silt,Cotton,Zaid,Maturity,Flood,19.07752848,24.71686658,38.88195399,3.578606304,5.952179551,6.535490961,130.8809424,135.3274549,175.5447632,2.184432217,1
3537,West,Clay,Tomato,Kharif,Flowering,Drip,27.95241427,19.08751695,48.11392046,0.873904926,5.871842527,6.750482005,3.631369875,32.59775316,161.4619667,5.471113091,1
3538,East,Peaty,Cotton,Zaid,Flowering,Sprinkler,34.87238239,41.62689215,79.99602864,11.24358111,24.90382261,7.281210843,30.43982828,80.2577716,132.2521473,8.44611275,1
3539,East,Loamy,Groundnut,Kharif,Fruiting,Sprinkler,57.17959457,29.12287177,82.56916277,1.732956034,0.115013643,6.491187188,67.60889769,19.91837456,18.5170366,2.040584274,0
3540,North,Peaty,Maize,Rabi,Seedling,Drip,14.37953896,41.34345591,42.81368582,-999,15.99095523,6.433774394,56.25866704,97.82825613,195.7402811,2.199362862,1
3541,West,Silt,Wheat,Rabi,Maturity,Drip,24.73548578,32.57556367,55.17608229,7.568724918,21.74216453,5.971754447,88.08376237,26.86934042,62.61522714,2.575891598,1
3542,South,Loamy,Maize,Zaid,Maturity,Flood,66.63165482,35.2257635,85.53648322,16.50554322,16.80684135,5.585845536,26.98108705,7.219611324,124.4349966,8.094850158,0
3543,Central,Chalky,Groundnut,Zaid,Vegetative,Drip,20.28453465,39.12783463,23.95049989,3.4508328,9.068345455,8.284800848,9.876580612,119.610037,164.6358835,11.0027061,1
3544,West,Silt,Maize,Rabi,Seedling,Sprinkler,33.98516026,34.77466634,86.68587215,4.783422365,23.95773407,5.770386679,51.70667569,47.18305549,27.23544606,10.08588399,1
3545,Central,Sandy,Onion,Rabi,Seedling,Sprinkler,70.52612453,26.94164522,36.43882592,2.038911154,22.33801886,4.753685298,73.4097339,15.73574852,133.7003322,11.81360763,0
3546,West,Loamy,Tomato,Kharif,Maturity,Furrow,20.84477178,30.40900152,70.89044332,5.668803502,10.84887301,5.169138957,78.68025719,120.9160729,6.620679324,7.359516731,1
3547,East,Silt,Tomato,Rabi,Maturity,Sprinkler,15.79157849,39.09136574,63.69137723,3.11235783,14.33321232,7.929106544,84.2090933,110.5476342,20.86680886,11.57625035,1
3548,Central,Sandy,Rice,Rabi,Maturity,Furrow,43.91765966,26.20950889,61.47055611,2.878175261,24.1879797,6.846533836,76.81267941,99.14497531,148.2444451,4.354275817,0
3549,West,Clay,Groundnut,Kharif,Seedling,Flood,31.16936579,150,84.45201686,9.671255423,24.56400905,7.615122198,34.40527594,132.1310629,31.79184189,5.636550532,1
3550,South,Silt,Tomato,Rabi,Flowering,Sprinkler,49.43858551,17.87070348,27.61791077,0.257355201,11.24558189,7.735126185,107.036963,70.9377826,90.91887828,5.356455048,0
3551,East,Chalky,Potato,Kharif,Vegetative,Drip,66.26634233,42.43753306,46.0271019,10.68376148,21.1837507,7.792945757,12.28923664,18.56819215,50.90817291,1.520932283,0
3552,South,Loamy,Tomato,Rabi,Flowering,Flood,19.60039417,17.73108945,60.36895598,9.555074969,7.549505674,6.702454831,27.76954314,8.895229435,86.35204928,10.12675795,1
3553,North,Clay,Onion,Kharif,Maturity,Flood,50.64893592,,80.84666405,3.529807204,9.295321823,5.208482383,103.5129213,46.1739476,15.83014926,1.271900076,0
3554,North,Silt,Soybean,Rabi,Seedling,Flood,45.38561323,27.39583436,36.23323126,3.368711929,4.120547075,5.092931009,39.16165877,12.59047037,154.7546115,9.028638762,0
3555,North,Silt,Tomato,Rabi,Flowering,Sprinkler,20.08551502,27.16858171,80.2197381,2.245575551,5.229614819,6.795937682,69.08628183,77.64886885,16.20344137,5.477712609,1
3556,East,Clay,Maize,Zaid,Seedling,Drip,53.67989399,35.3865551,49.97288619,25.72694432,16.42183256,5.966057415,45.80768372,2.102357584,171.772472,1.068724877,0
3557,South,Chalky,Wheat,Kharif,Maturity,Flood,,17.01281198,34.16853923,0.589242686,12.76954045,6.732192965,70.97736963,64.34567872,135.8348172,4.189415931,0
3558,West,Chalky,Rice,Rabi,Flowering,Flood,44.1484023,32.81117349,76.92398303,4.46061611,5.778296516,6.493911377,48.53181199,25.87674203,85.40004301,4.807404655,1
3559,East,Sandy,Tomato,Zaid,Seedling,Flood,15.7590627,38.16095358,26.81741761,5.723515541,10.07274041,6.908792319,139.1891186,53.39886636,177.6297414,11.61172718,1
3560,West,Loamy,Groundnut,Zaid,Fruiting,Drip,42.170884,39.84638274,58.60755306,13.61556602,9.329586497,4.628447163,50.04686251,97.87994084,38.15691213,8.271870074,1
3561,East,Chalky,Soybean,Kharif,Flowering,Furrow,31.45244276,20.11591168,24.79068379,7.575265732,24.68400511,4.631346723,87.78691844,50.8897468,54.23566662,6.979287507,1
3562,Central,Sandy,Maize,Zaid,Vegetative,Drip,67.56668478,41.9225715,46.73133914,5.161977173,21.33914593,7.386380683,124.3680505,49.49428364,28.11035064,2.397556206,0
3563,North,Loamy,Soybean,Rabi,Seedling,Furrow,13.98851089,34.68438276,65.08075993,0.621087746,9.699158335,5.272508975,89.31089921,143.6588563,78.22158212,5.302147735,1
3564,North,Clay,Sugarcane,Zaid,Maturity,Sprinkler,39.30250924,41.45564402,61.70866561,2.339896533,22.84791447,7.108793849,79.22001572,104.2281348,202.2803029,1.39340789,1
3565,Central,Sandy,Sugarcane,Kharif,Maturity,Drip,42.09019969,29.55842151,50.34915634,0.747384344,8.565884791,6.686303643,79.69212367,74.50994822,33.01061245,9.378539603,1
3566,South,Chalky,Cotton,Kharif,Flowering,Furrow,60.75042534,31.26100035,52.17859955,10.65210527,16.69753782,8.427177886,69.50449953,84.00946939,170.3501796,2.790543724,0
3567,North,Peaty,Sugarcane,Rabi,Maturity,Furrow,50.20013026,42.57114831,37.0077165,6.923900652,24.16624992,7.841623516,113.0612562,89.92648157,133.6354147,7.53879271,1
3568,North,Peaty,Sugarcane,Rabi,Fruiting,Sprinkler,56.7048636,41.9972863,54.19119413,7.084526391,9.7569716,6.152538085,7.059370971,3.563432846,3.241896775,8.693306921,0
3569,South,Silt,Sugarcane,Rabi,Vegetative,Furrow,64.39345,28.4448262,91.49411418,5.281450955,16.99712413,6.96565128,123.9181871,11.63836563,193.7024896,5.031600405,0
3570,South,Sandy,Onion,Zaid,Flowering,Drip,70.35420816,23.23237895,83.78396883,3.536672095,7.398095277,4.969157829,82.08091083,94.13245595,199.0737094,7.958524673,0
3571,Central,Chalky,Onion,Rabi,Flowering,Sprinkler,31.97128477,26.79511304,30.89246518,0.812424412,6.65780789,6.045544172,118.842251,52.84798453,189.6046439,9.406561478,1
3572,North,Silt,Tomato,Rabi,Maturity,Sprinkler,47.66158938,26.63292986,22.23355905,2.000111386,14.35391666,7.435550964,1.454978356,8.039385834,102.8566298,3.025361746,0
3573,Central,Chalky,Wheat,Rabi,Seedling,Sprinkler,68.80756549,23.60600625,90.01432345,0.736215087,24.48161495,6.990686337,121.6986966,43.13942068,45.17691241,7.609463617,0
3574,East,Sandy,Wheat,Kharif,Maturity,Furrow,79.26157917,150,59.50623124,6.453341935,11.32834622,6.437885298,16.81925268,18.89109596,80.20925888,9.07271449,1
3575,South,Loamy,Soybean,Rabi,Seedling,Furrow,72.26635177,40.83188809,60.33783674,0.873128883,23.44092426,5.206116416,100.9705209,132.8655071,125.909267,4.927528984,0
3576,South,Loamy,Maize,Zaid,Maturity,Flood,36.00270838,17.09585762,78.55384968,6.05521453,22.85908801,7.712583705,58.312995,29.42418192,77.66145809,2.787402739,0
3577,North,Clay,Onion,Kharif,Seedling,Sprinkler,23.66165621,35.32833546,43.60167304,5.892425135,6.344065309,5.592666418,95.35013475,20.83522362,145.1751884,4.147276232,1
3578,West,Peaty,Onion,Rabi,Seedling,Flood,44.25747762,20.18460154,56.14306766,3.074494832,10.04548518,7.781916327,87.94656327,90.79447848,163.0929873,11.26382134,0
3579,Central,Peaty,Onion,Rabi,Fruiting,Drip,61.91490163,,92.64971849,0.726450735,16.08256196,6.946436251,22.87551659,75.67722989,42.92554422,4.931927502,0
3580,South,Clay,Onion,Kharif,Fruiting,Flood,44.47983495,16.84629102,70.41115152,1.890228591,12.95114711,5.990925712,72.04592702,83.51020584,83.0130912,2.184706465,0
3581,South,Clay,Cotton,Kharif,Fruiting,Sprinkler,43.82266043,23.09920911,31.5308774,1.928997076,2.398963247,4.662420888,38.81226625,63.21248147,196.3375971,1.909991584,0
3582,North,Clay,Maize,Kharif,Maturity,Flood,68.67612948,38.05263213,29.9920061,6.026287031,24.84245075,5.429675377,78.461158,67.73955009,51.21039426,2.985445723,0
3583,North,Chalky,Cotton,Zaid,Vegetative,Sprinkler,35.29826453,41.55045974,35.31985687,0.603741623,18.81635003,8.056283702,103.3204596,112.9256456,71.02173516,2.402635693,1
3584,West,Clay,Wheat,Rabi,Fruiting,Furrow,70.18562724,21.64581456,77.50337558,8.832466215,10.94235096,7.771897376,11.37617804,31.8887168,7.31040329,6.44548026,0
3585,East,Sandy,Potato,Rabi,Flowering,Furrow,38.47633607,28.90643518,42.15327529,7.156611152,15.45421374,6.799413252,72.20673929,57.49674891,68.13503843,4.823065886,1
3586,East,Clay,Maize,Rabi,Vegetative,Flood,32.9763174,29.10972144,21.6041635,1.030860167,2.189320432,6.365289856,86.46817491,138.8846808,76.04093661,10.2554622,1
3587,North,Silt,Groundnut,Kharif,Flowering,Furrow,41.77929378,41.20725917,90.81307726,6.349928847,12.38254134,7.088570717,41.3514435,27.54792667,20.46628972,10.69186386,1
3588,West,Clay,Potato,Rabi,Fruiting,Drip,63.37128711,37.88397159,32.72850623,5.520836166,23.2708104,6.364992511,133.4204876,42.59717128,0.295661247,6.206073267,0
3589,North,Sandy,Potato,Rabi,Flowering,Flood,18.82014195,30.39231655,20.71686396,6.89402836,22.41502395,7.077219363,72.84239557,27.77720402,117.9581243,10.77379815,1
3590,East,Peaty,Soybean,Kharif,Maturity,Sprinkler,23.74934511,35.12241601,37.78487018,1.046995672,8.434521137,5.729616399,25.55239258,2.971846972,61.81295327,5.955078026,1
3591,Central,Peaty,Rice,Rabi,Flowering,Flood,76.6011378,40.42065162,37.62715903,0.857444149,13.2841966,7.853988872,15.09035665,39.12533913,3.653886638,8.061583363,0
3592,South,Peaty,Onion,Zaid,Vegetative,Sprinkler,22.28441392,15.28616862,51.65039381,1.3491059,17.4345881,7.307671574,75.83233688,6.737779665,176.2885823,2.787883159,1
3593,South,Sandy,Wheat,Rabi,Fruiting,Sprinkler,49.74091226,27.08670093,,2.27751992,8.500231673,5.819902514,52.53337336,22.42934333,119.8039838,1.57840818,0
3594,West,Clay,Potato,Zaid,Flowering,Furrow,50.55201267,42.21729502,85.93886883,7.891270628,1.621980452,7.822664459,26.95659369,52.58890016,35.08951185,2.76093694,1
3595,East,Loamy,Sugarcane,Kharif,Flowering,Drip,44.27371234,37.20939093,54.26709162,6.695602512,12.63604142,6.449370123,4.29778815,3.004576475,177.3755577,3.770297594,1
3596,West,Peaty,Onion,Rabi,Flowering,Furrow,55.1321674,31.28524123,50.81749287,12.98153298,15.0408934,5.198555459,79.32401121,109.1787021,51.98512395,9.260800823,0
3597,West,Peaty,Wheat,Zaid,Flowering,Sprinkler,,30.88933581,61.62568149,0.302092748,0.146040003,4.810849848,83.80403316,115.360407,46.62637496,2.908557667,0
3598,West,Loamy,Soybean,Rabi,Vegetative,Sprinkler,48.68635874,25.43310293,38.2590509,0.058117869,2.389384338,7.298422991,19.85236417,59.65500135,183.3999817,2.437201651,0
3599,South,Clay,Groundnut,Kharif,Seedling,Drip,36.05212787,30.61561601,23.9138744,6.005531744,5.18226609,7.960483217,84.24332697,142.776567,36.78886529,11.20370317,1
3600,West,Peaty,Onion,Kharif,Maturity,Sprinkler,56.31670817,34.66149598,90.44181021,1.637574836,8.701307175,7.729767954,133.2761857,98.45411765,180.1920876,8.576826646,0
3601,East,Clay,Onion,Rabi,Fruiting,Furrow,19.88564804,27.55089115,34.00242387,2.032920386,13.52628057,7.122604121,136.9613854,107.8396535,164.6095268,6.206361443,1
3602,East,Silt,Onion,Kharif,Seedling,Flood,49.96141918,36.42459439,34.88005469,3.9571311,7.346072969,5.065500222,124.3890111,27.88356143,63.50439587,2.044652325,0
3603,Central,Loamy,Soybean,Zaid,Maturity,Drip,22.96892488,40.83696682,55.43452466,0.540226823,6.90459536,4.876176304,112.9910013,121.4284553,7.051401636,10.36970003,1
3604,East,Sandy,Rice,Kharif,Flowering,Drip,29.50501442,19.64054545,56.87100086,5.145819436,21.7337336,5.880118492,29.31149714,137.0317277,16.92748623,2.190842739,1
3605,South,Clay,Rice,Kharif,Seedling,Furrow,25.30968602,28.54641068,21.38256573,1.966305254,3.62626602,7.919643562,21.90092555,34.26497415,22.45329489,7.721511849,1
3606,East,Loamy,Wheat,Zaid,Maturity,Sprinkler,22.79864459,27.24060274,31.09660541,5.00808752,12.38650333,8.346945081,62.29266432,99.53732269,182.6137612,8.344441419,1
3607,North,Loamy,Potato,Rabi,Maturity,Sprinkler,67.79976661,35.62394412,48.36161139,8.979045683,23.82061792,5.465443419,86.74844518,108.3064521,82.8273755,5.401526857,0
3608,West,Loamy,Rice,Kharif,Seedling,Drip,29.99952974,22.49602396,71.27980201,0.938347156,15.62533123,7.548382682,119.0950158,44.24952991,6.668600244,11.02338398,1
3609,Central,Chalky,Potato,Rabi,Flowering,Furrow,74.89866473,34.20752745,37.13138426,13.35905615,17.930137,6.795476868,32.47482576,68.87630537,114.0924347,1.557706729,0
3610,North,Sandy,Soybean,Zaid,Flowering,Flood,77.89485677,41.32467725,,3.782438935,10.78092478,4.627229468,67.15070607,14.14316857,42.63841137,9.999285964,0
3611,East,Chalky,Wheat,Rabi,Fruiting,Furrow,49.9882329,27.54394799,61.80087985,12.81506091,0.498304178,6.6716654,90.64163387,25.09874657,48.20083873,7.091738381,0
3612,East,Peaty,Onion,Kharif,Maturity,Sprinkler,20.01007859,42.330471,86.6444371,1.1642657,16.15325921,7.723761612,62.38313963,8.927725929,32.97255566,7.723240968,1
3613,West,Silt,Maize,Kharif,Fruiting,Flood,36.21837704,44.79491217,44.45528767,4.638814742,15.79810704,5.604491133,63.58711479,81.22399613,156.2143998,11.85508119,1
3614,West,Peaty,Potato,Kharif,Flowering,Furrow,65.84125843,18.1827615,30.01686994,2.586626147,2.760690912,8.089446496,31.51640254,90.66312011,0.12564323,7.409125834,0
3615,South,Clay,Onion,Zaid,Maturity,Furrow,35.71735101,21.99159564,56.69541694,7.44101955,11.55399284,5.445041627,138.1325267,132.8373396,89.9917536,9.767307841,1
3616,Central,Loamy,Wheat,Kharif,Fruiting,Furrow,16.09120528,43.51139254,76.00412013,4.655866439,22.88322362,4.805892531,66.52705968,78.61679754,17.80858911,2.688838423,1
3617,South,Peaty,Sugarcane,Rabi,Fruiting,Furrow,48.97494376,43.74983059,28.23948178,3.411189093,5.127120799,5.139757238,74.58387236,37.78864877,113.2367932,9.902185513,1
3618,East,Sandy,Tomato,Kharif,Fruiting,Sprinkler,69.1584596,17.93121826,51.85126188,12.20839716,11.52746887,7.848011475,30.59830078,8.623664256,70.92843096,9.371801979,0
3619,Central,Sandy,Onion,Zaid,Maturity,Sprinkler,65.7148471,15.44995501,21.33388559,2.366983409,11.52757963,6.169223676,71.97914057,128.3181926,5.812074059,11.64921081,0
3620,Central,Chalky,Soybean,Rabi,Vegetative,Drip,22.25861981,19.8330007,22.51693862,1.242179906,20.2690367,7.687782254,35.74893819,69.43442139,94.49971739,11.29281698,1
3621,South,Chalky,Tomato,Rabi,Vegetative,Drip,57.09352301,,56.22150224,4.683758011,20.61439676,6.624932244,28.32707519,106.9116885,116.9700271,3.353852001,0
3622,East,Silt,Soybean,Zaid,Flowering,Flood,25.43529844,20.3999885,42.36479736,4.891208846,18.98173549,6.422236499,38.60111513,2.124155546,50.76907649,6.114264422,1
3623,East,Peaty,Cotton,Rabi,Maturity,Drip,25.27452742,30.0764282,83.38304743,2.891015268,9.13635398,7.727652606,0.386350791,70.78014379,156.9299389,11.02631496,1
3624,South,Chalky,Tomato,Kharif,Maturity,Flood,71.18502413,40.45253179,65.16157296,3.333597869,1.800923125,6.193950447,79.82115568,47.22978036,76.06499699,8.048415767,0
3625,Central,Chalky,Potato,Rabi,Seedling,Flood,27.47682669,15.61204832,54.04497213,16.03886523,8.737074431,7.708130924,54.24720077,4.398034529,153.6160354,6.100704337,1
3626,Central,Sandy,Sugarcane,Zaid,Fruiting,Furrow,28.42731426,33.13466947,50.59515283,6.596650636,16.99478003,4.90264866,125.8164627,112.472557,118.6982244,2.198326378,1
3627,North,Chalky,Maize,Rabi,Flowering,Furrow,10.04573735,23.31076347,57.29341101,0.586050851,17.56866436,7.045243262,5.699004306,74.37073967,178.1968789,4.86933324,1
3628,South,Sandy,Rice,Rabi,Maturity,Furrow,70.94683239,40.87004749,23.03291234,1.192111337,24.12500524,7.310348226,6.04804212,48.31113523,112.1195822,8.317639441,0
3629,East,Chalky,Wheat,Zaid,Seedling,Drip,65.48163692,23.50383448,86.95950173,18.561075,11.34103079,8.096389585,124.0222924,116.8407802,38.05357463,9.546059301,0
3630,North,Silt,Rice,Rabi,Seedling,Flood,53.91302546,35.60267161,94.87273668,6.481638596,15.81088957,5.397295675,17.73024991,64.80390052,168.6311948,5.918836054,0
3631,South,Clay,Onion,Zaid,Maturity,Furrow,62.51860348,35.22658897,33.61153436,12.3281753,13.47977177,6.91687952,0.302414577,0.507203673,160.5222263,1.614289423,0
3632,Central,Peaty,Potato,Kharif,Flowering,Drip,20.64339972,21.64480647,29.02872236,1.811032962,3.765464003,6.233026255,25.04794092,136.9449066,199.332942,7.964894005,1
3633,West,Clay,Groundnut,Zaid,Flowering,Flood,42.08265162,16.043976,30.76830976,6.771398905,11.5300618,6.031086622,115.3426645,37.07399737,19.18429342,11.13745031,0
3634,South,Loamy,Onion,Rabi,Vegetative,Flood,34.58535711,27.27748721,69.57702937,6.258864693,13.62087887,4.926854221,112.3799716,120.4334507,121.2023883,6.460518238,1
3635,Central,Clay,Wheat,Rabi,Vegetative,Furrow,16.56435684,23.67579456,69.60806288,1.745589179,23.76874015,5.036933322,47.61850952,118.3802307,100.7921417,11.21267171,1
3636,West,Sandy,Maize,Kharif,Flowering,Sprinkler,44.02913397,39.26933249,83.59431217,4.001617001,9.16347636,7.847953846,93.52432842,23.54422005,137.5287837,4.89510796,1
3637,East,Sandy,Maize,Rabi,Seedling,Furrow,74.45177552,39.01092565,76.38697913,4.93645189,24.50247758,7.499013729,71.01495903,68.73038878,200.9368689,10.75002347,0
3638,West,Clay,Rice,Rabi,Vegetative,Drip,12.80413833,28.71071857,53.7267255,3.280526994,13.55750185,6.029364521,126.6628986,5.828851882,109.1157758,9.649737279,1
3639,East,Clay,Maize,Rabi,Seedling,Drip,30.40226394,33.19536676,65.96415212,8.777486024,6.061731083,7.813946326,7.899286558,51.40999257,140.5764202,11.57915705,1
3640,West,Loamy,Rice,Rabi,Vegetative,Drip,24.52786553,33.12778548,71.62135028,8.944887965,4.791609675,4.823064739,113.845078,105.9919323,71.17875596,9.701233587,1
3641,Central,Chalky,Maize,Zaid,Seedling,Furrow,26.67026576,39.81474445,58.45523527,9.505658382,3.542372932,6.999095668,23.88381372,34.37507317,61.28894997,4.536277246,1
3642,North,Loamy,Maize,Rabi,Fruiting,Drip,73.59041863,27.75007242,55.67382383,8.13351981,11.32332176,7.972704211,54.82692564,16.98354996,68.73579597,10.9062428,0
3643,East,Peaty,Sugarcane,Zaid,Maturity,Furrow,42.7648338,23.26340039,68.38230842,3.347968543,0.548160745,7.855456924,26.8740012,73.53291489,7.914618187,8.367041841,0
3644,South,Sandy,Maize,Rabi,Flowering,Sprinkler,42.64095891,22.95104754,61.81059117,2.401791658,11.12613208,5.99113104,98.36601734,77.86302573,58.37183231,2.782762583,0
3645,West,Peaty,Onion,Rabi,Fruiting,Furrow,63.24029497,31.08576838,68.2956729,8.900427887,24.7101173,7.480935412,94.96566517,97.99519504,35.45401073,1.505615877,0
3646,South,Peaty,Maize,Rabi,Flowering,Furrow,20.81445428,28.47444608,65.96410805,3.36869824,16.75266989,6.209872582,76.70566424,110.0749733,93.77273587,5.024301646,1
3647,East,Clay,Rice,Kharif,Seedling,Sprinkler,,28.20362313,73.93974204,1.414278017,18.99465303,7.860552658,97.74282515,100.892382,94.4690766,9.655505647,0
3648,East,Sandy,Potato,Zaid,Vegetative,Furrow,40.09896499,17.73412017,,3.53971584,2.975134768,6.623047801,89.53906928,122.5847702,156.8721154,7.80036055,0
3649,West,Peaty,Rice,Kharif,Vegetative,Sprinkler,51.78374834,36.55811222,58.98068648,0.76488081,11.82752154,7.559428196,108.7018878,32.32143732,102.9697878,6.798398757,1
3650,South,Clay,Groundnut,Rabi,Vegetative,Sprinkler,79.96903923,21.41210064,71.13476085,5.882266332,7.155577526,4.814286329,33.51693118,82.6161782,94.93172561,1.04100398,0
3651,North,Silt,Groundnut,Kharif,Maturity,Drip,63.86142259,20.90860891,53.71114739,2.046772924,22.3524382,6.860103886,60.04776609,52.21382683,47.4833939,5.790507723,0
3652,North,Loamy,Tomato,Kharif,Maturity,Furrow,37.85059921,27.38274961,38.12534195,1.509978787,4.5323118,6.70113671,21.22771411,139.5062918,174.7584021,2.734957276,1
3653,North,Clay,Groundnut,Kharif,Flowering,Flood,67.92871366,21.83335025,20.10636651,15.67597712,11.46833318,6.939906887,60.14309899,63.8405309,18.65518567,6.000241368,0
3654,North,Clay,Onion,Zaid,Vegetative,Drip,,32.51574802,61.99731104,7.500249993,14.70119296,7.282566432,98.2368452,139.1585203,201.3706728,11.90947354,0
3655,North,Peaty,Soybean,Rabi,Fruiting,Drip,12.13245804,26.14390018,64.299142,7.733947352,12.85102729,-5,96.79476251,111.5145198,97.59537415,10.67492705,1
3656,West,Clay,Tomato,Rabi,Flowering,Furrow,24.31138607,28.46735168,92.90367236,4.887134827,20.7560882,7.642728327,99.31976646,104.17726,38.12733492,4.416936645,1
3657,North,Chalky,Onion,Zaid,Maturity,Sprinkler,33.82880893,31.11507965,47.11087506,9.137124238,5.786329283,5.378551966,43.22745401,71.27673823,72.63725143,7.528581323,1
3658,East,Clay,Cotton,Zaid,Maturity,Sprinkler,45.74065302,21.10606567,49.55999321,7.118163843,9.434777761,7.803585077,92.70995633,64.28982947,3.150887455,6.523047568,0
3659,East,Chalky,Cotton,Rabi,Vegetative,Drip,53.05903984,19.67254869,35.1349686,4.56614841,19.80210741,4.98831871,51.44528474,76.34948719,34.13714925,2.430517057,0
3660,West,Peaty,Maize,Rabi,Maturity,Furrow,73.74240021,41.41265709,25.29007214,16.23694261,13.20178529,6.988794343,132.2288865,42.57679412,68.74466296,11.88787167,0
3661,North,Clay,Tomato,Kharif,Seedling,Furrow,45.68978067,,77.96033696,1.063460231,10.05293464,8.031015233,48.07129122,131.1539413,113.6551321,5.676926723,0
3662,West,Chalky,Soybean,Zaid,Maturity,Drip,45.08929512,27.36280829,38.72607983,14.35694018,0.736062869,4.904488217,84.42255277,115.177945,26.54357315,6.562249408,0
3663,West,Loamy,Tomato,Rabi,Vegetative,Flood,13.51701069,16.06836451,65.66786458,2.566127188,18.8346356,7.898770613,105.0204,116.2023989,138.5724757,8.123592435,1
3664,Central,Sandy,Tomato,Rabi,Flowering,Sprinkler,12.44380869,29.93928908,71.58297767,3.758109773,24.30455195,7.694482937,126.8970401,62.80727134,173.0766804,3.106989864,1
3665,East,Peaty,Groundnut,Kharif,Maturity,Flood,48.58119733,31.62509165,55.34275155,0.654755448,15.50717524,6.515101735,61.31000448,10.3078975,117.3296201,3.444492626,0
3666,South,Silt,Maize,Rabi,Fruiting,Furrow,40.67250293,31.76522613,85.72640848,3.883811898,21.41353052,5.735590409,50.46791515,99.0462111,60.86479668,3.118142677,1
3667,West,Silt,Sugarcane,Zaid,Fruiting,Drip,68.74262765,36.21093508,53.28461307,4.723537862,12.92189358,6.121752912,60.20394454,54.28996968,24.88542672,5.229120978,0
3668,West,Chalky,Wheat,Zaid,Seedling,Sprinkler,21.24757093,20.32445505,41.36814673,30.37758366,5.792024136,8.374632543,45.31748922,126.2123953,3.184687912,3.196446521,1
3669,West,Sandy,Rice,Zaid,Flowering,Furrow,,22.56669403,87.20116422,18.48302834,0.361052606,5.306790225,91.54942861,113.1490736,150.0194783,11.19035565,0
3670,North,Loamy,Maize,Kharif,Seedling,Drip,41.43271376,39.32191396,84.61732132,16.96574308,16.33495669,6.818417151,130.580347,21.07258059,128.8382705,8.85745451,1
3671,South,Clay,Cotton,Kharif,Seedling,Sprinkler,26.62349897,43.41511851,32.30299603,2.141530392,12.32772121,4.832962992,17.64994091,87.24878093,97.63809824,10.87619126,1
3672,North,Chalky,Cotton,Zaid,Vegetative,Flood,13.47300613,19.07798242,21.94707638,23.70294465,19.55245368,5.371572257,78.52908907,100.3710193,20.90908821,10.33332543,1
3673,North,Silt,Wheat,Rabi,Vegetative,Furrow,60.72188008,29.92948664,26.74891673,3.039236059,17.36706044,7.553265552,125.6708216,82.37994907,42.44016216,8.734671467,0
3674,South,Clay,Maize,Rabi,Vegetative,Flood,17.81151,21.42528758,41.49105489,9.547186285,24.69880921,5.710396161,14.01603625,74.53611554,167.1103223,3.67020808,1
3675,Central,Loamy,Tomato,Rabi,Fruiting,Sprinkler,52.582365,16.80219505,92.91948513,1.218772328,12.75781459,8.443064282,69.14115751,33.04014588,98.36955094,7.768507507,0
3676,East,Peaty,Potato,Zaid,Maturity,Flood,,24.76510014,61.88871149,3.524410629,10.67936974,6.503268172,121.1321434,34.20649244,197.3807362,3.049287467,0
3677,East,Sandy,Wheat,Zaid,Flowering,Flood,22.14472352,19.31062876,47.9946299,16.90875293,7.168492236,6.566157301,126.0633096,111.3611801,204.9942902,2.457236534,1
3678,East,Chalky,Soybean,Zaid,Vegetative,Drip,36.5826066,36.2979922,86.6537071,14.69027968,11.92153229,4.645258957,72.00930256,2.710018907,164.1449609,7.958327661,1
3679,North,Loamy,Rice,Kharif,Flowering,Sprinkler,66.10120434,31.01176241,53.98522486,5.755872115,21.82178695,8.326106998,3.493263825,112.9419591,52.92764003,7.870881529,0
3680,North,Silt,Cotton,Kharif,Seedling,Furrow,37.44655038,19.31503413,43.64289713,7.992844043,1.060993145,5.196933764,14.78948498,76.3858168,47.37856725,2.722843562,0
3681,North,Silt,Potato,Zaid,Maturity,Drip,62.55387544,15.27724765,90.59146466,0.970513594,24.44750118,6.653362395,82.14034433,135.7522846,51.99503569,4.876704672,0
3682,Central,Sandy,Rice,Zaid,Fruiting,Furrow,18.78404078,39.24471147,83.71382496,6.394533398,24.83267986,6.08269844,17.34020491,144.6116244,202.2909412,1.729092912,1
3683,North,Peaty,Maize,Rabi,Flowering,Flood,64.09399938,20.28583218,83.27512816,4.812338427,14.94553446,6.162338803,20.91848877,96.20526194,68.744798,8.873064251,0
3684,South,Loamy,Groundnut,Kharif,Maturity,Drip,26.58533274,33.18649927,58.42135573,0.480086696,8.288605092,7.073200664,108.0963937,59.77729319,144.8215824,11.86245217,1
3685,North,Silt,Tomato,Rabi,Flowering,Flood,57.41751909,25.10765739,79.20787991,0.60044788,5.576224208,7.148354708,105.0968882,68.88745674,196.5986305,9.13896771,0
3686,North,Chalky,Groundnut,Zaid,Seedling,Flood,49.60470884,32.56457815,33.45150194,0.573932997,6.912259892,5.117154459,117.9881863,29.61123701,168.0172101,10.28567387,1
3687,West,Silt,Groundnut,Zaid,Vegetative,Drip,75.0401302,24.46960881,,6.443242462,1.252635663,6.498346612,14.80291911,14.38897698,122.5087809,6.239775665,0
3688,South,Peaty,Soybean,Kharif,Seedling,Drip,37.11257626,17.60818682,93.78844421,0.764096547,11.87777396,7.661909797,27.74028335,83.92069203,34.63793256,2.051424893,0
3689,West,Silt,Groundnut,Kharif,Flowering,Sprinkler,14.63156322,21.68850026,41.82188229,3.153043332,1.433106772,6.273145934,116.6146002,116.7967892,35.86234016,8.992671748,1
3690,West,Silt,Groundnut,Rabi,Fruiting,Sprinkler,11.34088399,20.64175699,79.57642469,2.207911297,17.96185537,5.163217883,100.9522652,37.95614507,100.9467325,3.821722201,1
3691,North,Clay,Potato,Rabi,Flowering,Furrow,67.88009927,27.84058057,56.78588054,3.998143185,9.298236388,5.752867773,112.8338579,60.84965749,195.1486217,5.271233486,0
3692,Central,Sandy,Potato,Kharif,Fruiting,Drip,46.73149464,34.7485135,22.98542624,6.128987656,4.984118294,5.349518256,138.5643945,80.44218096,185.4212076,8.73409175,1
3693,South,Chalky,Onion,Zaid,Fruiting,Flood,64.26708363,22.91418225,77.22645484,5.771510968,13.62133895,5.003269872,121.0204249,131.6451839,34.06937137,10.95262979,0
3694,North,Clay,Onion,Kharif,Flowering,Flood,26.409792,15.36209806,32.64268583,3.623394773,24.34398268,6.01032451,72.86485512,20.10152801,58.98254768,6.348739539,1
3695,East,Silt,Onion,Rabi,Flowering,Furrow,34.15586219,30.56812093,67.36051753,3.121230387,17.37827623,6.663744973,43.50754587,34.34805947,120.7063197,11.5776613,1
3696,East,Peaty,Tomato,Kharif,Fruiting,Sprinkler,12.10727105,33.17278468,,2.535957801,12.29367125,4.791006101,79.75472212,133.1869155,97.87325091,6.718938811,1
3697,Central,Chalky,Potato,Rabi,Flowering,Drip,77.30446272,43.88611482,91.01505481,9.899246291,19.42285748,6.915293489,89.40211703,5.732661007,24.46937592,2.347614933,0
3698,South,Sandy,Soybean,Rabi,Maturity,Sprinkler,56.75075347,32.68412409,41.87929154,2.00874863,18.4369118,8.472097761,46.94369978,95.13676694,75.70797333,6.702771204,0
3699,South,Loamy,Cotton,Rabi,Fruiting,Furrow,75.32435614,29.13517678,36.98485188,1.501242307,22.29338653,8.356499728,107.9311852,92.73125307,195.7164454,10.46690477,0
3700,West,Loamy,Potato,Zaid,Fruiting,Sprinkler,28.58474852,32.20204878,29.6852303,6.79953775,5.11672369,7.816693928,12.98553097,55.57189288,195.0456561,6.918496464,1
3701,East,Peaty,Wheat,Rabi,Flowering,Drip,52.80245279,42.8370189,90.9501645,2.229587899,21.47193941,5.565364451,109.1149991,67.88387846,114.6823056,9.225308826,1
3702,East,Loamy,Tomato,Zaid,Seedling,Flood,57.49499778,39.85134437,73.39278068,9.386541029,7.525652176,4.589630386,4.479792615,123.963103,130.2285675,7.02753373,0
3703,East,Chalky,Wheat,Zaid,Maturity,Sprinkler,32.22847902,24.689362,75.62456665,1.986656775,23.5249732,7.834166812,69.7152485,23.92239919,45.49078758,7.006600164,1
3704,South,Clay,Groundnut,Kharif,Flowering,Drip,69.36764645,22.11763091,57.4553421,6.052383286,7.026628724,4.722880928,120.6011049,33.57728435,152.1003089,4.132369914,0
3705,North,Silt,Potato,Zaid,Vegetative,Drip,76.3013024,22.87900837,55.6045839,0.230790439,23.17121358,5.322512326,12.10933836,74.29080966,10.76171836,3.21386533,0
3706,East,Loamy,Onion,Zaid,Maturity,Drip,71.93985824,30.13263119,28.25159322,-999,24.09476786,6.677812862,72.48345111,59.41308634,45.23984857,4.068106754,0
3707,East,Chalky,Cotton,Kharif,Vegetative,Flood,61.73468832,37.32148354,61.98808217,2.102108321,3.637283936,5.213512157,22.31480145,83.28401214,1.206155971,5.8492168,0
3708,Central,Chalky,Tomato,Kharif,Maturity,Drip,29.42252758,30.09657622,38.51873713,8.482575711,24.36249708,7.835153325,125.274205,133.521682,79.06875804,9.905491218,1
3709,West,Chalky,Groundnut,Rabi,Fruiting,Sprinkler,29.71312295,17.03389187,93.28589996,17.06464007,2.143074211,7.608638785,116.5283738,132.9797926,174.3035457,10.11890218,1
3710,Central,Chalky,Onion,Zaid,Maturity,Sprinkler,77.43522243,36.70742101,79.7435705,3.089097332,5.464194665,7.523078023,130.7484141,33.35265926,201.4138278,2.797155977,0
3711,North,Clay,Maize,Rabi,Flowering,Furrow,10.71991472,39.17910386,50.97440451,8.710170916,11.10421952,7.764510464,122.4975278,43.81096886,136.889975,7.081404056,1
3712,Central,Sandy,Rice,Zaid,Vegetative,Drip,60.12349813,23.68493595,31.3505944,6.014778292,24.83993414,5.378807121,103.1174634,23.49995879,152.6976705,5.576304953,0
3713,Central,Peaty,Tomato,Zaid,Seedling,Flood,59.43723138,34.92377218,,17.11506628,12.21407628,7.415569505,25.88448738,134.5296039,53.86366353,7.280292982,0
3714,East,Chalky,Potato,Rabi,Vegetative,Flood,53.58826787,27.79775703,29.15403253,8.332912894,13.76023608,5.92112601,42.35036619,57.69029888,106.6682022,8.123857257,0
3715,East,Sandy,Sugarcane,Zaid,Fruiting,Drip,79.30761923,41.67358067,34.20003151,0.403220633,17.36062374,7.167379038,69.55972216,65.20724601,150.9984693,4.07573192,0
3716,West,Sandy,Cotton,Zaid,Fruiting,Flood,31.8315605,40.35676674,35.86403883,6.246275782,24.20733896,4.988086915,82.44554941,116.3829132,101.9415443,11.1116662,1
3717,West,Clay,Wheat,Kharif,Seedling,Drip,33.79803047,30.76295995,61.76679787,3.83396554,19.583785,7.32234632,109.5056753,74.38115356,18.15201038,11.28992971,1
3718,Central,Chalky,Rice,Zaid,Maturity,Flood,15.52575821,35.74516637,79.02924905,0.082863142,5.603850111,8.388430912,31.77434795,17.36454492,151.8771596,2.158935168,1
3719,South,Chalky,Cotton,Rabi,Maturity,Furrow,40.99586956,41.50049103,43.5736159,1.447171091,7.574773267,4.674401461,17.95883518,63.48806287,45.01070033,8.733203292,1
3720,South,Loamy,Tomato,Zaid,Fruiting,Furrow,28.27339684,29.8715103,26.35023607,12.7395674,2.44070599,4.875315605,67.56542388,91.42598628,20.02802254,1.365552679,1
3721,West,Clay,Potato,Kharif,Seedling,Furrow,34.03706915,24.39752221,54.84038476,13.02259946,16.1113091,4.994547069,22.09779752,104.2853177,98.00187951,1.512201777,1
3722,North,Loamy,Rice,Kharif,Fruiting,Flood,68.42002532,37.60998414,76.10826809,8.018533342,4.518507663,6.22225562,97.12315233,93.57601865,15.29486095,11.53579905,0
3723,West,Silt,Cotton,Kharif,Vegetative,Drip,75.48391595,21.60198764,36.62478823,20.02606807,6.435122212,5.66312074,80.58832461,17.28120429,129.0359517,8.643384484,0
3724,Central,Peaty,Sugarcane,Rabi,Maturity,Sprinkler,23.00131504,26.65593444,36.4943411,8.213557564,22.20284138,7.727680614,103.7550916,44.12995615,131.2970163,4.569957928,1
3725,South,Silt,Wheat,Kharif,Vegetative,Sprinkler,36.07562521,40.97181711,91.04202705,0.051283035,8.168891883,6.395148957,8.881118352,106.3668735,52.62390449,8.368654345,1
3726,Central,Chalky,Wheat,Zaid,Vegetative,Furrow,75.00413935,36.73267021,,1.697223633,14.16616796,6.438149371,135.0576585,127.6275782,197.7295565,10.30418556,0
3727,North,Loamy,Maize,Zaid,Flowering,Sprinkler,14.32659225,27.11433016,94.2849299,0.155514507,9.93915022,7.368152405,0.000775135,6.842030184,169.0125753,10.57993824,1
3728,East,Loamy,Rice,Zaid,Maturity,Sprinkler,16.46523697,21.44233507,80.57447012,0.494175754,1.850782185,5.94787593,45.5619381,6.12322067,22.46532637,1.225717569,1
3729,West,Sandy,Tomato,Zaid,Fruiting,Furrow,21.39536924,25.67905172,34.11381269,1.234881652,9.071595747,5.91282899,95.14887107,93.29365675,153.4449861,10.00050808,1
3730,East,Loamy,Rice,Rabi,Fruiting,Sprinkler,51.66489839,23.52312448,35.89861406,3.501448603,10.20170508,7.527705551,6.319890341,79.46669235,72.38031096,10.38522987,0
3731,South,Sandy,Cotton,Rabi,Vegetative,Furrow,20.53305897,20.28267864,45.51689311,9.404002819,22.39252755,7.620166983,11.66894139,22.52416233,153.8091469,7.551272254,1
3732,North,Chalky,Groundnut,Zaid,Seedling,Furrow,77.7653467,37.29998741,43.85993985,9.901303627,8.111266341,4.55759509,10.73540121,79.50227935,164.1629324,6.278942279,0
3733,Central,Sandy,Maize,Zaid,Flowering,Furrow,41.27001691,22.56209661,91.73958118,4.78819269,9.481027994,5.075161903,81.41136174,141.3006648,31.03250149,2.220988089,0
3734,West,Peaty,Potato,Kharif,Flowering,Sprinkler,45.10625722,28.62502411,79.18054872,13.16767874,19.57241922,5.352392725,125.4295441,91.48053196,135.6776069,3.635752236,0
3735,South,Loamy,Maize,Rabi,Vegetative,Furrow,27.26610311,26.57578341,74.30065941,3.466359208,18.97391628,5.906401875,77.76117688,65.12546763,176.8596419,6.395336316,1
3736,North,Chalky,Sugarcane,Zaid,Flowering,Drip,,44.46232136,33.9472418,10.99274926,19.95713192,5.665792334,84.49998932,119.9922108,66.29159293,10.51587682,0
3737,Central,Silt,Wheat,Kharif,Flowering,Flood,56.33395428,26.73276732,88.21441695,3.026279137,23.8442685,7.174080194,48.44023117,30.85926042,16.46730236,9.834477925,0
3738,Central,Clay,Sugarcane,Rabi,Vegetative,Furrow,62.58239959,17.39947448,82.09027846,1.623286594,19.88893746,7.812540935,2.623762212,60.07733247,5.589833388,6.45522539,0
3739,South,Sandy,Wheat,Zaid,Fruiting,Sprinkler,,17.69477258,32.2731381,12.40933147,10.19020508,5.268347929,3.026060485,76.52634431,22.55019688,9.641897251,0
3740,Central,Chalky,Tomato,Kharif,Vegetative,Sprinkler,50.45237789,32.72261164,,2.454584583,20.53771292,6.751920242,124.3633953,73.15828435,0.862213863,9.423067125,0
3741,East,Clay,Potato,Rabi,Vegetative,Flood,73.30518425,32.98090655,40.41856523,3.499893399,12.7168658,5.971265004,14.36014142,133.541008,67.02391819,7.369168865,0
3742,East,Sandy,Sugarcane,Rabi,Maturity,Drip,67.21854931,27.56276971,26.06523094,1.993892312,6.942850813,6.5231115,139.9705121,42.43687555,61.36236053,3.423579988,0
3743,North,Silt,Soybean,Rabi,Fruiting,Drip,62.99336803,27.95531077,69.26167299,5.435952832,7.572926703,6.983031367,23.01916561,8.193039506,22.61995988,4.828041456,0
3744,East,Sandy,Cotton,Zaid,Vegetative,Drip,13.89238652,16.61797749,69.03534945,26.52290975,5.596059714,8.074399275,94.44882215,132.8746947,133.479165,2.804710052,1
3745,South,Peaty,Onion,Rabi,Maturity,Flood,10.48145736,30.49639531,27.11990072,0.129223318,3.624823945,5.269170671,132.8537661,31.47481029,203.3408034,1.078655571,1
3746,North,Sandy,Groundnut,Zaid,Flowering,Drip,24.8713094,30.14218426,43.91388567,11.50533154,4.612260296,4.848026348,50.72049887,54.95905623,184.689915,1.885779745,1
3747,West,Loamy,Onion,Zaid,Seedling,Furrow,56.44665157,19.48647956,94.46108467,0.019668921,1.579451249,7.008847676,102.8206464,76.97928556,51.83437293,9.355881978,0
3748,Central,Peaty,Sugarcane,Rabi,Fruiting,Sprinkler,38.78382422,18.11518158,70.88200003,2.264575418,22.21127162,6.076523395,49.11993008,141.5026682,157.8462348,1.368347658,0
3749,East,Sandy,Sugarcane,Zaid,Maturity,Sprinkler,38.16843815,18.70717472,74.7556375,0.923262194,23.27519524,5.151610773,42.69174795,77.61392404,192.056969,5.398379027,1
3750,West,Sandy,Rice,Zaid,Fruiting,Furrow,71.92108218,18.03084739,,7.080506653,14.66925981,4.968348669,28.25257156,64.92277945,185.8046686,11.84358365,0
3751,Central,Clay,Wheat,Kharif,Maturity,Drip,72.68939937,33.29124587,25.90865533,0.259682457,21.01223892,6.735639147,114.930887,84.62757953,181.3326519,9.747631396,0
3752,South,Sandy,Wheat,Rabi,Flowering,Flood,73.64226848,20.89447957,40.76762673,4.031410903,4.589277566,5.701882378,36.03418891,140.7671832,161.222355,9.256793655,0
3753,West,Chalky,Cotton,Kharif,Flowering,Furrow,31.97146536,22.54290457,38.66737889,1.747263535,22.54184563,8.489705518,39.64214281,118.6019668,60.0632526,4.021796448,1
3754,North,Chalky,Sugarcane,Kharif,Seedling,Drip,58.37390689,20.20716432,37.59080756,0.71744834,12.65903899,6.123603277,139.8557639,24.50037977,17.13042857,8.059032372,0
3755,South,Peaty,Onion,Rabi,Flowering,Furrow,29.01432269,43.73505913,34.45657414,7.388063262,1.679124815,5.349146435,45.82346096,116.4727022,100.0029673,6.485830325,1
3756,East,Chalky,Cotton,Zaid,Flowering,Furrow,23.34268832,40.63852389,63.1066768,1.225775401,3.532818612,7.01539618,59.18842844,121.9593637,11.23218254,7.862068415,1
3757,West,Sandy,Maize,Kharif,Seedling,Furrow,22.92427201,21.91484512,44.60776069,1.265921526,7.72441152,5.477019559,138.6077641,100.1506451,204.6871053,5.793977309,1
3758,South,Clay,Cotton,Zaid,Fruiting,Flood,33.94753346,24.82698882,81.52587613,1.608447701,1.088939509,6.476344173,51.70204836,95.29885158,73.45348503,6.840593443,1
3759,South,Silt,Sugarcane,Zaid,Flowering,Furrow,40.09703338,21.29678527,33.79605634,4.418715545,7.73233445,6.430304735,51.26128101,63.92716512,196.4596833,11.87235874,1
3760,West,Clay,Maize,Kharif,Fruiting,Sprinkler,68.16644197,29.75627878,54.84703032,5.38913795,1.498260828,6.314230519,115.8800253,93.04583113,158.4898033,4.622441405,0
3761,East,Clay,Soybean,Zaid,Seedling,Furrow,18.39237654,15.58831597,21.02433773,0.088796453,5.90069013,7.684342785,43.67025159,106.948371,84.31464551,3.380980508,1
3762,South,Sandy,Cotton,Rabi,Vegetative,Sprinkler,61.44480932,35.14104027,56.12617418,1.384499621,6.641743896,5.366452006,32.73005451,17.80893597,24.25383961,5.933438871,0
3763,West,Silt,Wheat,Kharif,Flowering,Drip,47.20184399,30.69474449,24.18786657,2.819118014,24.85922441,8.11722922,59.24943572,37.31284423,48.62458352,6.767525617,0
3764,South,Chalky,Maize,Zaid,Fruiting,Flood,30.15617399,41.95916785,93.32926339,2.017163016,5.888666844,7.665362013,98.08971208,28.14187245,137.9741381,1.941917199,1
3765,North,Peaty,Rice,Kharif,Maturity,Furrow,44.49737092,19.93178053,79.29440965,10.77818683,5.979661223,5.832489457,6.054023497,121.9757164,170.1367167,9.865692244,0
3766,West,Chalky,Onion,Kharif,Maturity,Sprinkler,30.99594488,39.12327738,56.75836075,7.748980182,17.16972421,5.222410025,52.34824381,98.60037577,200.7853008,5.642580665,1
3767,West,Peaty,Groundnut,Rabi,Vegetative,Flood,51.72573687,38.75883043,26.49405186,4.916029917,21.48393696,5.618140098,48.47428627,65.36288824,27.09324772,5.545055172,0
3768,South,Chalky,Sugarcane,Zaid,Flowering,Sprinkler,40.3690746,18.81543568,64.43340806,2.062768988,9.676385315,5.830544988,34.27456862,119.7780838,31.9692058,8.247238292,0
3769,West,Loamy,Groundnut,Rabi,Flowering,Furrow,21.50838704,26.95677672,76.9072813,6.031082345,21.8904505,6.727732675,91.60022703,103.9332943,8.700092721,9.505687667,1
3770,North,Clay,Sugarcane,Kharif,Flowering,Drip,18.16081522,20.10457923,34.30379398,9.277907646,8.503550519,4.685472675,40.59861126,132.4709968,53.37472773,11.84534297,1
3771,East,Clay,Rice,Zaid,Maturity,Drip,48.26869775,22.64161501,62.61562556,4.517247391,4.92539699,8.157436519,84.94241826,11.13701443,168.318825,2.908716683,0
3772,North,Loamy,Maize,Kharif,Vegetative,Sprinkler,73.16891233,22.89738524,81.06581738,7.673077888,8.240970608,4.894699427,70.6071578,73.82782032,40.64265563,4.801112518,0
3773,West,Sandy,Potato,Zaid,Maturity,Furrow,34.07703806,31.68709182,77.61858332,6.913603001,15.23390935,5.617093576,30.40658192,102.478446,112.3122737,2.850829956,1
3774,West,Peaty,Groundnut,Rabi,Flowering,Furrow,61.31000751,27.34232795,80.22440134,4.240092564,9.178578983,4.937149752,37.31924799,30.08651209,91.51347559,10.68940531,0
3775,South,Chalky,Groundnut,Kharif,Vegetative,Sprinkler,56.10629485,43.43198412,85.94925687,1.8711639,16.8223451,5.526691306,23.88400746,47.43330364,66.79437968,7.033425625,1
3776,Central,Peaty,Sugarcane,Zaid,Maturity,Flood,75.208844,18.79110426,90.32615766,6.847818669,5.923396986,7.850695274,7.928090079,60.75155644,126.7610148,10.37684105,0
3777,Central,Loamy,Maize,Rabi,Flowering,Furrow,67.46867121,44.21076405,50.41408664,1.158376507,17.52482235,6.960703246,86.68638483,115.1772146,102.9767868,11.8374782,0
3778,East,Loamy,Onion,Rabi,Vegetative,Sprinkler,49.66236812,21.91915921,62.65768269,7.559023675,8.685959081,5.4092929,94.19041715,71.56854915,68.62645056,7.052273489,0
3779,South,Chalky,Cotton,Kharif,Vegetative,Furrow,55.99213488,38.18621809,79.29946445,8.162168813,11.39670929,7.987034119,23.23999911,71.46615476,141.2144314,2.299670011,0
3780,North,Loamy,Cotton,Rabi,Seedling,Drip,72.88705266,25.16909779,72.28548605,8.633929951,13.94362851,7.702848237,86.15493386,62.47870469,57.39347916,4.97394493,0
3781,South,Silt,Soybean,Zaid,Vegetative,Furrow,37.96631492,19.29244186,94.66401712,3.201976476,17.15562508,7.514597129,137.4918636,33.14541795,131.8525847,1.39808227,0
3782,South,Clay,Soybean,Kharif,Seedling,Sprinkler,32.87562941,40.73667556,21.02582383,1.068942036,5.967842296,7.890530794,10.41629329,133.8453727,196.235403,10.34231042,1
3783,North,Peaty,Groundnut,Kharif,Flowering,Drip,10.75677585,24.26582698,46.63499115,0.525267259,20.89863844,6.978598726,68.65192215,46.0811625,149.4351557,1.196756358,1
3784,South,Sandy,Tomato,Zaid,Seedling,Flood,67.85857519,34.76566213,41.07709447,6.800429134,18.04606874,6.505749441,102.6253499,82.28252081,85.77190973,7.514034891,0
3785,West,Silt,Potato,Rabi,Flowering,Sprinkler,66.06864903,31.99331055,39.67368876,10.86926155,5.852447976,5.995740105,6.441287696,21.57306165,153.2496608,2.167466145,0
3786,East,Clay,Tomato,Zaid,Flowering,Furrow,17.31181627,29.15268928,36.68973369,5.261101544,24.37436407,5.395056082,108.9582892,62.96529185,165.8945724,1.083136255,1
3787,Central,Silt,Potato,Zaid,Fruiting,Drip,50.38001668,29.87458418,73.18428806,0.778359534,16.61992478,6.729646631,137.1315732,131.0515098,66.79729573,3.817654865,0
3788,North,Clay,Potato,Kharif,Seedling,Furrow,42.47871887,36.96713742,26.3569605,13.65888088,11.31067216,8.057969383,12.38830089,144.3424596,144.5521042,7.070374123,1
3789,Central,Loamy,Maize,Kharif,Vegetative,Drip,18.30963669,17.63318742,75.62066255,22.59588663,3.938183139,6.875927156,115.1121868,52.45401923,89.0512202,1.825967034,1
3790,West,Sandy,Groundnut,Zaid,Vegetative,Furrow,78.63977589,35.04541986,72.00693815,2.840319703,13.33052506,8.178427447,53.00141623,22.32862922,167.7971088,7.763766713,0
3791,Central,Loamy,Maize,Rabi,Flowering,Drip,25.02871212,41.87436304,38.81030994,4.517184602,4.119397171,5.927669478,20.17626834,45.59547138,60.55240701,8.391914433,1
3792,West,Peaty,Sugarcane,Kharif,Seedling,Flood,14.70639261,16.73364591,38.96253374,7.508043932,10.73729197,7.28055189,69.04704929,47.45005642,192.2407324,11.6666791,1
3793,Central,Peaty,Onion,Zaid,Maturity,Drip,51.63931657,19.21960018,67.1645439,6.666418722,10.21781307,7.09466189,10.01262301,93.45377517,117.8313221,10.89490788,0
3794,East,Peaty,Potato,Kharif,Vegetative,Flood,61.7206674,36.4989581,77.16283291,17.1769557,17.99849111,7.181735376,73.09419714,71.94272505,72.42717936,7.234702128,0
3795,West,Peaty,Tomato,Rabi,Maturity,Furrow,12.27104122,28.11844945,85.73642098,0.610177711,4.809579531,7.080168049,2.709950321,111.4266606,85.97111009,9.727012896,1
3796,North,Silt,Maize,Kharif,Seedling,Furrow,56.11023471,27.10645862,83.91046729,4.346139653,20.54678387,5.3866187,102.0056018,101.6889763,71.29871573,5.000051898,0
3797,North,Sandy,Soybean,Rabi,Vegetative,Flood,47.26043132,19.10899904,92.36622456,5.887164287,8.153308175,5.074363593,68.31575601,36.43976497,29.98049885,7.442834377,0
3798,South,Sandy,Sugarcane,Rabi,Maturity,Sprinkler,17.22855062,30.20310122,63.60386715,11.0408504,11.09971567,8.414513025,64.25155253,113.717075,14.04094136,5.436895869,1
3799,South,Peaty,Onion,Zaid,Vegetative,Flood,22.07667139,18.79635934,88.1491671,10.36171906,19.30852439,4.681180515,27.46680912,122.8819707,65.9646325,4.707459379,1
3800,East,Clay,Cotton,Zaid,Fruiting,Sprinkler,49.75820081,29.29861369,80.63849549,19.08351721,15.63480999,6.370945948,50.57684181,86.76657751,94.03154042,9.004034345,0
3801,Central,Loamy,Soybean,Rabi,Fruiting,Furrow,30.74503295,37.90845897,87.10007182,3.588003262,7.700633795,6.200321269,25.46172054,134.5118178,74.17247258,4.263375987,1
3802,Central,Peaty,Tomato,Kharif,Flowering,Sprinkler,75.68210101,22.74793074,20.8719951,8.882212875,9.655073114,5.940075833,102.9546141,113.5274778,2.853498252,5.18607497,0
3803,West,Clay,Tomato,Zaid,Seedling,Sprinkler,67.31181606,29.42358505,92.44272439,2.786806602,7.64467035,7.627935414,27.86354192,86.3324065,118.6962804,5.038887282,0
3804,East,Chalky,Maize,Rabi,Vegetative,Drip,78.84970446,44.76047908,55.51476221,2.743622995,14.86925418,7.481401153,86.34546579,131.3940696,29.68737838,10.5744377,0
3805,West,Sandy,Soybean,Kharif,Maturity,Sprinkler,28.17695873,35.5995127,79.86372422,1.46078277,8.31561333,8.120899694,39.14505015,87.05197963,43.25608211,2.874449169,1
3806,North,Loamy,Rice,Kharif,Vegetative,Drip,77.8806543,40.24070314,29.54030895,8.525266087,18.14244237,6.081950105,91.97750743,75.57271346,24.75344953,5.196233712,0
3807,North,Sandy,Rice,Zaid,Vegetative,Sprinkler,40.18637089,27.4454282,49.69558219,21.27788835,14.49467896,6.756718112,75.66369425,51.65745936,106.6887097,10.76656771,0
3808,Central,Sandy,Rice,Kharif,Maturity,Sprinkler,34.32631567,38.03582769,40.35954973,1.48086831,3.642665294,8.069228189,59.28140843,128.0151829,19.50765494,1.168348685,1
3809,South,Silt,Potato,Zaid,Maturity,Furrow,13.52446689,16.21527519,41.87440779,0.288842583,7.756715467,8.475392251,94.22011668,17.79543978,52.55323608,11.42653695,1
3810,South,Loamy,Onion,Kharif,Fruiting,Drip,13.69356805,18.68733548,29.2441715,8.451679275,5.536186048,8.377177449,58.20109003,68.65789356,92.60028711,10.88790462,1
3811,North,Silt,Potato,Kharif,Flowering,Sprinkler,58.44078792,21.09211779,80.43228744,4.840948055,9.757830314,7.371375485,114.9918844,77.92493312,34.38032146,5.596329611,0
3812,West,Chalky,Onion,Rabi,Maturity,Sprinkler,42.05502961,27.05855774,20.69317359,16.05687024,12.89960216,5.072910231,102.1437842,80.43862048,91.47947915,8.183278085,0
3813,Central,Peaty,Sugarcane,Kharif,Vegetative,Drip,25.85651382,40.37234635,43.43790927,1.453360819,12.66907143,4.592744047,75.68945923,94.52402542,70.26070077,11.90173327,1
3814,West,Loamy,Groundnut,Kharif,Fruiting,Drip,52.97792144,25.38798152,33.08079074,0.368381562,18.86309191,7.800873426,122.7884956,73.34036552,176.4224214,7.104432148,0
3815,South,Clay,Cotton,Kharif,Seedling,Furrow,27.70006828,34.63863581,64.17792055,3.390724014,4.72929659,7.863768098,116.040655,37.23863141,162.9551586,2.065885606,1
3816,East,Sandy,Wheat,Zaid,Fruiting,Drip,50.4342228,36.27942884,39.0689302,0.446703291,23.66182073,7.485443633,74.45751525,124.2569374,203.5351896,10.39005115,1
3817,South,Sandy,Soybean,Rabi,Fruiting,Sprinkler,35.14461229,32.58547062,39.42488409,1.517634718,8.571127672,5.619693944,9.582677118,95.34117254,108.4269053,2.47566776,1
3818,West,Silt,Wheat,Rabi,Fruiting,Flood,,25.71725905,56.6253608,0.673247864,7.506221173,7.059271438,79.23948931,124.437233,117.9564042,3.829988212,0
3819,South,Chalky,Groundnut,Kharif,Vegetative,Furrow,67.44873125,32.31160025,68.95167795,1.26886554,17.12946445,5.764993767,49.73597854,40.02630619,194.0623989,10.60866888,0
3820,South,Silt,Cotton,Rabi,Maturity,Drip,43.41452787,25.26796778,29.09785284,0.561056605,20.13791572,6.302592984,75.61581199,92.37324976,81.91640401,3.81632133,0
3821,South,Chalky,Cotton,Kharif,Flowering,Furrow,34.55733765,17.51621216,33.16335893,15.38536238,9.46179412,6.02974034,90.59826447,103.555193,113.9149503,9.195945237,0
3822,South,Silt,Wheat,Zaid,Seedling,Sprinkler,35.37918576,44.78411935,38.53810584,1.632549127,18.67117437,8.154560347,90.27740048,55.59374825,77.71252662,5.924410466,1
3823,Central,Loamy,Potato,Kharif,Flowering,Flood,66.4000168,,93.03111606,2.934014019,22.0933989,5.436629323,94.29336609,117.7753971,111.9014447,9.357238402,0
3824,North,Sandy,Maize,Kharif,Vegetative,Flood,32.9725638,17.17045152,49.7864375,11.4439932,19.17009163,6.810443618,95.09760751,0.363772352,16.55711867,3.555874695,0
3825,South,Chalky,Soybean,Kharif,Flowering,Furrow,24.63415616,41.35592248,64.9242568,5.6554954,0.854912139,5.943926116,15.29939862,86.26336378,160.6777891,5.615220775,1
3826,South,Chalky,Onion,Kharif,Flowering,Sprinkler,,24.05503983,38.11571095,4.812163959,20.68422278,7.152284448,26.83972626,88.9674282,201.9823892,4.499774725,0
3827,Central,Clay,Potato,Zaid,Seedling,Flood,42.66851846,34.50890922,56.78446439,6.113454336,19.36202396,6.758252565,88.27574064,77.40724849,13.4767825,3.739484462,1
3828,Central,Chalky,Tomato,Rabi,Fruiting,Drip,43.74924692,24.87017189,25.55893808,8.825264151,16.73225595,8.195910725,57.14413442,91.3570306,164.2131447,4.458728523,0
3829,East,Chalky,Potato,Kharif,Maturity,Sprinkler,68.86360973,26.74362812,22.60566094,10.50513491,19.00056048,4.906448607,106.7992303,24.24789427,49.5556341,4.552914188,0
3830,Central,Loamy,Groundnut,Rabi,Maturity,Furrow,25.48670875,22.86338916,55.15501451,5.145053402,24.4856349,5.382563359,17.48729952,99.29331486,40.49714592,11.50916013,1
3831,East,Sandy,Potato,Kharif,Flowering,Sprinkler,36.66938916,25.29132017,49.89944656,11.03670524,10.7778222,7.565391855,26.81321922,48.68939961,142.1409316,6.865533659,1
3832,East,Peaty,Onion,Rabi,Seedling,Furrow,66.58840172,27.32101202,30.26602398,3.832865684,1.680580874,5.97514736,78.18504994,65.54779267,9.047110954,6.082574072,0
3833,South,Peaty,Potato,Zaid,Maturity,Furrow,67.65365275,36.61248207,71.57010717,1.623742143,11.52224924,5.163135145,70.1047227,48.30085778,94.96406619,6.536504269,0
3834,West,Silt,Sugarcane,Rabi,Maturity,Drip,36.92277532,30.34608583,94.46776182,10.60451491,1.160841385,6.513285037,37.29560156,68.72074951,0.296115513,11.95744074,1
3835,South,Chalky,Groundnut,Rabi,Maturity,Flood,42.13868163,43.30695651,49.67351159,3.898678625,7.356260202,7.108568246,57.16805409,90.12753784,113.6507759,8.189480154,1
3836,North,Silt,Sugarcane,Zaid,Flowering,Sprinkler,31.23001236,16.25641182,66.84189769,11.82962633,14.67199479,4.679306857,4.897378928,121.5598033,94.72674188,8.738353056,1
3837,East,Silt,Rice,Rabi,Vegetative,Sprinkler,75.27884149,30.09204968,92.22319568,0.20498408,7.740572323,5.666487557,5.185335119,70.09808336,187.6739344,4.449840125,0
3838,West,Sandy,Groundnut,Kharif,Flowering,Drip,18.3050636,32.52674366,82.36512293,2.533468788,17.13488115,7.737690151,13.2897804,46.867455,147.6557401,6.18691481,1
3839,Central,Silt,Potato,Kharif,Flowering,Sprinkler,75.36245961,42.60590958,54.76641675,14.76384463,20.54965819,6.580978266,80.75094345,70.75157244,25.83126524,3.024719284,0
3840,Central,Clay,Sugarcane,Zaid,Vegetative,Furrow,57.87065163,16.47475571,75.31171133,1.436078191,10.51097948,4.641516861,120.920298,99.87653129,72.68069175,8.537084013,0
3841,Central,Clay,Cotton,Zaid,Maturity,Sprinkler,47.21005069,32.20498755,29.61012802,14.19674154,22.50344878,5.627804021,36.4312605,50.27160393,190.9738528,4.789439783,0
3842,West,Peaty,Sugarcane,Zaid,Flowering,Sprinkler,12.28613425,40.60889786,58.40778916,15.38497859,1.995973284,7.056562624,4.751576161,60.07090083,148.6935002,9.231172023,1
3843,Central,Loamy,Cotton,Kharif,Fruiting,Furrow,43.29173343,22.25783184,40.92952079,10.69138718,21.00282911,5.297437878,99.20779429,81.61177347,121.8263986,3.344774411,0
3844,Central,Chalky,Potato,Rabi,Maturity,Drip,38.54236735,41.28877046,32.08727659,4.146759804,20.71432864,7.809565625,119.7493135,42.63134325,114.6096761,5.43853331,1
3845,East,Sandy,Onion,Zaid,Maturity,Sprinkler,21.28531684,15.57130228,51.97106797,5.205578522,8.049847408,7.206303628,19.34418994,30.31727563,81.61018561,6.18302774,1
3846,Central,Loamy,Tomato,Kharif,Maturity,Drip,55.94867225,36.97363887,29.82609158,10.18639497,7.467879678,6.385516244,54.00467743,20.35688116,119.9662998,2.831778891,0
3847,West,Silt,Sugarcane,Rabi,Flowering,Sprinkler,77.98056352,42.99339664,72.42388311,-999,7.627374529,8.162495124,22.22315768,51.12844755,158.191205,1.765502039,0
3848,Central,Sandy,Sugarcane,Kharif,Seedling,Flood,49.35321677,34.71592985,54.2180033,4.972529763,20.28484281,6.067203084,14.89004029,7.009721434,26.14522365,4.487744671,0
3849,South,Silt,Sugarcane,Rabi,Seedling,Flood,60.03272935,28.17087732,59.83584744,20.15949962,20.79133719,5.440293642,90.74359539,84.60496637,198.8152811,6.993813579,0
3850,East,Loamy,Groundnut,Zaid,Vegetative,Furrow,14.79153168,16.34643049,30.9781954,5.786665012,8.243061471,7.14561197,135.4551067,25.50685807,49.06979816,8.179468434,1
3851,North,Peaty,Onion,Zaid,Seedling,Sprinkler,39.23668971,42.6034144,30.48287458,18.54173715,14.81475869,6.79318075,94.94318759,54.72224489,91.78724969,5.677984776,1
3852,South,Clay,Groundnut,Kharif,Maturity,Sprinkler,18.14509396,29.10888668,63.75615764,0.295505187,3.473330736,5.840991604,137.8740528,39.03730823,4.656703053,6.503053744,1
3853,North,Clay,Maize,Rabi,Fruiting,Drip,52.89570849,15.86990233,93.87573109,0.748073743,11.71946846,5.874658245,60.81533865,91.40654512,112.8209142,6.975122719,0
3854,West,Clay,Rice,Kharif,Fruiting,Furrow,75.69375107,150,27.21879374,3.00246486,24.96982127,6.092841235,125.7017704,123.3001209,78.28270369,6.631019032,1
3855,North,Sandy,Tomato,Rabi,Maturity,Flood,56.32444127,29.45511761,41.42985714,2.429685159,3.970978693,5.66455427,28.71179145,91.82865123,51.19995382,1.993614111,0
3856,North,Silt,Onion,Kharif,Flowering,Furrow,15.37621338,18.73035952,85.20943374,7.633183711,23.689066,7.340965625,16.50661138,78.66321466,202.032472,5.45501136,1
3857,Central,Clay,Cotton,Rabi,Flowering,Flood,34.82663435,21.42815428,25.42040092,-999,20.60636805,7.10543362,98.35280713,97.0171422,87.76893425,3.247645657,1
3858,East,Silt,Cotton,Zaid,Maturity,Furrow,,16.93472041,85.6914291,18.66837565,24.30536627,6.26311061,51.99716632,4.348642475,84.93075454,6.871095717,0
3859,North,Clay,Potato,Kharif,Maturity,Sprinkler,38.22454293,,59.32144875,1.892163068,4.489469015,6.091418703,44.47626438,17.81247584,94.93616922,9.338838775,0
3860,West,Loamy,Groundnut,Rabi,Vegetative,Sprinkler,68.35508073,33.66088438,50.62000804,2.801162333,5.337962261,5.960205077,93.97928092,13.76444922,23.81152471,7.374349292,0
3861,West,Peaty,Groundnut,Kharif,Flowering,Drip,67.02697033,30.17226895,43.22604233,1.606160033,0.421679543,5.633873286,46.68776585,14.23858903,80.58470251,3.440040366,0
3862,West,Silt,Tomato,Kharif,Seedling,Drip,52.82817141,39.51306399,42.28378686,4.329932588,18.11754532,4.842786653,80.15814411,37.7701387,68.96287312,3.285325742,0
3863,Central,Sandy,Rice,Rabi,Seedling,Drip,36.14205616,40.83026464,42.93519368,0.302088187,16.10236734,5.572818742,41.92371488,77.14757776,95.35051405,1.406979435,1
3864,South,Clay,Potato,Rabi,Flowering,Sprinkler,27.87354616,33.4687319,86.36023107,0.810697981,4.451635958,5.784805395,109.7260623,16.62882891,175.6073392,5.690189704,1
3865,Central,Loamy,Rice,Kharif,Fruiting,Furrow,17.41120227,15.38269439,74.28464226,6.848124429,19.77862414,6.690736025,43.73436767,135.591855,39.52100588,5.761476898,1
3866,Central,Clay,Onion,Kharif,Maturity,Sprinkler,34.84283784,35.85688967,70.22922559,1.032050347,7.479887653,7.595154036,74.89918023,123.8672364,124.5865618,3.600799799,1
3867,North,Peaty,Sugarcane,Rabi,Vegetative,Drip,38.9220762,27.53997651,79.90618617,1.342760785,3.374889233,6.082808579,3.244651718,140.8884313,7.715603399,9.406843145,1
3868,East,Chalky,Potato,Zaid,Vegetative,Flood,57.30760476,31.9667245,39.28359973,7.874753358,10.56406663,8.279027623,110.8423097,6.162506538,64.94246293,5.251353663,0
3869,West,Clay,Maize,Kharif,Vegetative,Sprinkler,56.0711877,34.47241806,66.35321091,0.48972472,2.274246211,7.809399854,86.84728848,123.4533548,96.89481191,8.363415379,0
3870,East,Peaty,Wheat,Kharif,Seedling,Sprinkler,14.90756977,25.50709843,54.50496792,2.876588043,6.581091407,8.439207392,26.91318938,116.5414409,15.22722591,8.040773654,1
3871,South,Silt,Wheat,Rabi,Fruiting,Furrow,37.66815208,42.51295516,78.68312264,0.116667541,9.283333961,8.004812164,30.15227265,130.8053504,111.5134266,7.65214502,1
3872,East,Peaty,Groundnut,Kharif,Fruiting,Sprinkler,22.72452071,19.019246,43.19420829,2.129416229,21.29660436,6.966903797,36.74900859,76.55190431,63.61675232,10.98872777,1
3873,East,Loamy,Sugarcane,Zaid,Vegetative,Drip,20.97688937,35.14535422,68.23839627,6.002916154,19.81371853,6.893917151,80.71421464,114.2439153,203.5260528,1.174791274,1
3874,South,Chalky,Tomato,Kharif,Maturity,Sprinkler,67.91115048,15.1307874,86.16593089,0.472120901,11.06885714,5.018104507,76.76428663,7.436597505,129.3487479,1.748410419,0
3875,South,Loamy,Sugarcane,Kharif,Maturity,Furrow,12.93406517,42.73953316,50.16128571,10.96124309,18.11437644,7.389596996,38.34092075,11.00227948,50.05591518,8.943547154,1
3876,West,Silt,Wheat,Kharif,Maturity,Sprinkler,39.34280131,18.375124,24.99665655,12.01197427,14.2162409,6.90082743,97.16872088,17.18717494,21.04801532,4.888785109,0
3877,West,Sandy,Groundnut,Zaid,Vegetative,Flood,21.7742559,17.8465269,58.70381168,0.554604034,8.521046377,6.527728414,124.4657632,132.6443852,8.347554771,11.85174635,1
3878,South,Loamy,Groundnut,Zaid,Maturity,Drip,71.5531151,24.99022899,45.94793659,23.40617379,18.14685859,7.27314749,6.092166871,8.869555661,18.6085192,3.380539948,0
3879,South,Silt,Wheat,Zaid,Flowering,Furrow,48.99283593,26.20698858,70.41690354,1.765759738,17.08747886,6.276191371,58.4075293,14.52168137,139.412203,3.017609419,0
3880,Central,Chalky,Soybean,Rabi,Vegetative,Drip,26.19664455,21.42900217,,0.439249576,15.47736105,6.59543865,83.0928166,134.9095084,175.2734166,7.470440071,1
3881,West,Silt,Sugarcane,Rabi,Fruiting,Drip,45.1699101,32.55364983,56.42062385,0.025399979,15.44888803,6.093409219,82.1009285,15.57192437,32.13028852,4.073678068,1
3882,West,Loamy,Cotton,Zaid,Seedling,Drip,61.20404518,28.28742294,54.96426726,2.625661521,17.07454981,7.369483573,2.734948579,126.1146633,82.43756298,4.745422836,0
3883,Central,Silt,Onion,Rabi,Flowering,Sprinkler,77.06826062,16.02526767,,4.968694265,9.613637816,8.006443882,29.47924922,114.4442643,72.61824536,11.13126756,0
3884,Central,Silt,Tomato,Rabi,Seedling,Drip,25.4312203,24.58956187,27.76231277,2.018677398,21.72689538,7.863379757,8.656300984,5.840888337,132.1262087,1.288669355,1
3885,West,Clay,Tomato,Kharif,Flowering,Furrow,72.03272405,39.31298741,39.01296417,9.061363128,4.057696137,7.644101088,79.65511016,3.167872549,37.44896575,6.843853619,0
3886,Central,Silt,Sugarcane,Rabi,Vegetative,Sprinkler,75.40128799,35.69104605,88.92344941,6.304590479,22.09713658,4.555150818,90.35458427,77.48631561,195.4304586,4.683893708,0
3887,West,Loamy,Cotton,Rabi,Fruiting,Furrow,74.14943812,36.74612561,70.245696,2.155157288,8.557046076,8.147521856,22.36390288,144.5904335,149.3540583,4.805911735,0
3888,North,Loamy,Potato,Kharif,Flowering,Sprinkler,54.47900498,35.94350772,21.0083033,6.627119043,3.12579039,5.599502883,46.62155671,127.4303732,195.7897352,3.725896909,0
3889,West,Loamy,Sugarcane,Kharif,Vegetative,Drip,54.08744581,24.32919064,35.34691044,14.10786443,15.00068507,8.051895772,46.17252407,44.95368784,56.86069522,2.483350955,0
3890,Central,Clay,Cotton,Rabi,Fruiting,Drip,38.22474432,17.98991766,71.21279495,0.488593382,9.399666727,5.287872412,114.7723264,56.01483895,120.4817058,1.379298279,0
3891,South,Loamy,Wheat,Kharif,Seedling,Sprinkler,62.66785176,23.17401552,77.32994019,1.827165641,20.38749318,6.258583006,27.25231663,56.24636945,150.1149271,11.86465057,0
3892,East,Silt,Soybean,Zaid,Flowering,Flood,47.19058128,39.95355901,82.98946795,3.111821659,10.76963671,7.497595177,76.76397699,106.4559283,145.7460257,8.264026276,1
3893,East,Peaty,Sugarcane,Kharif,Vegetative,Flood,57.42066499,44.41412393,41.91326025,3.445677468,16.71406314,7.061115781,109.6109718,49.46424914,4.375950383,9.549258373,1
3894,East,Clay,Soybean,Rabi,Flowering,Drip,,29.81541044,89.82714472,3.906566792,7.706449738,6.163687752,116.140947,21.4305739,204.6492785,1.715025292,0
3895,East,Peaty,Rice,Rabi,Maturity,Furrow,61.20475248,,61.47101702,1.78785463,5.236309376,7.214495427,93.3192532,108.3305742,190.2522944,1.163211549,0
3896,South,Sandy,Soybean,Zaid,Flowering,Sprinkler,67.71300623,19.20134436,72.24042668,5.501964054,9.701225774,6.69579804,41.93388532,66.41226465,24.54917666,7.603175561,0
3897,East,Chalky,Sugarcane,Rabi,Fruiting,Furrow,20.25053796,24.66241726,64.75541471,5.17937778,15.17019587,5.602945227,115.2265205,11.13291493,111.4311887,8.962145282,1
3898,North,Peaty,Groundnut,Kharif,Maturity,Sprinkler,68.30508009,32.35756046,29.2055041,4.311635417,16.42366848,7.085317782,103.9032438,114.5575789,64.48407334,5.343528928,0
3899,Central,Silt,Rice,Zaid,Fruiting,Drip,47.82075723,17.25280937,92.23359945,0.603847137,14.45516663,5.316988345,98.62567874,84.87013327,180.1732733,5.265306196,0
3900,West,Clay,Maize,Rabi,Seedling,Flood,69.12661364,43.30071896,29.21566849,3.240562116,24.70139297,7.275953137,9.426955844,70.95855216,142.9915243,5.229274735,0
3901,South,Loamy,Wheat,Kharif,Maturity,Flood,40.19111944,25.9525102,39.11614673,2.202044624,17.27725466,4.51244351,6.057083291,97.63475924,45.82101713,2.680314328,1
3902,East,Loamy,Soybean,Kharif,Maturity,Flood,36.53283398,42.37752654,81.02209102,3.376914223,23.28799069,6.695090055,97.35114168,73.27831401,6.9415348,9.293048623,1
3903,East,Peaty,Rice,Rabi,Fruiting,Furrow,74.05425128,38.41565408,66.39477211,12.74667776,2.948329872,6.10427051,132.2712722,94.02092146,59.80706954,3.367120056,0
3904,East,Peaty,Maize,Rabi,Vegetative,Drip,27.58184873,37.66311818,82.8611874,3.274744018,1.534323245,5.712415095,108.3213499,125.7858391,7.818140926,4.568515456,1
3905,Central,Peaty,Cotton,Rabi,Flowering,Drip,69.09486277,33.20158739,58.68021413,0.070397218,7.77486755,6.562831869,116.4065793,88.95958338,28.96869616,8.383857113,0
3906,South,Silt,Soybean,Rabi,Seedling,Flood,43.88144008,33.80351451,48.27449265,2.888716982,3.414723459,7.08124653,76.29751932,95.64207219,130.4082985,1.001151819,1
3907,North,Loamy,Sugarcane,Kharif,Seedling,Furrow,45.98668098,34.14009706,89.13841247,8.592029638,13.14671321,8.361249065,42.64206017,89.00913007,152.742439,9.428829046,1
3908,West,Chalky,Sugarcane,Rabi,Vegetative,Furrow,31.5927797,33.86164161,22.71892381,7.572023473,12.97453134,7.83225796,94.88316555,77.02106776,95.9434645,10.89004223,1
3909,North,Sandy,Sugarcane,Kharif,Fruiting,Drip,50.11295404,31.61184694,84.20976653,3.601462246,14.37617916,7.368599532,99.67592257,24.93599959,123.0590135,1.567791128,0
3910,North,Silt,Rice,Kharif,Seedling,Sprinkler,32.76478374,44.59242055,37.31133389,1.436870685,18.63069702,6.415867647,94.55011604,48.67325832,31.95643243,7.507861871,1
3911,East,Chalky,Tomato,Kharif,Flowering,Furrow,12.748859,36.96871702,83.65522458,3.128271354,24.28324251,6.068576479,132.5392679,100.5008003,64.94300996,5.493048668,1
3912,South,Loamy,Onion,Rabi,Vegetative,Furrow,29.03990237,38.30839165,30.43974601,4.147151429,21.95646729,4.630118618,51.40506466,61.69403547,146.1411887,1.863097305,1
3913,East,Loamy,Wheat,Kharif,Maturity,Flood,10.44653304,41.17388445,63.51642228,44.79550706,2.959180989,5.936387612,5.552055454,58.88870673,74.8026788,8.504540861,1
3914,West,Loamy,Soybean,Zaid,Flowering,Drip,78.48483509,21.46919288,86.60809393,5.166624633,8.462842219,7.893508555,127.1822094,110.0940462,71.50630084,7.735504849,0
3915,South,Loamy,Groundnut,Rabi,Fruiting,Sprinkler,77.60230469,17.51412477,55.51547352,5.925181683,6.395575626,6.036098328,22.46987664,0.80748479,39.76849059,8.069263599,0
3916,North,Clay,Onion,Zaid,Fruiting,Sprinkler,37.66087082,29.4868331,75.99250054,3.380999439,4.420433944,6.346339996,97.62456751,98.45419964,121.9390996,9.948449015,1
3917,East,Loamy,Onion,Rabi,Vegetative,Furrow,60.9859598,30.42242087,80.35037134,2.188569405,13.61812192,5.587337696,122.2486216,70.93784402,165.9554142,4.156108732,0
3918,North,Peaty,Cotton,Rabi,Maturity,Flood,34.20642689,39.8754534,75.23706565,8.381976347,13.83161005,5.596531035,43.41979572,54.63057428,96.23623086,8.447748786,1
3919,West,Loamy,Tomato,Zaid,Maturity,Sprinkler,,28.31350738,89.39973027,3.415314237,5.681120697,4.747487044,116.2581337,49.37780868,23.68554758,9.17649464,0
3920,Central,Chalky,Rice,Rabi,Vegetative,Sprinkler,66.38010301,32.12559077,53.51256729,26.1909396,17.79743126,6.955215702,46.48813768,25.06694682,171.8653235,2.856964611,0
3921,West,Sandy,Potato,Rabi,Vegetative,Drip,76.27293713,30.81212816,32.98440794,3.054340179,18.32285748,6.292277612,111.19611,48.466552,14.63640644,11.52773563,0
3922,South,Clay,Cotton,Kharif,Vegetative,Sprinkler,38.01485931,16.14608351,23.58582978,0.352113843,0.524499871,6.92384323,9.776180816,56.75567846,96.70411151,4.739791492,0
3923,Central,Sandy,Onion,Rabi,Maturity,Flood,64.83085881,33.4564469,38.48449022,5.73761796,9.893942593,6.6875476,91.73401981,63.43009332,53.52085391,8.850790491,0
3924,North,Sandy,Potato,Zaid,Fruiting,Furrow,28.61499154,39.84129857,30.73981279,0.238821071,22.25351603,7.695378349,94.79933128,97.48359261,191.945222,9.294221389,1
3925,Central,Sandy,Wheat,Zaid,Fruiting,Furrow,79.32326127,19.72501644,61.84615561,1.44175546,13.00796521,7.504047649,68.79961621,65.76779782,151.1963556,6.544340112,0
3926,East,Silt,Onion,Rabi,Flowering,Flood,11.80387191,32.82995202,33.87090029,2.182753379,8.690695036,7.585815413,96.19272094,115.4612241,116.1138415,2.415890367,1
3927,North,Loamy,Tomato,Kharif,Fruiting,Drip,52.24701646,32.80831633,22.92002805,6.725447044,6.34190379,6.496956028,129.2457139,92.76200962,136.8898653,4.032292257,0
3928,Central,Chalky,Sugarcane,Zaid,Vegetative,Drip,56.16541872,19.92554892,22.69923717,3.408424881,6.083862998,5.915525405,102.7396755,27.49157653,109.2090889,3.576716476,0
3929,West,Loamy,Groundnut,Rabi,Flowering,Furrow,58.163189,18.70390721,82.36771238,0.145321169,2.494200846,8.233746362,134.5814441,40.19011005,30.25819377,6.705065629,0
3930,Central,Sandy,Sugarcane,Rabi,Seedling,Drip,18.42713052,44.40155829,64.35874486,4.796641667,20.43066048,4.717079095,62.80572394,11.49113203,145.3652294,3.873957581,1
3931,South,Loamy,Soybean,Zaid,Maturity,Flood,75.69708484,26.81157509,46.85639764,2.650350053,2.166435135,5.110485231,73.96070244,137.1296545,100.9981602,7.014475247,0
3932,North,Silt,Groundnut,Kharif,Flowering,Drip,22.68282953,21.82265186,87.06710321,12.74463516,7.307369147,6.178396369,36.92341761,128.5498198,130.0334006,4.170274298,1
3933,Central,Loamy,Potato,Kharif,Seedling,Flood,53.59273823,20.13973633,25.26474586,3.461360929,1.141893464,6.95583061,137.9842335,12.29545269,9.266341115,1.01077047,0
3934,North,Loamy,Soybean,Zaid,Vegetative,Flood,25.58732554,35.02805141,93.52415545,6.171733032,19.53466424,4.532801499,7.719142923,83.2410223,29.11713248,4.995824072,1
3935,West,Sandy,Rice,Zaid,Fruiting,Drip,31.50514919,33.28335892,66.22188427,-999,0.982092056,7.377291277,50.20685847,139.2582637,120.8209476,7.675359385,1
3936,South,Clay,Rice,Zaid,Fruiting,Sprinkler,48.25209792,34.30656369,33.75981905,7.155905623,7.707527597,6.734906171,41.67760307,108.3357045,94.18292513,9.510664542,0
3937,North,Clay,Rice,Zaid,Flowering,Drip,39.2035393,17.64018083,70.93018242,6.381916663,14.33243425,6.438811035,54.11163984,71.31276813,46.50910214,1.312009071,0
3938,South,Loamy,Onion,Kharif,Seedling,Flood,21.21579207,41.8060375,77.25359448,11.7212929,10.23903401,6.193980155,128.4805005,34.95993339,49.35598871,3.841443007,1
3939,West,Sandy,Sugarcane,Zaid,Fruiting,Furrow,21.96554817,26.6779919,52.20070875,0.17203413,7.056776681,6.577948127,51.52530237,40.46037589,129.4899541,11.84008332,1
3940,North,Clay,Soybean,Kharif,Vegetative,Furrow,39.27013517,24.40108219,84.62244547,2.966515541,6.879726811,5.147142938,128.3767314,106.7545034,12.08824052,3.879969274,1
3941,West,Chalky,Soybean,Kharif,Seedling,Furrow,63.00980848,28.87084342,31.30493055,5.683991969,19.94475765,4.934846957,59.26744063,113.1834146,89.02296057,9.549174222,0
3942,West,Clay,Potato,Kharif,Seedling,Sprinkler,72.85752528,26.70198197,40.91281877,0.500007284,24.34945238,5.658549915,119.6676277,76.66053203,107.2362185,6.603109802,0
3943,South,Peaty,Onion,Rabi,Fruiting,Drip,15.88893636,40.90731009,27.01192712,2.643285546,8.701026761,7.338019168,73.04501379,17.53756172,63.16923356,2.343913825,1
3944,West,Clay,Rice,Rabi,Flowering,Sprinkler,37.51727353,42.87782926,35.81583805,14.24921554,0.97863784,6.853151535,43.58939808,135.4109142,168.2127148,8.077401419,1
3945,West,Chalky,Maize,Rabi,Flowering,Flood,17.01718946,24.10359649,37.90466089,2.862924417,0.914144448,6.42049207,62.90897186,122.4905965,11.63776443,11.62974937,1
3946,Central,Silt,Cotton,Zaid,Flowering,Drip,11.16147364,40.91807422,88.82248932,21.1353072,18.98033538,6.786083864,59.41335106,20.37812296,177.485471,10.75511936,1
3947,North,Chalky,Potato,Rabi,Fruiting,Drip,56.32030779,38.44569389,25.85822666,0.29259172,13.80924554,6.737032052,36.38796869,8.225499626,148.2689135,8.593220666,0
3948,West,Peaty,Rice,Rabi,Maturity,Furrow,52.17146094,42.92423017,52.05613401,6.326223797,19.58981644,5.728167702,40.5494222,77.700814,91.48214768,6.633630936,1
3949,East,Sandy,Tomato,Zaid,Vegetative,Sprinkler,21.41133797,22.37250937,59.92990154,4.349615549,17.43742526,4.889823789,26.10354898,41.20067957,189.515815,4.512663061,1
3950,East,Chalky,Maize,Rabi,Vegetative,Drip,26.36689832,32.3087745,87.40197904,3.471135589,22.68765873,8.087129475,47.04007801,41.07120787,143.9588508,4.926632892,1
3951,Central,Peaty,Tomato,Kharif,Flowering,Furrow,11.65954276,23.23633754,94.8272164,17.67605614,22.14560728,6.89964505,87.41681245,12.64713095,190.8642967,4.80827415,1
3952,West,Clay,Wheat,Kharif,Flowering,Sprinkler,68.4463044,39.72283471,76.50410862,0.694301548,19.70818489,7.290991999,54.11814362,138.2409461,96.88090478,11.14290179,0
3953,Central,Peaty,Soybean,Zaid,Vegetative,Sprinkler,78.22834172,15.15972572,92.80932429,11.3167715,11.879729,6.355988897,99.72524953,120.3741367,92.8594857,3.324437049,0
3954,East,Sandy,Wheat,Zaid,Fruiting,Flood,19.48216758,31.94457489,79.03258494,5.875961672,7.70316019,7.52592232,138.1769438,16.50601582,108.8022394,5.158328259,1
3955,North,Loamy,Groundnut,Kharif,Seedling,Drip,26.20326496,,92.24019807,1.498746773,12.67566969,6.837989056,52.79415113,127.1068213,13.41247432,5.751595592,0
3956,West,Silt,Soybean,Zaid,Vegetative,Sprinkler,70.78866668,24.68051121,73.04530445,11.59708711,12.55179018,4.715204488,64.76948997,99.02862811,186.2413215,5.497910949,0
3957,Central,Loamy,Groundnut,Zaid,Vegetative,Sprinkler,74.85246586,34.34718972,25.98225691,2.804413482,15.25688872,8.060388142,22.97542197,47.18896412,136.8819956,1.046180726,0
3958,North,Sandy,Potato,Zaid,Seedling,Sprinkler,39.3739168,40.54453348,50.14401402,8.416157733,4.652439195,5.722144587,54.91014001,126.3313304,126.605064,3.980709346,1
3959,Central,Loamy,Onion,Zaid,Seedling,Sprinkler,13.54357306,33.27586174,68.49479629,2.461953947,16.39049701,5.05156311,101.7565431,86.71321723,189.925025,6.484254078,1
3960,North,Silt,Potato,Kharif,Maturity,Flood,12.75742836,40.59518936,46.30388821,9.516724177,11.41502311,4.852164031,30.43667196,123.0571274,203.6956214,9.365426467,1
3961,North,Sandy,Soybean,Zaid,Vegetative,Drip,50.17649062,22.93791336,40.50379386,5.06165627,15.5051208,7.381761255,25.48756681,68.04384905,33.49564508,7.264213839,0
3962,Central,Loamy,Tomato,Rabi,Seedling,Drip,37.50265762,30.58505564,63.30494503,0.760203233,5.990120573,7.315873467,52.69248231,72.59440082,153.5443819,5.23348205,1
3963,East,Silt,Onion,Zaid,Vegetative,Flood,12.00566993,28.51609617,90.01264075,5.244300986,10.85987235,7.300648499,114.610928,42.19645426,118.8887608,8.316549646,1
3964,Central,Peaty,Soybean,Zaid,Seedling,Drip,50.82766746,15.34934699,22.62364051,1.061913059,5.255030361,8.163011091,87.31200656,56.21544033,94.50442366,8.324825287,0
3965,South,Loamy,Onion,Kharif,Flowering,Flood,10.79117756,31.70436429,77.69234027,2.654483773,21.88262892,5.895772088,134.0611129,82.32405002,200.4105833,3.72717151,1
3966,West,Peaty,Wheat,Rabi,Flowering,Furrow,65.11603707,34.84572972,74.20454585,0.933428836,12.19902613,6.744532225,126.6356609,137.3235874,174.3039173,2.141515619,0
3967,East,Clay,Sugarcane,Zaid,Flowering,Drip,31.45029759,32.75743213,92.2965069,0.111310436,5.624535389,6.977982332,21.15920756,87.0170752,142.8337467,9.835018592,1
3968,East,Chalky,Sugarcane,Zaid,Vegetative,Furrow,12.81806021,37.08839696,89.80334167,1.19056607,1.030217394,8.417927314,5.957388445,21.36983781,78.44861427,6.827606173,1
3969,Central,Peaty,Cotton,Kharif,Vegetative,Sprinkler,51.18465547,32.14018585,77.16744215,3.843364118,16.89346662,5.749384575,55.87326279,1.014446894,136.5383649,2.941772381,0
3970,West,Peaty,Potato,Zaid,Vegetative,Flood,37.83790901,17.00250765,59.03065735,3.284664216,5.36611785,8.3253248,73.09112703,123.393239,108.9972953,3.882781724,0
3971,South,Clay,Wheat,Zaid,Fruiting,Drip,78.16602894,18.49336572,35.32006649,3.480729316,24.73955481,5.094937332,72.17988613,52.82718639,51.1205322,9.430669418,0
3972,Central,Sandy,Groundnut,Zaid,Flowering,Sprinkler,48.09390638,32.89423733,60.89267887,1.423013283,13.34250934,7.556005824,18.77501749,45.67006125,92.32817124,8.185996231,1
3973,West,Chalky,Soybean,Kharif,Seedling,Furrow,29.26674267,23.24937576,77.40139954,5.778472596,7.224424906,7.0315436,17.4744405,116.1060128,43.50345346,11.3968322,1
3974,Central,Clay,Maize,Zaid,Maturity,Flood,59.66072052,17.38935387,87.17519095,6.091428515,16.44193584,7.767584149,6.560505809,137.0778234,102.5861601,6.114421563,0
3975,West,Chalky,Groundnut,Rabi,Fruiting,Sprinkler,29.00444018,27.8880823,79.22840069,2.215584303,6.880498086,4.614742295,119.1203896,108.4665378,147.6488056,1.574052929,1
3976,East,Chalky,Tomato,Zaid,Vegetative,Furrow,73.2970304,31.62967794,34.64502014,10.65031062,20.50685735,4.812524172,132.6841793,25.20786037,7.512475883,8.704651542,0
3977,Central,Peaty,Cotton,Kharif,Flowering,Flood,36.23053794,24.86237965,64.97647357,5.164448828,7.705901273,4.778783118,16.19590283,56.74985257,156.9028404,3.804018305,1
3978,South,Sandy,Tomato,Rabi,Fruiting,Flood,48.49079939,36.61301107,44.91300946,6.242049601,24.70619331,6.871837822,29.8371316,110.1127901,4.098768362,4.562400088,1
3979,West,Loamy,Soybean,Kharif,Flowering,Furrow,13.54011727,34.31311824,20.69042505,1.624081583,15.12861964,6.91174427,12.58080386,131.5042431,106.0419291,3.163130791,1
3980,South,Silt,Sugarcane,Zaid,Seedling,Flood,39.82848666,24.98455083,35.01657018,0.003059111,21.11027872,8.124419557,122.850304,144.7970093,117.562725,4.398289395,1
3981,South,Sandy,Tomato,Zaid,Maturity,Sprinkler,68.26544778,37.64617587,28.49154875,10.02633345,1.820386739,6.370414058,134.2192227,74.17633154,156.0549092,10.12428523,0
3982,Central,Chalky,Soybean,Kharif,Fruiting,Drip,66.39541638,34.46085128,83.20393427,8.641793792,8.707485435,4.77219622,36.65152074,119.2660987,156.0109088,7.343846355,0
3983,West,Peaty,Onion,Zaid,Maturity,Furrow,25.70229912,34.12336136,39.38796891,0.657335555,18.43717715,5.338117606,42.50173619,6.761588203,85.5783664,2.200691176,1
3984,North,Loamy,Tomato,Rabi,Fruiting,Furrow,25.82553497,31.60283102,41.35234767,2.342864346,16.37647543,4.532292379,50.77375582,41.44458871,13.60636473,7.452640407,1
3985,South,Sandy,Soybean,Kharif,Flowering,Drip,67.21137185,15.34169004,91.99524288,5.413782913,4.856078036,7.606858101,70.34492631,53.86944349,142.1675313,7.969196911,0
3986,West,Silt,Cotton,Zaid,Vegetative,Flood,75.12788941,35.8952155,48.43150423,5.279357026,8.905073263,7.762397748,95.54453701,141.4509576,104.7521315,10.7330606,0
3987,East,Chalky,Wheat,Rabi,Flowering,Flood,16.67526449,26.28125373,20.71892301,9.84309192,6.586085187,8.491761665,70.61468166,0.492078991,68.27698362,10.45609988,1
3988,South,Peaty,Maize,Zaid,Vegetative,Drip,41.50410476,43.2782913,41.28846113,0.755673771,15.33425424,6.148777796,133.1402214,44.66300698,48.14912546,1.691626279,1
3989,South,Clay,Groundnut,Zaid,Vegetative,Drip,33.62179953,39.53954313,28.94746855,2.81006609,8.614205736,4.577193502,13.98508419,134.9097776,24.55043369,10.53367904,1
3990,South,Chalky,Soybean,Kharif,Vegetative,Furrow,70.94819188,32.63083409,27.71064213,0.511406406,7.72635605,5.438919526,111.8047717,44.46834408,60.50421193,1.559732074,0
3991,East,Silt,Soybean,Rabi,Flowering,Drip,15.84674403,22.56545945,25.81154676,2.468165074,5.184449511,6.851075471,46.82763271,32.63468104,93.99037315,2.695341826,1
3992,East,Silt,Potato,Rabi,Flowering,Flood,24.77881598,21.1115218,64.49446026,0.076113628,10.22567802,8.347771868,52.85667633,105.8628342,97.90987948,2.227050023,1
3993,Central,Silt,Sugarcane,Rabi,Maturity,Drip,62.67278363,25.21154513,34.20107927,11.42731582,4.887564755,4.914314206,99.23612212,108.0741395,119.4614809,2.998669647,0
3994,North,Silt,Potato,Zaid,Fruiting,Drip,13.59056943,,47.09320955,3.743764557,24.06423968,4.986292081,130.1127954,68.46579298,74.30605672,9.835881937,0
3995,Central,Loamy,Rice,Zaid,Vegetative,Sprinkler,44.47747665,23.8819653,84.65132871,9.479012959,3.862545287,7.307035941,100.268109,137.3030331,188.5790632,8.547312791,0
3996,North,Chalky,Maize,Kharif,Seedling,Flood,40.94749243,30.44788486,51.82536048,0.308870135,22.83261787,7.16882822,108.6204806,29.39252653,101.6532707,8.556586811,1
3997,South,Chalky,Sugarcane,Kharif,Seedling,Drip,33.40808253,19.96111277,88.67685125,1.290345229,10.71182745,5.502025421,105.1090939,132.4452959,86.86363322,11.14340381,1
3998,West,Sandy,Groundnut,Zaid,Vegetative,Sprinkler,37.62006207,44.33138438,57.345354,1.501337996,9.446649789,7.752579164,44.93700484,109.5486711,9.874433512,5.310361357,1
3999,South,Silt,Sugarcane,Zaid,Fruiting,Sprinkler,47.09584109,18.23773665,49.91274611,2.444435991,5.782995023,5.015115022,105.9702606,53.39020942,122.7980918,1.036161874,0
4000,East,Silt,Cotton,Rabi,Flowering,Flood,21.29571509,42.95832419,76.27916953,8.119367337,15.89390836,8.202967379,109.8329064,117.0017499,123.5881319,8.037452973,1
4001,North,Peaty,Sugarcane,Zaid,Maturity,Furrow,50.03971148,42.40734034,25.48813241,2.443346765,17.13820038,5.304127721,74.67604489,19.31431558,119.5743742,10.54881825,1
4002,South,Clay,Rice,Rabi,Seedling,Furrow,66.38026305,30.76081445,26.71087872,1.144887238,11.68927406,4.825409491,75.14587341,18.99246151,181.9573681,11.73886199,0
4003,North,Peaty,Sugarcane,Kharif,Fruiting,Drip,63.21126509,36.74730816,68.89802854,0.335991665,1.392672392,5.858088346,106.3609124,134.8408945,156.3946707,5.002820033,0
4004,Central,Sandy,Potato,Zaid,Flowering,Drip,20.77299333,28.08144894,56.52055349,0.41414657,22.96275377,5.251365154,114.3843207,13.74317364,177.818152,10.04367407,1
4005,East,Loamy,Maize,Zaid,Vegetative,Flood,20.44746288,33.90103733,79.28114377,7.136565332,24.50822832,6.6077649,47.20736188,0.591542993,12.18162417,10.34150486,1
4006,East,Clay,Onion,Rabi,Flowering,Furrow,28.77220574,25.21727812,88.7203128,2.942161286,10.77608538,7.247386149,112.2187105,56.40942128,65.21591861,2.588816252,1
4007,West,Chalky,Soybean,Kharif,Flowering,Sprinkler,35.27523084,24.03477059,49.12751583,6.476442102,15.34152019,6.463686314,113.9892609,15.05839129,65.33594846,7.946484108,1
4008,South,Peaty,Potato,Zaid,Flowering,Flood,38.5918907,32.34689359,64.73075199,5.733036013,11.25746566,7.142429327,32.77758973,125.1402915,134.6942368,2.904541091,1
4009,East,Peaty,Soybean,Rabi,Maturity,Furrow,57.57880518,29.94389023,57.55224708,0.727224454,8.046991272,5.959682058,100.3731043,133.7905594,91.96608498,5.912939,0
4010,West,Chalky,Onion,Zaid,Seedling,Sprinkler,13.96763025,32.38609107,93.62079917,0.770933018,1.932969821,4.611690389,26.11474906,69.95182283,159.3818837,10.67193611,1
4011,East,Loamy,Soybean,Kharif,Seedling,Drip,12.4270893,23.59981744,82.33133055,7.039470125,11.40169326,8.396256497,13.02687582,61.69337229,78.80826616,9.684138234,1
4012,Central,Chalky,Soybean,Rabi,Maturity,Flood,37.43373941,26.00873495,88.38032812,6.387527926,20.45961391,7.777654018,80.43602169,78.16069516,45.42955335,7.273734027,1
4013,South,Loamy,Groundnut,Rabi,Fruiting,Flood,58.80145845,17.51693882,39.07550657,2.374323259,0.425786527,4.793675296,127.2113078,32.7982206,59.644969,9.895800808,0
4014,South,Chalky,Soybean,Rabi,Flowering,Drip,23.54047401,16.56829117,77.93948174,0.402918196,14.55269208,6.296705585,4.964263294,43.20504991,37.40629386,2.681102597,1
4015,North,Clay,Tomato,Kharif,Vegetative,Furrow,54.90531369,22.60371389,39.91049187,0.060858992,22.01930272,7.04007628,115.7102293,14.64168972,40.56800181,3.144113043,0
4016,West,Silt,Wheat,Rabi,Maturity,Sprinkler,28.18796966,17.22740578,35.65569001,1.699489133,5.43873575,5.262377082,70.9059695,64.73526321,44.45197766,3.297512707,1
4017,Central,Loamy,Tomato,Kharif,Flowering,Sprinkler,72.02602762,18.11324126,90.81996197,0.04632531,4.581396617,6.811954445,120.5253628,88.69528527,3.299415859,9.536149109,0
4018,North,Peaty,Cotton,Zaid,Flowering,Furrow,72.6982961,39.38785216,21.44783125,1.307295409,19.30691564,6.634594472,118.0867709,134.8824415,146.7980471,10.80062055,0
4019,Central,Peaty,Wheat,Zaid,Seedling,Flood,30.8101043,16.16621091,92.40415277,2.719333765,6.377160778,5.333060754,122.5401527,107.1656097,81.91848017,7.191199525,1
4020,North,Silt,Potato,Rabi,Maturity,Furrow,26.09956278,34.76828382,31.19464227,0.647217456,4.799606689,5.064841237,107.6423537,104.8442414,4.647623036,11.53768787,1
4021,North,Silt,Sugarcane,Zaid,Vegetative,Furrow,38.79127804,23.17673246,81.45785613,0.550624558,9.449731264,7.535849158,118.0189296,44.6598495,75.85154662,9.008332763,1
4022,South,Loamy,Maize,Zaid,Maturity,Furrow,26.83721096,41.14637042,40.69419148,11.33789682,9.812550307,5.790345785,24.64352901,128.8025281,185.6004661,7.200522172,1
4023,Central,Silt,Maize,Zaid,Vegetative,Sprinkler,57.06686903,29.54976854,46.30267456,4.403050003,21.85252658,5.476162135,42.53944084,137.308576,104.805085,7.727495795,0
4024,West,Peaty,Potato,Rabi,Flowering,Sprinkler,67.82452792,24.16729378,36.25682835,13.62514414,15.4610868,7.451513411,33.94806391,135.1781258,202.2841623,10.34487569,0
4025,West,Loamy,Sugarcane,Rabi,Vegetative,Drip,57.11644916,30.52916807,63.91355319,2.121910791,10.14903641,7.444274768,103.9399625,5.626438846,110.6916835,1.991987782,0
4026,North,Clay,Onion,Kharif,Flowering,Sprinkler,67.70453131,26.45874057,46.10716606,5.652758894,13.35969911,5.605606625,21.51003671,87.63084226,197.3737948,2.848192357,0
4027,North,Sandy,Groundnut,Zaid,Vegetative,Drip,37.78945135,31.92903194,69.30447796,1.145127044,23.84913083,7.990273845,25.51189065,93.26764033,41.3691494,3.929244822,1
4028,Central,Loamy,Wheat,Kharif,Seedling,Sprinkler,20.94218795,18.43598605,21.17354885,4.816129752,2.830366915,7.25300066,123.0550609,42.78444823,59.43663661,10.84253442,1
4029,South,Chalky,Soybean,Kharif,Maturity,Drip,61.65656632,44.90971508,24.82811626,0.693930041,5.192888043,5.883056871,98.82350701,143.8997666,143.4938726,11.39439468,0
4030,South,Clay,Rice,Zaid,Seedling,Furrow,35.23321536,27.76667633,27.47458645,0.010414034,24.06321766,6.209958601,122.5531969,42.22218153,202.2984315,4.917876033,1
4031,Central,Peaty,Tomato,Kharif,Fruiting,Flood,56.98895777,25.44691919,51.4245264,13.40692948,23.93312121,7.406838744,19.50973616,31.40869044,169.1859693,11.16242949,0
4032,Central,Loamy,Rice,Rabi,Maturity,Furrow,28.94507594,36.30629545,81.10971295,4.04721834,4.429135532,5.346335332,55.85725664,70.20111931,113.5095817,7.015325811,1
4033,South,Loamy,Maize,Zaid,Maturity,Flood,15.68607444,25.91698219,86.61334328,13.08241665,3.627720428,6.37504317,39.64116381,46.85637007,17.45628594,6.206011186,1
4034,North,Loamy,Soybean,Zaid,Vegetative,Furrow,79.48072568,39.99822915,38.3608055,2.031063365,10.52712836,7.114233369,1.355351939,133.9842717,74.69771755,10.16041146,0
4035,South,Silt,Tomato,Zaid,Flowering,Flood,20.93410556,28.62812173,63.07772932,1.985893198,1.242957312,6.657994192,39.83321446,63.81112604,17.71726862,7.006917806,1
4036,East,Silt,Onion,Rabi,Vegetative,Sprinkler,79.18946958,36.5867524,77.62737445,2.559589448,16.37258831,6.933313384,53.14165528,59.47168543,63.81267918,5.999305288,0
4037,East,Peaty,Rice,Kharif,Maturity,Flood,78.40959528,18.22359649,41.66220724,6.121574613,1.937400542,6.684849998,12.91074921,90.75000887,53.05238064,1.175598547,0
4038,Central,Clay,Onion,Rabi,Seedling,Flood,65.56726727,40.38357557,50.67558026,4.171349535,1.450740677,5.296909775,79.3082581,11.76162733,79.65383581,1.141874286,0
4039,East,Loamy,Cotton,Kharif,Flowering,Drip,56.15960735,37.0715396,59.2980652,12.97505246,12.12967341,-5,53.64417275,109.7262773,171.6417009,7.903505401,0
4040,West,Sandy,Maize,Rabi,Vegetative,Furrow,50.44649352,21.35150335,30.11561348,0.128850583,23.9446659,6.627941982,6.504632719,111.4178292,30.82721762,1.807586239,0
4041,East,Sandy,Rice,Rabi,Seedling,Drip,70.62710818,19.35858029,21.94867203,6.158363612,10.6698984,7.620250969,98.55704108,68.73374604,62.74310951,9.106398396,0
4042,South,Sandy,Sugarcane,Zaid,Vegetative,Flood,30.26076651,24.48877046,31.4604357,2.004833874,8.912028967,7.115616949,102.0991767,138.5762014,53.52903509,7.845756096,1
4043,East,Silt,Tomato,Rabi,Maturity,Flood,42.73768487,44.28211758,67.01402159,0.993679603,24.94891789,6.206363781,116.826002,84.00417107,60.70903766,6.03502486,1
4044,North,Peaty,Groundnut,Rabi,Vegetative,Sprinkler,53.35729786,22.70494724,25.52136962,3.570788034,13.29922402,8.397599329,67.97568398,100.8092859,73.92781234,8.807840074,0
4045,Central,Loamy,Maize,Kharif,Seedling,Sprinkler,38.78333331,28.68381627,34.22722736,3.516631908,9.381035172,4.931182087,135.6122316,134.0300185,50.08390874,11.92378479,1
4046,North,Peaty,Sugarcane,Kharif,Seedling,Furrow,39.92405179,15.90060677,45.33904143,0.736766837,9.646520334,5.327219474,127.9689802,96.6200748,193.2291608,3.70992451,0
4047,East,Silt,Sugarcane,Rabi,Seedling,Furrow,33.11992673,26.91682589,25.84025482,1.127582173,4.873987401,5.86525044,77.18922751,62.61477112,86.12085135,7.127612702,1
4048,North,Loamy,Tomato,Zaid,Vegetative,Furrow,49.49622717,32.13960046,34.37744534,2.622634165,12.80557644,5.414288308,62.29327035,3.591820467,23.39321937,10.27141497,0
4049,West,Loamy,Soybean,Zaid,Maturity,Sprinkler,69.54021696,43.59373838,88.34523417,2.628101067,10.9713757,7.001767987,0.424819906,105.6034008,95.87001506,1.18562395,0
4050,North,Chalky,Maize,Kharif,Fruiting,Sprinkler,24.10698646,30.50208135,21.44743492,1.910389709,6.769882409,4.658202917,99.53923444,139.9055717,37.80853988,3.238591616,1
4051,West,Peaty,Groundnut,Kharif,Fruiting,Drip,75.41031271,39.57321979,69.00739431,0.804044031,4.013502165,5.209747137,79.09363057,68.18409291,44.30678171,6.730545218,0
4052,South,Sandy,Rice,Zaid,Fruiting,Furrow,58.23613576,31.41382928,48.83066982,0.021916358,7.780971717,5.673388951,131.2561804,49.26645248,58.43349062,7.074706274,0
4053,North,Sandy,Wheat,Kharif,Flowering,Furrow,67.62912489,16.2235504,70.44865546,17.57212085,12.71708319,7.2333831,83.19249753,75.29261683,25.57577049,1.949665905,0
4054,East,Chalky,Groundnut,Kharif,Maturity,Sprinkler,48.93334848,24.45024826,64.15187903,14.36750504,1.458331807,8.00345953,138.9998531,105.6233948,147.8293812,5.481724782,0
4055,South,Clay,Wheat,Kharif,Maturity,Flood,64.5661691,32.26648523,36.76240658,3.304855916,3.843600715,7.693967082,119.5346981,0.1001188,162.3490273,6.717632338,0
4056,Central,Clay,Wheat,Zaid,Flowering,Furrow,11.13402781,43.51781898,83.54071157,26.54360981,23.69143167,5.228323733,133.503711,128.6456998,80.82840899,5.652732687,1
4057,Central,Peaty,Onion,Zaid,Fruiting,Drip,67.28662973,40.77391079,56.8955287,5.598990622,13.57138378,6.761623034,45.87278798,128.5226147,141.2434706,8.706558814,0
4058,East,Chalky,Groundnut,Rabi,Fruiting,Drip,12.80972014,21.85066843,81.69020142,0.356714963,1.586232592,4.620090581,20.90703927,78.48820037,79.73562948,9.485002775,1
4059,West,Loamy,Onion,Kharif,Flowering,Furrow,72.29393635,21.6032949,50.45094021,0.626218859,17.32719397,5.742147101,111.5620959,17.7449211,33.63585135,6.062877812,0
4060,North,Silt,Cotton,Rabi,Seedling,Sprinkler,79.43739231,21.03518901,93.85141654,12.39129461,1.545071752,7.723935179,110.0675944,97.41184022,81.41945257,5.682257006,0
4061,Central,Silt,Potato,Rabi,Maturity,Sprinkler,30.58472235,42.67496689,77.78670189,4.971966851,18.47185568,6.326662855,29.60285152,19.98762113,114.1824161,8.759000379,1
4062,North,Clay,Groundnut,Rabi,Fruiting,Furrow,24.72229894,40.57998459,92.44626538,9.263398773,18.74906804,5.099765289,107.0642516,73.59433696,8.403834386,7.108325948,1
4063,South,Clay,Onion,Kharif,Fruiting,Drip,63.57543547,38.24650297,58.57448592,11.42714795,16.27697439,6.254213526,81.47627013,13.57634594,134.1693001,10.57483391,0
4064,North,Silt,Onion,Zaid,Flowering,Flood,27.71184386,26.78205343,55.52683492,2.970510931,18.30511362,5.292131702,15.33352029,85.41447405,152.2346336,6.292607666,1
4065,Central,Chalky,Soybean,Kharif,Vegetative,Flood,70.58936682,30.13142113,76.6590357,0.248714335,2.199144525,6.072765831,70.24970366,46.12005214,176.2939028,7.317602232,0
4066,West,Sandy,Cotton,Zaid,Maturity,Furrow,17.19898145,28.92995234,86.02184473,1.043001278,18.16951381,6.451333891,130.3593201,120.4937551,21.06796485,2.416857235,1
4067,Central,Peaty,Tomato,Kharif,Maturity,Furrow,18.81686375,22.60194323,92.31093469,0.344456958,3.417207993,5.89823245,70.90405636,115.9921883,0.019186741,10.19596966,1
4068,East,Clay,Sugarcane,Zaid,Maturity,Flood,78.54060886,30.15084138,44.34139295,1.045832471,8.487647682,8.247875802,110.4178585,144.7787119,15.01960565,5.645213449,0
4069,Central,Clay,Tomato,Rabi,Seedling,Sprinkler,57.16872288,15.91489644,79.90284304,2.642682077,23.56863134,6.75012119,4.04739813,37.33796033,189.4439448,8.909696221,0
4070,North,Silt,Tomato,Kharif,Vegetative,Furrow,69.28210571,18.9543112,,0.628931945,12.57188694,7.871570696,101.9313978,8.961158453,156.9389228,5.72431024,0
4071,North,Sandy,Potato,Zaid,Maturity,Flood,32.70305641,41.59768789,60.91807601,0.912007287,24.1856608,7.542914188,132.5572341,64.23547345,171.2643076,1.011134527,1
4072,West,Silt,Potato,Rabi,Seedling,Flood,57.35386247,37.55039301,33.48861113,2.951344755,2.223061472,7.144665237,69.93388989,12.09348357,105.9878284,5.404512753,0
4073,Central,Clay,Groundnut,Rabi,Seedling,Furrow,51.59692791,27.68605227,46.05480213,2.078872466,11.93891499,6.487554993,47.27938782,25.88245868,107.9775743,2.622524146,0
4074,South,Chalky,Onion,Rabi,Seedling,Drip,52.22050841,30.51451087,89.85187754,3.152346862,1.560058007,4.508695135,90.53107068,86.6085205,61.19364592,5.384765872,0
4075,South,Silt,Groundnut,Rabi,Maturity,Furrow,57.77727217,26.09996658,30.95680248,2.803336946,15.75525656,6.953870402,128.2765701,85.85897344,172.7643757,4.534783343,0
4076,South,Peaty,Soybean,Zaid,Maturity,Sprinkler,50.27514212,37.22339601,67.43006714,5.1708411,1.967675034,5.923829812,24.74775107,6.282484271,170.1027645,3.228021165,0
4077,East,Clay,Potato,Zaid,Flowering,Furrow,40.03436585,38.52561538,64.47157047,13.838169,4.384195064,4.971048667,56.5171894,64.22118896,80.39512587,2.361493069,1
4078,South,Clay,Tomato,Rabi,Flowering,Flood,29.31458861,37.89855571,29.05537645,0.570685355,6.470757752,6.278505054,21.88063934,76.88171047,67.49974945,9.014173445,1
4079,East,Clay,Rice,Rabi,Vegetative,Flood,63.80069316,36.67835175,44.44842828,0.522693985,18.71859629,7.442213289,69.53159251,38.86351448,151.3665206,9.303463325,0
4080,South,Clay,Tomato,Rabi,Flowering,Sprinkler,25.8390701,21.13513016,62.22361284,9.580022946,4.09905297,8.346711179,75.65908182,126.4462614,5.364468359,3.914972557,1
4081,West,Clay,Wheat,Rabi,Maturity,Furrow,58.46480143,25.13909938,34.03839567,3.530115651,21.16580133,5.996419564,132.1885061,23.35930391,176.2895242,6.447092472,0
4082,Central,Loamy,Potato,Rabi,Flowering,Flood,26.33329759,29.09536305,80.04677423,7.270832666,3.297598471,6.670893195,57.75212153,36.81576173,91.48083781,6.104780422,1
4083,East,Loamy,Soybean,Kharif,Vegetative,Furrow,53.7731119,150,92.91173822,1.213045813,0.881111227,7.904977533,79.3739259,22.76419018,90.47557054,4.907723282,1
4084,North,Silt,Sugarcane,Zaid,Maturity,Drip,62.2954787,37.648206,36.106955,8.826441898,9.876135474,5.83599768,123.9367604,16.89926191,137.1609587,4.054009,0
4085,East,Chalky,Groundnut,Zaid,Fruiting,Flood,25.30997222,24.88060573,34.01839736,-999,24.48604105,5.06902898,44.99670002,127.4519817,132.3786189,3.046349169,1
4086,Central,Loamy,Cotton,Kharif,Fruiting,Flood,14.19603106,19.1469626,54.12013038,5.04591066,2.758555695,5.627527325,94.38294166,40.28957894,54.52468354,10.60181882,1
4087,East,Clay,Potato,Zaid,Fruiting,Flood,19.16816201,26.97121356,76.08239579,0.559570951,2.542961101,8.096491319,106.0026588,104.7659828,193.3721139,10.16643736,1
4088,East,Clay,Onion,Rabi,Vegetative,Drip,52.41978771,44.39743298,41.12004577,11.28303316,18.77916277,5.137572434,46.27395286,62.05744216,202.1976458,5.588973513,1
4089,Central,Clay,Tomato,Zaid,Vegetative,Furrow,69.46124844,21.77644239,21.49099315,7.862823979,7.80404235,5.816884244,23.00776597,92.20165471,107.8277479,8.933213822,0
4090,South,Loamy,Rice,Rabi,Maturity,Drip,13.14977749,33.36475977,60.5915471,6.949058228,17.93204043,6.358561242,70.40733587,134.5855484,115.0830636,6.481652906,1
4091,Central,Loamy,Rice,Zaid,Fruiting,Flood,61.39058813,27.9891915,91.74504258,0.187098262,5.000264736,7.888452894,49.95224222,122.4681407,113.6351825,1.939215918,0
4092,West,Chalky,Maize,Kharif,Seedling,Flood,33.89230522,17.13073703,49.34576416,8.021319734,11.50179985,8.250853135,37.30474045,10.0030269,99.58641868,10.04629559,1
4093,South,Sandy,Tomato,Zaid,Flowering,Flood,43.49698589,29.63629818,51.51009156,0.742215888,6.632246944,6.203241239,136.2789835,122.5543676,193.763346,3.411986984,1
4094,East,Clay,Tomato,Rabi,Fruiting,Drip,,36.06492986,92.66762878,1.257626242,11.28820537,8.227816193,70.30142262,65.51440972,50.17425204,8.774992618,0
4095,Central,Chalky,Wheat,Kharif,Fruiting,Drip,33.23800533,30.39659927,72.09557087,4.303509547,19.22742731,5.145836379,119.9068771,50.7711304,22.13142613,6.801377614,1
4096,West,Chalky,Rice,Rabi,Fruiting,Furrow,42.57358538,41.16318191,73.93789421,1.539293104,19.05024851,5.127409168,27.34443748,97.49624919,190.5571933,8.595939668,1
4097,West,Sandy,Cotton,Zaid,Fruiting,Furrow,10.95776903,23.6681105,62.2026504,5.413914284,12.89430719,8.297003279,131.5219871,137.7801416,43.67285441,6.183233613,1
4098,North,Chalky,Wheat,Kharif,Maturity,Sprinkler,15.7119104,17.58747514,93.09569081,4.683365844,23.20929609,6.538720534,111.2204008,13.64964715,153.5768475,8.728172633,1
4099,West,Sandy,Sugarcane,Rabi,Flowering,Flood,28.10141138,43.09696835,71.66498633,0.572284356,6.594602561,5.243631341,113.2169019,111.3711694,41.79402839,1.360938082,1
4100,North,Chalky,Groundnut,Zaid,Fruiting,Furrow,11.94965686,26.34589049,87.12745637,5.335780025,6.007783778,6.451961482,54.56708253,29.50866446,196.8381332,1.44938233,1
4101,West,Chalky,Onion,Kharif,Maturity,Flood,54.19627282,32.29216654,72.45341493,12.88214411,15.34516003,7.632844622,67.98917903,55.11973781,162.1799629,10.85973962,0
4102,Central,Sandy,Onion,Zaid,Fruiting,Drip,39.84788498,38.76009378,75.13368686,0.878377883,15.53242586,7.807681463,83.06960563,126.7043374,188.3372253,9.246634176,1
4103,East,Chalky,Sugarcane,Kharif,Seedling,Sprinkler,48.37016419,24.72940992,41.78081916,4.544863135,1.163500989,7.955877027,110.5671751,79.14088168,194.9518881,10.11314272,0
4104,South,Clay,Rice,Zaid,Maturity,Flood,22.22530301,36.48493615,,2.091728833,15.19444281,6.778283612,118.8679453,9.781213953,17.30699878,6.022439256,1
4105,West,Loamy,Onion,Kharif,Seedling,Flood,30.71524206,19.06256549,78.72384872,3.077336358,9.360903934,7.967784057,10.92634331,73.66703977,88.84471544,6.056115481,1
4106,West,Clay,Sugarcane,Rabi,Fruiting,Furrow,56.46771324,23.73881242,42.25297169,1.691370549,18.68606313,6.540120835,126.5687343,114.4980757,132.8605691,6.874044391,0
4107,North,Loamy,Soybean,Zaid,Flowering,Sprinkler,77.57119065,19.34131908,62.20775531,2.185790095,20.20264161,6.92823961,131.2495314,76.68768523,164.5035013,3.680282514,0
4108,East,Chalky,Potato,Zaid,Maturity,Sprinkler,13.52917415,39.33691675,38.70142332,0.146690023,13.80384549,7.534879209,83.00423661,24.19893965,49.5017076,9.068527483,1
4109,Central,Clay,Rice,Zaid,Seedling,Drip,72.32690246,21.67947706,81.27375356,19.96392554,0.042625788,6.201741171,26.14508586,64.53095588,187.4939962,10.12399844,0
4110,Central,Peaty,Maize,Kharif,Seedling,Drip,50.38168409,150,28.28760134,4.901479271,15.90914525,4.794325949,114.5780766,134.0300784,45.30014747,10.97946502,1
4111,East,Peaty,Sugarcane,Kharif,Flowering,Flood,49.47436967,43.29895192,82.20849798,3.472796791,18.72203199,5.900665427,76.80226604,95.43957856,177.5661623,6.687372332,1
4112,Central,Clay,Rice,Zaid,Maturity,Furrow,45.01949746,30.83316627,65.20473504,2.420231636,6.224581656,6.995776867,114.4075035,105.8335434,105.1060788,5.560341563,1
4113,South,Clay,Groundnut,Kharif,Vegetative,Sprinkler,14.85758601,31.20087577,34.01821511,3.875850291,11.61615003,5.269329479,114.0731377,113.9607936,105.6615452,10.14026569,1
4114,Central,Clay,Rice,Rabi,Seedling,Furrow,16.29137962,28.83100704,60.65265391,2.391033906,24.14316559,5.093541454,12.1421042,13.15054651,76.67115117,9.279323581,1
4115,South,Peaty,Onion,Zaid,Maturity,Sprinkler,52.0638404,24.7767043,41.18741276,2.230716248,7.452888835,5.672322178,84.98299997,84.32280109,21.21857244,10.54000542,0
4116,West,Clay,Onion,Rabi,Vegetative,Drip,33.8671,29.26965093,44.2600501,3.117606936,5.578831276,4.628445849,67.6402019,54.50770301,71.15346294,8.213041632,1
4117,Central,Silt,Maize,Zaid,Maturity,Flood,74.20876466,33.08422597,46.36460312,1.614702264,5.271369762,7.473691592,132.4567258,20.17807873,87.48102657,10.71644634,0
4118,Central,Silt,Rice,Zaid,Fruiting,Sprinkler,38.46133762,44.57974717,24.74894352,0.992558971,13.97002086,5.534862409,41.52978087,29.39288595,98.19931659,1.979458326,1
4119,South,Silt,Potato,Zaid,Seedling,Flood,20.02970211,43.13293678,93.94712633,4.06648142,23.74467753,4.996953587,28.84001487,113.2682687,151.5145345,8.475177355,1
4120,West,Clay,Groundnut,Rabi,Vegetative,Drip,60.03031835,40.86458875,22.36509711,9.250082757,15.21725323,7.296517664,125.5921598,23.41592027,72.17437265,1.976745973,0
4121,West,Chalky,Onion,Kharif,Flowering,Flood,30.5347395,41.67391607,69.68726549,0.829258725,7.583078006,7.87171205,20.82017965,45.30069805,83.35153636,9.237984076,1
4122,North,Sandy,Potato,Rabi,Flowering,Drip,46.78292151,29.0354755,47.84207358,0.16641048,15.96424445,4.579502383,96.11272422,41.30663405,185.7502135,7.912882571,1
4123,West,Sandy,Potato,Rabi,Fruiting,Furrow,58.84829499,34.72332982,68.45077182,1.41720038,15.62105744,5.434399083,42.00277394,7.051402768,154.2762954,1.175912237,0
4124,East,Loamy,Potato,Rabi,Fruiting,Flood,73.01848778,41.85200169,46.71861898,19.49075915,14.92312839,8.280929299,79.49840577,67.01297514,4.685432748,7.591870847,0
4125,North,Chalky,Onion,Zaid,Vegetative,Sprinkler,65.45338364,26.78852295,70.53129847,8.823389744,3.985655172,6.041016544,86.2707206,111.0598271,166.4781953,2.609077894,0
4126,West,Silt,Sugarcane,Kharif,Seedling,Flood,57.34527475,43.85287435,74.69266321,4.530044526,15.86416998,8.254368254,58.43169947,3.212131749,202.9385045,2.566525618,0
4127,South,Peaty,Groundnut,Kharif,Seedling,Furrow,57.57432277,27.47358186,71.79144803,13.24293705,10.75411131,5.596850153,136.4950972,16.31996032,192.652387,2.655093128,0
4128,East,Silt,Soybean,Kharif,Flowering,Furrow,76.21472508,33.03247996,28.5471486,2.946451025,0.464801466,5.372270542,18.45664353,104.4270685,171.3709594,6.322059625,0
4129,North,Silt,Soybean,Kharif,Fruiting,Sprinkler,30.70768682,36.2941414,69.2669926,20.45592856,13.49411218,5.356433647,54.79587247,86.06924365,128.9806182,2.270722794,1
4130,Central,Loamy,Maize,Rabi,Flowering,Sprinkler,10.07784659,43.51776039,40.99906621,1.757030281,24.73166863,4.840914642,60.25534576,103.710904,57.02938504,2.382213233,1
4131,South,Chalky,Onion,Kharif,Vegetative,Sprinkler,29.03681916,22.33848822,22.16010279,1.374196143,8.743489771,8.085729154,88.34657286,33.36507346,134.1582753,3.817847847,1
4132,East,Silt,Soybean,Rabi,Flowering,Drip,25.25239657,37.38392935,51.11230039,5.081221142,24.13898046,8.419340091,57.01636615,116.5464736,142.5964565,1.009440462,1
4133,South,Sandy,Onion,Rabi,Flowering,Sprinkler,56.32842096,30.62446758,52.51573271,2.375313769,2.405143542,8.318035229,13.58504159,69.58130372,57.71942301,4.033687437,0
4134,North,Peaty,Soybean,Kharif,Fruiting,Flood,54.35981198,23.05671422,55.03806,4.922386722,18.3112529,7.908112559,132.6401997,88.49378626,52.342573,7.802485435,0
4135,East,Sandy,Sugarcane,Kharif,Fruiting,Drip,51.54229679,38.29820519,72.8618124,1.819184925,2.858249867,7.887551631,58.25107143,13.36224549,81.36939111,7.617276167,1
4136,North,Silt,Cotton,Rabi,Seedling,Sprinkler,11.13704102,31.56666841,43.16328569,4.81060353,6.839289339,7.144341869,47.97432181,29.72957959,131.4351287,11.66487013,1
4137,North,Clay,Onion,Kharif,Seedling,Sprinkler,61.01446381,34.82921462,43.64603848,1.613067396,14.27102088,7.804854848,62.54109738,112.1368928,60.0777652,2.315930869,0
4138,West,Peaty,Sugarcane,Zaid,Seedling,Drip,32.64712887,24.68703206,24.54141922,0.261585243,14.81949235,5.333369457,30.3233955,32.46672397,113.911637,10.52128465,1
4139,South,Peaty,Groundnut,Kharif,Flowering,Drip,56.55391923,29.43821855,71.5115912,12.15981999,19.38028293,6.051650522,14.03103585,13.41682499,184.3436674,5.303087359,0
4140,West,Loamy,Cotton,Kharif,Flowering,Sprinkler,48.96049,33.52062753,62.58695685,10.73668373,15.38278518,7.063345173,20.80098708,86.59447593,60.4955666,5.257399168,0
4141,West,Loamy,Potato,Zaid,Maturity,Drip,33.99116478,27.14732443,46.20688345,17.66761595,14.84036761,7.99908533,23.33167578,79.45079484,198.0246159,4.83691972,1
4142,South,Peaty,Cotton,Kharif,Vegetative,Sprinkler,19.4203387,20.9511762,,6.3031951,22.80882717,7.141877849,27.67428135,88.1446197,97.03633563,2.372101846,1
4143,East,Peaty,Potato,Kharif,Maturity,Sprinkler,16.60932284,43.84921477,60.30183119,5.739871631,11.30401881,7.856087833,58.79442971,89.65429697,20.68620922,6.263555408,1
4144,South,Chalky,Onion,Kharif,Vegetative,Sprinkler,68.20628332,30.3440262,55.19337094,4.093586826,5.631644467,6.395798063,87.34589767,72.52861515,11.28307571,9.661157663,0
4145,Central,Sandy,Potato,Kharif,Fruiting,Furrow,74.28782795,37.01761111,58.34934077,0.673045102,4.044714626,7.369214951,88.04429732,71.59721848,69.42827543,10.62975648,0
4146,East,Silt,Groundnut,Kharif,Flowering,Drip,55.48516327,27.33141581,67.7261094,1.048887081,9.99986492,8.419923226,0.013659739,134.004007,53.04558613,11.59145184,0
4147,West,Peaty,Groundnut,Kharif,Maturity,Flood,17.24038804,25.65395292,69.50019534,1.708718352,17.81881888,5.113954229,128.9340734,77.41285011,172.9612321,9.638217343,1
4148,North,Chalky,Onion,Zaid,Flowering,Furrow,38.14190518,27.21492895,41.67183644,11.04348701,1.063587123,8.207682769,115.1986053,89.50852935,151.2158764,7.854008762,1
4149,North,Clay,Rice,Kharif,Maturity,Furrow,61.02574401,27.27589931,30.55575225,0.94956867,3.226334663,6.589455791,134.9513255,38.71056183,181.3319888,6.472871577,0
4150,West,Silt,Wheat,Zaid,Seedling,Flood,64.58746188,31.32540348,31.74756359,12.81152064,2.652836503,7.072872123,50.39808826,126.3085141,120.7969671,10.62386977,0
4151,East,Peaty,Maize,Rabi,Vegetative,Furrow,18.27530356,31.3040961,67.95431644,3.69894846,14.63125383,8.011476028,93.07189874,3.533373436,89.26873576,9.134649675,1
4152,Central,Chalky,Maize,Rabi,Seedling,Drip,10.00215032,29.91461448,85.46549643,6.286334099,6.071616263,6.13861669,23.5229049,80.79788053,55.46642526,2.773839936,1
4153,East,Loamy,Maize,Zaid,Flowering,Drip,59.84959321,19.04357355,50.71222088,0.584042791,4.156485708,6.1747703,114.3846238,55.6582928,119.5373111,8.508055421,0
4154,South,Loamy,Potato,Kharif,Fruiting,Flood,34.96173232,29.88226436,32.71401202,1.566938573,14.81926799,6.608727345,22.59148121,87.56610836,126.6950795,5.741424577,1
4155,Central,Loamy,Wheat,Zaid,Fruiting,Drip,27.81369321,20.07311701,76.74518737,15.91255171,19.03274789,4.576408338,45.63799811,52.22494722,80.55425057,7.553796452,1
4156,South,Clay,Rice,Zaid,Seedling,Furrow,10.90282289,18.78407359,82.43671058,1.547252793,8.303872911,6.486664724,68.71687983,104.0647472,192.0020615,10.88188392,1
4157,East,Sandy,Rice,Zaid,Maturity,Furrow,47.82095847,42.97937152,86.04368323,1.758591388,14.45511514,5.66434906,83.23443364,2.948059231,131.1906906,8.178276036,1
4158,West,Silt,Soybean,Zaid,Seedling,Flood,69.58055148,33.14850039,65.51235717,1.100723916,2.45311033,8.21181673,78.3486234,58.85396862,171.6836461,11.32596714,0
4159,West,Sandy,Groundnut,Zaid,Fruiting,Sprinkler,77.03421524,34.78470174,84.55464195,0.690989406,23.37977576,4.850941195,14.29344164,120.533222,127.1801032,10.53006643,0
4160,South,Sandy,Wheat,Kharif,Seedling,Drip,49.60214654,27.05381011,21.15612188,1.32802221,8.422404633,6.337281848,59.0346404,36.27910408,64.89004099,2.417913763,0
4161,Central,Sandy,Wheat,Rabi,Vegetative,Sprinkler,46.01229294,42.26942676,28.04268513,5.140679079,24.93764233,8.289872682,129.207297,7.648877365,151.0069274,1.128171052,1
4162,South,Loamy,Tomato,Zaid,Seedling,Furrow,15.95394698,34.13791469,26.94320503,-999,24.4646939,8.104141001,122.1315939,71.99599081,47.20217883,5.228525495,1
4163,Central,Silt,Groundnut,Kharif,Maturity,Furrow,48.42109611,38.07509609,73.44535132,4.034445123,19.47058623,7.305393769,82.70969326,141.5973518,122.3049198,10.51862987,1
4164,North,Loamy,Cotton,Zaid,Flowering,Furrow,36.59853553,26.05687407,25.21863377,0.652621471,0.501677385,6.857444208,80.12544056,9.302991423,82.48510032,3.53138592,1
4165,East,Sandy,Groundnut,Zaid,Seedling,Flood,52.49946966,43.80035642,57.22732793,8.100382691,13.58687301,5.622923749,15.63452557,10.15819145,30.7263981,8.605399141,1
4166,West,Chalky,Cotton,Zaid,Vegetative,Furrow,37.21084435,39.6138387,55.4530174,7.66457698,2.170910511,5.967828451,28.03632332,86.29190192,84.71431798,6.235949061,1
4167,West,Chalky,Sugarcane,Rabi,Maturity,Drip,26.82093864,40.61845389,43.30276427,0.109131915,22.37845065,4.860539459,35.36956396,36.25981837,63.60757004,9.206855365,1
4168,Central,Peaty,Tomato,Kharif,Vegetative,Sprinkler,16.64756927,20.16582802,85.28038775,2.418607204,19.74090632,7.644433191,68.34740199,59.48352888,23.00552675,2.814745669,1
4169,North,Clay,Cotton,Kharif,Maturity,Sprinkler,32.04429112,23.12889624,32.78249014,0.356248162,24.30850941,5.795479072,102.3898467,120.4235372,168.8847869,3.630001429,1
4170,West,Chalky,Groundnut,Zaid,Fruiting,Drip,16.7651384,23.56879799,46.43470883,7.853629418,15.20957383,7.171127596,64.50154978,28.83305921,102.2094241,3.667769164,1
4171,South,Chalky,Wheat,Kharif,Fruiting,Sprinkler,22.38278656,23.1272767,78.0628625,6.68313592,13.05432011,5.930379109,17.64854586,104.2984909,71.00303582,7.033123949,1
4172,South,Chalky,Wheat,Rabi,Flowering,Drip,79.1135311,40.66224486,22.28167358,11.6133316,12.9743464,6.357321766,61.50884278,73.15039942,103.5176712,4.185869036,0
4173,West,Clay,Potato,Zaid,Flowering,Sprinkler,41.08724898,15.95654386,70.47128002,1.348581859,9.661209361,6.72000989,22.76865552,131.2188654,154.6895391,9.928946101,0
4174,Central,Chalky,Onion,Zaid,Maturity,Sprinkler,47.23102366,17.28299967,81.22982948,3.046750415,11.71725168,7.707409634,105.1606292,141.07949,3.75055561,4.81473641,0
4175,East,Sandy,Tomato,Zaid,Vegetative,Sprinkler,71.15329701,23.21744612,89.92008791,1.019694958,15.88531458,5.34462551,23.31012046,70.31931392,112.0841109,8.269362637,0
4176,North,Loamy,Maize,Zaid,Vegetative,Flood,79.68982303,20.99618924,85.72224804,2.319987984,23.32369019,6.095061547,67.55475854,84.77382357,98.22591057,11.43352075,0
4177,East,Silt,Groundnut,Zaid,Seedling,Furrow,50.79001145,21.95578842,43.95380876,3.693267853,14.89710846,5.020326288,97.07790437,108.1471684,183.0793893,7.676160894,0
4178,North,Loamy,Rice,Kharif,Fruiting,Furrow,66.87316747,38.93829568,63.9773106,0.274027749,21.42789856,4.80304202,31.94772895,46.20775057,113.9741901,3.663688744,0
4179,West,Silt,Cotton,Rabi,Seedling,Furrow,32.8858717,31.89379782,25.79701199,6.274057513,21.56949778,-5,10.64421507,32.87735083,28.15118272,10.1350234,1
4180,Central,Peaty,Cotton,Zaid,Flowering,Drip,31.40207702,15.17311984,39.34025027,3.918570103,12.9708169,5.256364177,78.86192665,139.87935,79.68005913,1.137967728,1
4181,South,Silt,Tomato,Rabi,Fruiting,Sprinkler,38.18926047,27.87968297,27.06667841,8.829260429,8.686741037,4.739197368,7.588372891,62.72923173,127.3192213,3.821908776,1
4182,South,Silt,Cotton,Zaid,Vegetative,Furrow,57.07550839,27.23654781,43.63904676,1.585763834,15.98934683,8.088391725,82.28761002,0.230669845,9.416430446,5.262395374,0
4183,South,Peaty,Potato,Kharif,Fruiting,Drip,57.75341825,18.41835808,85.63904101,11.68180078,11.14693355,6.637257679,105.4897953,121.4691533,181.353065,3.155767475,0
4184,Central,Clay,Onion,Rabi,Flowering,Furrow,32.06676043,35.28425366,46.03751298,33.20490006,2.036021683,5.03851283,46.10423883,86.95130339,13.89537985,7.644199018,1
4185,East,Silt,Groundnut,Rabi,Fruiting,Sprinkler,19.32469469,36.06291565,62.14235773,12.58498676,9.445227511,4.71370451,68.36891727,24.44099159,6.271181209,7.138006786,1
4186,West,Peaty,Onion,Zaid,Flowering,Furrow,54.26773795,36.62679657,52.50356361,7.522968356,24.85180345,4.979440214,130.0266574,4.370255511,0.413192691,5.471462253,0
4187,Central,Silt,Sugarcane,Zaid,Vegetative,Furrow,18.98281035,36.85412837,54.41873932,8.366384801,1.212796751,6.385348961,65.95524098,42.2649525,140.1676208,4.238173913,1
4188,West,Loamy,Tomato,Rabi,Maturity,Furrow,50.49447558,15.00158481,92.71790389,4.263578716,17.4166728,7.173861021,139.5175686,134.5436288,93.46361788,5.772979677,0
4189,West,Peaty,Cotton,Kharif,Fruiting,Flood,58.53954896,43.61762412,42.21158512,1.054555018,21.02971763,7.0651203,21.98033759,135.3562197,21.07762732,4.203224824,0
4190,East,Sandy,Onion,Zaid,Maturity,Flood,59.04280475,39.42626301,67.04933521,5.65114462,16.21814759,5.077692345,99.25074635,45.09550551,175.5227471,3.433843591,0
4191,South,Chalky,Soybean,Zaid,Flowering,Furrow,62.74304775,42.1194509,51.50470022,6.237064067,14.24370578,7.033955807,91.36660375,121.209994,41.55765619,4.863971455,0
4192,North,Silt,Sugarcane,Zaid,Fruiting,Flood,71.10015951,15.46929886,24.58596358,21.12858239,17.68886042,6.119462497,122.1226739,64.06757187,66.89645259,7.625691401,0
4193,Central,Silt,Onion,Zaid,Vegetative,Flood,44.99712944,43.01576387,56.69981237,3.896808735,10.73356843,6.358975137,12.94204968,94.87998862,36.43290214,8.132299424,1
4194,Central,Loamy,Maize,Rabi,Fruiting,Drip,61.11744327,39.29365586,81.00074968,1.582939343,2.284043433,7.705721625,39.22892281,48.494362,189.985041,4.270818772,0
4195,Central,Loamy,Tomato,Rabi,Vegetative,Furrow,53.34209148,40.11657429,27.40647265,5.754886392,24.05929386,5.829997491,18.50509161,74.81602646,155.4036906,11.4213784,1
4196,West,Sandy,Soybean,Zaid,Flowering,Flood,23.06479579,17.79862154,25.21938855,19.40645544,10.80751925,5.087996189,130.6333171,42.59801975,148.4104463,3.881551529,1
4197,East,Peaty,Cotton,Zaid,Maturity,Flood,11.79827514,37.16334087,31.52236403,0.975295125,16.63473093,7.993812534,59.72894545,8.861582542,9.019186165,8.833453212,1
4198,Central,Chalky,Rice,Kharif,Seedling,Furrow,29.917897,43.79750069,77.33000835,1.972610399,13.28276092,5.348522303,127.4092184,20.209837,107.1538494,1.896280626,1
4199,West,Sandy,Onion,Zaid,Seedling,Flood,41.01235944,35.35642024,74.29965381,3.903131012,1.366826799,5.676119482,41.21697921,42.1478017,117.9677495,8.313290007,1
4200,East,Sandy,Rice,Kharif,Fruiting,Flood,53.19741611,32.11684214,62.37633267,-999,23.81866502,7.326360236,17.69153419,141.5567987,78.41677222,6.059436235,0
4201,North,Clay,Maize,Kharif,Maturity,Flood,69.49715314,43.36889033,55.11698031,0.112356186,19.81343065,7.234201268,41.51521822,140.0224618,65.96003131,7.260186291,0
4202,East,Chalky,Tomato,Zaid,Vegetative,Drip,23.73720017,28.28811365,86.6244361,2.054774164,3.727447362,7.701600085,83.60441031,120.0111847,174.6482863,3.024799255,1
4203,South,Sandy,Tomato,Zaid,Seedling,Flood,,32.97880699,77.50233679,10.02615479,24.54122191,5.235466566,118.3325628,33.71337741,4.718401228,5.769203654,0
4204,North,Silt,Wheat,Zaid,Maturity,Flood,77.44359632,29.2901488,80.89566885,0.222207264,18.4225343,5.909119573,53.95469705,64.03231038,128.1977439,9.429056422,0
4205,North,Sandy,Rice,Kharif,Maturity,Furrow,17.56311916,42.98538664,80.9946726,2.801209186,11.80804126,5.003532956,128.0732123,63.76851158,80.82061736,9.437933161,1
4206,North,Chalky,Sugarcane,Rabi,Flowering,Flood,43.49437491,17.2825418,68.20378661,7.181642725,15.28425141,6.664156589,34.19248835,56.1111205,136.5198896,3.613115574,0
4207,West,Loamy,Rice,Kharif,Seedling,Drip,50.98946102,30.03359102,54.35109682,15.30750142,2.66841705,5.67028237,97.09569622,6.507644238,40.57309689,4.878592026,0
4208,North,Loamy,Tomato,Zaid,Flowering,Furrow,47.89620946,35.60857324,84.85083144,21.15955723,14.01028775,7.255742564,102.9998691,77.50646926,48.9251677,1.041949109,0
4209,West,Chalky,Potato,Kharif,Maturity,Drip,16.02225099,38.75719615,89.45055632,2.740642185,1.8415268,4.501377472,38.35480871,10.55773886,120.3050304,1.989583918,1
4210,South,Silt,Wheat,Rabi,Seedling,Furrow,13.99188398,32.49055942,21.78545324,15.01723925,13.62138143,4.738731994,3.775782962,116.2782087,200.887402,2.394033879,1
4211,North,Clay,Cotton,Rabi,Vegetative,Flood,17.38383992,42.26753232,23.86661549,0.180307206,13.81739222,6.230241202,51.13322789,100.2395357,199.8101345,4.230164585,1
4212,Central,Sandy,Soybean,Kharif,Fruiting,Flood,50.99113787,43.25974341,91.90574727,6.850470248,21.86096963,8.332736624,6.327460623,51.14686596,51.04110168,9.349170354,1
4213,West,Peaty,Groundnut,Kharif,Maturity,Sprinkler,48.10414213,16.9295767,40.78704604,5.146541813,18.12643751,8.063405549,126.1055286,93.83477542,20.98196122,6.612751454,0
4214,West,Loamy,Sugarcane,Zaid,Vegetative,Drip,26.36185544,27.07111619,85.50270797,1.435223762,6.238809805,8.476036112,133.4935368,33.79036595,121.0203638,9.718689502,1
4215,East,Silt,Rice,Rabi,Fruiting,Drip,54.64418993,15.70377065,49.15963392,3.539461799,22.21065355,6.167320899,102.9531882,38.46125942,86.09643466,9.303962784,0
4216,North,Peaty,Groundnut,Kharif,Seedling,Furrow,67.40472514,24.88249972,28.93250432,0.693746269,14.33106662,4.686273945,101.7358419,45.54935995,156.1457762,7.458520305,0
4217,North,Chalky,Groundnut,Kharif,Vegetative,Sprinkler,12.91052719,31.10604654,26.03324002,-999,15.15948696,5.723824568,33.72497372,115.566682,108.2366637,6.498462213,1
4218,East,Sandy,Sugarcane,Kharif,Vegetative,Sprinkler,44.86909605,42.32384792,31.73809243,2.215041213,4.224534231,7.203083409,10.34958072,30.55024529,104.6702952,11.24452948,1
4219,West,Sandy,Wheat,Kharif,Fruiting,Flood,58.25172885,40.39662967,38.74198962,4.918091968,21.4443399,5.040655239,112.294649,81.60327799,132.524273,7.261972449,0
4220,West,Sandy,Wheat,Zaid,Vegetative,Flood,27.66183489,18.8249918,56.63887654,0.864488226,23.27412788,5.699888715,78.28267042,29.06773159,25.91578119,6.311063831,1
4221,East,Peaty,Potato,Zaid,Seedling,Sprinkler,31.54396337,17.79091124,72.61234254,1.154397261,19.37476624,4.724664658,95.42785431,41.33042663,138.8181546,10.5603289,1
4222,South,Sandy,Potato,Kharif,Seedling,Drip,52.95465321,32.67802016,93.97989324,24.11437452,23.51881132,6.399868154,109.1497495,34.14478748,100.1465386,1.785825862,0
4223,West,Clay,Cotton,Zaid,Maturity,Furrow,72.85547054,30.96353917,53.11300575,6.993583893,7.557497603,5.335682711,57.32079765,93.52567731,168.1301485,8.216289515,0
4224,North,Peaty,Cotton,Kharif,Fruiting,Drip,66.69470942,22.99132924,58.86387068,16.34714562,21.52797921,4.864992108,20.2365226,76.37569695,28.43490091,2.243299752,0
4225,South,Loamy,Groundnut,Kharif,Flowering,Flood,50.81911534,41.98359254,59.1361776,1.753827661,12.22232857,6.144863238,111.3051519,104.5883762,61.65314507,10.01803791,1
4226,Central,Chalky,Sugarcane,Rabi,Seedling,Furrow,61.11552024,42.82099228,60.45757666,0.89900095,4.097930074,5.904901617,63.52718949,31.89179841,194.8005067,9.719328036,0
4227,East,Clay,Rice,Rabi,Flowering,Furrow,35.53757291,27.07834315,58.83054928,3.496515079,16.72001498,6.650070948,115.7693923,1.32653768,113.3799403,6.539600377,1
4228,West,Silt,Sugarcane,Zaid,Vegetative,Drip,54.86758697,41.70907671,20.65810663,3.412700992,17.10300677,7.496154621,61.27788055,98.67388723,190.5067049,8.271485651,1
4229,West,Sandy,Cotton,Kharif,Fruiting,Drip,42.63271138,26.51846683,20.12936166,0.961535315,7.173112844,4.950274946,30.38229718,16.65382398,141.2521961,9.498838604,1
4230,East,Silt,Maize,Zaid,Fruiting,Sprinkler,23.29552955,37.10450495,27.32497386,6.606646584,0.687333291,7.664502361,23.94070233,35.71425754,189.9184298,6.31634257,1
4231,West,Loamy,Rice,Rabi,Seedling,Flood,59.12167917,29.27826653,27.61674526,2.245341822,4.996181477,4.60515992,104.1490459,44.32449211,65.15438829,10.96553705,0
4232,West,Silt,Potato,Zaid,Seedling,Furrow,48.95252461,18.6774947,72.86726817,1.031218502,9.994438692,6.27240761,80.48447719,108.2863034,18.55942047,5.807330102,0
4233,North,Loamy,Cotton,Kharif,Fruiting,Drip,35.10351074,42.83802604,35.36870244,-999,4.189072776,6.849721148,56.64440607,90.75431255,164.4595618,10.81224767,1
4234,North,Silt,Maize,Zaid,Flowering,Drip,,28.6228978,87.10355786,4.146652714,4.850748706,8.327994693,68.89634587,26.7184883,164.9160943,7.410184537,0
4235,West,Loamy,Tomato,Kharif,Fruiting,Flood,11.46538825,37.03461121,89.64547472,6.481736909,9.78476661,6.795692107,76.94940474,86.69373254,126.8594929,5.688675903,1
4236,West,Peaty,Groundnut,Rabi,Maturity,Drip,32.10412059,26.01521443,93.19200034,3.287847071,24.04466536,5.134996773,33.51830186,102.6814593,118.8118916,1.045072877,1
4237,West,Peaty,Soybean,Rabi,Fruiting,Furrow,13.98169784,15.56642636,90.43109787,3.728469351,19.10608789,6.570167221,52.94318116,56.3900944,187.556175,4.251115126,1
4238,West,Chalky,Soybean,Zaid,Flowering,Flood,63.65691214,18.01591076,40.39162414,0.747989922,7.993710031,6.083135789,40.93760512,35.66317253,36.18218574,10.54713642,0
4239,South,Chalky,Wheat,Zaid,Vegetative,Furrow,59.14752179,29.88658438,58.23326335,12.30737219,23.79010172,6.41742227,54.37933854,98.45250207,126.3902841,5.71584068,0
4240,North,Silt,Potato,Kharif,Flowering,Sprinkler,33.19465531,35.69893071,33.15912276,13.20599196,16.14116981,5.288388059,70.07870989,88.57922402,10.20297522,5.636153799,1
4241,West,Clay,Rice,Zaid,Fruiting,Flood,57.29640315,25.0420598,80.46572414,5.751000612,11.38624112,6.503308169,24.27005547,11.29726298,28.87731204,6.383517492,0
4242,West,Clay,Cotton,Zaid,Fruiting,Sprinkler,37.71560583,35.86465378,86.63237789,0.088943469,11.70750497,5.100159057,55.09210877,96.66854783,89.64083143,4.149344347,1
4243,North,Peaty,Cotton,Kharif,Vegetative,Drip,62.9377654,35.95906768,83.84666295,3.850942656,10.2686117,7.476172323,53.96922206,70.83510026,168.3475107,6.407063967,0
4244,Central,Sandy,Potato,Rabi,Maturity,Sprinkler,41.79285639,36.11807722,52.50252115,4.960718059,5.824801314,6.875625041,40.04053436,109.2384988,150.2922016,5.133394281,1
4245,West,Sandy,Maize,Zaid,Seedling,Furrow,38.85958095,29.77565562,76.90054135,26.15724184,9.665804805,4.814110766,139.7894855,27.65404357,199.6832002,11.00386783,0
4246,East,Clay,Potato,Zaid,Flowering,Drip,75.43109408,42.4465845,27.31843772,27.69170697,13.1974096,8.058457872,10.30785126,37.4413806,9.193972936,7.203634483,0
4247,South,Silt,Wheat,Rabi,Flowering,Sprinkler,27.56153699,29.67589554,23.0183578,9.745970914,13.20068377,6.965518418,90.0131595,78.78034717,78.17720486,10.17566066,1
4248,Central,Clay,Rice,Kharif,Fruiting,Flood,18.4313138,28.5079558,76.49273107,0.329796274,19.04342256,5.764428221,24.42140492,69.85136154,32.55211432,8.555615051,1
4249,Central,Chalky,Groundnut,Zaid,Flowering,Drip,50.91801793,20.98142457,51.90164557,15.31752846,8.969946429,4.682569598,117.5333585,56.0229788,7.57706323,3.338632825,0
4250,North,Peaty,Wheat,Kharif,Vegetative,Drip,77.85252686,24.22965262,94.66619486,4.742278192,17.91995073,7.028906783,127.987515,108.1748306,54.20149904,10.54432171,0
4251,South,Silt,Rice,Zaid,Maturity,Sprinkler,36.44874496,16.27003478,27.29406619,8.069408118,14.45229597,5.993761045,56.20691757,81.88897673,50.11672806,1.959978771,0
4252,East,Peaty,Potato,Kharif,Fruiting,Flood,14.34257345,34.00605881,84.17207612,2.614430716,24.04613511,8.13047242,115.2869829,102.9894188,86.10568228,5.935016466,1
4253,South,Clay,Tomato,Zaid,Seedling,Furrow,33.75136871,22.45607232,55.99872991,1.925882636,9.632123151,4.639511331,34.98732291,22.22196954,28.71664762,3.630709681,1
4254,Central,Clay,Maize,Kharif,Vegetative,Flood,45.4152158,24.12465763,82.03626466,3.111059675,22.53041161,4.656409741,19.60959103,105.7033028,100.1563537,6.913109649,0
4255,Central,Peaty,Wheat,Kharif,Seedling,Sprinkler,21.33461046,38.12443565,81.28454616,0.794243149,20.51606368,8.297197148,44.2229573,66.92157567,188.6201571,4.300545374,1
4256,South,Silt,Rice,Zaid,Flowering,Sprinkler,56.06715526,24.81663549,88.6994001,2.208567098,15.94160711,8.359495783,47.83436194,4.896350674,153.378731,8.951088851,0
4257,North,Silt,Onion,Zaid,Flowering,Flood,79.84245723,22.26587676,42.33875085,9.746190896,16.36286167,4.610968907,55.63005627,34.00127533,172.6463525,11.30610571,0
4258,North,Loamy,Cotton,Zaid,Maturity,Sprinkler,41.62176332,20.07173247,91.23495151,0.1934468,2.116248365,7.36413294,52.21425187,3.734676802,164.9693616,8.79998976,0
4259,Central,Peaty,Soybean,Zaid,Seedling,Furrow,34.83099897,38.24575207,31.37502203,0.817762298,23.75561514,5.385979409,57.5602234,66.24680569,79.87339897,4.908414035,1
4260,East,Clay,Wheat,Rabi,Vegetative,Flood,38.04929168,18.89118774,26.14765832,0.668320777,2.673401587,7.305571065,99.40467121,47.25256528,145.3370124,7.600769578,1
4261,Central,Peaty,Soybean,Zaid,Seedling,Drip,18.06023249,28.61261281,52.3711638,2.579823554,14.08083272,7.974931187,34.3812186,143.1801862,154.6225291,10.77378701,1
4262,South,Peaty,Sugarcane,Kharif,Seedling,Drip,,30.20790348,82.12422265,29.02393063,8.251770011,4.903325915,2.600583407,125.933097,42.15786167,3.970312288,0
4263,West,Sandy,Rice,Zaid,Seedling,Flood,39.03779589,35.62169738,55.5065848,0.951917416,10.74629946,5.455065667,68.55527719,119.7222747,176.3537852,2.300252401,1
4264,West,Loamy,Onion,Zaid,Seedling,Sprinkler,37.1092088,33.99850447,82.19650081,0.786092359,15.25457527,4.596310673,62.76077419,72.66189961,93.8382167,2.438403875,1
4265,East,Silt,Groundnut,Rabi,Flowering,Furrow,56.17831911,39.32162019,74.72651043,12.32879941,22.72128445,4.675319382,8.409098578,117.0276874,3.353746599,6.443383114,0
4266,East,Sandy,Groundnut,Rabi,Maturity,Sprinkler,40.94233947,16.34254302,35.70712896,10.68749428,11.43917809,4.618471433,18.73219621,38.69609888,131.8937423,9.053498872,0
4267,East,Loamy,Sugarcane,Rabi,Vegetative,Sprinkler,55.37634282,23.89322174,91.16612187,0.163857693,24.69323888,7.702729426,71.38892526,81.29417284,138.7364338,8.229835163,0
4268,North,Sandy,Cotton,Kharif,Fruiting,Furrow,,23.40402356,24.55858765,6.965707954,14.82030163,5.693170714,32.8651064,56.97311889,113.1112708,5.992784505,0
4269,Central,Loamy,Wheat,Rabi,Flowering,Furrow,66.96063406,19.38050717,87.37097807,5.327808166,4.013848566,6.472845758,122.8637612,24.84457717,43.54513667,9.022278442,0
4270,South,Loamy,Groundnut,Rabi,Flowering,Drip,75.8352767,23.67534762,42.83325867,7.29950666,4.750232371,7.651377054,24.2609481,10.52894755,98.86699561,7.973669518,0
4271,Central,Chalky,Tomato,Zaid,Vegetative,Furrow,55.41357703,24.29295942,57.51110624,3.411060484,17.90277589,6.479774651,2.817168459,80.94166553,82.0261273,7.910538312,0
4272,South,Peaty,Potato,Kharif,Vegetative,Drip,76.81961502,30.65653386,51.67639045,23.76789766,1.259944856,6.21678425,62.65892771,14.15767456,199.8106451,3.22614037,0
4273,West,Loamy,Soybean,Zaid,Maturity,Flood,20.60026201,34.91113437,32.88759177,0.224186782,12.00853941,4.546292826,138.0628355,104.110449,169.0590791,4.438417763,1
4274,Central,Clay,Wheat,Kharif,Fruiting,Flood,43.41913326,26.43301541,46.86101498,1.335291633,3.705477745,6.77215801,88.74215368,133.6129294,156.189419,4.788667578,1
4275,South,Clay,Rice,Kharif,Flowering,Sprinkler,52.12647138,36.58410694,34.47008272,2.525427209,10.83046588,4.998972313,49.56416098,23.50538591,37.12010912,9.890098341,0
4276,South,Clay,Wheat,Rabi,Maturity,Drip,50.72156532,25.08496016,35.29148566,2.987166698,18.74793555,7.558592963,2.361521606,68.28609388,67.86320357,9.526215401,0
4277,West,Clay,Maize,Zaid,Flowering,Flood,38.10232454,23.70851032,34.0292627,12.71484471,11.47032321,5.530950895,67.89278156,107.122316,77.84092629,3.779400332,0
4278,Central,Sandy,Rice,Rabi,Maturity,Sprinkler,33.66590866,31.23564168,56.67630353,4.104952352,4.086277725,7.196749643,28.9052403,41.59175085,100.9886441,1.606675017,1
4279,Central,Silt,Sugarcane,Kharif,Maturity,Flood,18.87768158,15.71149081,79.84485256,0.230800855,6.298134259,7.084894111,90.68557196,133.5108553,6.196024973,9.445621901,1
4280,North,Silt,Groundnut,Kharif,Fruiting,Drip,37.42197154,17.39367371,62.67275253,2.620085951,9.188489716,6.966702412,81.62118912,128.827506,121.5668918,5.508527967,0
4281,Central,Chalky,Potato,Kharif,Seedling,Drip,21.38625706,27.53908631,86.99049414,2.693471981,1.739029587,5.56780803,37.12992855,15.04438158,73.36059151,3.417834859,1
4282,West,Loamy,Soybean,Rabi,Flowering,Drip,,43.28738134,67.74083664,16.83266668,14.6084409,5.568359109,9.643582791,3.972966872,115.1438148,2.287185576,0
4283,South,Silt,Tomato,Kharif,Maturity,Drip,24.61816548,36.6453534,71.70050867,4.571427357,15.18834478,7.952192174,105.7026877,141.58648,1.840568773,1.140961156,1
4284,West,Sandy,Wheat,Zaid,Maturity,Flood,14.09957137,17.64379709,70.07054223,5.048216374,1.553798178,4.551229331,81.96497324,138.6888786,65.89379349,5.705025983,1
4285,West,Clay,Sugarcane,Zaid,Vegetative,Sprinkler,48.66562965,40.38954038,53.70943949,6.24577547,10.05778303,5.226090534,117.8976749,61.23141265,157.5765415,4.737401958,1
4286,West,Clay,Potato,Rabi,Seedling,Drip,,36.96902312,71.70041167,7.349234612,10.35001707,6.940683671,36.37200219,7.331681995,102.7217183,8.661171658,0
4287,Central,Clay,Groundnut,Rabi,Vegetative,Sprinkler,71.03391429,33.32839577,25.22808099,5.039989268,8.345489214,7.768185018,91.40068907,89.73695515,161.7219023,11.74331975,0
4288,East,Silt,Groundnut,Zaid,Seedling,Furrow,50.38871287,39.60878882,84.48886039,1.353759999,13.94349351,5.933382035,16.61527007,42.54446557,143.2868805,3.274608816,1
4289,West,Silt,Maize,Rabi,Fruiting,Furrow,34.18365976,27.12329543,78.33591076,10.35918919,8.648937252,7.113773834,40.85338711,135.8248331,175.2587179,3.673397544,1
4290,South,Peaty,Maize,Zaid,Fruiting,Furrow,66.21083171,21.64503153,38.39224687,6.586077074,10.41023199,6.728625678,91.91547566,115.2259791,1.525935653,4.710328346,0
4291,North,Peaty,Wheat,Zaid,Vegetative,Drip,47.81952252,30.36070167,77.60243407,6.771469121,19.93808869,4.758160418,115.5813827,94.1910987,53.57172583,6.125313984,0
4292,Central,Silt,Potato,Rabi,Vegetative,Flood,15.54961992,31.46525267,20.94819511,28.3566818,4.052733886,6.987000788,44.92957024,41.25305789,112.504354,8.674685649,1
4293,East,Chalky,Cotton,Rabi,Seedling,Drip,49.60953922,31.14979116,36.29349294,8.110755287,15.47786738,7.755613889,111.8394979,101.683944,192.9087057,4.87234674,0
4294,East,Chalky,Potato,Rabi,Seedling,Flood,73.56129818,31.95221374,24.8852929,8.834887566,12.63986004,8.469793281,94.88534444,41.92939868,139.3569869,2.146205973,0
4295,West,Chalky,Cotton,Zaid,Vegetative,Furrow,37.74188378,43.46114755,78.51701875,15.12122623,7.626790937,4.618560291,48.81446801,5.456492702,93.60070119,9.03375801,1
4296,South,Clay,Tomato,Rabi,Vegetative,Furrow,30.74280613,42.06736869,76.69056134,0.819269688,18.18836641,7.14023269,122.6955713,73.7230152,26.67897275,9.741058458,1
4297,North,Silt,Rice,Rabi,Maturity,Drip,20.04286199,150,81.02270179,3.44306116,13.77970899,6.158198213,71.29206924,70.85925899,101.1091477,3.724135211,1
4298,East,Sandy,Rice,Zaid,Flowering,Furrow,20.60118654,39.04250433,20.336127,4.34425768,11.93403817,4.539151555,90.75455516,110.6358661,90.42282935,2.504318681,1
4299,Central,Peaty,Soybean,Rabi,Vegetative,Drip,40.2940039,43.30284322,57.5924545,1.996985746,16.69173287,6.957443775,69.38838787,125.5227129,159.5808713,6.805811566,1
4300,South,Clay,Soybean,Kharif,Seedling,Flood,51.69758769,17.95483925,72.86271481,9.144296495,20.0572577,4.989709194,63.38079447,51.39793086,84.7364713,3.29145731,0
4301,Central,Peaty,Groundnut,Kharif,Maturity,Sprinkler,15.64307836,22.95369784,,7.186246388,24.31671975,6.014267401,118.7168804,65.17358648,65.36180534,5.115797767,1
4302,West,Chalky,Groundnut,Rabi,Fruiting,Furrow,75.76980123,29.85167837,68.73430456,6.380622486,15.73375921,5.54546837,41.25861811,68.20806085,18.39253491,9.550973421,0
4303,North,Loamy,Onion,Zaid,Fruiting,Sprinkler,62.85935322,40.39603479,26.30825745,29.30119864,21.86099964,5.944653609,5.128091131,47.01249223,9.532718105,3.415677475,0
4304,Central,Loamy,Maize,Zaid,Fruiting,Furrow,51.06367428,30.15497135,33.59943921,1.501347301,0.027288526,6.470782326,123.1695701,107.7911039,90.02255764,9.868851872,0
4305,North,Loamy,Potato,Rabi,Maturity,Drip,67.99070697,37.44104218,55.68476112,6.648762107,13.25589232,5.93683813,115.5033534,75.70467185,71.1067058,8.414219866,0
4306,Central,Chalky,Potato,Rabi,Vegetative,Drip,,19.16879716,69.01738645,4.008168161,5.366188719,6.710927482,51.31846644,132.5235873,113.8414548,3.416984501,0
4307,East,Chalky,Maize,Zaid,Flowering,Sprinkler,43.37872144,22.57241439,30.94018452,1.877026204,2.354811427,5.454598761,25.96315942,94.29506192,145.9453296,6.790450612,0
4308,East,Silt,Groundnut,Zaid,Fruiting,Flood,54.10651888,36.95328285,33.89174981,0.875261435,13.29927543,7.04144707,94.57471003,30.72500104,8.201396783,7.754778388,0
4309,West,Peaty,Cotton,Zaid,Vegetative,Furrow,68.00570343,19.94202027,35.33347753,11.31124026,18.67066265,7.915052016,11.02652651,23.89725407,101.7245075,3.203036416,0
4310,South,Sandy,Soybean,Rabi,Fruiting,Drip,64.8428692,25.54067804,37.90256035,4.524967467,10.30681306,5.396268188,59.32566578,53.995729,176.7042383,2.594442694,0
4311,North,Peaty,Soybean,Zaid,Fruiting,Flood,29.39484748,22.94598773,36.99153864,8.712956529,16.75268623,6.531508863,12.02072502,50.30434834,93.30915016,6.842847279,1
4312,South,Chalky,Sugarcane,Rabi,Fruiting,Furrow,75.86161187,25.49585083,49.63618314,3.941081771,12.24298135,7.094759138,83.70735455,59.03411461,106.8546532,8.632252827,0
4313,South,Chalky,Soybean,Kharif,Seedling,Sprinkler,18.7042089,36.24972147,69.03422381,1.24215988,10.92714665,6.758504525,3.809173733,26.62070519,99.79232735,6.115757241,1
4314,South,Clay,Groundnut,Kharif,Maturity,Drip,71.2593533,26.03541543,52.85238374,2.05904202,7.256416011,5.962597785,88.09337259,141.8422872,79.90754829,1.770431734,0
4315,South,Silt,Wheat,Rabi,Maturity,Sprinkler,77.96581747,31.65789968,78.19804316,2.402604451,9.564837863,7.068798832,94.24878026,21.12791707,22.5745024,11.17733977,0
4316,South,Peaty,Groundnut,Rabi,Seedling,Sprinkler,22.40074663,17.99795631,73.94513795,18.04753486,8.74489077,4.612984825,68.20022645,94.63407226,25.90302421,8.644619904,1
4317,Central,Silt,Groundnut,Rabi,Fruiting,Flood,60.54462449,39.1505308,29.48951855,0.028246026,16.1546796,5.979624928,24.5010261,1.895039084,36.71329456,7.833159144,0
4318,South,Silt,Groundnut,Rabi,Maturity,Flood,12.81998631,26.09665877,23.66312175,21.22561274,2.900462782,6.630448859,14.19515141,59.00935056,162.4757514,8.079897131,1
4319,North,Sandy,Onion,Zaid,Maturity,Flood,38.37959776,34.45602477,85.8456173,19.67687658,2.315909217,4.582452635,43.86092874,44.83159287,56.44312162,5.38466161,1
4320,East,Clay,Sugarcane,Kharif,Maturity,Flood,46.13983094,36.76168805,25.98732999,27.79943742,16.50032486,6.530595319,65.12893514,55.39357247,194.3653753,11.82840549,0
4321,South,Sandy,Maize,Rabi,Fruiting,Drip,50.64516581,21.28982766,31.12543855,3.23693352,13.65745175,7.117017843,89.90916436,72.22121499,166.0848841,2.459471329,0
4322,West,Chalky,Sugarcane,Rabi,Fruiting,Drip,75.51560738,41.54024955,21.65999567,16.59471985,10.75500242,7.536830791,0.175017853,87.05437522,140.330837,9.130555152,0
4323,North,Sandy,Rice,Rabi,Maturity,Drip,57.05754811,33.48672755,67.1252274,2.517588475,3.81107211,4.953496326,99.54894869,84.609145,147.680694,5.629635563,0
4324,Central,Silt,Sugarcane,Rabi,Flowering,Flood,43.68945659,27.86175425,63.67779224,0.133231608,10.2756778,8.4622595,99.7796705,91.45348217,9.764602779,10.69205652,1
4325,East,Silt,Maize,Rabi,Vegetative,Sprinkler,66.67725254,20.47005551,94.01777498,1.27025132,19.74329408,6.924670805,62.23529291,122.459414,116.5198202,8.889874016,0
4326,East,Sandy,Groundnut,Zaid,Vegetative,Drip,76.53729747,43.26902814,86.51992972,14.52911462,22.24053089,5.95277517,48.0769024,128.5739876,192.9166665,7.184774457,0
4327,East,Chalky,Cotton,Rabi,Fruiting,Flood,11.54463041,37.65204612,50.81323831,0.069301526,17.56441425,5.496371418,117.9231991,106.9012936,8.017587595,11.31462998,1
4328,West,Loamy,Soybean,Rabi,Flowering,Drip,78.77648906,21.24073688,47.86893807,3.948225817,1.497804397,6.791587447,109.8422475,11.44662522,59.6583863,11.03687697,0
4329,South,Loamy,Soybean,Rabi,Flowering,Drip,16.02924973,25.13132324,42.26390257,0.393060597,16.76024442,8.026846589,137.6586524,139.3873968,10.55985589,1.575673955,1
4330,Central,Sandy,Cotton,Rabi,Flowering,Furrow,67.00707455,39.29022774,31.430519,1.687139515,6.024639739,6.582261585,52.07031275,137.3727225,116.7970235,3.118468514,0
4331,Central,Silt,Rice,Rabi,Seedling,Drip,29.62343268,35.8703299,30.35627425,0.46108552,7.881281076,7.145888222,126.9565647,103.1970502,23.82112857,8.436512434,1
4332,Central,Silt,Maize,Rabi,Seedling,Flood,19.25257604,37.97352878,29.9212781,9.8137576,4.896830199,5.930785758,12.23626403,75.02866535,98.24628203,11.14023369,1
4333,South,Clay,Maize,Rabi,Maturity,Drip,40.78989478,,28.55860679,4.471065111,19.39389477,6.052609152,57.60524928,36.33966196,147.5896345,5.733630028,0
4334,Central,Silt,Soybean,Kharif,Flowering,Furrow,55.07696056,36.49428788,38.03840318,11.61937388,16.21505307,5.644700423,65.15237662,109.6709152,33.70989966,1.421357699,0
4335,Central,Chalky,Onion,Kharif,Vegetative,Sprinkler,36.66662915,26.59481169,43.00014727,5.829423911,15.29587636,7.322549177,61.72240427,127.2897259,154.8497096,8.07626986,1
4336,East,Peaty,Tomato,Rabi,Seedling,Drip,,21.33788751,92.11842283,17.7073224,16.69931524,5.936750214,87.51374638,96.45220213,12.3419147,3.14155697,0
4337,South,Chalky,Wheat,Kharif,Fruiting,Flood,51.96227978,33.98031105,63.38549383,3.565501174,5.919306535,5.262865616,23.82909744,91.21553176,30.67301845,7.075539066,0
4338,North,Peaty,Soybean,Rabi,Fruiting,Flood,73.16822933,44.28041777,94.06968309,5.090379646,11.11611036,5.977602285,121.303304,27.98568216,57.42262445,5.231515845,0
4339,North,Silt,Groundnut,Rabi,Flowering,Drip,36.82507562,24.31802914,47.93502109,4.29375219,15.83134304,7.915308831,77.2469626,51.88049582,163.2003088,7.13829743,1
4340,North,Sandy,Maize,Zaid,Maturity,Drip,25.14329443,28.82908777,54.32199744,3.310766746,15.91485069,7.453008174,126.5893367,104.8547522,174.2780623,11.25679951,1
4341,West,Chalky,Rice,Zaid,Flowering,Sprinkler,40.98041422,35.22004113,44.34339944,9.352694252,19.79629657,5.838563378,0.368430163,2.450317133,45.17786195,6.343806495,1
4342,East,Chalky,Wheat,Rabi,Fruiting,Sprinkler,13.38538977,31.24518846,33.71657382,5.171503687,7.177599167,8.127235859,88.1983359,92.98332019,19.63568423,1.379817061,1
4343,Central,Peaty,Sugarcane,Rabi,Fruiting,Sprinkler,67.43413091,40.30283387,30.73735308,8.080104284,19.25840304,4.79933054,57.74409856,111.1671936,173.8305254,7.390097849,0
4344,East,Silt,Rice,Zaid,Maturity,Furrow,67.84385677,37.85228119,90.88093984,7.71740675,11.00461202,4.699015166,70.71386864,48.53215051,133.1203247,4.583200832,0
4345,South,Silt,Cotton,Rabi,Seedling,Flood,51.16003244,16.74891612,94.01080113,1.060060931,16.7543173,5.009881419,104.1326315,11.04432653,32.36036446,9.559483728,0
4346,South,Peaty,Soybean,Zaid,Maturity,Drip,34.71720223,44.95263702,23.36821224,5.251447347,11.3929845,4.965819023,31.80124477,118.7723099,114.331941,6.169213173,1
4347,East,Silt,Rice,Rabi,Vegetative,Drip,65.98483551,37.57207361,31.2759406,1.11351836,23.71525424,4.85133726,28.68592093,20.56634028,178.8361437,9.155078116,0
4348,South,Sandy,Soybean,Zaid,Fruiting,Drip,48.82809174,40.91709949,51.76430692,4.377189428,4.482556619,7.145370448,98.42109448,53.76616037,14.25056312,10.99703095,1
4349,East,Chalky,Tomato,Kharif,Vegetative,Furrow,67.8152616,34.53593136,33.97501073,5.657248172,16.87512721,6.903369519,72.99120625,102.5518452,17.1628529,4.985013904,0
4350,East,Loamy,Rice,Zaid,Fruiting,Flood,54.20211548,40.68855384,47.29102952,29.45370267,14.41337502,7.090422042,32.70947373,118.4629682,56.08959094,11.88315704,0
4351,East,Chalky,Tomato,Rabi,Fruiting,Sprinkler,64.90838312,150,29.68222624,0.15509052,4.318276024,7.253464217,67.76260885,125.0453782,133.7137767,2.647941525,1
4352,North,Peaty,Tomato,Kharif,Flowering,Furrow,51.89940953,25.43213507,54.23838175,0.478384403,1.650158395,7.52751901,64.33817681,76.91049278,36.49174444,8.083248501,0
4353,Central,Peaty,Wheat,Rabi,Fruiting,Furrow,38.98987478,41.29262831,40.37709621,0.400774842,19.97860972,5.32870771,96.80221984,69.00139599,167.3552769,1.382443634,1
4354,South,Silt,Maize,Zaid,Fruiting,Flood,77.05621019,21.04965634,46.39287918,2.540490786,3.936283341,6.989214053,0.372554507,123.0060052,153.8381862,3.343623324,0
4355,Central,Sandy,Soybean,Rabi,Fruiting,Flood,47.87796774,17.34726296,27.07344886,8.618309113,4.66266707,6.820194637,82.14643721,81.64617878,115.005995,7.971564506,0
4356,Central,Peaty,Tomato,Kharif,Fruiting,Drip,52.3562663,38.6435682,52.1096038,9.291302223,24.4608556,-5,84.79494107,83.90435562,23.7938794,1.508109135,0
4357,East,Silt,Sugarcane,Kharif,Flowering,Flood,25.43413476,40.06458467,93.74432082,6.677618335,17.93152129,5.429470897,104.3714192,62.92613836,202.5850648,2.119657938,1
4358,Central,Silt,Potato,Zaid,Flowering,Sprinkler,53.79555526,19.87956655,44.66247852,11.35922435,6.26217104,4.734891737,124.4922652,54.05802593,100.4568941,4.201116544,0
4359,East,Chalky,Cotton,Rabi,Vegetative,Drip,50.01253546,40.63037948,85.73219561,1.949385752,14.773724,7.113980279,61.6265716,69.67842431,92.67499531,7.332008496,1
4360,South,Chalky,Cotton,Kharif,Vegetative,Drip,22.93868786,35.60303387,83.23993562,0.461424347,13.35279596,-5,47.9528314,52.90288659,204.0916613,1.175808109,1
4361,West,Silt,Tomato,Rabi,Vegetative,Furrow,14.17109681,30.6024805,91.40438137,0.299562338,21.11183169,5.632784023,14.32485285,49.81423525,177.092994,6.305896833,1
4362,Central,Clay,Sugarcane,Zaid,Maturity,Furrow,52.30515238,39.90750578,79.25821342,9.557200809,18.2330187,6.783393724,47.15701829,144.0813296,93.55538548,7.883181236,0
4363,Central,Clay,Tomato,Kharif,Flowering,Furrow,63.45845885,27.57747748,69.46976203,6.55475266,20.79302814,4.738144262,9.587853022,48.75095664,85.85461212,5.427750677,0
4364,Central,Sandy,Rice,Kharif,Flowering,Drip,46.63809596,20.81981869,84.24383332,5.996838886,5.287664699,8.340179365,112.3948287,37.17564339,19.66142343,1.744037882,0
4365,East,Loamy,Onion,Zaid,Seedling,Sprinkler,25.87408377,23.5455803,25.67335105,2.07512584,16.00548011,4.939699893,112.9808607,51.31899303,189.934908,7.719620987,1
4366,North,Clay,Sugarcane,Kharif,Seedling,Furrow,56.65653837,30.15492055,54.71229929,2.389414455,1.00602146,4.770282145,58.41327202,85.66329439,172.9738438,7.664189366,0
4367,East,Sandy,Tomato,Kharif,Seedling,Furrow,15.60740086,30.93992378,94.1942179,15.86396195,1.723515307,4.676440638,36.34977274,132.0936206,63.55051104,6.566465905,1
4368,East,Silt,Tomato,Kharif,Vegetative,Furrow,40.92835934,39.16742479,77.72001135,0.329656088,17.83817582,6.209087626,16.52281056,114.2403163,154.430864,8.624600232,1
4369,East,Silt,Groundnut,Zaid,Fruiting,Flood,21.43567309,38.74058171,92.15565335,7.430169895,0.610502566,4.888638974,119.1732032,122.1249652,156.3595324,3.285819065,1
4370,South,Loamy,Maize,Kharif,Maturity,Drip,22.91213357,32.44099672,78.47257671,1.852662038,14.49412522,7.478592964,122.849339,124.5562485,46.72169703,8.463948166,1
4371,South,Peaty,Onion,Rabi,Flowering,Flood,24.16057644,38.4235645,85.61614756,0.199188533,21.01012746,8.095496643,37.28054604,133.4766175,125.7993713,2.776002136,1
4372,West,Clay,Onion,Kharif,Vegetative,Drip,37.06949399,20.75320375,72.98972242,6.785039353,9.49854521,5.540875729,87.04647679,34.08532877,52.2809047,5.319629941,0
4373,Central,Clay,Groundnut,Kharif,Maturity,Sprinkler,13.58051439,16.50193581,77.03765033,2.009197585,1.121010921,7.015092477,36.21151307,66.4630745,161.9266406,1.743233109,1
4374,West,Silt,Maize,Kharif,Flowering,Flood,37.84554087,41.20901468,59.23835074,6.403324745,17.84618624,4.669353788,31.5177278,55.85366165,31.53098901,10.01040065,1
4375,North,Sandy,Soybean,Zaid,Maturity,Furrow,45.8195213,17.26663481,89.31782756,6.149092786,23.24216131,6.046257887,2.969127088,55.37216422,137.1257297,6.920567631,0
4376,South,Chalky,Potato,Rabi,Maturity,Flood,43.83059995,22.40065289,81.8779183,3.82629823,17.9292848,5.671768454,80.80231846,94.5811295,66.83240089,11.68154123,0
4377,East,Loamy,Tomato,Zaid,Flowering,Flood,36.79488703,35.85956849,83.29137242,7.51129067,14.46118108,5.414476386,20.99181605,58.26144375,7.417321795,11.36559261,1
4378,South,Loamy,Cotton,Zaid,Maturity,Sprinkler,68.74026256,27.28343813,70.47568257,4.349879145,5.750720747,-5,1.731965601,89.36789436,25.35945206,11.9841725,0
4379,South,Peaty,Sugarcane,Kharif,Seedling,Furrow,20.17286847,41.2894191,42.84349603,1.688823327,0.384390601,5.020911785,14.67916301,55.43050774,134.2543233,2.113927873,1
4380,North,Peaty,Cotton,Zaid,Seedling,Furrow,45.39877206,23.93939384,22.67223465,6.623462634,17.36680271,7.942842093,43.92768682,45.1135865,49.18243216,7.672384164,0
4381,North,Chalky,Soybean,Kharif,Maturity,Sprinkler,14.34289919,15.3561404,90.17413471,4.447511535,5.775654396,7.159343625,93.68284662,51.19619087,129.3622514,5.483327328,1
4382,Central,Sandy,Tomato,Rabi,Vegetative,Furrow,14.98089752,150,63.95902616,0.064044837,21.45406693,7.342940715,28.36722747,116.5447731,85.03854403,6.859310461,1
4383,South,Sandy,Soybean,Rabi,Fruiting,Sprinkler,50.17060948,32.34225148,42.36072284,11.59581768,11.65910297,8.241377235,124.2626788,87.15240025,142.0062601,4.396441026,0
4384,North,Loamy,Sugarcane,Rabi,Flowering,Sprinkler,49.62128974,26.27815126,31.18513309,3.944367036,13.26588956,8.269491486,40.38837745,141.2296713,101.0544675,1.528757219,0
4385,West,Silt,Potato,Kharif,Vegetative,Furrow,71.4623459,31.04618267,82.21423741,10.14858347,18.84841361,6.706609295,46.37168052,120.7351528,63.25215492,8.785252966,0
4386,South,Sandy,Groundnut,Zaid,Fruiting,Drip,49.0511573,41.29794357,82.73901458,10.71667315,19.4857652,6.481519269,30.51680519,70.43818821,29.89293187,11.62398781,1
4387,East,Chalky,Onion,Rabi,Flowering,Flood,77.18537143,42.37455163,81.08809761,2.943635445,16.06627083,5.841526433,35.53274719,35.14456859,69.92514175,6.856200087,0
4388,Central,Sandy,Maize,Zaid,Fruiting,Sprinkler,13.40863939,22.97922194,68.3812019,3.542928685,23.46079539,7.362286441,10.37891604,97.71682116,130.153286,4.625379455,1
4389,South,Peaty,Onion,Rabi,Flowering,Drip,16.86053793,28.8642142,47.45115407,2.687169078,24.55746091,6.652835548,41.26788102,105.363674,151.7970686,11.32106074,1
4390,Central,Peaty,Wheat,Kharif,Seedling,Flood,13.08461031,31.47432046,42.80527136,2.984067399,23.67213611,8.231500319,120.3464443,67.30551707,32.86963334,5.011331824,1
4391,Central,Chalky,Sugarcane,Kharif,Vegetative,Furrow,22.96937952,43.47337371,20.64160776,-999,20.60447963,5.454503795,96.3794358,33.3387092,136.1758438,11.05982112,1
4392,North,Peaty,Sugarcane,Kharif,Fruiting,Drip,47.88890777,44.95851957,82.5205669,7.759242732,17.64063051,5.741010745,122.5375485,80.79955609,36.75229948,10.4125994,1
4393,North,Silt,Soybean,Rabi,Seedling,Sprinkler,55.1900527,22.06221747,26.55745231,0.676382723,16.58314645,5.76436179,14.68026201,36.80524159,45.47296542,6.815821063,0
4394,South,Loamy,Rice,Zaid,Vegetative,Drip,13.19096106,36.80939614,67.30662485,4.711990174,2.593754423,7.723993818,63.78632832,136.2997561,108.9200343,8.445599333,1
4395,Central,Silt,Sugarcane,Kharif,Maturity,Flood,76.21796229,26.34093187,57.80562101,27.49194612,6.78710867,4.896161327,32.09568222,91.18821596,59.28647191,8.70349188,0
4396,West,Peaty,Groundnut,Zaid,Vegetative,Sprinkler,68.95157637,15.24324591,59.50170192,4.526144467,0.142205588,6.322596484,100.9701827,42.32998944,135.6270655,8.052008755,0
4397,North,Clay,Potato,Zaid,Vegetative,Sprinkler,30.76287375,15.27757567,89.5034634,7.705897817,3.435246756,6.210322948,135.8332955,31.28094981,195.934208,2.768249505,1
4398,North,Clay,Maize,Rabi,Seedling,Drip,15.40312712,28.81698023,22.37112585,7.328018612,10.98073693,4.792558484,114.1503271,103.9248761,30.52290127,8.620538329,1
4399,North,Loamy,Groundnut,Zaid,Seedling,Furrow,21.89209513,29.65004739,78.00441685,2.156357684,3.66341377,6.143187994,4.938943345,102.6300256,116.9547206,1.035398925,1
4400,North,Peaty,Groundnut,Kharif,Fruiting,Flood,18.88610896,15.6770909,23.90392988,2.324875887,22.54158537,6.553511933,44.33235725,86.58417357,189.2763324,8.810405002,1
4401,Central,Chalky,Groundnut,Kharif,Fruiting,Sprinkler,18.62986455,35.6078225,22.86152045,6.438156711,20.14247963,4.76041877,4.001156663,89.07364865,36.18844021,7.103197481,1
4402,West,Peaty,Cotton,Zaid,Maturity,Drip,46.29931821,23.82010166,52.23632736,3.465571222,1.790297802,6.539448514,5.62337537,87.56100541,75.20443519,3.857364644,0
4403,North,Silt,Maize,Kharif,Seedling,Furrow,27.20932097,31.79679305,24.73063808,4.226490912,6.222842887,8.336951619,11.13214258,52.21499979,25.34145117,9.841407792,1
4404,West,Loamy,Rice,Rabi,Seedling,Flood,35.06978016,24.02757219,79.18579635,6.239724303,20.47679712,8.415657293,38.68577006,135.9250895,131.6177323,5.458068328,1
4405,Central,Silt,Soybean,Kharif,Vegetative,Sprinkler,79.26537334,20.01402945,59.71723202,7.515827172,20.07615316,6.626719114,42.58838747,69.49537732,137.1743002,6.343549031,0
4406,East,Chalky,Cotton,Zaid,Vegetative,Sprinkler,57.90199742,27.21521216,22.1779087,1.583952048,23.63626375,6.56038773,56.06349185,2.947545521,136.1573755,1.304420104,0
4407,East,Peaty,Tomato,Zaid,Maturity,Drip,76.42864669,21.96820094,23.03755149,0.793769891,24.93869404,5.642032666,56.69035323,50.51239465,111.1360449,5.414516543,0
4408,East,Chalky,Soybean,Zaid,Vegetative,Furrow,19.97895885,31.04402931,65.95013973,1.725105902,24.40675158,8.488461887,107.9972617,18.8909739,152.9834779,2.840990717,1
4409,South,Sandy,Soybean,Zaid,Vegetative,Drip,36.74976324,20.96485591,80.45838632,3.541693194,10.25344964,5.596916684,19.7964541,52.6906497,7.354845758,4.03757643,1
4410,West,Clay,Tomato,Rabi,Fruiting,Furrow,48.83122623,30.2521793,52.83496485,2.093825693,6.258211095,6.311605202,22.08368621,88.19806033,196.2902649,3.773534486,0
4411,Central,Peaty,Sugarcane,Zaid,Maturity,Furrow,15.37306433,19.72135545,61.59355037,4.200848815,18.96025476,4.511736231,87.72246723,3.286348806,45.52972263,1.506228731,1
4412,South,Sandy,Tomato,Kharif,Fruiting,Flood,10.29312105,35.12924128,79.98720905,0.274740479,7.481822319,5.896929164,80.04390131,126.179077,24.92020358,6.065439998,1
4413,East,Clay,Rice,Rabi,Maturity,Drip,56.93040337,37.61813053,65.78796305,3.564203268,20.160009,4.785761202,21.56065877,88.49482218,192.9328888,6.748516544,0
4414,East,Sandy,Onion,Kharif,Fruiting,Sprinkler,54.92736618,18.31182703,36.85701782,2.294210018,13.34886826,7.475299082,119.3170198,42.82892206,170.2395679,7.281688915,0
4415,East,Loamy,Wheat,Zaid,Fruiting,Sprinkler,38.7552167,29.03407236,65.97890194,3.82500737,19.84818188,6.744057812,46.06831797,45.12475022,156.798436,6.084417475,1
4416,Central,Sandy,Tomato,Rabi,Maturity,Flood,44.27508532,17.12615102,67.12095943,2.745522978,6.896996993,6.788687509,51.3754288,67.52188559,21.47287033,10.56479583,0
4417,East,Chalky,Rice,Rabi,Vegetative,Furrow,39.08101004,32.94547337,75.05802357,1.671952978,12.70068289,5.646045144,58.86441132,35.97331187,165.5434888,1.414477196,1
4418,West,Sandy,Sugarcane,Kharif,Flowering,Flood,11.68035314,22.93212894,66.56556407,11.72265867,14.10059484,7.759585161,45.1782619,0.629579525,124.8498222,7.751894664,1
4419,East,Loamy,Sugarcane,Kharif,Seedling,Flood,33.47601244,30.82873371,92.69315978,1.021394248,23.57770169,4.513083701,78.04370732,3.850829986,150.0412653,10.52744848,1
4420,South,Sandy,Wheat,Zaid,Maturity,Drip,22.39575788,30.52383028,34.79662315,5.718554192,6.664939421,5.834404717,54.41068124,51.87239744,200.5044074,1.45144265,1
4421,East,Clay,Wheat,Rabi,Flowering,Furrow,16.88969324,42.73063039,,12.92770592,23.41720598,7.137989962,36.32086163,18.01214311,39.86044131,6.459376994,1
4422,South,Sandy,Rice,Zaid,Fruiting,Sprinkler,76.97043037,31.47249668,60.37546178,3.868207848,20.12147289,8.13169015,126.6264815,3.242732824,103.398302,7.479299122,0
4423,North,Chalky,Cotton,Rabi,Vegetative,Drip,51.95518075,32.48995439,70.39671054,10.45386707,18.27235135,5.438463828,43.16910362,124.5940442,154.437149,3.099963245,0
4424,Central,Chalky,Soybean,Kharif,Fruiting,Sprinkler,61.0059399,27.04959377,27.45961981,0.66680834,19.67175673,6.664400207,97.78844957,39.74991048,88.89955191,3.777501197,0
4425,West,Sandy,Maize,Zaid,Maturity,Flood,32.07546203,43.4723881,48.5431956,3.404006234,15.13562615,6.651965682,48.61174785,72.95277369,11.203882,9.641526713,1
4426,East,Loamy,Onion,Rabi,Flowering,Furrow,37.52029906,38.31557728,77.70343598,3.053462586,6.102000262,7.996697476,60.93079816,26.01431721,22.84497427,7.241375599,1
4427,East,Clay,Cotton,Kharif,Fruiting,Sprinkler,26.58467957,23.56215871,73.01832613,0.04075972,4.737374221,4.702067558,33.03209328,6.775120975,123.4288544,4.47356567,1
4428,East,Loamy,Tomato,Kharif,Vegetative,Sprinkler,16.78759697,40.32628757,23.01045411,2.928260795,21.6585359,6.197902244,105.3261467,108.0056134,58.42585001,9.412307445,1
4429,East,Sandy,Wheat,Zaid,Maturity,Flood,22.53221462,27.97189081,60.99456976,2.302482875,18.12848506,5.229862699,103.2084552,18.11874392,28.2573327,9.213871316,1
4430,South,Loamy,Potato,Zaid,Maturity,Furrow,65.82598317,39.86001431,26.62086447,5.540264473,5.330107069,4.586130401,3.113592413,3.728950849,69.67785949,4.799419638,0
4431,Central,Chalky,Onion,Rabi,Fruiting,Flood,57.42820636,39.68664205,94.68923219,13.9297705,15.37733415,5.088123762,8.427165642,85.1483976,41.20109107,6.375123935,0
4432,South,Loamy,Soybean,Zaid,Vegetative,Sprinkler,48.28502132,20.6661056,87.29724414,0.448480825,11.18866204,8.405882691,129.1327037,1.952798001,4.907590648,8.309708269,0
4433,East,Sandy,Potato,Kharif,Maturity,Drip,43.2562911,36.03423394,21.58104953,1.983590277,3.966379249,5.359394038,124.4357586,63.261462,31.12186766,4.775741397,1
4434,South,Sandy,Rice,Zaid,Maturity,Furrow,74.57039986,23.71928908,84.39871842,2.935517128,13.29642773,8.240123093,70.85220699,41.88122703,181.030982,7.919103521,0
4435,East,Chalky,Cotton,Zaid,Fruiting,Furrow,15.09144634,23.9247801,88.95722004,3.036548427,7.037977312,5.321017371,69.07003482,46.31560782,2.467642913,3.761811038,1
4436,North,Chalky,Groundnut,Rabi,Flowering,Furrow,,23.89044231,46.51611669,7.454047745,2.406103104,8.22518091,113.7393844,0.565361252,158.6393122,4.212229102,0
4437,South,Chalky,Onion,Rabi,Seedling,Flood,34.49564975,36.76704743,73.96262413,2.929503215,11.67395746,7.118483741,19.38302056,139.8301817,154.4595267,4.417399077,1
4438,Central,Peaty,Potato,Kharif,Vegetative,Flood,64.76980685,21.89478125,53.15778097,0.13768494,14.7527138,4.95287431,91.51787699,74.95964986,115.6687261,11.29660247,0
4439,North,Sandy,Rice,Kharif,Maturity,Drip,79.47602341,15.02717506,69.14243634,6.191166837,1.17266026,6.827660621,66.63761923,83.01425929,42.73179197,10.17039356,0
4440,West,Sandy,Rice,Zaid,Maturity,Drip,26.84693603,36.4571056,45.52380532,10.80671667,10.05231874,5.77405615,104.0663441,96.58776031,180.002141,7.216825731,1
4441,South,Peaty,Maize,Rabi,Maturity,Drip,71.20151339,20.13554232,44.19194275,3.606753048,6.441547996,6.032612624,4.214390784,115.6406597,97.3904916,7.202594304,0
4442,South,Clay,Soybean,Rabi,Flowering,Drip,,18.13447186,51.83254166,4.350716971,0.766264768,6.260683831,82.98157696,88.14682186,35.50727695,1.617611743,0
4443,West,Peaty,Sugarcane,Kharif,Seedling,Furrow,25.72601783,22.12548362,30.9175819,0.889276361,3.14156374,6.19082809,77.94195013,110.5187253,87.94963146,8.144588696,1
4444,Central,Loamy,Sugarcane,Rabi,Fruiting,Flood,37.95328061,26.39701567,82.33542233,1.246449183,3.47585397,7.156435562,117.7187661,65.06661768,39.95803169,4.609318431,1
4445,North,Peaty,Potato,Zaid,Vegetative,Furrow,38.67710085,29.27718982,46.15234215,1.340510024,4.571856203,7.573472274,94.75708166,53.83489536,77.08160743,7.735292983,1
4446,West,Chalky,Maize,Rabi,Flowering,Drip,78.4754468,16.33710122,50.01121654,2.817107382,20.08443929,5.816710757,123.2224502,119.3544166,101.8209931,10.24257123,0
4447,Central,Peaty,Sugarcane,Kharif,Maturity,Drip,22.6624331,44.11719998,87.05409595,13.16554077,10.98729666,8.197455847,124.218265,125.470026,73.77968239,1.500481364,1
4448,North,Clay,Groundnut,Rabi,Seedling,Drip,65.94105798,36.4818916,57.24678605,3.688471845,3.677149807,8.253865256,57.14296013,19.98196712,134.6940762,7.677698538,0
4449,Central,Silt,Wheat,Rabi,Seedling,Furrow,33.39348999,24.69582196,60.8190432,1.066570379,2.507424173,4.662761749,19.24077873,78.68572711,191.8631498,7.20620676,1
4450,Central,Clay,Groundnut,Kharif,Seedling,Furrow,61.1609242,24.56091772,91.73735936,1.546828943,7.448511468,4.559635156,88.23971182,99.12815242,71.37061627,3.274432108,0
4451,East,Peaty,Rice,Zaid,Fruiting,Sprinkler,39.4007703,28.45627648,86.50447874,2.422663573,19.95038797,6.200265321,122.3244538,12.12181681,72.92660034,8.110762439,1
4452,South,Loamy,Groundnut,Zaid,Vegetative,Flood,,33.78734468,32.71000317,4.880986329,9.111496198,6.862581004,10.49346819,134.7915384,151.3520065,7.103187573,0
4453,North,Loamy,Wheat,Kharif,Maturity,Flood,68.28282413,19.391192,55.49112724,2.899388494,3.997434007,5.61161899,78.10925823,75.41591704,108.771141,9.440521364,0
4454,East,Silt,Groundnut,Rabi,Flowering,Drip,66.29158955,20.66789441,92.84721706,2.491561582,10.10290454,5.537655004,16.09993373,93.59132551,87.91208512,2.21680425,0
4455,North,Sandy,Maize,Rabi,Flowering,Flood,70.64962285,40.78303749,47.92747237,4.158927677,13.88278893,7.213335319,3.779438846,25.84519847,166.8306786,5.879680891,0
4456,East,Chalky,Sugarcane,Kharif,Flowering,Drip,14.17321277,22.68764772,47.86798314,1.384271161,0.739604591,6.906817139,95.14894955,38.34303004,182.6623938,11.97726227,1
4457,North,Chalky,Potato,Zaid,Flowering,Flood,58.44353871,26.40584994,34.62726738,0.41095112,15.69104504,5.1685875,95.45894566,17.54517642,121.0702542,8.58208933,0
4458,South,Chalky,Rice,Zaid,Maturity,Drip,19.79911637,41.13815553,28.57423356,0.123586428,9.877518825,8.038003853,84.0921263,38.27981467,37.94617091,8.527280449,1
4459,Central,Peaty,Soybean,Zaid,Vegetative,Flood,39.10729976,34.89443488,75.52285931,1.44681184,0.243146878,7.219904281,120.2911925,71.39753097,95.58860725,4.496582104,1
4460,South,Sandy,Groundnut,Zaid,Maturity,Sprinkler,48.40118905,25.25135638,77.75228515,0.480308498,16.84723497,5.950304997,11.32270157,120.8762919,103.3959857,2.032769146,0
4461,North,Loamy,Onion,Zaid,Flowering,Sprinkler,38.19176393,35.51098637,92.67597226,2.049931355,17.80969089,7.23449876,14.73643664,77.38989518,88.60250821,11.44443813,1
4462,South,Sandy,Potato,Zaid,Vegetative,Drip,46.37281731,15.59049646,78.00636582,7.412562653,15.72099471,4.950612347,121.0349613,35.44722174,53.79853517,2.160185433,0
4463,North,Clay,Cotton,Zaid,Fruiting,Furrow,79.75684162,37.0692798,38.25143705,6.299089766,8.54825544,6.373024498,70.45874078,6.470055859,96.82597058,11.91976942,0
4464,West,Chalky,Potato,Kharif,Vegetative,Drip,19.46521196,29.61048122,23.00874337,4.719949465,13.24012135,5.175937638,38.22739324,90.18562621,91.54196118,2.383590697,1
4465,West,Clay,Rice,Rabi,Fruiting,Flood,57.28192317,39.39546442,93.90780383,9.569643783,9.678942653,4.665724985,103.3419769,60.92318512,42.94617241,2.879980834,0
4466,North,Silt,Cotton,Zaid,Maturity,Sprinkler,37.72006765,43.63912956,45.53380217,1.656899495,17.51554325,5.853305081,125.2165212,142.7313107,185.2032837,4.392036506,1
4467,West,Sandy,Soybean,Rabi,Fruiting,Furrow,19.31068592,42.77365648,43.39786568,10.81645339,14.58950466,5.102941934,96.54446007,113.0651834,181.4948949,6.636127128,1
4468,Central,Silt,Groundnut,Kharif,Fruiting,Drip,21.11157344,42.2779513,87.94664073,2.547791883,2.044977846,7.034071828,110.8705635,117.2126088,155.7213678,9.694418173,1
4469,North,Clay,Rice,Kharif,Vegetative,Flood,76.44911744,30.36509868,63.88249239,2.561577985,16.07733896,-5,39.54961363,1.774078318,82.19404841,11.68109132,0
4470,East,Chalky,Rice,Rabi,Maturity,Sprinkler,71.57210477,25.80426342,36.11533804,2.598924977,17.18096036,5.094769225,40.42855032,112.7803233,75.92009112,4.947073691,0
4471,West,Clay,Potato,Kharif,Vegetative,Sprinkler,73.49293723,28.95105974,86.6822182,0.516226916,9.267554515,4.598452022,120.9773432,28.21893005,146.8754024,1.224544025,0
4472,Central,Silt,Groundnut,Kharif,Seedling,Flood,79.40729431,35.6968801,94.50206413,18.54347207,21.89464452,7.671242247,86.08079881,84.94040148,124.6644432,7.783474753,0
4473,North,Clay,Potato,Kharif,Fruiting,Flood,,41.51993331,26.50089209,0.745440453,21.07535887,4.508228083,32.78278523,64.87612799,123.1226564,8.818688474,0
4474,East,Sandy,Sugarcane,Rabi,Vegetative,Flood,34.88075362,21.20958909,84.66887212,2.08429176,4.379163097,5.875652357,73.38265416,82.88255833,25.44286314,5.371886371,1
4475,Central,Peaty,Potato,Zaid,Maturity,Drip,56.84533209,42.54579475,49.28867733,1.923170346,22.60665771,6.478333192,96.02046601,19.34931177,126.748175,3.018236539,0
4476,West,Peaty,Sugarcane,Rabi,Vegetative,Sprinkler,43.86617779,39.45540696,59.30543349,0.388075212,11.02180929,7.774568754,30.59687138,66.2492938,184.8819173,4.366171542,1
4477,North,Clay,Soybean,Zaid,Seedling,Drip,39.28726734,44.36568046,88.61119818,0.825907237,18.09374132,7.854234571,91.68689715,5.356979463,17.59237649,8.213796803,1
4478,West,Peaty,Tomato,Rabi,Fruiting,Flood,35.04678745,41.4075532,93.00343968,0.229478052,20.35242517,7.399757762,5.900278974,5.944905483,69.53011631,6.436011567,1
4479,East,Peaty,Potato,Zaid,Seedling,Drip,51.56464424,23.39811989,39.66229328,1.729413336,12.62781053,5.48879049,42.51682722,95.37202896,104.3479297,9.177664315,0
4480,North,Peaty,Onion,Kharif,Seedling,Flood,50.29154,18.17867734,35.96380782,10.07414977,9.977548484,7.380747737,94.35605364,137.9962642,140.6319464,3.39987269,0
4481,Central,Chalky,Maize,Kharif,Fruiting,Drip,21.30204838,18.36723216,26.03874189,2.07335329,22.88628422,5.486156792,20.90886917,112.7219732,18.37516056,10.2618418,1
4482,West,Chalky,Wheat,Rabi,Seedling,Drip,43.02178863,23.73669956,62.13483895,0.6601873,5.771338823,5.358432767,31.10786429,68.02758818,178.9252696,2.7147341,0
4483,South,Clay,Sugarcane,Zaid,Fruiting,Furrow,48.74302433,33.42551172,21.02032966,5.187969805,6.424251943,6.688511817,123.0730607,8.101257313,8.311852184,4.629069718,0
4484,Central,Peaty,Soybean,Kharif,Fruiting,Flood,49.92008571,39.12960978,50.89237232,28.42124067,9.04050785,7.215417775,94.40495392,6.527921671,175.8263817,7.503283928,0
4485,West,Silt,Tomato,Kharif,Flowering,Drip,24.7075035,41.97750921,25.50380125,1.321936178,21.48664445,4.712207064,69.84861944,22.89437786,5.668609952,9.105495108,1
4486,South,Chalky,Cotton,Rabi,Maturity,Flood,61.95899746,33.71260153,50.39193372,1.639542093,23.46970661,4.740090404,29.5250749,141.4925231,31.47227739,3.927996183,0
4487,East,Silt,Rice,Rabi,Vegetative,Furrow,11.76393664,15.16893938,22.99491419,17.85051643,5.501692869,7.636682747,47.79735192,57.80585463,164.0663846,11.42931709,1
4488,North,Peaty,Cotton,Kharif,Vegetative,Sprinkler,34.83822989,20.5895033,82.64129455,0.984798594,21.59675369,7.937989004,80.40626976,122.2940573,176.3337096,8.767224115,1
4489,East,Loamy,Onion,Rabi,Maturity,Sprinkler,64.6148854,17.99178612,35.73042455,3.579153256,6.455073987,6.917763665,21.74376315,102.2456536,201.364495,3.394425349,0
4490,East,Loamy,Tomato,Kharif,Seedling,Sprinkler,49.47250447,25.89973427,44.62315328,-999,24.26603117,6.215312039,67.44417119,87.78715559,23.72153981,8.983420892,0
4491,North,Silt,Wheat,Kharif,Maturity,Sprinkler,28.28137028,30.04052981,85.25359975,13.4671799,14.9351973,7.881265918,57.25641518,137.4347862,107.9224788,8.659670642,1
4492,Central,Silt,Onion,Kharif,Fruiting,Sprinkler,58.64671835,16.30191536,75.9699546,19.95560558,0.177161686,7.415268131,66.7362278,33.40967774,15.81694444,9.27952479,0
4493,West,Peaty,Tomato,Rabi,Fruiting,Drip,49.71736609,25.45433927,36.42787712,8.42883761,0.853247602,6.818376794,14.77851498,65.95900106,32.06356332,11.07468797,0
4494,East,Clay,Cotton,Rabi,Vegetative,Sprinkler,65.73705266,20.37539024,25.3924564,1.890104466,3.68711327,5.779028488,14.90959219,125.38483,35.77124087,8.828889039,0
4495,Central,Silt,Wheat,Zaid,Flowering,Sprinkler,61.45176303,34.41210499,73.67553326,2.583275203,4.689328945,5.291980247,134.9755334,80.00538961,12.99459155,4.871013222,0
4496,South,Peaty,Cotton,Zaid,Seedling,Furrow,52.70755454,28.92817108,49.3026913,1.387376256,19.19047807,6.174692157,137.1114827,35.73454525,183.0608602,9.695692255,0
4497,East,Silt,Rice,Kharif,Maturity,Furrow,44.17243727,29.85952941,77.45599993,11.07094686,5.56914691,5.647290304,59.66305211,30.29288044,25.90288119,8.654479336,0
4498,Central,Chalky,Onion,Rabi,Fruiting,Drip,19.3227488,27.83075364,53.39710793,12.29960373,24.2285405,5.857034351,110.4593635,109.1677452,129.0148728,7.316851044,1
4499,Central,Silt,Groundnut,Zaid,Fruiting,Sprinkler,28.29331125,43.68059131,45.95018097,2.713909673,15.90280143,6.562524221,91.81079977,1.854389667,128.2781482,4.892161827,1
4500,West,Peaty,Maize,Zaid,Flowering,Sprinkler,39.3369631,21.44205375,53.84040562,5.343322227,17.31293773,5.176375828,16.36835965,132.5578512,40.7222671,11.13154094,1
4501,East,Peaty,Cotton,Kharif,Fruiting,Furrow,51.95095009,30.4999278,76.14192393,0.904931322,5.445412982,7.72470672,41.53501203,2.670608277,204.6743086,6.64030217,0
4502,North,Sandy,Maize,Kharif,Maturity,Furrow,45.95954987,37.08052105,87.66652149,2.854080518,22.31765785,5.082117847,43.91119721,91.4934118,71.21039351,7.909137147,1
4503,West,Clay,Tomato,Rabi,Vegetative,Drip,30.17291682,31.70533239,23.73253974,4.991560716,16.69536432,6.423974558,83.40842088,87.68845441,185.544346,5.568993968,1
4504,North,Chalky,Maize,Zaid,Vegetative,Drip,10.45250505,42.87062657,59.30836559,2.433943517,21.61014061,7.483885352,81.19673972,83.8696169,194.3983701,9.588968397,1
4505,North,Sandy,Groundnut,Kharif,Seedling,Furrow,44.73674553,26.33905067,22.46265718,2.21271689,23.91202743,6.440082831,129.2912171,68.77974238,194.5427069,4.75143457,0
4506,Central,Sandy,Wheat,Zaid,Maturity,Flood,29.9938192,28.91027417,55.13071588,0.004997458,3.141024428,5.944088254,110.605084,123.6023982,154.3317055,9.916978307,1
4507,North,Sandy,Onion,Rabi,Fruiting,Furrow,61.42258105,17.65566946,86.39621218,8.15569503,2.414680757,6.399565223,119.958673,95.60326619,52.03002609,2.187355715,0
4508,North,Sandy,Potato,Rabi,Fruiting,Flood,11.67623857,33.26997333,47.11926998,11.00635631,20.08519566,7.894682795,124.7720059,113.3700308,24.73434712,8.798580835,1
4509,West,Chalky,Soybean,Zaid,Maturity,Flood,50.93794679,23.64635905,89.93378158,17.44416779,21.65315148,8.461726793,112.1787342,16.75066187,116.8264203,6.245703642,0
4510,East,Sandy,Maize,Rabi,Vegetative,Drip,75.90319663,19.80927119,67.29563537,6.351834297,14.59403552,7.024573157,46.60337655,7.235302431,73.80802187,8.686289192,0
4511,West,Chalky,Tomato,Kharif,Fruiting,Furrow,22.2086487,31.33593879,90.06165078,3.979137704,9.150013694,7.673776171,30.10181599,4.136633795,170.3629974,6.845352074,1
4512,Central,Silt,Tomato,Rabi,Fruiting,Flood,43.01546435,30.9693079,76.78749691,1.568655575,16.3157409,4.557954745,80.04742732,21.34486789,152.7229608,2.477369605,1
4513,East,Sandy,Soybean,Rabi,Maturity,Drip,16.39953943,17.27614924,27.7576375,36.3184094,7.641601815,8.021457638,96.5395643,96.71614409,56.67600072,6.246906968,1
4514,West,Peaty,Cotton,Kharif,Seedling,Furrow,53.79773386,35.9464636,37.33635257,4.454977535,5.959642304,8.31619904,54.11951565,71.63315458,3.488122906,11.61014868,0
4515,East,Chalky,Maize,Rabi,Maturity,Furrow,48.53721764,33.71316572,49.56278409,5.715236391,12.20363024,6.800677367,118.767411,109.0765771,48.64973058,9.303246614,0
4516,South,Clay,Potato,Zaid,Fruiting,Sprinkler,38.51558669,20.67051848,32.75801615,5.734909757,5.40384569,7.515219448,134.479323,27.80089883,116.2586948,4.302082102,0
4517,West,Loamy,Sugarcane,Kharif,Maturity,Furrow,46.4963915,29.08304586,57.11837036,9.329779859,12.09259021,6.550978972,79.71540166,53.20964109,16.1944818,11.38525563,0
4518,East,Loamy,Cotton,Kharif,Maturity,Flood,72.76022609,36.60968749,55.35261168,0.048598109,23.91516264,5.644814962,63.92288871,128.8321445,134.9458829,9.568409049,0
4519,North,Silt,Potato,Zaid,Seedling,Sprinkler,23.74060116,30.88307222,91.71943985,1.243889999,20.99460089,7.908991888,118.0041964,135.6786092,137.6977384,5.008918332,1
4520,South,Chalky,Groundnut,Zaid,Vegetative,Furrow,11.57951582,26.86467229,52.52959122,5.476100247,23.54077299,6.887346848,3.397736579,133.6507275,34.72575408,7.639313624,1
4521,North,Sandy,Maize,Kharif,Maturity,Drip,70.31654193,24.67015374,78.92201032,11.27591931,20.15822437,6.817532335,18.06176622,118.6542314,122.245238,5.693541644,0
4522,South,Peaty,Soybean,Zaid,Maturity,Furrow,50.39819577,33.311816,90.64329086,5.781293585,8.868773399,7.136528815,118.3920723,99.7942024,124.4291427,2.063594333,0
4523,Central,Loamy,Tomato,Kharif,Seedling,Drip,72.34609188,43.17326095,85.77416232,2.667838814,20.30113096,7.924012663,102.484002,132.4832946,97.98552,9.86632347,0
4524,East,Sandy,Sugarcane,Kharif,Fruiting,Furrow,51.78616564,35.15234521,35.65007184,2.243602616,23.07289359,7.427624503,58.25913775,103.5563308,195.4153905,3.101859376,0
4525,South,Loamy,Wheat,Kharif,Flowering,Drip,66.7112763,17.24237711,57.20224207,6.696061766,23.6758947,5.344496777,124.4392601,138.3207561,22.17345196,6.038421258,0
4526,East,Loamy,Tomato,Kharif,Flowering,Furrow,40.07713543,28.8205492,46.08048367,6.759226941,17.07994627,6.367294178,49.20416027,3.594308145,83.35826208,8.72901933,1
4527,Central,Sandy,Wheat,Kharif,Fruiting,Sprinkler,62.49019519,41.72472395,49.98940214,4.670466208,5.284166095,8.421193328,88.7383501,133.6381025,180.9987583,11.25435058,0
4528,South,Clay,Rice,Kharif,Fruiting,Sprinkler,73.91290268,17.83387277,47.06051197,1.722793388,0.993228834,6.718242855,88.80682585,80.58237774,79.19437358,1.689986995,0
4529,East,Clay,Sugarcane,Kharif,Fruiting,Sprinkler,50.04860746,44.66627136,81.97694076,12.96166772,3.680005704,8.252981414,25.80646497,16.21067401,87.05111985,5.325569125,1
4530,West,Silt,Sugarcane,Zaid,Vegetative,Furrow,22.65496054,43.47208181,53.91042913,4.013470481,24.13867295,7.753477945,39.87924306,31.16213411,136.9961455,7.761124974,1
4531,East,Peaty,Rice,Zaid,Vegetative,Flood,28.81583305,17.34823442,59.27707492,7.814975273,11.5524206,7.164093767,128.2409692,123.5630962,136.4405277,9.57240236,1
4532,East,Sandy,Soybean,Zaid,Seedling,Drip,23.90512038,43.00239961,93.68355178,1.205953773,21.37465037,5.897460811,25.67807953,73.38695845,4.69490148,11.13024294,1
4533,East,Loamy,Groundnut,Kharif,Fruiting,Sprinkler,27.27999193,25.89397771,24.49844541,2.108283349,11.62610384,5.71727739,24.30044706,142.5085699,93.41797235,1.005470466,1
4534,North,Clay,Potato,Zaid,Maturity,Flood,31.44908145,40.34127501,56.59682298,10.38041659,16.52043959,7.073684261,67.14616632,17.04201088,68.36992816,7.90539721,1
4535,South,Peaty,Potato,Rabi,Fruiting,Sprinkler,48.85936507,27.55150013,78.05462802,0.257029819,0.603519428,6.230244963,12.90763155,59.81300227,128.6775257,1.076306177,0
4536,East,Chalky,Wheat,Zaid,Fruiting,Drip,51.15941406,28.22565338,31.33714686,3.590431058,6.246623568,7.695014491,125.2476665,48.12179425,113.9189747,9.659808163,0
4537,Central,Peaty,Tomato,Zaid,Maturity,Flood,39.85498231,34.02729273,65.8648696,3.286058133,10.906732,7.541826958,14.02087936,74.83963823,133.4266336,2.646332567,1
4538,East,Sandy,Potato,Zaid,Seedling,Flood,53.07945459,38.23432258,37.95985847,6.956136318,15.76577618,5.748521947,86.31804676,91.84848374,134.0223142,10.84082703,0
4539,East,Sandy,Cotton,Kharif,Fruiting,Flood,15.71024479,16.01367453,85.05530849,-999,4.288029701,7.310915132,47.5694599,95.93627306,52.24873157,2.706366593,1
4540,West,Sandy,Groundnut,Rabi,Maturity,Flood,16.14517659,32.79467987,44.53247491,1.236328461,19.11378661,6.47820076,112.598204,0.187902587,50.52527674,9.407618801,1
4541,West,Clay,Sugarcane,Rabi,Flowering,Flood,22.02806223,20.60198982,44.67971127,13.02743459,9.110117653,5.793168403,82.57350441,12.8992629,75.90789098,4.182343206,1
4542,West,Silt,Rice,Rabi,Flowering,Flood,46.26542486,25.37848554,64.86454089,4.239769651,20.43588173,6.151866371,54.36285975,5.08425588,49.60148441,7.1297927,0
4543,North,Silt,Onion,Kharif,Maturity,Furrow,24.97962751,25.43905998,33.76721811,0.552923849,2.44922726,8.081407469,137.7422178,125.3668762,139.975656,7.692776586,1
4544,Central,Silt,Tomato,Zaid,Fruiting,Drip,29.82990824,29.07181021,41.36664792,1.072382112,16.99391469,5.938070768,9.272338385,45.42737671,123.5875249,3.274367135,1
4545,South,Peaty,Wheat,Kharif,Vegetative,Drip,38.02189853,25.02409236,51.24738876,33.73694626,7.33320833,5.649597093,80.89008245,53.22419907,44.35933636,4.285665719,0
4546,Central,Peaty,Maize,Rabi,Vegetative,Flood,66.83062868,18.22083355,46.52283974,1.088349025,19.88457935,5.907228883,138.5395636,65.3038311,181.2414858,2.182585607,0
4547,West,Clay,Sugarcane,Kharif,Fruiting,Drip,10.97034951,19.36886216,59.36579135,4.714142718,10.05426068,-5,96.73337005,123.1491376,94.43583609,1.058179059,1
4548,Central,Sandy,Groundnut,Rabi,Maturity,Drip,55.45651742,16.00313957,64.97301081,2.724740128,16.63374081,6.67853995,103.5677484,2.05410784,26.04591077,3.634148424,0
4549,North,Sandy,Sugarcane,Rabi,Seedling,Sprinkler,56.82135717,29.10747256,62.50005903,10.84023144,23.35763172,5.089745745,4.492760241,17.19964979,43.65794556,6.676025914,0
4550,East,Loamy,Onion,Rabi,Vegetative,Sprinkler,65.90590462,43.63343085,69.0626234,7.035927186,0.5156658,7.769775146,2.990842834,99.34865271,110.6693654,8.849569854,0
4551,West,Loamy,Cotton,Kharif,Flowering,Furrow,75.29270573,18.47025671,43.08121375,4.543490597,0.277919558,5.402320989,5.055415678,139.7644158,69.37692337,9.729155876,0
4552,South,Loamy,Wheat,Zaid,Seedling,Sprinkler,11.40964943,43.38793479,29.48196704,0.053985304,19.2569813,6.89222011,138.8413463,93.20403109,174.500497,1.767425568,1
4553,North,Peaty,Rice,Zaid,Flowering,Flood,20.76485939,37.00084544,77.06056561,10.59279193,16.15982629,5.000101996,137.1327665,37.86290293,101.4207585,3.996541752,1
4554,Central,Silt,Maize,Zaid,Fruiting,Sprinkler,72.03199058,150,83.8085287,2.940940965,7.324493013,8.413812593,46.83124961,75.38034217,187.6354341,9.472463766,1
4555,South,Clay,Soybean,Zaid,Seedling,Drip,42.09629935,34.35833266,39.27546742,13.41027899,12.35991757,6.318301836,40.73745428,141.372169,20.87442859,6.289557624,1
4556,South,Silt,Potato,Zaid,Fruiting,Furrow,49.52134473,39.80182945,50.53189671,3.42132386,1.04839164,7.788685363,20.43422437,76.57109925,137.0615923,3.004056861,1
4557,West,Sandy,Potato,Rabi,Vegetative,Furrow,56.41190426,18.20759593,57.39269127,5.924520355,4.811140134,7.574591343,46.07964188,54.15860631,181.5858947,5.314354087,0
4558,East,Loamy,Sugarcane,Zaid,Fruiting,Sprinkler,57.53466231,30.14262971,59.99951321,0.35905195,10.61240936,7.354772189,51.82099028,55.59670545,60.05074749,3.9703761,0
4559,North,Silt,Maize,Rabi,Vegetative,Flood,75.22182823,35.91273415,69.46176283,6.835433152,20.85111041,7.809459485,104.7595943,140.2198587,27.81595724,1.557188558,0
4560,Central,Sandy,Maize,Zaid,Vegetative,Flood,79.78645922,32.60461335,23.1202425,2.06241864,11.99167957,4.901854435,121.2810974,104.2428964,93.61217129,9.399898602,0
4561,Central,Loamy,Groundnut,Kharif,Maturity,Furrow,60.41102227,39.98337213,74.11078121,2.164379481,14.65906261,7.21398879,104.5429168,99.64006407,197.0735164,4.20863027,0
4562,North,Silt,Groundnut,Kharif,Fruiting,Furrow,30.10548464,17.16815127,24.64782552,0.631535438,21.8438448,5.563308941,90.50651415,33.64787665,129.8596947,11.39644461,1
4563,North,Silt,Maize,Rabi,Seedling,Drip,71.58266816,35.72103118,55.12164258,0.794141381,7.72047284,7.643486656,107.2260109,81.12527248,132.0152791,10.76937544,0
4564,South,Silt,Onion,Rabi,Seedling,Furrow,13.44546402,31.02083191,82.07533517,1.027494785,17.51748303,8.327475039,103.3896471,51.72805379,137.6577572,8.879052283,1
4565,East,Chalky,Groundnut,Rabi,Maturity,Drip,26.1756597,26.37482592,53.8411485,1.98901892,21.54168147,8.105958119,66.60495712,34.82922125,8.151081997,4.592978259,1
4566,East,Chalky,Tomato,Rabi,Fruiting,Sprinkler,72.81700022,25.20824947,31.18173116,11.12672753,5.065392517,4.95980889,47.01919634,129.8550815,91.35820927,4.079159079,0
4567,West,Loamy,Maize,Zaid,Maturity,Furrow,27.93340601,33.62497898,93.87753838,2.296388695,8.911954129,5.978209683,39.58930036,55.55759227,15.90226214,6.227986282,1
4568,Central,Peaty,Sugarcane,Rabi,Vegetative,Sprinkler,25.44557417,41.72986124,86.69640966,6.443347159,24.49525435,5.957291029,95.10976433,41.00413856,64.75106002,4.900627504,1
4569,Central,Loamy,Onion,Rabi,Fruiting,Sprinkler,19.66877052,29.88527778,77.84852249,0.431862472,24.58046412,4.989185065,134.3025774,135.0994575,168.4278,10.91274156,1
4570,North,Clay,Tomato,Kharif,Seedling,Flood,70.13782304,39.74169492,50.86337022,4.471408576,5.580748257,4.892504213,81.34766065,28.61522749,134.5353397,2.358446532,0
4571,West,Chalky,Groundnut,Zaid,Vegetative,Sprinkler,45.00407814,27.06469146,33.78842952,3.287850403,1.661145972,6.03956054,127.7537103,108.0981938,204.0924032,8.969143332,0
4572,East,Loamy,Rice,Zaid,Maturity,Sprinkler,57.24252421,18.07183388,90.60583861,19.07401574,6.773040283,8.468286202,1.992111936,94.64833595,35.291657,7.719864738,0
4573,East,Silt,Wheat,Zaid,Maturity,Drip,26.73464689,16.84517209,59.92633449,9.360763713,9.943298933,6.775770604,111.2258905,133.4702421,81.39611842,9.869313105,1
4574,East,Sandy,Soybean,Zaid,Maturity,Furrow,63.06282947,16.54003114,83.92665953,3.033285945,11.02514002,6.987126514,119.5043721,120.6468349,165.9762443,6.967360594,0
4575,West,Sandy,Tomato,Kharif,Fruiting,Flood,63.20038815,26.40450426,45.65712543,7.461447925,15.47015768,6.38407564,88.33913731,102.2678066,44.21677849,7.924947454,0
4576,West,Silt,Sugarcane,Kharif,Maturity,Furrow,31.88186174,25.11713253,45.14662378,1.072398092,22.487569,7.149322209,130.7685399,45.6128908,31.5129785,11.59014695,1
4577,North,Peaty,Groundnut,Kharif,Vegetative,Flood,38.74778431,36.53811071,93.91553605,4.131522672,8.258700298,8.326648323,82.587819,71.85750663,87.66057418,2.01157708,1
4578,South,Peaty,Onion,Kharif,Fruiting,Furrow,24.67831942,37.28464505,59.13747864,0.387748972,21.24961339,6.854791814,33.67516635,136.9518854,78.66393048,2.153522247,1
4579,West,Loamy,Groundnut,Zaid,Fruiting,Drip,78.35927163,16.52561907,30.55215679,2.139236395,2.336973023,4.760153839,30.20041212,3.364381434,200.9422179,5.329684532,0
4580,East,Loamy,Maize,Zaid,Vegetative,Flood,55.19218039,21.63369789,36.47560085,1.280026807,1.046867474,6.471562277,77.81707734,115.1781145,93.53156345,6.200060727,0
4581,West,Sandy,Rice,Kharif,Seedling,Drip,75.41807165,23.2278555,56.14582095,6.345398596,12.60112958,8.471005093,126.9077503,36.51250082,176.4940003,3.198592463,0
4582,South,Silt,Soybean,Zaid,Fruiting,Drip,31.23698805,31.42835952,23.18531829,3.367611975,1.491555583,6.049610882,10.13151241,26.82745678,182.0329314,1.909345767,1
4583,West,Silt,Sugarcane,Kharif,Vegetative,Drip,64.73236391,19.33545672,54.6900489,6.952927351,9.812245031,6.875524949,84.61467171,33.67256909,32.36370139,1.243938822,0
4584,East,Loamy,Potato,Rabi,Fruiting,Sprinkler,63.61010507,19.01823658,51.42056316,3.621078617,22.41945292,4.926547054,107.7724862,8.663893767,146.6374843,9.410514755,0
4585,North,Clay,Rice,Rabi,Seedling,Furrow,58.41589563,43.31366668,78.4502199,0.452274361,6.037075905,5.064721995,16.15628975,143.8370745,56.90946354,6.33563133,0
4586,West,Chalky,Sugarcane,Kharif,Seedling,Sprinkler,77.59472827,39.12608722,46.62064734,6.647068869,17.64939438,7.998725813,16.3477567,126.1310258,19.42148849,10.27743773,0
4587,East,Loamy,Maize,Zaid,Flowering,Flood,37.54887353,20.41964706,93.69115712,-999,7.55913481,5.701378513,51.25791953,75.55311545,179.3145068,4.969209585,1
4588,West,Chalky,Soybean,Rabi,Fruiting,Drip,19.15021265,27.19703424,33.55774395,11.69267954,1.123001381,5.721805093,38.3433643,103.6899609,59.9487734,8.73790743,1
4589,North,Loamy,Sugarcane,Rabi,Fruiting,Sprinkler,57.01962015,25.66865998,64.32400137,4.243066321,13.91726454,6.048851984,27.76398225,80.70632762,70.79996239,6.373725746,0
4590,Central,Peaty,Cotton,Rabi,Vegetative,Furrow,61.05168603,38.73012222,26.72744728,7.003698147,20.87133726,8.365914692,27.81718431,117.6789469,66.41775249,7.732769985,0
4591,East,Chalky,Tomato,Kharif,Vegetative,Flood,50.25424014,30.30638749,75.0397988,6.972526633,10.23671121,4.837561984,18.29366454,122.4909528,41.06056171,5.072165252,0
4592,East,Loamy,Potato,Rabi,Flowering,Flood,24.47725252,18.83549211,94.6065266,0.846531676,15.43234566,7.77505641,85.51956183,33.75461208,89.07319332,1.892867475,1
4593,West,Loamy,Potato,Zaid,Vegetative,Drip,45.31191592,37.16976189,81.43539783,0.896953405,22.50058994,5.866231506,96.3375845,66.66342674,87.80002826,11.4211094,1
4594,Central,Clay,Rice,Kharif,Seedling,Drip,31.85328156,26.90663935,61.67776555,0.367616516,19.74236282,7.897872104,98.41107176,92.05292146,83.79408327,10.19698838,1
4595,East,Sandy,Potato,Kharif,Maturity,Flood,39.92265697,22.88772743,56.3556018,1.927677409,4.846909985,8.467022598,74.52955666,141.8739204,187.8410382,4.430809505,1
4596,East,Sandy,Cotton,Rabi,Fruiting,Flood,55.16530031,26.26495866,82.6272471,3.207601293,18.33459898,5.894669641,133.4068778,98.98995997,69.64908388,11.54573229,0
4597,Central,Loamy,Cotton,Rabi,Flowering,Flood,62.16503199,29.93269691,90.19805635,30.82397979,12.54732563,5.017425465,123.2745889,130.1570766,6.227676211,4.305376046,0
4598,West,Silt,Potato,Kharif,Fruiting,Sprinkler,26.25572836,25.29346549,94.19048943,2.819315719,18.6491702,5.077501992,134.06836,122.6862474,36.57958628,5.872890222,1
4599,East,Loamy,Rice,Zaid,Flowering,Furrow,38.37277525,22.25717318,49.74044207,6.477564621,12.36288876,7.534963564,54.43136694,84.39914423,147.9069007,9.306492268,1
4600,East,Peaty,Sugarcane,Kharif,Maturity,Furrow,28.84130997,26.95506086,94.31881061,5.911008068,3.198954103,5.079686209,122.8896424,129.5800272,121.1260143,4.399046732,1
4601,North,Clay,Tomato,Kharif,Flowering,Sprinkler,23.90421297,15.57518732,31.69446891,1.143808708,14.24773617,5.541686274,106.8024579,54.72615053,195.1056348,4.569587765,1
4602,South,Loamy,Sugarcane,Kharif,Flowering,Flood,64.8371054,38.17493538,39.01623319,0.301442634,12.30334981,5.317593375,47.59620642,54.99611192,142.359197,5.510903746,0
4603,East,Sandy,Tomato,Zaid,Maturity,Flood,73.64768861,20.12834681,26.67620936,3.948364761,12.94804334,5.922714256,14.92305619,113.2400183,39.81954305,6.152282956,0
4604,East,Loamy,Sugarcane,Kharif,Vegetative,Flood,35.916253,16.31713841,40.38038874,6.024959823,21.97256134,4.797466301,95.56697499,19.50883152,24.73206482,2.35977866,0
4605,East,Chalky,Wheat,Rabi,Seedling,Sprinkler,62.58952471,34.61096079,77.59531637,31.74581489,22.37092617,7.92696993,19.10332538,44.34465653,106.7557539,1.192408238,0
4606,North,Clay,Wheat,Rabi,Flowering,Furrow,72.78967026,38.21808386,83.96932686,2.220596117,11.33842767,7.940585247,41.12861298,88.24300538,136.3788609,11.11072912,0
4607,Central,Clay,Tomato,Zaid,Seedling,Drip,69.22869474,39.41487395,78.41694838,11.33437971,11.39330103,6.151731594,70.0510407,60.90951184,33.95553128,4.885074952,0
4608,South,Silt,Maize,Rabi,Flowering,Furrow,22.7969372,29.80527548,67.32993336,2.405787664,12.87967397,6.948350276,95.18355492,136.4049379,123.3470671,2.118574617,1
4609,North,Silt,Wheat,Zaid,Maturity,Drip,76.94043171,21.16104554,58.54748844,5.846435326,12.98973196,7.067806284,129.671872,138.9833801,177.3308802,9.350885424,0
4610,South,Silt,Rice,Rabi,Seedling,Flood,36.36735083,37.11683032,73.15282169,4.559662844,23.7596786,7.497032461,83.05360628,72.87428978,149.1516303,4.245667381,1
4611,West,Loamy,Cotton,Kharif,Fruiting,Sprinkler,33.74684628,35.99139231,49.3125162,0.272168962,16.23501168,6.58276035,93.99783395,78.1639741,136.1591716,2.998304816,1
4612,East,Sandy,Maize,Zaid,Seedling,Sprinkler,14.37019291,22.38812202,83.09812636,0.408157158,6.936424872,6.541344182,43.40193902,105.0709283,161.8128662,11.58872136,1
4613,Central,Peaty,Tomato,Rabi,Maturity,Flood,44.03215579,42.10223268,70.78925705,0.104913474,13.28841992,7.025215109,96.2209663,66.30341416,21.33695536,11.12597181,1
4614,South,Sandy,Rice,Kharif,Vegetative,Furrow,,18.13114374,72.33535239,2.316801403,15.68058957,7.312193583,61.2906169,27.56427785,41.78544844,2.163204437,0
4615,East,Clay,Sugarcane,Zaid,Vegetative,Flood,27.39778746,44.48064719,60.19519948,6.84819023,15.99429303,5.886761508,119.9703656,108.3105295,7.81039689,10.89213731,1
4616,Central,Sandy,Onion,Zaid,Seedling,Flood,32.18598352,40.80743433,86.39217382,0.948274263,14.63135566,5.821481893,54.94307195,106.978954,29.72047881,10.79954279,1
4617,East,Loamy,Soybean,Rabi,Maturity,Sprinkler,66.61784264,35.63695936,38.90110503,4.655156313,4.443403866,5.578873616,65.55808303,35.52225999,187.2023802,7.978120082,0
4618,East,Silt,Rice,Rabi,Vegetative,Furrow,71.28420553,43.16249665,48.586074,1.704203282,0.839829727,6.695386221,60.56228597,120.7728954,45.53971022,6.82711801,0
4619,Central,Sandy,Potato,Kharif,Vegetative,Drip,31.17264222,36.66933505,78.32319273,7.972564828,8.446076309,5.940622758,113.5571968,88.97913348,135.7299294,3.391823696,1
4620,East,Clay,Wheat,Zaid,Vegetative,Sprinkler,70.10886849,20.71370991,56.95616721,8.007253204,10.68805386,6.661253071,133.5178876,34.2637335,141.7712861,2.335227029,0
4621,West,Clay,Cotton,Kharif,Seedling,Sprinkler,,28.26468414,86.69105101,7.467494323,1.545105989,6.123939063,45.81868214,94.5456759,132.2917192,7.670059561,0
4622,North,Peaty,Groundnut,Kharif,Vegetative,Sprinkler,63.52556653,17.14509073,45.97994898,3.720450195,20.37418345,7.84693673,66.50390611,33.87338131,113.553815,10.04152982,0
4623,South,Sandy,Potato,Rabi,Maturity,Drip,20.26865798,26.68972267,47.69976266,1.6743346,8.601935938,4.792520959,98.82967734,38.45877834,99.65672123,8.5750824,1
4624,Central,Loamy,Maize,Rabi,Maturity,Drip,58.32259928,37.24809059,86.6551842,8.289046973,22.84081865,6.788842374,125.3534271,122.9613495,86.08377257,2.98880466,0
4625,North,Clay,Onion,Rabi,Fruiting,Drip,76.15168452,26.59330053,54.82777401,1.029592305,3.860252696,6.802495002,69.11809756,134.7762775,187.9642328,4.190205043,0
4626,South,Peaty,Wheat,Rabi,Vegetative,Furrow,57.77783351,24.90882526,58.70934382,1.710758888,1.423373923,6.034869242,15.24509115,37.24798546,1.95044398,7.010593459,0
4627,Central,Chalky,Tomato,Zaid,Fruiting,Flood,33.21317944,32.86067168,44.95727865,1.016384202,12.05790261,6.184083578,51.61399369,134.5674004,10.96537334,7.874917693,1
4628,Central,Clay,Potato,Kharif,Fruiting,Furrow,45.04055222,41.16613587,40.75024566,5.607513846,4.728233421,7.700525444,77.05066396,34.62583274,100.9650554,1.794778738,1
4629,West,Peaty,Wheat,Zaid,Vegetative,Furrow,55.20075303,16.42749578,69.19615331,5.795571288,23.43498189,5.622694841,58.45344484,17.003768,67.75456677,7.754568021,0
4630,Central,Clay,Maize,Kharif,Fruiting,Drip,45.73992861,26.56411304,28.98804962,5.285096853,0.257584961,7.985615166,26.11780175,8.44246232,83.68719369,9.099513343,0
4631,West,Loamy,Soybean,Zaid,Vegetative,Flood,18.39670592,19.74722225,85.94544809,2.685860546,10.31549188,8.085373217,5.178529348,35.10641992,204.5589465,2.994936335,1
4632,South,Loamy,Maize,Kharif,Flowering,Furrow,31.84448313,35.86062752,78.44023526,0.527752709,23.16869428,7.102477218,96.23721325,55.8607484,158.9026133,3.708405866,1
4633,East,Clay,Soybean,Zaid,Maturity,Furrow,66.16772214,18.17173681,34.30611978,12.10513085,9.610455168,7.591430855,138.9832067,134.4945151,179.868631,3.847862492,0
4634,West,Chalky,Soybean,Rabi,Flowering,Flood,70.29926323,34.94423276,72.05149594,3.543649454,2.327732015,6.951790113,128.6889287,35.11290996,75.55778567,11.33791278,0
4635,East,Chalky,Maize,Rabi,Seedling,Drip,19.61100229,23.58542612,65.1974691,2.612569961,7.572373572,6.601036455,95.65792752,52.99247502,49.1098902,5.477177329,1
4636,East,Silt,Wheat,Kharif,Seedling,Flood,76.66707267,20.96750441,33.84012881,4.443680524,12.45025985,8.366711017,117.8141732,106.4526018,157.438046,6.83628602,0
4637,Central,Loamy,Tomato,Kharif,Fruiting,Sprinkler,33.01758325,43.09057673,40.49026295,1.070859807,4.628792184,5.630619857,35.80186659,43.80074276,165.5530993,8.967457847,1
4638,North,Loamy,Groundnut,Kharif,Flowering,Flood,56.36196171,15.5557373,50.67398778,0.710979991,11.66404263,5.116603787,87.14082105,99.23338199,112.7291814,5.086062897,0
4639,East,Peaty,Potato,Rabi,Flowering,Sprinkler,62.62776022,28.13331816,72.44320514,2.600384942,20.90857989,5.649941453,8.484590156,62.65128379,183.6680105,2.161111016,0
4640,North,Peaty,Rice,Kharif,Vegetative,Furrow,66.83623642,15.64880977,67.90425566,1.288808873,21.81544925,6.958502434,99.00574982,28.48451814,198.3016776,8.197540578,0
4641,West,Sandy,Rice,Kharif,Fruiting,Flood,76.20247916,29.50779144,59.91761358,1.40048982,1.231518368,5.240733752,135.7821275,106.4385406,96.55923908,8.340004832,0
4642,East,Sandy,Rice,Rabi,Maturity,Flood,31.90436836,30.03142133,77.63079073,11.1518565,4.022583951,-5,120.511623,3.920630837,45.6466669,3.866025965,1
4643,East,Loamy,Rice,Zaid,Flowering,Drip,70.09545182,24.64987414,76.84533047,3.783195804,6.882253394,6.144097603,74.82172247,42.38854964,106.0081869,1.387518008,0
4644,East,Chalky,Sugarcane,Kharif,Flowering,Furrow,19.21808324,18.96485333,66.33943655,3.303100487,14.87164627,7.899851513,110.4236307,51.64632318,202.8543109,8.318884697,1
4645,North,Loamy,Wheat,Kharif,Vegetative,Sprinkler,59.35286344,26.29162613,79.02425625,5.847528295,9.02486897,5.496946178,132.1458334,66.44164697,60.05000624,8.737681077,0
4646,West,Clay,Cotton,Kharif,Vegetative,Sprinkler,61.93844107,35.1678882,45.06975311,15.13592004,21.10102284,5.75267342,30.24246091,98.58103864,126.6078614,1.286713818,0
4647,North,Silt,Potato,Rabi,Maturity,Drip,57.44062688,38.47187426,86.09371462,0.595035848,17.91679671,4.736893589,111.0561918,66.61372416,142.2666511,8.625015953,0
4648,South,Clay,Maize,Zaid,Fruiting,Sprinkler,27.66203153,30.92251807,66.11825644,8.964838007,2.511400578,5.531070769,37.77857412,86.17699628,43.85540284,11.32821426,1
4649,South,Chalky,Tomato,Rabi,Vegetative,Sprinkler,71.11302029,32.69503183,81.67726354,4.385580626,15.61393756,6.461255276,122.7726391,86.38796637,120.6341202,2.966638113,0
4650,Central,Chalky,Potato,Rabi,Seedling,Sprinkler,21.82009244,21.01849113,60.97093286,0.790088633,2.825315634,8.284547671,13.7696308,54.12438923,64.47393622,6.734561301,1
4651,East,Loamy,Potato,Zaid,Flowering,Sprinkler,13.75443541,23.61991,36.38286837,1.763054059,6.375891741,6.055611896,24.95057864,135.4258335,175.1129699,8.664541002,1
4652,South,Peaty,Wheat,Rabi,Seedling,Drip,60.22254934,19.8568683,60.68075965,3.292389977,4.446765838,7.058975518,100.8863049,138.5988055,146.524482,3.530873423,0
4653,South,Sandy,Tomato,Kharif,Seedling,Furrow,43.28330007,22.4788605,47.83337478,5.874937249,4.32654873,6.21084047,24.46885054,84.36837819,169.3846176,9.267037808,0
4654,North,Chalky,Tomato,Kharif,Flowering,Drip,69.4368614,21.74660341,72.3124277,1.38936514,15.40988812,4.687167403,22.12760227,10.39517764,40.93489089,10.54897273,0
4655,West,Silt,Maize,Rabi,Flowering,Flood,36.83779987,30.58346359,55.68453438,3.827286477,14.09012306,6.514130504,77.76536284,71.21349682,7.087814666,9.960060568,1
4656,East,Peaty,Rice,Zaid,Vegetative,Drip,21.7795012,31.88066267,82.70846037,5.770703652,4.40070382,-5,116.8982133,26.74080239,174.3577654,3.847888072,1
4657,East,Loamy,Rice,Kharif,Fruiting,Flood,68.55095347,43.34842262,70.85543842,2.977750369,24.75432014,8.034799698,37.58543954,70.06610567,79.28461109,9.846380849,0
4658,Central,Silt,Cotton,Zaid,Flowering,Sprinkler,48.42367421,20.86711941,71.34083248,9.939819342,10.54591831,7.512147848,117.7593456,27.3300574,36.84309444,5.546775688,0
4659,West,Chalky,Potato,Zaid,Fruiting,Drip,23.24370547,34.2502713,36.28665001,10.18034357,2.426733204,6.014605885,113.1134755,102.0590106,18.83854988,3.931097673,1
4660,East,Silt,Potato,Kharif,Flowering,Furrow,60.4268799,39.51777807,93.81873249,3.180916539,3.014225424,7.060874665,81.07475613,11.66222241,105.8826652,2.847686139,0
4661,North,Sandy,Wheat,Kharif,Seedling,Furrow,45.77795469,31.80724391,83.1256407,18.04585362,14.59734284,4.948112621,90.51878552,138.2290911,30.77623029,10.99879587,0
4662,East,Silt,Groundnut,Kharif,Seedling,Furrow,52.30190876,22.65010958,79.17536634,0.39297137,24.47673508,7.310219948,5.661766126,28.32950397,116.171865,5.695872957,0
4663,South,Loamy,Rice,Kharif,Maturity,Flood,42.26288367,22.8765069,44.76614189,0.016840219,14.29877754,7.790929636,51.39897816,95.79516873,149.0978412,10.52304306,1
4664,East,Sandy,Sugarcane,Kharif,Vegetative,Furrow,68.00962887,16.17759159,60.17237396,2.395571135,23.72603692,7.786982594,36.87529036,132.9595409,109.6869252,2.754994878,0
4665,South,Loamy,Onion,Rabi,Vegetative,Flood,68.0693901,24.1633268,30.28273911,4.595185766,11.10332127,5.637110191,21.0005405,35.94351553,185.2584555,9.436928128,0
4666,West,Silt,Sugarcane,Rabi,Flowering,Sprinkler,59.65721753,37.33811037,60.38569825,4.96046435,10.89602759,5.554984781,54.55230608,135.4730504,31.89177299,2.210146826,0
4667,South,Chalky,Tomato,Rabi,Flowering,Flood,17.37809642,16.42553272,30.94169349,3.235572992,12.50018398,6.585590752,49.68658749,56.35782652,101.260462,1.193214407,1
4668,West,Loamy,Potato,Kharif,Vegetative,Sprinkler,68.71977033,21.57885848,61.4778383,0.666990226,17.43563645,8.371088648,102.0448349,139.2769685,33.45404417,11.94554238,0
4669,Central,Peaty,Maize,Zaid,Maturity,Drip,56.97090864,36.18697496,68.65414101,0.934645909,9.190399161,8.18209191,83.73348767,140.8477594,179.5598949,1.808910666,0
4670,South,Silt,Soybean,Rabi,Flowering,Sprinkler,58.79169162,38.47954688,49.26469754,9.557716982,21.59715082,5.938553927,127.8340096,27.27158624,191.1090517,6.076944973,0
4671,West,Chalky,Groundnut,Zaid,Fruiting,Drip,35.40879883,28.6595523,57.39086587,10.12140169,0.732034619,7.619318025,20.35706163,120.5076639,81.99915574,10.66223921,1
4672,North,Clay,Soybean,Kharif,Flowering,Furrow,71.54956893,35.94223015,85.67400408,5.602733562,10.99410488,8.185271056,8.364804745,28.04604686,62.67839286,10.01317503,0
4673,West,Clay,Potato,Kharif,Fruiting,Furrow,60.77601202,26.63856506,28.14223585,5.456465283,12.77479625,5.543705863,74.84509025,32.83388995,57.25979956,6.182932843,0
4674,Central,Peaty,Onion,Rabi,Fruiting,Furrow,17.88133266,19.79739735,79.37996697,4.552563883,15.17580596,7.821182598,0.143799406,12.19834308,176.2441059,7.719333573,1
4675,South,Clay,Cotton,Zaid,Seedling,Drip,38.54446241,26.94448481,32.80659132,1.134038065,6.901797809,5.571582508,110.280652,22.69785724,139.9005945,7.926767668,1
4676,North,Clay,Rice,Zaid,Seedling,Flood,72.04662534,32.39903461,22.75309871,2.795273354,10.68699927,5.873128504,70.83620442,91.6717504,180.5215762,2.208074813,0
4677,West,Sandy,Cotton,Zaid,Maturity,Furrow,13.30376912,43.44159846,33.91809521,5.951905482,12.11344376,5.295282763,68.32918065,65.14164586,24.09095004,4.133945038,1
4678,South,Chalky,Onion,Zaid,Seedling,Sprinkler,77.29916337,17.06252856,77.37823925,3.852866187,17.17274947,6.528319196,50.74943702,114.6869144,97.58572521,4.310814773,0
4679,Central,Chalky,Soybean,Zaid,Fruiting,Furrow,57.54137978,30.22182282,50.3844555,0.093775584,19.33860462,7.873243577,52.49633706,48.13953815,138.6167144,5.159409656,0
4680,East,Loamy,Soybean,Kharif,Maturity,Sprinkler,54.19631844,24.86759335,85.43903876,15.34762682,18.44568318,6.61220855,60.35871496,140.4505623,183.903606,4.013092887,0
4681,Central,Chalky,Maize,Zaid,Seedling,Furrow,28.93914795,30.24935083,59.35306559,-999,8.539576307,4.993760039,2.24452822,7.231518419,78.31393885,3.766483076,1
4682,Central,Silt,Wheat,Zaid,Seedling,Flood,27.41542521,15.71926342,21.66877639,1.509209348,24.98626307,5.507103729,11.69641021,9.125713388,64.18346491,4.90264064,1
4683,South,Chalky,Tomato,Zaid,Fruiting,Sprinkler,75.94407536,24.39076064,73.75352072,4.791542924,21.21663279,6.751447469,70.7067228,101.6993603,187.1579704,5.171491587,0
4684,South,Clay,Potato,Rabi,Flowering,Sprinkler,30.8790718,39.59604443,28.26746815,12.8353179,6.500584329,-5,21.01711713,128.6931383,9.744320315,6.359464624,1
4685,West,Silt,Onion,Kharif,Maturity,Flood,64.28537077,31.61825202,79.20347251,0.504690501,4.877645142,6.807623614,109.0267652,115.3475278,98.31707542,2.908889424,0
4686,North,Peaty,Onion,Rabi,Seedling,Drip,37.51852587,28.51747478,32.60769124,3.496122861,7.850531265,4.80801397,38.42792436,71.02347774,94.01844492,9.671703299,1
4687,Central,Clay,Cotton,Rabi,Fruiting,Sprinkler,19.74778495,23.56575215,45.90847894,3.046264353,11.30862132,7.514783571,13.70594923,39.09799739,29.94156485,10.4673447,1
4688,South,Sandy,Maize,Rabi,Seedling,Furrow,10.75007084,23.94127568,77.09535722,2.639901345,21.26998446,8.137712796,32.92938963,1.950471749,80.96477279,3.729813718,1
4689,South,Silt,Onion,Rabi,Flowering,Drip,48.09801359,26.49304301,91.56735181,9.026917549,19.45905659,6.542075791,49.99375222,73.87046082,148.1329467,2.356307998,0
4690,Central,Peaty,Rice,Rabi,Vegetative,Flood,78.3045173,150,47.8575463,2.395392582,21.28115309,7.375317147,4.944325203,68.96724861,75.20803113,8.945431794,1
4691,West,Sandy,Wheat,Kharif,Maturity,Flood,35.83953357,150,82.20501651,0.328900902,6.798927873,8.156061968,19.83457341,49.91565542,63.48039832,11.16669635,1
4692,South,Chalky,Tomato,Zaid,Maturity,Drip,35.00346338,28.15966144,34.30941991,0.340525661,14.83653056,7.07049102,45.33854563,83.82055426,160.2885771,1.386631731,1
4693,East,Chalky,Soybean,Rabi,Fruiting,Sprinkler,34.08641325,26.80058516,80.53848277,0.218425271,7.081226557,7.197302898,43.46726633,105.6781311,202.6866593,1.158795769,1
4694,East,Loamy,Soybean,Kharif,Fruiting,Drip,46.43806861,40.39652327,69.31205444,2.630926763,2.725579018,7.385617654,112.0541375,101.6287943,159.7672367,3.017680075,1
4695,North,Peaty,Rice,Rabi,Seedling,Sprinkler,40.84654184,27.80715962,34.45576304,6.33644974,17.10494359,5.542009806,118.0557665,38.17166206,173.5003741,8.532717338,1
4696,West,Sandy,Tomato,Zaid,Maturity,Drip,71.59402387,31.56054517,42.68779703,1.13903744,3.57493878,6.830711499,27.07860388,84.86903485,192.5976537,11.61259109,0
4697,Central,Silt,Soybean,Rabi,Seedling,Flood,45.38645542,21.92824994,29.88281664,5.198913732,16.69244404,7.868700458,17.35158375,21.57229939,164.3633555,9.254190507,0
4698,Central,Sandy,Cotton,Kharif,Vegetative,Sprinkler,45.54304867,37.30507607,48.72252583,5.809173934,16.19910762,5.684650921,88.7827478,17.63226736,200.9726294,7.303358604,1
4699,Central,Peaty,Maize,Zaid,Maturity,Sprinkler,19.68601163,30.95964955,35.27364808,1.473212024,20.25621111,8.088681998,112.6472978,113.9490963,153.1932722,8.706043322,1
4700,East,Loamy,Soybean,Zaid,Vegetative,Sprinkler,78.79176786,39.27103651,68.29984652,4.588429224,3.488865114,6.981527799,134.9212336,100.5931558,135.612123,3.537681424,0
4701,Central,Loamy,Maize,Zaid,Seedling,Flood,27.49810236,38.4219819,94.58788282,5.773823797,19.58700371,6.192699406,0.951479865,111.3496906,142.1364526,8.574071429,1
4702,North,Peaty,Cotton,Zaid,Flowering,Flood,15.13548472,21.45014305,20.90068723,3.142546036,24.98191315,6.992731846,57.91493588,22.10702976,184.5167745,4.535894488,1
4703,East,Chalky,Onion,Zaid,Vegetative,Sprinkler,56.42023743,36.46906652,60.568986,2.052764625,21.27606121,6.107439623,102.7582968,132.6196955,140.0166709,3.446643461,0
4704,South,Silt,Tomato,Rabi,Flowering,Flood,51.67564591,39.00163224,63.02499482,4.826768781,18.79530191,7.852142407,115.9983018,19.30118392,156.04706,3.602115984,0
4705,West,Loamy,Groundnut,Kharif,Maturity,Drip,39.06019578,25.38321722,88.56565923,19.04893147,16.55413387,6.42927432,8.720032816,126.1553604,44.28203641,8.34566527,0
4706,South,Clay,Groundnut,Kharif,Flowering,Drip,39.55345637,20.17827339,57.95040011,2.78296414,10.54453712,8.104853439,95.28603272,51.09499724,187.0931707,9.439482944,1
4707,South,Chalky,Soybean,Kharif,Flowering,Furrow,64.95447447,15.07896467,60.77760647,2.485723975,18.2625042,6.539232323,40.45142044,15.28794349,91.67871465,7.399823216,0
4708,West,Clay,Tomato,Rabi,Seedling,Furrow,23.69988481,28.52710959,55.3739601,3.120595971,18.10445088,7.141473559,10.44357431,41.58149928,33.01880284,1.702407875,1
4709,West,Loamy,Potato,Kharif,Seedling,Furrow,67.41773233,25.57298195,40.16782284,0.396397959,15.78745707,8.490977684,68.47436145,26.30996206,163.9563742,1.418102671,0
4710,Central,Silt,Rice,Rabi,Seedling,Flood,55.41229797,31.64729501,24.20218499,4.02781015,19.90695946,5.087863364,22.14146805,71.14710921,73.06056861,3.388835351,0
4711,Central,Silt,Maize,Zaid,Seedling,Flood,39.32788416,20.64123278,50.64932617,1.99267628,11.21909721,7.446916595,103.1810525,137.7130755,37.74442431,4.151155727,0
4712,North,Silt,Tomato,Zaid,Maturity,Sprinkler,42.06200316,40.78996643,23.94436034,0.647253634,3.031317803,5.055488912,103.776652,47.54131843,52.53148763,5.453018821,1
4713,West,Silt,Rice,Zaid,Seedling,Flood,27.9653045,22.73265647,61.28693521,3.139201721,13.97669319,7.855465463,117.8894871,88.75435292,7.16454098,1.836308851,1
4714,West,Silt,Potato,Kharif,Maturity,Sprinkler,62.64800329,21.79288815,43.04702324,0.016948626,6.626088218,6.885813525,52.85961592,129.299527,18.57771149,8.976746425,0
4715,South,Sandy,Rice,Kharif,Maturity,Furrow,45.90123196,29.42142169,60.02018011,2.569027338,9.610827436,8.252638242,1.863371612,91.36071981,121.4880708,8.826479746,1
4716,Central,Loamy,Potato,Kharif,Flowering,Furrow,32.45981799,29.96553071,30.07227233,0.558767134,0.435372599,7.963826408,36.36303137,52.51887543,177.5746548,4.81345353,1
4717,North,Peaty,Groundnut,Kharif,Maturity,Drip,51.7235081,21.45255686,89.94724743,0.122963193,9.569764698,4.79948815,65.49363793,143.6716734,91.94873475,7.193027768,0
4718,Central,Chalky,Soybean,Zaid,Seedling,Sprinkler,79.70141164,23.1558218,87.08909327,8.699870298,20.22002765,5.049210167,97.16157912,27.17497221,128.3419192,2.110075388,0
4719,West,Clay,Potato,Rabi,Fruiting,Flood,40.46835958,20.09115717,34.24973819,12.3995241,13.56805917,6.904683714,53.485682,75.87212216,165.9952858,5.567405071,0
4720,North,Loamy,Onion,Rabi,Flowering,Furrow,74.44839805,36.55380535,45.75832125,1.16391587,0.245013173,6.57325856,75.04677545,115.5222973,73.13762664,10.43321233,0
4721,Central,Clay,Cotton,Kharif,Maturity,Drip,34.15117879,38.10267094,66.01195789,3.875022193,11.74609551,5.174260522,73.39690224,0.094086089,134.1343844,8.266847094,1
4722,South,Loamy,Sugarcane,Zaid,Flowering,Sprinkler,13.83128948,28.86985492,,1.628360938,7.286291191,5.017436913,23.09752891,101.7962716,71.83864729,2.143381532,1
4723,Central,Loamy,Onion,Zaid,Maturity,Flood,24.29694745,36.42261068,46.59258658,3.401919284,11.93876638,6.755963134,87.22693001,38.64234002,131.7566477,10.32335834,1
4724,Central,Clay,Wheat,Rabi,Maturity,Flood,39.30866003,37.07806176,38.83342151,2.869105089,10.11731804,4.695686192,61.49524195,24.61037479,44.60958263,8.487658524,1
4725,North,Silt,Maize,Zaid,Flowering,Furrow,25.374445,19.14826583,88.66375465,1.567058322,23.29948049,7.994941212,113.1086182,39.75819719,200.4571291,5.983619235,1
4726,North,Clay,Groundnut,Kharif,Flowering,Flood,10.01589268,43.98534075,83.93829772,6.026427989,1.029432474,7.728331679,96.68556914,140.1883817,15.61644255,8.613001429,1
4727,East,Clay,Sugarcane,Zaid,Vegetative,Drip,74.05010764,39.63095841,63.4874556,0.676183998,17.08970028,7.641479887,15.60568607,129.3306126,103.5727342,2.90102281,0
4728,West,Clay,Tomato,Rabi,Vegetative,Flood,69.07155879,21.13450384,59.02597527,0.272665221,21.27566491,4.563988588,68.42617741,30.99439619,58.69076468,7.055351173,0
4729,South,Silt,Maize,Rabi,Seedling,Drip,61.9604562,20.58495107,89.80443459,7.298099447,23.98096462,4.690563774,98.34921019,16.9688821,123.1717561,7.797197039,0
4730,Central,Loamy,Maize,Kharif,Maturity,Flood,21.7470217,18.76983437,89.93208372,5.482024103,4.440905664,6.699356485,12.18164161,52.80212765,87.80293088,11.20519305,1
4731,North,Peaty,Rice,Kharif,Flowering,Flood,18.42545033,19.15135688,92.6997594,3.451018825,13.28262005,8.477702756,110.9495846,85.88878961,62.86644546,1.735808819,1
4732,Central,Peaty,Rice,Rabi,Fruiting,Drip,14.73233246,37.44485397,29.40341631,3.153583497,1.089739433,5.869264804,31.08063205,125.7359711,51.25771585,5.122609857,1
4733,Central,Loamy,Wheat,Kharif,Flowering,Drip,60.68204321,29.08962771,32.04183581,3.439916477,12.47958811,5.877499266,70.43187137,140.0830681,37.41221591,11.30496181,0
4734,Central,Clay,Groundnut,Rabi,Vegetative,Drip,75.01655725,38.48802518,70.7552524,2.872592078,3.136452239,5.037111867,131.6785802,108.9172384,160.4902598,3.389431606,0
4735,Central,Loamy,Potato,Rabi,Flowering,Furrow,40.13750746,37.38764683,60.60758575,2.495245334,20.94741687,7.197343215,79.98679288,86.85604584,45.5509871,9.945203612,1
4736,South,Sandy,Soybean,Kharif,Fruiting,Furrow,18.33984704,33.13838141,21.38494287,3.462642889,2.846750065,7.086706756,59.36762324,20.63814379,158.5728703,1.017660885,1
4737,South,Loamy,Sugarcane,Zaid,Flowering,Sprinkler,45.86749745,35.5909982,24.6481277,3.759341769,12.83220901,4.905289666,0.951289836,10.73411457,99.43291488,1.284724768,1
4738,South,Sandy,Cotton,Rabi,Flowering,Flood,34.41823352,15.55067173,86.60602867,5.886691921,13.02740172,6.369649148,18.67790719,86.42389739,14.80674438,4.603851738,0
4739,South,Chalky,Cotton,Rabi,Fruiting,Drip,36.2377447,24.3533294,85.16530967,6.210228335,24.29126245,7.168299635,81.01294391,78.16429534,33.91574892,9.453540819,1
4740,East,Chalky,Groundnut,Rabi,Vegetative,Sprinkler,53.49314369,34.13466538,46.79531915,2.371095149,16.37451735,6.474064545,69.13550569,122.6827756,183.045452,2.145578162,0
4741,North,Peaty,Rice,Kharif,Flowering,Furrow,60.31026793,15.2803486,86.82879627,2.668258529,7.196007327,7.197454327,50.93608459,46.77784837,123.5772435,5.21139008,0
4742,West,Peaty,Soybean,Zaid,Vegetative,Sprinkler,17.74225192,15.98930831,64.52563058,2.339606352,6.019982748,7.76508159,129.250224,5.755174316,37.78830164,2.446149856,1
4743,West,Peaty,Rice,Kharif,Fruiting,Drip,12.49131616,40.55663947,80.44292353,3.845130392,3.206205141,7.243261732,46.54755524,61.43769902,144.2718076,3.459529264,1
4744,North,Clay,Cotton,Rabi,Flowering,Furrow,79.60312119,35.52074585,52.05733034,3.019765036,18.9128681,6.964456943,75.2011059,140.5314341,168.7686576,6.532936113,0
4745,West,Sandy,Onion,Kharif,Flowering,Furrow,26.29098442,22.96109199,28.50487455,11.01806554,17.2689164,7.914361028,79.61987733,115.3583612,67.78389525,4.510526162,1
4746,East,Sandy,Soybean,Zaid,Maturity,Flood,13.76813674,35.6388852,52.5295297,5.959583311,15.24692818,8.102354271,73.84557461,4.896965178,114.1020186,3.331039106,1
4747,North,Sandy,Wheat,Kharif,Seedling,Drip,23.29127304,38.77370007,54.29748485,11.44619198,1.021011074,6.055545749,66.86195482,126.8284411,60.15724391,5.328466792,1
4748,West,Loamy,Sugarcane,Kharif,Fruiting,Furrow,,24.20382849,61.32081454,6.17451442,19.07072166,5.192999551,47.18892304,68.394976,16.41265213,8.711604607,0
4749,Central,Clay,Onion,Zaid,Vegetative,Drip,37.42676262,16.08112132,27.91870347,17.70094373,16.04718943,7.771441616,127.2269086,52.89136461,81.89936094,2.313599173,0
4750,East,Chalky,Cotton,Rabi,Fruiting,Flood,66.16812491,42.98337374,94.35513973,5.04939268,24.0972217,5.355012429,63.11245665,50.27723342,154.0435639,6.275538899,0
4751,West,Peaty,Maize,Rabi,Maturity,Sprinkler,33.88711148,25.35539515,38.31026156,16.55908806,14.68005325,8.215802679,73.98284143,86.29591669,94.02945717,4.021916795,1
4752,East,Chalky,Onion,Kharif,Fruiting,Sprinkler,41.09283848,18.1944529,34.89143027,0.860885276,7.598797667,-5,91.90691774,76.93691567,83.08014664,5.164829609,0
4753,North,Loamy,Soybean,Kharif,Seedling,Flood,57.29107415,29.75570614,59.51021891,0.269523932,9.538013805,8.18508473,9.47184594,95.2109504,75.03147371,10.03710697,0
4754,North,Clay,Groundnut,Kharif,Fruiting,Flood,45.6225849,38.05403387,60.29061345,4.327099208,4.396017634,6.85673197,109.3803398,83.17801243,94.07794865,11.22702978,1
4755,North,Peaty,Wheat,Kharif,Vegetative,Furrow,70.30119802,21.64941944,52.98655534,20.51991607,18.07285456,7.598968466,71.75102341,20.87196335,65.23693519,3.672756956,0
4756,West,Sandy,Soybean,Zaid,Vegetative,Flood,70.62249725,23.0847015,77.89191097,2.70303396,17.6930415,6.093970348,92.00477102,37.29922127,125.49776,7.929680525,0
4757,South,Sandy,Onion,Rabi,Seedling,Sprinkler,10.69374868,22.2814496,58.74908005,1.191561094,5.016250387,8.466865168,108.0816892,121.949288,13.0310258,8.443450079,1
4758,East,Chalky,Rice,Rabi,Maturity,Furrow,64.46324145,44.75019158,65.72715914,3.685928475,3.96223308,5.41020571,122.3739147,96.17248463,165.5145756,10.26734599,0
4759,West,Sandy,Onion,Kharif,Flowering,Furrow,42.25135202,,74.28097891,5.231977504,1.92512333,5.557374651,54.91085837,65.01809069,35.49922417,10.88946715,0
4760,East,Silt,Cotton,Zaid,Flowering,Furrow,79.21883789,32.26560651,21.87688262,1.892986721,22.79939359,4.705729776,113.600185,26.47720762,129.8561693,6.147909773,0
4761,Central,Sandy,Soybean,Zaid,Seedling,Flood,43.82624531,42.75793925,62.79831369,6.272285788,5.826745842,8.261893452,36.23716538,1.115200217,92.22591723,11.8083321,1
4762,North,Peaty,Maize,Kharif,Seedling,Drip,79.08271618,19.40689707,86.31458534,18.46735129,8.604088169,6.324117214,92.44699113,45.22367346,158.5661771,11.67911871,0
4763,North,Loamy,Potato,Kharif,Vegetative,Furrow,62.81985528,44.12562594,21.30415572,11.36334157,7.012612709,7.199409659,14.3790221,7.952808754,169.3586973,6.571147679,0
4764,South,Loamy,Maize,Rabi,Seedling,Drip,27.40234192,43.42431703,50.38865779,1.72362863,10.34061507,7.24976291,2.804265439,69.9311993,41.8610763,6.962353327,1
4765,North,Silt,Cotton,Kharif,Vegetative,Flood,47.68764855,41.53715961,89.46705877,1.977997294,17.85121998,7.998008369,13.40683766,119.1612106,138.8217252,8.345248235,1
4766,Central,Silt,Sugarcane,Kharif,Fruiting,Drip,79.44949476,21.43669564,46.48658017,2.322424225,21.76489084,7.159701003,44.71354812,41.3828059,38.93103889,5.111977586,0
4767,East,Peaty,Onion,Rabi,Vegetative,Flood,70.02714254,34.02165168,54.40466182,2.508939424,4.564968738,6.748084729,4.353245935,122.9243534,25.41964347,8.282483053,0
4768,West,Clay,Tomato,Rabi,Vegetative,Furrow,16.81568257,37.82674419,93.61560448,0.528577889,17.16030859,7.341274097,88.26877811,102.1618374,190.7107008,6.65713933,1
4769,North,Silt,Onion,Zaid,Fruiting,Sprinkler,59.44603978,44.58083785,34.94928942,7.176642392,8.814053556,7.503883196,44.31623537,18.16303776,33.69975944,1.389804424,0
4770,West,Chalky,Wheat,Rabi,Vegetative,Sprinkler,34.19057101,20.41271466,24.89413918,2.273323481,24.51317921,5.243711785,103.0926495,93.46147423,46.76704618,10.3800183,1
4771,South,Silt,Cotton,Kharif,Flowering,Drip,,37.98077699,,10.59382233,7.472978982,4.938668156,6.428119078,21.99357206,26.7164216,11.34490381,0
4772,North,Peaty,Wheat,Zaid,Vegetative,Sprinkler,38.24366783,25.1640351,85.13490059,13.08241393,0.1798239,4.799395402,30.33821932,94.94468344,96.40983732,1.288519864,0
4773,South,Chalky,Maize,Kharif,Seedling,Furrow,26.43280952,20.26879397,55.4058376,0.123673528,12.89099935,5.996213978,57.12047955,20.69360029,188.5195011,9.681880007,1
4774,East,Loamy,Maize,Rabi,Vegetative,Flood,67.32084894,27.64130824,58.56553809,22.32837615,3.768277107,6.492000959,53.57121872,56.91414807,54.13142644,5.24394587,0
4775,East,Peaty,Groundnut,Zaid,Fruiting,Drip,33.61314262,38.81507736,82.68547772,6.189763718,1.11236067,6.962599593,18.3398142,82.15616918,111.0796868,7.4419498,1
4776,Central,Sandy,Sugarcane,Zaid,Seedling,Flood,67.92665858,28.94549411,75.39196236,3.673933233,17.4567308,8.332138079,139.1791539,7.304254856,84.3490411,6.499944417,0
4777,North,Clay,Wheat,Zaid,Fruiting,Flood,10.04185572,31.12569301,39.88617517,2.467611045,18.30648206,5.823151281,39.82154132,22.22971,68.88192922,7.064417159,1
4778,West,Silt,Soybean,Rabi,Fruiting,Flood,31.5473405,44.85478231,21.26700163,3.654433535,11.51747533,7.543496208,100.9444919,46.45927963,117.2913017,6.447049352,1
4779,North,Clay,Cotton,Rabi,Flowering,Sprinkler,26.881565,26.97327899,55.97751219,1.962433891,16.92213792,6.625430478,30.80373761,67.03641244,114.5730447,10.38712909,1
4780,East,Peaty,Wheat,Rabi,Maturity,Furrow,26.34971527,33.46202264,84.41842446,4.873411769,13.45598621,5.380359728,122.8991695,124.4806576,73.67015318,8.518573532,1
4781,South,Loamy,Maize,Zaid,Flowering,Furrow,14.77306338,25.95732605,87.18760075,0.487955416,15.74502769,6.961221717,54.28616342,27.15459781,174.3654758,5.539009811,1
4782,Central,Clay,Wheat,Rabi,Fruiting,Flood,23.09869893,26.78356939,91.71696478,4.852713084,14.91759933,8.368704713,126.1263485,50.38328782,10.90028209,8.574254393,1
4783,West,Silt,Cotton,Rabi,Fruiting,Sprinkler,48.88846989,35.8692226,85.96724282,1.610296963,16.6455691,4.997233197,47.85688875,68.98755426,17.47387101,11.61552601,1
4784,South,Sandy,Maize,Kharif,Fruiting,Flood,30.3952751,43.13660928,63.50326665,0.088960876,4.990766217,6.529119058,1.21013501,42.88789062,203.1101583,1.883390883,1
4785,West,Clay,Tomato,Rabi,Fruiting,Flood,39.21763476,31.27076851,53.34541994,4.022693298,6.717665501,4.706433417,72.38286035,90.73342791,153.274997,5.268989687,1
4786,Central,Peaty,Cotton,Rabi,Fruiting,Sprinkler,36.38068162,38.05199787,78.11373849,4.319057805,10.99907874,5.784865196,73.47031106,37.20735304,164.8054252,10.57499436,1
4787,Central,Chalky,Onion,Rabi,Flowering,Drip,,17.67619676,75.48662258,2.780588359,11.15320024,6.98241071,16.77678559,111.9908111,123.5537204,9.129606219,0
4788,West,Peaty,Maize,Rabi,Maturity,Drip,73.37092993,21.33474112,60.36075726,0.37516017,19.36029279,7.864227744,32.89490028,73.24734375,86.07138734,11.28421778,0
4789,East,Clay,Onion,Kharif,Fruiting,Sprinkler,44.50698802,30.06394923,26.54955294,11.19068379,9.184841481,7.421313687,109.6893827,12.5142081,128.9915101,1.437908764,0
4790,South,Peaty,Potato,Rabi,Maturity,Drip,33.11091652,15.60035171,89.45610101,4.726420113,4.062628901,6.351427113,5.145815448,90.91483981,18.97986465,10.4905317,1
4791,South,Chalky,Potato,Rabi,Seedling,Sprinkler,17.47604928,22.58564936,54.17019031,0.614869736,6.286649262,8.136891028,68.53373614,82.54030805,155.3426795,9.70978647,1
4792,North,Clay,Maize,Rabi,Vegetative,Flood,76.73820156,30.52203869,47.25003364,3.576254147,5.36833756,5.71085866,74.25713728,49.09661636,110.8523247,9.965429177,0
4793,South,Clay,Cotton,Rabi,Fruiting,Flood,14.21588614,15.44883595,67.21755464,3.438354175,18.29150048,7.515933641,96.41968849,1.617776366,196.1300376,7.569890009,1
4794,East,Loamy,Groundnut,Zaid,Fruiting,Furrow,30.83551943,22.93638859,70.53784709,0.311515076,11.75849037,6.396036087,5.243877436,29.10172362,130.6824278,1.571087386,1
4795,East,Peaty,Maize,Rabi,Fruiting,Sprinkler,30.86463408,30.42092458,35.80159378,4.667943713,17.71576745,8.094543019,81.99048579,58.82788169,31.09697012,6.930429218,1
4796,West,Chalky,Onion,Kharif,Vegetative,Drip,32.42809003,32.19447744,82.77041336,8.25980674,10.40549202,7.689731287,0.433725121,28.9875349,97.89777357,5.485262507,1
4797,North,Loamy,Potato,Zaid,Maturity,Drip,21.50007903,42.77255079,41.74528202,6.911672145,22.24339006,8.105878645,37.12497142,83.73621254,11.85356109,6.797459279,1
4798,South,Chalky,Groundnut,Rabi,Flowering,Drip,64.82130016,34.3603687,34.00129444,1.134311124,24.58800769,5.356991396,69.95579574,103.2871096,152.8130597,9.14325571,0
4799,South,Peaty,Soybean,Kharif,Fruiting,Flood,18.57485034,27.44207408,50.47998896,9.913118116,16.74606272,7.172601728,127.5793872,124.1225602,102.8754619,7.55556698,1
4800,Central,Loamy,Soybean,Rabi,Vegetative,Drip,54.44346614,42.91053531,74.79200607,2.096873236,21.59531393,7.453853632,17.72257424,93.81247971,75.77894081,4.218191788,1
4801,West,Sandy,Tomato,Zaid,Seedling,Flood,18.66922187,38.5464895,92.40936338,14.6411512,12.69833168,7.469657061,23.70047806,99.90633708,198.5526232,7.594580774,1
4802,North,Peaty,Potato,Zaid,Vegetative,Flood,14.93749463,21.00026763,80.69609483,0.372259964,23.36552101,6.516001802,93.69500901,88.22407046,192.8226964,1.914522874,1
4803,East,Loamy,Maize,Kharif,Fruiting,Furrow,73.66006526,18.92527084,90.52612833,3.329690524,20.78966214,4.545002089,52.48063714,142.8954784,195.3305593,1.059025903,0
4804,South,Chalky,Maize,Kharif,Maturity,Flood,23.30901364,35.27434907,30.54543531,4.545636965,24.79446429,5.545723135,87.27899627,37.84508252,45.29889965,5.4168083,1
4805,South,Sandy,Tomato,Zaid,Maturity,Furrow,67.48751082,31.79649497,25.33825991,1.422768843,15.57734338,5.7932035,139.6435834,38.60750867,149.3567671,9.329049972,0
4806,Central,Sandy,Maize,Rabi,Seedling,Flood,48.12416098,38.69020841,61.82785714,7.378474339,19.48016851,7.908146469,138.1620326,18.31837801,193.8033381,10.04897654,1
4807,Central,Chalky,Cotton,Zaid,Fruiting,Flood,15.44995637,37.1641515,41.77231123,4.929486098,13.5717035,7.863543268,49.51990113,70.42422725,117.0284026,7.048232446,1
4808,South,Sandy,Groundnut,Rabi,Seedling,Sprinkler,76.8813734,33.75634602,82.10412297,0.091377101,6.478002607,4.918720416,70.54954954,13.94344703,43.90287051,10.54807575,0
4809,South,Loamy,Groundnut,Kharif,Seedling,Flood,27.28728169,44.59146515,70.39909036,4.68717082,8.868879278,8.299343527,126.6566222,39.17125655,167.6515551,2.385063356,1
4810,Central,Sandy,Wheat,Zaid,Fruiting,Flood,70.17517417,31.0076919,92.8046123,3.381236305,22.35013537,5.229829947,12.90347274,69.98873467,180.3832407,11.60516441,0
4811,East,Silt,Wheat,Rabi,Maturity,Furrow,21.8167004,18.3931727,39.10942668,1.090961655,1.398698665,6.157437805,63.32254654,138.8513643,144.1632542,11.1393637,1
4812,South,Peaty,Cotton,Rabi,Maturity,Flood,69.77600175,39.84820694,56.43380858,27.3020961,14.78699715,5.360627864,52.86082876,139.7528841,60.17833989,7.591609755,0
4813,West,Silt,Sugarcane,Zaid,Maturity,Sprinkler,10.9260169,22.55560087,57.59303581,11.37301119,9.312100813,7.941329875,41.28358817,107.8423339,39.09224922,1.645943364,1
4814,South,Silt,Soybean,Zaid,Maturity,Drip,45.82463196,38.31906444,37.93825961,1.730142629,9.66731345,7.497608127,139.1885897,56.44127343,127.9753092,5.996231491,1
4815,West,Peaty,Groundnut,Rabi,Maturity,Sprinkler,63.86098056,43.71321288,64.25700496,3.894297962,22.11428016,5.914115228,102.6969012,125.4483846,98.97410758,2.972002572,0
4816,Central,Silt,Maize,Rabi,Seedling,Sprinkler,75.43568622,35.90386542,53.24644896,1.902658768,21.34555936,7.227514504,54.42457894,126.9410913,137.1004585,7.912677953,0
4817,East,Sandy,Rice,Kharif,Flowering,Flood,73.64414953,32.88090483,53.5041167,7.469303242,14.97105939,-5,116.0630648,131.9786202,22.89843142,3.089617142,0
4818,North,Clay,Wheat,Rabi,Fruiting,Drip,67.37374087,28.81158527,47.2052486,13.32003021,6.822971185,6.02918837,68.5532541,92.80363199,27.86227796,6.299774265,0
4819,North,Silt,Rice,Zaid,Flowering,Flood,72.17339448,25.93229598,21.26970143,2.222292369,11.88640865,6.008430353,122.1954177,29.25995536,74.39235898,3.261896195,0
4820,North,Chalky,Wheat,Zaid,Seedling,Sprinkler,23.94537801,25.59014253,59.15714277,8.188781837,10.20733484,5.451746727,37.29317839,13.20671205,53.04585896,3.000296434,1
4821,Central,Peaty,Soybean,Rabi,Fruiting,Drip,29.8929007,34.09118117,45.14358768,3.449836635,8.84045073,8.005248198,31.30403183,132.6424481,126.9644194,3.727159335,1
4822,Central,Loamy,Onion,Rabi,Seedling,Sprinkler,30.22779674,37.53819351,20.09899017,2.525697115,2.569639464,7.215382942,34.62013537,8.054185678,75.34580852,1.321161011,1
4823,South,Loamy,Groundnut,Rabi,Fruiting,Sprinkler,36.39377517,35.35551208,43.09577807,13.93724107,13.57784717,5.619757242,75.38728066,42.90405862,140.2140112,8.877264201,1
4824,East,Sandy,Tomato,Kharif,Vegetative,Sprinkler,37.53244693,20.95230304,40.89712498,3.570880622,7.545782447,5.468483043,40.78387476,70.60945622,157.6036724,4.37399014,1
4825,East,Silt,Tomato,Zaid,Seedling,Drip,48.11887273,29.8196154,49.50861149,3.150021604,16.52019857,4.571813884,20.59675578,3.186620467,38.36935189,8.679188593,0
4826,South,Clay,Onion,Zaid,Seedling,Flood,21.19158344,38.74920217,29.88889922,5.580334723,7.980098396,5.886329015,139.2479086,131.5022775,188.5638863,8.188260403,1
4827,East,Loamy,Groundnut,Rabi,Vegetative,Flood,58.38726647,29.27112235,58.07628685,1.513871622,10.77908733,6.607085133,126.0606518,41.63254426,161.3677673,1.727239245,0
4828,East,Clay,Wheat,Kharif,Maturity,Drip,21.72965775,31.09869839,71.93302644,1.963678885,1.309009355,5.610843768,88.90174125,4.133195843,128.4900644,4.432382339,1
4829,South,Chalky,Potato,Kharif,Vegetative,Drip,31.72159375,38.13408145,67.26391768,13.44460932,24.81345175,7.301833106,124.8160023,144.0705496,186.3304152,7.235465866,1
4830,Central,Sandy,Sugarcane,Rabi,Vegetative,Drip,45.23415914,34.83795919,80.28162107,5.674252857,12.69025958,6.146998116,130.9647833,45.15201122,54.50309367,11.10241313,1
4831,North,Chalky,Cotton,Zaid,Flowering,Sprinkler,65.75083931,27.28034763,53.9006216,8.761842346,0.605939854,5.765271348,94.65516086,127.1309116,86.4512064,5.414516815,0
4832,South,Peaty,Wheat,Kharif,Flowering,Flood,61.76284633,41.86238134,58.93187978,1.581174336,13.53076647,8.256230635,72.61516902,65.75379582,17.58633098,6.552706997,0
4833,South,Peaty,Tomato,Rabi,Maturity,Sprinkler,55.18740495,19.87701206,80.78014556,3.924012327,21.75884998,5.551203509,123.4802509,96.15325565,93.51727334,9.251746839,0
4834,North,Sandy,Onion,Zaid,Flowering,Drip,20.90412824,44.86549346,52.07758781,17.77109022,19.31380336,6.09303048,79.49157957,34.95807168,103.8121496,9.836250212,1
4835,North,Chalky,Cotton,Zaid,Maturity,Furrow,48.29317419,18.56557735,72.61995124,1.918791321,17.5226671,6.029163154,17.752076,72.91692241,126.2937194,11.15674554,0
4836,West,Clay,Rice,Rabi,Vegetative,Sprinkler,16.12125513,15.44849913,52.59517765,0.874603909,3.486616365,5.464793383,51.35984006,37.3594229,13.12803868,6.469083811,1
4837,West,Chalky,Soybean,Zaid,Flowering,Sprinkler,36.41542238,41.70056703,51.33021459,3.575798523,16.44342697,5.369906959,62.42893324,137.9071628,6.655533943,3.132217225,1
4838,West,Clay,Cotton,Kharif,Maturity,Drip,38.94615712,22.34860525,77.01542184,2.453653503,19.15745945,5.709520075,130.9516623,8.8370848,86.07748388,9.408633528,1
4839,Central,Clay,Groundnut,Zaid,Maturity,Drip,12.78680076,36.89098882,33.11276866,0.869251097,14.3104766,7.95694468,92.28596612,39.82771949,38.77232902,2.381327911,1
4840,South,Sandy,Groundnut,Kharif,Flowering,Drip,29.17916696,39.33046125,45.3939479,10.97095813,22.31872511,7.568331549,122.5388588,129.5007871,155.5516101,5.601765434,1
4841,West,Loamy,Onion,Kharif,Fruiting,Flood,76.89546271,40.76959173,36.81292076,23.40157608,6.924744545,7.223998057,106.0628381,69.60521384,137.0909382,7.910343548,0
4842,Central,Loamy,Sugarcane,Rabi,Flowering,Drip,76.75428255,44.74782707,46.93324572,4.203391201,6.053617493,6.328411971,43.38052411,87.01219623,66.79452975,8.610418051,0
4843,North,Silt,Potato,Rabi,Maturity,Flood,34.6628938,23.8211913,37.27811168,7.451096613,21.73924362,6.531015939,100.619259,94.49553887,9.385569358,9.063304889,1
4844,West,Peaty,Groundnut,Zaid,Fruiting,Furrow,13.01700763,36.30730026,63.45542233,9.79633775,15.63495607,5.568555382,27.34196303,10.28448921,37.40094289,3.128856307,1
4845,South,Chalky,Onion,Kharif,Flowering,Furrow,22.53664575,18.46199575,79.8628102,6.036257634,0.036180513,4.797263655,57.14041364,2.572117432,141.7942652,11.79814122,1
4846,East,Peaty,Sugarcane,Kharif,Vegetative,Drip,37.45524554,27.20427874,78.99597959,0.225803053,8.828285213,5.824162227,112.85286,135.9869525,202.9838031,2.962604343,1
4847,Central,Silt,Tomato,Kharif,Seedling,Sprinkler,76.34457886,40.4391508,47.33757234,0.857704775,21.44639965,6.482335024,85.67008267,39.36791257,66.92438305,2.056807458,0
4848,Central,Clay,Onion,Kharif,Flowering,Furrow,19.88393445,26.02974138,94.15703044,0.368174527,0.682987791,4.729252186,115.5577508,55.14540101,164.4092388,8.304554421,1
4849,North,Sandy,Wheat,Kharif,Flowering,Drip,63.44610906,32.73286142,64.53907735,0.049643669,0.081198207,4.852933208,35.65850153,98.90350975,177.7547808,11.01,0
4850,North,Peaty,Soybean,Zaid,Seedling,Sprinkler,17.60777776,30.11320331,49.95502263,1.826390719,7.031482263,5.552100932,104.9648365,34.26406218,9.877078792,7.153220881,1
4851,North,Clay,Tomato,Kharif,Fruiting,Sprinkler,78.68803042,34.37854593,82.66544594,2.490830149,22.85000093,5.968321494,28.3254106,106.2953487,187.8254276,7.55030678,0
4852,West,Loamy,Groundnut,Rabi,Seedling,Flood,36.71315494,44.18683168,74.74055095,1.378963377,22.53693954,6.073267244,76.34258414,66.44511641,95.5715544,6.923332227,1
4853,North,Clay,Cotton,Rabi,Fruiting,Furrow,64.26641772,16.6720658,76.19565026,0.333930014,12.96904865,4.971544265,60.69484322,124.2084218,197.6696523,1.470230135,0
4854,East,Silt,Rice,Kharif,Maturity,Sprinkler,33.9813758,32.21884553,34.71045123,3.773656653,13.83092178,5.403285418,77.90662009,40.38839219,110.4039446,8.494427297,1
4855,Central,Sandy,Maize,Zaid,Fruiting,Drip,53.9368214,40.89086338,55.12432305,1.596340638,8.300200283,5.546589008,18.97467936,29.55425967,48.20441953,4.940190326,1
4856,Central,Chalky,Sugarcane,Rabi,Vegetative,Sprinkler,23.44112593,29.44148135,84.63710981,7.949087167,6.093416551,4.770539505,50.57190257,120.5948113,199.807003,11.29241175,1
4857,North,Peaty,Soybean,Zaid,Seedling,Furrow,20.22147135,17.35581558,57.80285057,0.040426095,20.38054636,5.804398802,93.36653632,47.31727942,49.87750739,3.054690523,1
4858,South,Silt,Maize,Rabi,Vegetative,Sprinkler,75.66448977,31.81618057,71.25895576,9.242507948,2.657371512,4.788886291,78.19431117,59.72095367,180.9080367,4.323273599,0
4859,Central,Loamy,Wheat,Kharif,Vegetative,Sprinkler,74.23530945,24.96221672,64.09502998,15.47816957,12.18385927,7.313831372,76.85576625,115.0876357,35.49134142,6.553402238,0
4860,West,Loamy,Maize,Rabi,Seedling,Drip,72.12282581,19.64825356,83.17675908,6.296283642,15.85993149,6.044191066,71.5162157,92.15859792,138.3273524,6.25090548,0
4861,South,Chalky,Sugarcane,Kharif,Fruiting,Drip,53.78034151,40.4710354,41.34206298,6.614608821,2.592007259,5.807009558,132.1438874,64.05025411,84.31477982,5.403352158,0
4862,South,Sandy,Maize,Kharif,Vegetative,Furrow,66.57877479,30.64798539,63.16064584,13.55745394,12.99017739,5.006088686,130.8397577,36.23412379,199.2637255,4.458432315,0
4863,East,Chalky,Tomato,Kharif,Vegetative,Sprinkler,14.83258558,42.99829237,29.2426001,1.172737179,14.4380322,5.406014622,50.42029619,110.8091405,37.87838938,2.619032103,1
4864,North,Chalky,Groundnut,Rabi,Fruiting,Sprinkler,33.43523293,39.18049514,71.76580825,26.07500155,18.56240151,5.430820836,49.26530162,26.1625,83.80290797,10.0301406,1
4865,West,Chalky,Potato,Zaid,Vegetative,Flood,31.95921873,35.78915381,74.89758788,7.424636751,5.870901229,8.440816859,77.68578392,134.6005421,131.1541464,5.93646766,1
4866,South,Peaty,Maize,Rabi,Flowering,Sprinkler,54.49517254,15.1507651,23.21279909,6.48356111,7.333187582,7.841397518,13.38487978,21.79583002,200.4121868,7.30252215,0
4867,South,Loamy,Tomato,Zaid,Seedling,Sprinkler,34.91704414,27.8347037,70.68432227,2.239962929,14.23802867,4.561049167,42.42093811,116.7153853,62.29193071,7.0120815,1
4868,North,Silt,Potato,Kharif,Fruiting,Flood,20.39547472,20.92458845,51.10176156,3.945840404,24.57816025,6.967346363,32.32145921,61.51608568,81.35856546,7.330378413,1
4869,West,Loamy,Tomato,Zaid,Flowering,Sprinkler,51.75269528,42.32393733,29.30726571,5.30539463,5.437329571,5.523640386,31.27455357,26.97090378,94.6673574,8.75324409,1
4870,North,Peaty,Sugarcane,Kharif,Flowering,Furrow,67.00687445,20.23751954,51.49306608,4.842433501,24.64759568,4.917507715,89.39077363,58.34494604,51.80360072,7.923190945,0
4871,West,Clay,Soybean,Rabi,Fruiting,Drip,36.74864461,23.58180155,34.56746973,-999,17.85856333,7.322399052,53.80904681,32.12501335,167.5577136,4.012932091,1
4872,North,Loamy,Onion,Zaid,Maturity,Sprinkler,19.25881006,30.50510303,51.16696491,0.429869063,20.65205174,5.026422198,23.96301247,19.71907937,18.85909918,7.090809186,1
4873,North,Loamy,Potato,Zaid,Vegetative,Sprinkler,23.76817381,22.90090857,48.8254271,2.19755395,2.241031706,6.274963118,124.2600583,34.67753284,144.481936,3.689641961,1
4874,North,Loamy,Wheat,Zaid,Vegetative,Drip,26.62383136,21.29594032,75.37937277,2.84580615,7.510504686,7.028660659,122.3808163,125.7727785,109.4554388,7.477201059,1
4875,East,Clay,Potato,Rabi,Maturity,Drip,30.99283151,32.97297975,78.06616686,1.509779286,1.443406991,6.717979025,120.7448093,15.36164618,49.59502598,5.751280822,1
4876,North,Peaty,Rice,Zaid,Maturity,Flood,54.99565494,17.66788568,65.52714908,0.947499922,9.288674875,8.410516393,54.70429192,141.0182402,101.0302471,1.433602161,0
4877,South,Silt,Onion,Kharif,Maturity,Flood,52.06618392,16.74503276,21.70151316,0.747882752,24.5322415,7.642970452,7.977543491,0.724775785,170.1395639,9.073842561,0
4878,East,Peaty,Soybean,Rabi,Vegetative,Flood,58.72559031,26.16735886,89.82667093,2.281556136,2.631826555,7.596773505,14.94388251,95.44453239,91.3155288,4.021330595,0
4879,North,Sandy,Rice,Kharif,Seedling,Sprinkler,35.37513892,36.61993364,71.46749601,3.400579297,14.05931956,5.922381576,38.64673117,124.1942378,24.98904181,11.12213791,1
4880,West,Chalky,Rice,Kharif,Vegetative,Sprinkler,67.67983563,31.64420275,22.56465874,0.325234266,0.15176557,4.533581968,30.79580058,135.423859,8.364402237,4.086129658,0
4881,Central,Silt,Maize,Rabi,Seedling,Flood,24.28613628,27.68629405,81.41246744,14.63645327,17.8170704,7.437643719,122.3579868,20.87791105,159.4482403,11.96285017,1
4882,East,Clay,Cotton,Kharif,Vegetative,Drip,42.83285233,31.97254693,35.0199616,7.246028588,4.929817309,8.498928337,138.0901453,101.240232,67.7387949,6.092462846,1
4883,West,Sandy,Cotton,Zaid,Seedling,Flood,66.06571051,25.96354454,63.44158922,6.56246511,3.239613428,6.123516431,114.3343127,15.56563634,190.9051628,1.290480515,0
4884,East,Loamy,Onion,Kharif,Seedling,Drip,22.61110534,43.08439006,54.99757775,0.948909732,8.425445304,8.442073996,102.1788464,51.12866661,126.5151721,1.8389588,1
4885,West,Loamy,Onion,Zaid,Flowering,Flood,17.69041796,16.64714673,51.48790868,4.629190416,19.27610745,5.066832438,82.40737959,106.1293218,89.43819769,1.902968173,1
4886,South,Chalky,Sugarcane,Rabi,Vegetative,Flood,71.85787774,35.20174437,86.72852901,3.772187679,2.665327158,5.686049407,107.7871619,50.16611779,115.7153086,1.618358631,0
4887,West,Peaty,Soybean,Kharif,Seedling,Sprinkler,34.00507639,41.73847994,52.80209687,20.2188787,5.745974895,5.182907727,132.5846637,45.4393356,93.71219221,3.945683396,1
4888,South,Clay,Cotton,Kharif,Flowering,Furrow,57.87090874,,25.65080882,6.885122697,0.21161054,6.400703892,84.18825379,16.82791973,185.6912719,4.570477121,0
4889,West,Clay,Groundnut,Zaid,Vegetative,Drip,11.7744023,20.52123104,90.99790454,4.287301932,24.21037157,7.687925606,21.64585416,9.633523678,93.89448322,2.224144505,1
4890,East,Loamy,Wheat,Kharif,Seedling,Flood,58.30328219,23.87779047,89.04014234,9.512762454,14.80364,5.862646766,22.94016442,16.71530874,21.33322426,5.819446333,0
4891,Central,Loamy,Tomato,Zaid,Flowering,Flood,32.12709181,,71.33245172,0.842651105,17.99749091,8.124915749,81.74079244,126.9438424,122.403048,5.018859039,0
4892,East,Chalky,Cotton,Kharif,Maturity,Drip,13.90185975,17.52811678,55.09193961,0.076667445,16.28457928,6.679321653,46.68559557,1.62378618,127.7111145,7.999563954,1
4893,South,Chalky,Soybean,Rabi,Seedling,Furrow,52.68689331,39.35585099,26.96446047,5.859679767,3.609113972,6.361697655,127.4346325,100.4655511,156.8926649,3.154510155,0
4894,West,Chalky,Onion,Zaid,Flowering,Furrow,26.85626713,36.56720834,79.30610889,0.517430591,14.87349847,7.648143369,85.62992674,111.4505133,191.323249,11.05384039,1
4895,West,Clay,Rice,Kharif,Seedling,Sprinkler,37.07650694,36.88819948,25.66084358,0.613288714,3.285389879,4.905773988,94.70896588,82.3438041,90.83174484,6.675898567,1
4896,West,Clay,Wheat,Kharif,Vegetative,Furrow,15.64065686,18.00724111,25.14507387,6.826202319,10.03091135,-5,0.814899414,105.9624274,72.17570435,7.861063434,1
4897,Central,Peaty,Cotton,Zaid,Flowering,Drip,20.30142758,36.53281634,60.30378818,1.577218383,14.2240784,5.471808001,69.83879729,94.57910201,100.6080582,1.434723722,1
4898,East,Loamy,Onion,Kharif,Vegetative,Flood,30.85840648,35.39454376,32.00961801,4.95279841,13.97202785,5.623250189,60.36306099,66.05598092,184.5407749,7.149975688,1
4899,East,Clay,Potato,Kharif,Flowering,Drip,16.28316504,39.92767472,20.57977005,12.46914726,2.97683565,6.897815093,98.82205995,55.49301204,200.8963883,5.04910225,1
4900,West,Sandy,Rice,Zaid,Seedling,Furrow,73.75783853,16.24787869,51.73350732,1.902456809,0.860899241,8.1077377,53.56941245,136.4931383,199.1031764,11.16589254,0
4901,West,Sandy,Rice,Zaid,Vegetative,Drip,10.42329302,15.69332005,30.29129237,1.224033548,19.95585785,6.813627799,136.7205045,140.9310089,47.08758013,10.74207647,1
4902,West,Sandy,Groundnut,Rabi,Fruiting,Furrow,43.87021532,26.190213,32.03865615,0.56339663,18.14806092,7.095797395,93.82844542,94.43435353,101.8635491,8.0141357,1
4903,East,Silt,Onion,Rabi,Fruiting,Drip,18.62732207,19.46364852,25.76829791,0.698968293,2.045472614,7.606378358,92.38856664,28.60833179,53.1921753,9.446364859,1
4904,Central,Sandy,Tomato,Zaid,Fruiting,Flood,31.53753626,31.75153433,35.38203153,0.321213866,3.18538797,5.537299036,128.7077603,64.94537855,75.43647039,8.090524728,1
4905,West,Clay,Groundnut,Kharif,Fruiting,Drip,74.82416919,42.52046705,73.66131348,0.458616186,22.31459441,7.808934691,139.3286767,71.99793606,6.495241636,1.186649228,0
4906,West,Silt,Maize,Zaid,Flowering,Sprinkler,21.31861873,26.74439191,80.66954804,2.828209696,19.22822254,6.171840596,27.6948965,109.9056576,32.92324175,8.734391991,1
4907,Central,Chalky,Tomato,Kharif,Vegetative,Flood,77.60826238,40.34851132,53.9400233,1.934677078,24.90400741,5.202622774,113.4746401,96.82768404,81.40057071,2.947998402,0
4908,Central,Loamy,Tomato,Rabi,Flowering,Flood,24.40560639,15.00722624,57.99153619,6.130424325,6.34968623,5.900472318,22.72472935,74.64809227,74.76444961,8.508280505,1
4909,West,Clay,Sugarcane,Zaid,Vegetative,Sprinkler,61.90962759,20.0554393,22.44912759,10.21040734,12.19507472,5.484524447,63.98608343,98.65286088,57.16067298,1.115574627,0
4910,South,Sandy,Tomato,Zaid,Fruiting,Sprinkler,48.26740854,15.91270619,25.1987196,7.680314689,5.911489402,5.414854421,14.02595661,3.488242776,47.2134633,4.419974892,0
4911,Central,Chalky,Wheat,Rabi,Maturity,Flood,71.91351093,24.84441542,39.31757942,3.781896848,15.57000346,5.630252795,87.27193699,112.6121217,153.5359215,6.68620777,0
4912,Central,Chalky,Potato,Zaid,Seedling,Flood,48.77952789,42.24568787,60.79238155,0.540388331,2.885355977,5.223723259,65.59254288,30.68667393,60.38268846,4.664876604,1
4913,East,Loamy,Sugarcane,Zaid,Fruiting,Sprinkler,47.41914534,17.90856371,75.46633616,6.185361043,3.181079319,7.170807028,88.01785277,95.17932524,144.8414444,8.633859772,0
4914,North,Chalky,Maize,Zaid,Fruiting,Flood,23.68206003,33.1922933,65.3752296,2.253583908,1.797197285,6.819967028,94.91450537,16.52612156,75.56814736,6.749804926,1
4915,West,Sandy,Soybean,Zaid,Maturity,Sprinkler,21.63605534,28.54487817,49.40958912,0.447711397,17.33965206,7.093767572,86.720515,16.59682121,164.405744,11.55634119,1
4916,North,Peaty,Soybean,Rabi,Flowering,Flood,74.15424058,43.15404637,28.87430548,9.24058278,12.35181444,5.874898895,41.16407717,5.170358356,34.28283649,4.935936659,0
4917,North,Silt,Maize,Kharif,Flowering,Furrow,32.94867392,18.67557428,78.55799262,2.064084209,15.44328041,7.57893361,117.174282,131.9837575,32.30879548,8.940452647,1
4918,West,Chalky,Groundnut,Rabi,Vegetative,Furrow,36.04575785,21.36083552,47.28395387,1.231093946,21.98252616,5.018434964,77.23606791,87.66101987,139.3328147,10.19425831,1
4919,East,Loamy,Tomato,Rabi,Seedling,Flood,63.18765609,15.88625906,75.20405109,10.25726703,18.50821212,6.784546838,68.57916425,52.48448075,187.5576246,3.789795658,0
4920,Central,Sandy,Wheat,Zaid,Vegetative,Flood,33.71764377,,58.47341314,11.62077369,11.54307295,5.601811889,138.1889326,114.2277724,29.31227449,9.295446234,0
4921,East,Peaty,Rice,Rabi,Fruiting,Drip,76.64437126,23.33498699,75.39965402,2.069786604,24.60889971,6.610439603,39.69110694,90.78191909,15.10944666,5.326454,0
4922,East,Silt,Onion,Zaid,Flowering,Flood,61.65494383,41.09717802,88.04671711,2.190985662,11.40640253,5.794548701,73.92424269,89.9116751,191.6006274,2.415998668,0
4923,West,Sandy,Potato,Zaid,Fruiting,Drip,51.82004698,33.1482244,89.0772137,4.333082502,2.811266831,7.66204706,95.52544101,70.62120518,24.05202349,1.040117852,0
4924,South,Clay,Onion,Kharif,Fruiting,Furrow,71.66266124,33.42272214,60.1330085,6.61080762,24.81636868,8.065087355,17.53163061,1.149382907,51.32521855,9.181333079,0
4925,Central,Peaty,Wheat,Rabi,Flowering,Sprinkler,13.47241358,30.95732091,58.36312736,0.326156215,0.57051825,7.470324893,49.59356138,37.47706343,190.5463043,3.048684868,1
4926,Central,Loamy,Tomato,Rabi,Fruiting,Furrow,27.99438845,17.75551012,39.92588491,4.498934084,13.74708899,5.202334851,112.2364202,15.81612072,164.5981681,1.563129976,1
4927,West,Sandy,Wheat,Zaid,Fruiting,Flood,42.5525434,28.35056051,90.18498736,15.26893257,7.727387217,5.599467594,33.14615284,96.04942859,70.2653518,6.469299963,0
4928,South,Loamy,Onion,Zaid,Seedling,Flood,25.88849776,44.98515569,54.34393754,1.519693472,12.58880378,8.177432262,69.06065109,36.05001916,195.6781825,4.813678381,1
4929,South,Clay,Maize,Kharif,Vegetative,Drip,62.07336311,40.05687873,29.56934295,11.97499413,13.96782381,6.248880511,88.28828484,65.27416629,116.4499452,8.609873749,0
4930,North,Loamy,Sugarcane,Zaid,Seedling,Sprinkler,74.34456217,41.80377163,52.4528686,14.99552385,6.002397407,8.264721637,93.96272946,51.24739325,14.81089384,2.181007249,0
4931,North,Peaty,Wheat,Kharif,Maturity,Sprinkler,39.6639084,39.69679078,29.52899377,1.567760102,13.92146889,6.069806755,101.9634619,20.763817,144.1287098,2.459184866,1
4932,East,Silt,Potato,Zaid,Seedling,Furrow,33.94928201,18.0912508,57.68987632,7.016223365,18.9015278,8.307098642,121.2368244,138.9636838,110.1418584,5.445184791,1
4933,Central,Sandy,Maize,Zaid,Vegetative,Drip,77.30855125,21.82344762,62.09566361,1.364131561,6.662745931,8.202955951,55.00032202,135.3458002,117.3805504,6.724489887,0
4934,Central,Chalky,Groundnut,Zaid,Seedling,Sprinkler,41.1396703,15.09364954,45.33168211,6.6896388,9.585653333,7.14210756,98.92846963,12.26818698,203.7913701,10.06613311,0
4935,Central,Silt,Wheat,Zaid,Maturity,Furrow,44.23338803,24.10530375,25.37379607,7.983101335,6.706067329,4.535308194,102.5044507,119.9679763,31.26542808,7.4418771,0
4936,East,Sandy,Wheat,Rabi,Fruiting,Furrow,34.61549106,18.25822207,90.76276517,1.419816337,20.51399327,6.101338728,42.03837822,70.81418399,134.6431596,10.9285719,1
4937,South,Loamy,Groundnut,Kharif,Fruiting,Drip,73.66839311,29.18380036,78.00148351,6.291608964,18.12455648,8.144940519,135.542113,112.1917033,94.04192493,3.395446198,0
4938,South,Loamy,Rice,Rabi,Seedling,Flood,49.82688383,35.31382466,82.91608104,8.359347643,21.77991093,8.040441156,121.1306843,21.91778398,55.7380906,7.558414676,0
4939,Central,Peaty,Maize,Rabi,Maturity,Drip,63.3522211,41.23515885,47.51512957,2.22034526,4.251247323,5.2495512,40.58058602,19.17974998,142.1766823,8.207622508,0
4940,South,Loamy,Wheat,Kharif,Vegetative,Drip,66.82647028,37.47651495,77.06232725,0.917828308,1.839490954,6.096729984,94.50961474,129.1598376,136.9836255,8.983855569,0
4941,Central,Clay,Cotton,Zaid,Maturity,Sprinkler,33.92943293,43.15756787,56.40296714,0.482359392,2.984587596,7.842039712,100.4920888,130.1838263,175.5814972,11.87515768,1
4942,South,Peaty,Cotton,Zaid,Seedling,Furrow,40.35860319,16.61694871,35.08126163,4.282823199,4.025458321,6.811511413,60.40770908,67.5572636,180.1681932,6.148372047,0
4943,West,Sandy,Onion,Zaid,Flowering,Furrow,69.39302421,15.36539506,29.33175327,19.10591385,13.32706652,7.889196934,120.92406,126.1728807,115.1729879,5.062515378,0
4944,North,Loamy,Rice,Kharif,Flowering,Flood,35.42787462,34.84014342,45.8788152,8.65662454,24.27280176,7.806269538,96.63210949,96.78154797,66.74237604,10.37427343,1
4945,West,Sandy,Sugarcane,Rabi,Maturity,Flood,65.57545934,23.68057231,30.31640836,2.862083699,8.930885415,8.129928028,92.14165592,26.82641268,108.5639923,2.944699956,0
4946,North,Loamy,Groundnut,Rabi,Seedling,Furrow,75.86946258,22.60503048,94.87017322,3.846048878,23.96270673,4.968882353,30.91765212,47.69836838,73.64730097,1.40730907,0
4947,South,Peaty,Potato,Rabi,Maturity,Drip,53.62472611,24.92661263,23.68917427,1.639242836,0.955019875,5.080860566,57.09792359,19.72879432,56.85799723,5.879479589,0
4948,West,Chalky,Cotton,Rabi,Seedling,Sprinkler,61.91391012,23.09388174,,0.890049531,23.17180507,4.831236116,60.74914848,112.222557,113.0729524,3.7192644,0
4949,Central,Clay,Soybean,Kharif,Vegetative,Drip,66.35681184,30.34309219,53.90701418,3.289683626,4.528815183,8.241075364,102.7125535,142.8613551,134.8765057,5.361779414,0
4950,West,Sandy,Potato,Rabi,Flowering,Flood,69.15277542,28.20445342,42.54739464,3.113458181,22.81187464,6.400649538,86.57523634,79.22485735,121.0671138,11.84691643,0
4951,South,Silt,Rice,Kharif,Fruiting,Furrow,37.65373365,30.37285654,62.85136743,3.689990075,1.405685753,4.757301134,12.02048269,95.10034005,195.6560019,4.833370532,1
4952,South,Loamy,Onion,Rabi,Flowering,Flood,13.58844214,35.18140835,31.24827681,15.26729271,23.70548619,5.78611961,43.07771326,108.1834224,61.2204043,8.787622792,1
4953,North,Peaty,Rice,Kharif,Fruiting,Sprinkler,38.13133899,26.61391527,78.79342854,4.630383545,5.019956608,5.905650565,66.22665062,32.51756985,76.33004544,3.754422107,1
4954,West,Sandy,Tomato,Rabi,Seedling,Flood,57.16293608,22.53923061,44.93357887,4.654127212,7.567851502,7.738239294,103.1426124,48.72018091,136.8667788,4.337652381,0
4955,South,Peaty,Onion,Rabi,Fruiting,Flood,41.524527,19.9860161,64.35069423,0.684971266,12.2735586,7.441907569,104.0996782,59.78657564,123.0735186,3.674707128,0
4956,West,Sandy,Potato,Rabi,Vegetative,Drip,62.42742056,,73.67294271,28.25908134,9.518022031,7.257548198,68.6760632,86.21530526,0.381993994,7.293769572,0
4957,East,Clay,Rice,Kharif,Seedling,Drip,34.98877006,37.25419426,86.67815883,7.410612148,16.68819923,4.58745421,16.37053352,123.3214238,64.01852105,3.487194448,1
4958,South,Chalky,Onion,Kharif,Flowering,Furrow,54.43208988,37.7011473,82.68405773,10.48612748,24.37019418,8.142783186,41.00647647,36.85951397,52.02117976,8.902005129,0
4959,North,Loamy,Groundnut,Rabi,Flowering,Flood,23.04938634,35.0071616,65.62317711,2.674741345,15.16066227,5.362221068,35.65693351,68.27887611,172.1825518,8.483016184,1
4960,North,Sandy,Sugarcane,Zaid,Maturity,Furrow,62.45586057,22.02084526,49.12948853,3.487062277,18.03713524,7.016245619,109.3436974,108.9724171,177.5809898,5.633966436,0
4961,Central,Silt,Tomato,Kharif,Fruiting,Furrow,48.19871782,32.64258738,57.74035026,3.691599474,2.200131258,4.747276172,25.19808396,12.67082493,58.19809391,1.281347231,0
4962,South,Loamy,Soybean,Zaid,Seedling,Sprinkler,24.2845072,32.12068985,77.6551095,1.078944189,15.69531073,4.826104367,65.08897114,74.36955146,20.92458649,1.249162454,1
4963,Central,Loamy,Onion,Kharif,Fruiting,Sprinkler,30.43378214,29.52798594,85.81591569,5.847682275,11.34624443,4.538309185,93.90063249,20.93505699,42.06639915,6.860874988,1
4964,North,Peaty,Cotton,Zaid,Vegetative,Flood,62.4026096,31.49936959,27.78364461,11.66402183,22.14455895,6.763710578,135.0700614,78.17659003,36.19652178,10.23118711,0
4965,South,Loamy,Maize,Rabi,Vegetative,Sprinkler,43.7820865,29.75371898,48.86421969,0.893874178,9.705277491,7.017518678,139.8936812,111.3343004,48.67424865,7.587610385,1
4966,East,Sandy,Maize,Kharif,Maturity,Flood,25.12220083,31.96369098,78.20874488,0.451364943,16.9863536,4.701849213,133.4091001,34.3573746,48.10220497,5.792155077,1
4967,West,Clay,Rice,Kharif,Seedling,Flood,77.70898333,36.46517864,52.37388219,6.701233209,5.703843206,5.661939539,100.5539283,123.1743746,98.36692302,10.70330717,0
4968,South,Sandy,Wheat,Zaid,Seedling,Drip,,18.28884583,44.9170823,1.595532313,6.484313338,7.905817657,104.5017166,48.54659596,65.52648305,3.166949939,0
4969,Central,Chalky,Potato,Rabi,Fruiting,Drip,76.99943828,37.48877256,50.84920226,4.889003108,9.403060773,4.905233467,106.2894137,27.66380522,114.7634589,4.953668722,0
4970,South,Loamy,Sugarcane,Kharif,Maturity,Furrow,39.89735318,19.0765845,65.21335601,5.949664763,7.601588438,5.366188658,120.7646827,67.47189229,70.54759799,7.218403971,0
4971,North,Silt,Groundnut,Rabi,Flowering,Sprinkler,43.25702385,16.99883995,94.98538581,1.942381913,6.346970985,6.197564834,133.2499648,127.0308869,167.0087706,4.208364161,0
4972,North,Chalky,Cotton,Kharif,Seedling,Furrow,72.85686513,44.28239059,56.97443218,8.440906836,1.241717648,7.869096411,62.39886023,9.99529387,194.9124579,11.9748373,0
4973,North,Silt,Wheat,Zaid,Seedling,Sprinkler,46.75345382,43.70975307,35.63708562,3.992416062,20.91865829,5.519396218,58.31152293,47.4978626,82.80328294,5.975530086,1
4974,West,Chalky,Sugarcane,Rabi,Seedling,Flood,59.50952383,16.81309635,32.21349315,10.16276718,1.607538272,8.488548061,64.46502473,94.7086595,10.14104963,1.568944457,0
4975,South,Sandy,Potato,Zaid,Maturity,Drip,27.65210142,28.29760324,23.17623106,7.20467262,22.18413789,5.921047253,92.374404,51.84922596,49.11354071,2.936917606,1
4976,North,Sandy,Potato,Rabi,Vegetative,Drip,41.27085281,20.58734815,61.91129262,10.14661871,3.136634727,6.045794634,108.5623555,10.26947924,20.88092366,6.857289551,0
4977,North,Sandy,Tomato,Kharif,Flowering,Furrow,18.64149061,29.56034691,60.84290686,0.101836983,1.631543427,4.988424817,121.8762147,48.13985047,70.67660151,7.050618197,1
4978,East,Sandy,Sugarcane,Kharif,Vegetative,Drip,24.41860251,39.90531729,35.39254451,1.395305109,14.0751191,7.220791603,63.8695056,119.039111,132.248418,11.82558694,1
4979,North,Peaty,Groundnut,Zaid,Fruiting,Flood,10.06603907,43.51835324,72.14970548,0.471597026,12.56104481,5.473860731,50.87216767,140.3654408,106.3761213,7.599630603,1
4980,Central,Sandy,Rice,Rabi,Seedling,Furrow,12.74855362,34.0275796,75.58302812,2.91772552,12.28086422,7.015470381,137.6693661,5.767983623,49.789514,8.332900524,1
4981,North,Peaty,Cotton,Zaid,Fruiting,Drip,78.40986762,25.61717002,39.4323654,11.03456224,14.36260819,5.392630914,32.46426694,82.54615356,157.2881058,3.350950469,0
4982,Central,Loamy,Groundnut,Rabi,Fruiting,Drip,26.96475866,33.09976697,45.8074823,3.151239971,7.176415153,6.051489069,31.08067694,15.26899779,26.95354952,2.175513698,1
4983,West,Sandy,Maize,Kharif,Seedling,Sprinkler,56.43174967,24.36003918,94.28537543,9.476043881,16.57373184,7.926688368,100.1570437,98.65749673,46.7801749,7.62211009,0
4984,West,Sandy,Cotton,Kharif,Maturity,Drip,68.73697892,42.29470922,48.06983509,1.981374127,12.56005549,7.455623646,25.15202138,1.144372771,138.5896659,10.51367974,0
4985,South,Silt,Rice,Kharif,Fruiting,Sprinkler,48.54623215,41.11201389,77.06012538,2.074321256,8.368586674,5.1183636,55.91725996,2.137535728,40.43304927,7.46110247,1
4986,East,Loamy,Tomato,Rabi,Maturity,Sprinkler,20.72011501,31.74695251,53.954407,11.29579551,20.66251667,6.930832669,40.93415512,112.6475748,139.1463568,5.8706154,1
4987,South,Loamy,Wheat,Kharif,Vegetative,Sprinkler,60.96815061,24.74396746,79.50086209,2.774036867,18.19302741,7.014562607,23.61946395,10.79312179,200.2729768,7.360273055,0
4988,North,Sandy,Onion,Kharif,Flowering,Flood,52.01759871,23.80169027,77.67674291,7.797658233,9.840258549,4.862273894,81.15901347,44.25134277,170.4274239,6.156487363,0
4989,West,Loamy,Rice,Rabi,Flowering,Furrow,61.18754125,16.00253984,70.08170189,1.350150925,21.19044463,6.363222617,52.29160871,138.9158615,32.80216077,2.560697336,0
4990,Central,Clay,Maize,Kharif,Flowering,Furrow,,39.47462553,84.10837597,14.86015976,23.00645625,5.542673583,64.7127842,142.860832,106.7021764,9.153028678,0
4991,South,Chalky,Maize,Rabi,Flowering,Sprinkler,78.27872574,28.51149639,90.44138712,4.273371205,13.42165668,6.368520571,27.42082068,23.40341497,86.5759205,6.863419798,0
4992,West,Silt,Groundnut,Kharif,Maturity,Drip,50.1494296,24.75398785,63.49874903,7.121509279,5.373811254,7.608283965,107.5013524,81.33077861,203.2922297,5.392551637,0
4993,Central,Loamy,Wheat,Rabi,Vegetative,Furrow,33.91487789,29.13331065,37.81016804,0.468893115,22.89480391,5.133038239,44.05969168,81.07658013,197.7021439,7.156023522,1
4994,Central,Clay,Groundnut,Zaid,Maturity,Drip,55.39251898,39.56213971,49.89717212,3.392911091,4.736990502,4.993216822,47.98054506,65.59520013,26.05797082,3.653496499,0
4995,North,Sandy,Rice,Rabi,Fruiting,Furrow,14.79084965,18.73842623,76.87292851,11.56512185,1.21058066,5.57726598,35.30155469,134.0815229,186.2898288,5.70753487,1
4996,South,Silt,Onion,Rabi,Seedling,Furrow,72.81781228,40.72967965,68.81626138,10.47942515,8.187175222,8.309101801,60.8165001,109.3349168,39.6507593,7.846897211,0
4997,Central,Chalky,Cotton,Kharif,Fruiting,Sprinkler,18.35667079,41.92526505,33.33487539,0.239725882,18.17415861,7.491296845,64.90072781,110.8564057,65.48755785,3.48812931,1
4998,West,Silt,Tomato,Kharif,Maturity,Flood,32.94899865,43.40123745,23.84296559,1.809862392,23.08185216,4.577823451,74.15336829,39.08756761,72.44863584,9.238945931,1
4999,South,Silt,Groundnut,Kharif,Fruiting,Drip,67.10217664,26.92463977,71.22211952,2.92882361,15.93214117,6.10401937,135.4595595,62.97636697,58.79851925,6.73112003,0
5000,North,Clay,Sugarcane,Kharif,Fruiting,Drip,51.81186648,21.51421212,38.8309268,0.945309999,23.79596367,5.529591916,126.6568531,70.67643628,174.9149776,10.47877381,0
1502,Central,Sandy,Wheat,Rabi,Maturity,Sprinkler,,17.40190208,86.33724011,6.258038088,3.254089847,7.414568757,134.0815387,27.86386481,2.682606188,5.415295722,0
2587,North,Sandy,Soybean,Zaid,Seedling,Drip,15.02430644,27.52344852,35.63956552,5.28235233,8.188794121,7.775905272,107.0036854,70.56702062,170.2160493,1.968323834,1
2654,West,Chalky,Tomato,Zaid,Flowering,Drip,13.66485141,39.36951998,54.12887786,9.012873619,21.3670802,7.335618432,83.78288012,76.25866478,183.3266463,4.306716412,1
1056,South,Peaty,Sugarcane,Kharif,Flowering,Furrow,34.54982708,29.78948131,45.97726273,7.173498031,13.77405554,5.378124079,138.9586742,105.7958942,138.2250814,9.148276367,1
706,Central,Sandy,Groundnut,Kharif,Fruiting,Drip,79.29721627,22.97056695,64.19087926,2.832426182,24.53525801,6.650077705,128.7210226,58.33180004,119.3884356,5.982238782,0
107,Central,Silt,Groundnut,Zaid,Flowering,Drip,38.72680461,26.00394962,39.59001285,0.362552452,22.0586903,4.816668002,3.395411046,144.4847305,74.95575534,2.40354383,1
590,North,Chalky,Wheat,Rabi,Vegetative,Sprinkler,20.63318855,34.23258311,30.46450854,0.16179859,12.88435827,6.129533303,110.2763763,56.14469859,152.320585,8.448471556,1
2469,Central,Peaty,Cotton,Zaid,Maturity,Flood,43.28822262,33.42506551,61.34979123,21.1747124,8.472705082,7.205507343,31.66054965,117.1112533,177.0064362,4.071951654,0
2414,East,Peaty,Wheat,Rabi,Seedling,Drip,11.92757039,,,1.30717687,14.45766624,6.593655308,120.4480286,143.5308679,150.6843903,2.213220085,0
1601,Central,Clay,Rice,Zaid,Flowering,Sprinkler,23.43071273,31.00440626,48.87809284,2.57918881,23.91049055,8.247934859,42.45008506,142.0196881,186.4549828,10.60267137,1
2465,East,Clay,Onion,Zaid,Flowering,Flood,53.44623359,26.20333773,42.19527258,3.124861609,24.10051807,7.130327547,66.66058125,22.27708702,161.1014423,1.253256859,0
229,East,Loamy,Soybean,Kharif,Maturity,Furrow,72.44325886,19.55228739,34.53041998,8.857373937,13.38795911,7.572548518,121.6961859,90.10787701,132.7265968,9.145291936,0
916,North,Chalky,Potato,Kharif,Vegetative,Sprinkler,40.52885704,17.52639034,25.75455289,2.622874245,15.36616581,8.064243349,8.339320553,62.6914156,137.7656161,4.384464223,0
795,Central,Silt,Wheat,Rabi,Seedling,Drip,11.26771287,30.0862656,33.00298676,0.855023997,18.02331371,5.865558888,102.7047411,8.885025776,188.7332354,7.753313003,1
3022,Central,Clay,Maize,Rabi,Seedling,Drip,40.29368157,40.25426127,85.01551871,1.572441552,3.126780986,8.097913082,48.76660528,67.26399013,15.35396677,11.50609775,1
3544,West,Silt,Maize,Rabi,Seedling,Sprinkler,33.98516026,34.77466634,86.68587215,4.783422365,23.95773407,5.770386679,51.70667569,47.18305549,27.23544606,10.08588399,1
1074,East,Silt,Groundnut,Kharif,Vegetative,Sprinkler,11.25117543,28.82018375,23.4162617,10.41952361,1.815271315,6.257322011,80.18730418,87.34498163,114.3296973,3.176602649,1
3352,North,Chalky,Wheat,Rabi,Flowering,Drip,39.739559,16.47820961,39.56263721,10.98897521,14.01744544,7.116132028,85.35851587,85.94262278,63.71853661,5.008534984,0
1745,South,Silt,Tomato,Zaid,Vegetative,Drip,39.13077987,29.31329453,81.05389448,1.231082576,7.31874563,6.496165831,23.98998266,105.387718,55.10815777,10.70771379,1
1085,Central,Chalky,Rice,Kharif,Seedling,Furrow,76.13124156,22.30401132,73.88311061,7.068940509,8.241162419,7.390064428,25.33623615,0.026105653,14.36085263,1.026551298,0
927,South,Chalky,Groundnut,Rabi,Fruiting,Furrow,28.80741516,38.30464102,82.58553076,0.839562251,10.12866096,5.992594148,139.6840286,3.547230862,113.8618695,2.330971208,1
3050,North,Sandy,Maize,Rabi,Fruiting,Furrow,28.49933842,19.15957587,58.87363364,13.61895777,23.24606234,7.413906736,48.07820322,70.19592077,68.92963625,7.408422494,1
1118,Central,Clay,Maize,Kharif,Fruiting,Drip,71.42226038,44.67375957,59.66039136,2.084672254,20.05859997,6.294276391,112.7325188,92.81042905,117.7261946,10.55809327,0
643,North,Silt,Cotton,Kharif,Maturity,Flood,24.80136049,24.80216672,55.63982896,11.38161323,1.290063578,6.267569968,94.20491354,96.21028561,60.5623929,6.524817699,1
4768,West,Clay,Tomato,Rabi,Vegetative,Furrow,16.81568257,37.82674419,93.61560448,0.528577889,17.16030859,7.341274097,88.26877811,102.1618374,190.7107008,6.65713933,1
502,Central,Chalky,Rice,Zaid,Flowering,Drip,47.52674564,16.53496519,21.97604991,5.830324642,12.21173706,6.183299811,108.0762775,11.24232244,87.45982208,7.274970317,0
4067,Central,Peaty,Tomato,Kharif,Maturity,Furrow,18.81686375,22.60194323,92.31093469,0.344456958,3.417207993,5.89823245,70.90405636,115.9921883,0.019186741,10.19596966,1
334,East,Clay,Sugarcane,Zaid,Fruiting,Flood,18.12508484,24.09659352,72.04940813,6.00643537,8.947213268,8.256849973,62.08520021,124.2895288,161.7622708,11.81895736,1
4685,West,Silt,Onion,Kharif,Maturity,Flood,64.28537077,31.61825202,79.20347251,0.504690501,4.877645142,6.807623614,109.0267652,115.3475278,98.31707542,2.908889424,0
487,West,Clay,Wheat,Zaid,Flowering,Furrow,13.18124662,21.75483073,20.74698059,9.605363811,8.47107379,6.565778186,99.87712892,15.83112594,11.68380783,6.807174404,1
1963,Central,Sandy,Onion,Kharif,Maturity,Sprinkler,68.78615999,43.61110879,43.23189224,6.734046327,5.977384825,5.023927615,105.5104373,30.45125734,59.66385732,4.674676393,0
394,South,Chalky,Tomato,Kharif,Seedling,Drip,64.34890725,32.49317272,60.90221391,8.266587713,21.55016181,8.348233792,96.69518071,4.658146498,150.9937016,6.044738327,0
4843,North,Silt,Potato,Rabi,Maturity,Flood,34.6628938,23.8211913,37.27811168,7.451096613,21.73924362,6.531015939,100.619259,94.49553887,9.385569358,9.063304889,1
4867,South,Loamy,Tomato,Zaid,Seedling,Sprinkler,34.91704414,27.8347037,70.68432227,2.239962929,14.23802867,4.561049167,42.42093811,116.7153853,62.29193071,7.0120815,1
1756,North,Silt,Groundnut,Zaid,Fruiting,Furrow,66.10759783,28.48750059,58.09206571,5.023600581,0.415405668,6.008500399,31.35391724,51.25184466,23.84882309,9.090923458,0
2516,West,Loamy,Groundnut,Rabi,Fruiting,Drip,74.84678247,39.61729318,52.44818605,14.16990718,21.98171565,6.280304568,87.94396043,43.37229548,193.571879,10.75607057,0
3586,East,Clay,Maize,Rabi,Vegetative,Flood,32.9763174,29.10972144,21.6041635,1.030860167,2.189320432,6.365289856,86.46817491,138.8846808,76.04093661,10.2554622,1
4316,South,Peaty,Groundnut,Rabi,Seedling,Sprinkler,22.40074663,17.99795631,73.94513795,18.04753486,8.74489077,4.612984825,68.20022645,94.63407226,25.90302421,8.644619904,1
4967,West,Clay,Rice,Kharif,Seedling,Flood,77.70898333,36.46517864,52.37388219,6.701233209,5.703843206,5.661939539,100.5539283,123.1743746,98.36692302,10.70330717,0
2100,East,Peaty,Sugarcane,Rabi,Flowering,Sprinkler,37.71793309,41.69246971,69.45493099,0.182330883,7.826699733,6.356556809,22.32218187,133.0679021,160.997423,3.873539026,1
3600,West,Peaty,Onion,Kharif,Maturity,Sprinkler,56.31670817,34.66149598,90.44181021,1.637574836,8.701307175,7.729767954,133.2761857,98.45411765,180.1920876,8.576826646,0
4122,North,Sandy,Potato,Rabi,Flowering,Drip,46.78292151,29.0354755,47.84207358,0.16641048,15.96424445,4.579502383,96.11272422,41.30663405,185.7502135,7.912882571,1
30,Central,Clay,Cotton,Rabi,Maturity,Furrow,13.25152889,18.63908994,70.41756124,2.28092293,2.686785099,5.618922987,24.5155077,142.6069466,78.03210691,11.68602775,1
66,East,Loamy,Wheat,Zaid,Maturity,Flood,47.98872582,16.1013883,69.03724729,5.886817087,10.67106972,5.614601362,6.024785663,133.178063,184.77926,10.20876224,0
839,South,Sandy,Potato,Kharif,Seedling,Flood,50.64118452,33.12913259,68.81591281,14.18729382,19.01141098,7.327716541,38.00830406,107.8684843,112.522258,9.988114522,0
3907,North,Loamy,Sugarcane,Kharif,Seedling,Furrow,45.98668098,34.14009706,89.13841247,8.592029638,13.14671321,8.361249065,42.64206017,89.00913007,152.742439,9.428829046,1
3774,West,Peaty,Groundnut,Rabi,Flowering,Furrow,61.31000751,27.34232795,80.22440134,4.240092564,9.178578983,4.937149752,37.31924799,30.08651209,91.51347559,10.68940531,0
4636,East,Silt,Wheat,Kharif,Seedling,Flood,76.66707267,20.96750441,33.84012881,4.443680524,12.45025985,8.366711017,117.8141732,106.4526018,157.438046,6.83628602,0
3162,East,Chalky,Cotton,Rabi,Fruiting,Furrow,11.53393301,18.79967619,64.48294663,6.578992605,7.901992967,7.71106115,68.66191535,16.85407217,104.472477,2.919361521,1
2660,North,Silt,Groundnut,Kharif,Fruiting,Flood,56.01474375,34.26834491,79.53251053,12.28051016,11.42247677,6.825374415,11.22482514,32.41292098,28.46125639,3.383449713,0
4616,Central,Sandy,Onion,Zaid,Seedling,Flood,32.18598352,40.80743433,86.39217382,0.948274263,14.63135566,5.821481893,54.94307195,106.978954,29.72047881,10.79954279,1
4629,West,Peaty,Wheat,Zaid,Vegetative,Furrow,55.20075303,16.42749578,69.19615331,5.795571288,23.43498189,5.622694841,58.45344484,17.003768,67.75456677,7.754568021,0
2452,Central,Silt,Tomato,Kharif,Maturity,Drip,77.64921701,28.11444315,78.62916995,0.852188341,10.4988856,5.775975097,110.0317285,100.8029045,195.2641719,5.637820671,0
2847,Central,Clay,Groundnut,Rabi,Seedling,Sprinkler,65.12843601,39.96487361,90.73723459,3.188906634,21.2352897,4.585821649,74.20341957,79.02117646,158.8792177,1.301004038,0
1145,West,Silt,Wheat,Rabi,Flowering,Drip,28.69197891,38.49480087,21.51631401,3.257164068,15.08763759,5.625342963,103.2816308,59.96497609,62.90232361,3.21594952,1
3079,East,Clay,Soybean,Kharif,Seedling,Furrow,20.83800288,26.09213433,82.95281477,0.290872072,19.0178657,4.849946759,18.36625587,7.512728646,54.72471856,6.903623767,1
1104,North,Chalky,Sugarcane,Zaid,Vegetative,Sprinkler,74.94265982,42.17735014,47.16340682,0.087257593,14.59593151,5.917009214,126.6444877,64.38921494,33.38418633,5.569352769,0
169,West,Silt,Soybean,Rabi,Flowering,Drip,12.85425991,21.10604622,57.36130402,4.360695133,11.40749104,8.326540054,115.0589903,89.99457436,48.95709079,10.60661848,1
1671,West,Sandy,Potato,Kharif,Flowering,Flood,36.64363054,25.36881111,45.25292517,4.426184599,11.93099687,4.529350501,19.89833912,24.14114652,102.3081026,3.32410574,1
2571,North,Silt,Sugarcane,Kharif,Vegetative,Furrow,38.35718862,,92.54893792,13.09908197,5.886253641,6.593754835,8.396372131,121.7989045,125.6343737,11.49348479,0
2378,South,Sandy,Maize,Kharif,Flowering,Flood,65.22896119,27.08356602,73.60155871,3.269214022,6.176666136,6.051115278,72.31261616,61.818952,34.36732347,2.100889844,0
4396,West,Peaty,Groundnut,Zaid,Vegetative,Sprinkler,68.95157637,15.24324591,59.50170192,4.526144467,0.142205588,6.322596484,100.9701827,42.32998944,135.6270655,8.052008755,0
4258,North,Loamy,Cotton,Zaid,Maturity,Sprinkler,41.62176332,20.07173247,91.23495151,0.1934468,2.116248365,7.36413294,52.21425187,3.734676802,164.9693616,8.79998976,0
3863,Central,Sandy,Rice,Rabi,Seedling,Drip,36.14205616,40.83026464,42.93519368,0.302088187,16.10236734,5.572818742,41.92371488,77.14757776,95.35051405,1.406979435,1
24,West,Silt,Sugarcane,Zaid,Seedling,Furrow,35.64532903,36.57735602,20.61673485,7.41708171,16.82410433,6.27400553,94.93113143,69.02261549,118.9020536,3.512982999,1
2634,East,Sandy,Sugarcane,Rabi,Flowering,Furrow,21.68671621,44.50791899,60.34422735,5.102728024,23.41262452,6.006241326,23.89217199,30.57823127,177.7224644,9.640778275,1
3341,West,Sandy,Groundnut,Rabi,Maturity,Furrow,72.23895468,39.64733075,82.46418565,4.746470272,1.374101534,4.585444295,32.09360277,10.15807079,29.46744071,10.02014042,0
2216,Central,Chalky,Potato,Rabi,Fruiting,Drip,31.33257668,,53.21528796,2.405032469,23.60377273,7.846549089,124.6312359,99.14621034,12.10126825,8.529641341,0
3683,North,Peaty,Maize,Rabi,Flowering,Flood,64.09399938,20.28583218,83.27512816,4.812338427,14.94553446,6.162338803,20.91848877,96.20526194,68.744798,8.873064251,0
4725,North,Silt,Maize,Zaid,Flowering,Furrow,25.374445,19.14826583,88.66375465,1.567058322,23.29948049,7.994941212,113.1086182,39.75819719,200.4571291,5.983619235,1
1908,South,Silt,Groundnut,Zaid,Vegetative,Sprinkler,35.75585259,39.05741859,55.84079792,0.321221743,6.079189338,6.071806543,64.57715044,87.95610553,103.4464609,10.46965964,1
85,North,Silt,Groundnut,Zaid,Fruiting,Flood,31.76876252,20.84874814,22.40476378,1.404783994,2.105336352,6.753608704,70.60689685,18.0262996,183.077282,7.077502607,1
228,North,Clay,Wheat,Rabi,Flowering,Flood,37.51684073,41.53030284,79.28056069,2.145169131,1.750880633,7.598827472,99.09048197,99.24026719,28.20988027,2.816541513,1
297,East,Loamy,Rice,Rabi,Vegetative,Flood,63.89954872,29.03161848,85.5577847,11.53176202,17.71830831,7.767208092,56.3425978,131.1435923,63.80348577,5.986792229,0
1002,South,Silt,Tomato,Zaid,Seedling,Furrow,47.93306632,20.17159086,30.34241163,0.001651069,12.02860899,5.312830373,5.872590229,137.7809731,162.3212203,5.745583988,0
2139,North,Chalky,Tomato,Rabi,Flowering,Flood,23.11883609,35.07160546,27.69384202,8.083077605,16.01015292,6.369180955,135.2925487,80.46258009,203.5617095,2.540132618,1
712,North,Chalky,Potato,Rabi,Flowering,Sprinkler,51.69471184,44.0498088,41.54094283,14.3378434,6.384934354,4.865339754,8.347113205,18.1712924,64.17366373,11.39601036,1
2802,West,Chalky,Sugarcane,Kharif,Seedling,Sprinkler,73.55291556,18.69156371,24.35347528,14.36114957,20.12471397,7.548174032,65.27839367,41.72378402,88.70986241,3.06199282,0
2528,South,Loamy,Cotton,Zaid,Vegetative,Sprinkler,77.02136133,31.42848302,20.09027104,11.71579454,17.90034102,7.005026921,67.01615794,79.68149851,182.2148422,6.439183579,0
3753,West,Chalky,Cotton,Kharif,Flowering,Furrow,31.97146536,22.54290457,38.66737889,1.747263535,22.54184563,8.489705518,39.64214281,118.6019668,60.0632526,4.021796448,1
3322,South,Silt,Wheat,Rabi,Vegetative,Furrow,14.6524328,35.88664308,45.42714123,5.895514553,10.253743,8.395622694,76.33638696,112.1785515,19.42649213,2.352025861,1
3182,North,Silt,Groundnut,Rabi,Maturity,Furrow,30.24312124,19.58829559,23.44475242,0.569084758,10.39599954,8.09774985,37.55894975,3.839611318,180.4865166,10.0430164,1
4184,Central,Clay,Onion,Rabi,Flowering,Furrow,32.06676043,35.28425366,46.03751298,33.20490006,2.036021683,5.03851283,46.10423883,86.95130339,13.89537985,7.644199018,1
1616,North,Peaty,Wheat,Rabi,Vegetative,Flood,56.86408686,36.85481802,78.93366128,2.046268749,7.888481768,6.502752137,4.03299929,79.08075439,38.14708299,6.023485017,0
3025,East,Silt,Potato,Rabi,Maturity,Furrow,13.96099593,21.90253476,61.17040089,5.871651762,9.496365719,8.118016565,35.35976207,73.71345693,128.1073774,8.90802995,1
1414,West,Sandy,Cotton,Rabi,Seedling,Drip,13.99607993,26.88163432,27.40767885,7.540607777,18.41042279,4.634436961,52.17933165,60.75042491,167.9565664,2.044235826,1
764,Central,Silt,Tomato,Kharif,Vegetative,Sprinkler,62.07624048,20.24343855,37.01528872,0.330699455,18.80198594,6.275343299,4.379484308,101.3659671,148.9963078,1.92346772,0
656,West,Peaty,Groundnut,Zaid,Flowering,Drip,18.9306212,18.8957104,90.09185544,1.451148343,20.27794682,8.001046431,29.01966282,131.0988477,174.7553125,8.584502634,1
4798,South,Chalky,Groundnut,Rabi,Flowering,Drip,64.82130016,34.3603687,34.00129444,1.134311124,24.58800769,5.356991396,69.95579574,103.2871096,152.8130597,9.14325571,0
3850,East,Loamy,Groundnut,Zaid,Vegetative,Furrow,14.79153168,16.34643049,30.9781954,5.786665012,8.243061471,7.14561197,135.4551067,25.50685807,49.06979816,8.179468434,1
4154,South,Loamy,Potato,Kharif,Fruiting,Flood,34.96173232,29.88226436,32.71401202,1.566938573,14.81926799,6.608727345,22.59148121,87.56610836,126.6950795,5.741424577,1
469,West,Loamy,Potato,Kharif,Flowering,Drip,25.6517087,40.34592256,79.88719727,6.751117208,12.06775116,7.546993988,53.8245385,104.5516463,141.3864392,10.9568856,1
158,West,Peaty,Sugarcane,Kharif,Vegetative,Flood,63.31337307,37.69353264,37.38427082,4.587367946,15.33995172,5.558236512,32.73805578,75.00477202,80.95414091,4.370510553,0
1296,South,Chalky,Potato,Rabi,Seedling,Sprinkler,24.0105171,41.43752045,20.83994789,1.969991349,6.891105756,6.902393529,18.85810647,137.0684861,161.1164926,7.421986527,1
498,East,Silt,Onion,Rabi,Vegetative,Sprinkler,15.44142459,41.67001832,64.25873168,0.134053612,0.632285225,5.602329857,61.92189845,64.78072424,199.8283635,1.430069419,1
4741,North,Peaty,Rice,Kharif,Flowering,Furrow,60.31026793,15.2803486,86.82879627,2.668258529,7.196007327,7.197454327,50.93608459,46.77784837,123.5772435,5.21139008,0
2941,North,Sandy,Wheat,Rabi,Flowering,Drip,28.57282963,25.90543372,41.19692045,5.170172657,8.095463364,5.20131065,84.70024018,0.201962455,145.0809925,6.356904923,1
3457,South,Peaty,Tomato,Kharif,Maturity,Sprinkler,45.02516124,34.28500172,21.44237776,1.276800023,17.44549608,4.84407275,15.41634412,82.99063145,21.81789841,4.258908438,1
374,East,Chalky,Soybean,Zaid,Maturity,Flood,57.81047414,38.45339478,54.85881545,3.342541827,10.96778872,6.861965383,73.6311625,56.04819736,41.67518067,1.937533421,0
80,Central,Peaty,Groundnut,Zaid,Flowering,Furrow,18.11083417,27.87448476,93.38708485,2.495674795,10.32148177,7.049854516,46.56472089,39.90727108,197.8694802,11.21787035,1
1554,Central,Clay,Rice,Rabi,Flowering,Drip,71.89445243,15.25486736,70.93466235,16.57792023,6.436633313,4.740353411,91.4108462,45.59675858,72.42980477,3.765884574,0
1670,North,Silt,Potato,Kharif,Seedling,Flood,67.22147959,18.90953964,21.58728605,2.142747457,9.002252395,5.01339825,139.3102502,9.512340302,129.2262578,11.38994048,0
2132,North,Sandy,Tomato,Kharif,Maturity,Drip,10.8825264,28.82606206,40.43983768,1.261429695,2.183510353,6.827513392,59.73089088,76.80274721,187.6410019,7.86983805,1
4440,West,Sandy,Rice,Zaid,Maturity,Drip,26.84693603,36.4571056,45.52380532,10.80671667,10.05231874,5.77405615,104.0663441,96.58776031,180.002141,7.216825731,1
466,North,Sandy,Wheat,Rabi,Vegetative,Drip,36.24094057,30.177774,47.66618912,5.087812619,2.963200721,7.850643623,105.1417042,73.31918749,148.1341877,9.101206798,1
249,North,Loamy,Maize,Kharif,Seedling,Furrow,77.4533984,28.70664215,93.81237196,8.027904459,20.2002855,5.422267529,21.20578464,73.80596449,165.4325294,3.510709289,0
932,West,Chalky,Soybean,Zaid,Vegetative,Drip,68.44511658,24.92744297,47.86396814,1.979149306,14.60486588,6.003025514,64.00450386,6.284269203,72.70106599,8.29134123,0
1336,Central,Chalky,Soybean,Zaid,Seedling,Sprinkler,55.52279804,37.34252195,62.43634946,17.58198618,16.47377118,7.766436822,43.0958905,3.445599652,39.23344915,5.750824783,0
4525,South,Loamy,Wheat,Kharif,Flowering,Drip,66.7112763,17.24237711,57.20224207,6.696061766,23.6758947,5.344496777,124.4392601,138.3207561,22.17345196,6.038421258,0
1339,Central,Chalky,Soybean,Kharif,Maturity,Flood,15.05388863,28.82136514,84.43866496,3.915496313,1.350989809,6.898564816,129.1704738,37.900463,172.4407591,2.826519516,1
1407,South,Chalky,Groundnut,Zaid,Flowering,Flood,69.09193143,24.87221338,34.39075348,1.36356588,21.42794877,7.031317252,14.23831971,25.49573716,80.26898482,3.39739391,0
1091,West,Peaty,Tomato,Rabi,Maturity,Furrow,75.99122419,27.56798934,91.46028862,1.651824723,16.78070195,5.706081616,39.94199661,100.0417071,112.0712716,5.82458321,0
4210,South,Silt,Wheat,Rabi,Seedling,Furrow,13.99188398,32.49055942,21.78545324,15.01723925,13.62138143,4.738731994,3.775782962,116.2782087,200.887402,2.394033879,1
743,East,Peaty,Tomato,Kharif,Maturity,Drip,62.33265661,39.97173125,37.1740389,12.49273384,19.09207751,4.817782721,73.20882366,135.9362341,3.930445536,9.506313297,0
2324,Central,Sandy,Potato,Zaid,Vegetative,Furrow,31.65609025,36.08599332,64.05250846,0.151120441,15.9111257,5.854647785,24.87231154,125.6551813,102.8606305,9.355669798,1
3602,East,Silt,Onion,Kharif,Seedling,Flood,49.96141918,36.42459439,34.88005469,3.9571311,7.346072969,5.065500222,124.3890111,27.88356143,63.50439587,2.044652325,0
2124,East,Peaty,Soybean,Rabi,Vegetative,Sprinkler,39.24326855,41.38388081,93.04554377,8.057451669,19.4522556,7.569154277,59.92435828,78.43217126,5.496143798,7.871348124,1
2095,Central,Chalky,Maize,Zaid,Vegetative,Furrow,30.09965707,25.70169508,66.23595189,9.882545026,21.55077186,4.982344864,89.16630699,86.13974162,193.4879941,3.120296216,1
241,South,Loamy,Groundnut,Kharif,Vegetative,Flood,75.8321009,,60.9574106,25.57809058,7.129885657,7.327755892,134.0199853,89.50471093,111.5958468,7.444284567,0
2352,North,Silt,Potato,Zaid,Flowering,Furrow,73.93008633,16.26601406,84.11942424,6.376920831,22.93663064,6.66785915,107.327007,69.95734513,88.0489191,3.532594386,0
1371,West,Sandy,Wheat,Rabi,Flowering,Furrow,77.99765658,34.92036684,89.97219114,4.434785886,13.21852529,4.817632977,72.15837471,5.203720679,61.61918159,9.067061745,0
1058,West,Silt,Maize,Zaid,Seedling,Furrow,38.13516395,29.70937468,90.28587251,28.60932653,13.80465272,5.891429285,95.23551424,61.55630836,23.02719097,8.715551517,0
4817,East,Sandy,Rice,Kharif,Flowering,Flood,73.64414953,32.88090483,53.5041167,7.469303242,14.97105939,-5,116.0630648,131.9786202,22.89843142,3.089617142,0
200,East,Silt,Wheat,Kharif,Fruiting,Furrow,64.59128821,23.48296371,37.56458192,3.914811746,23.82669466,7.689707722,108.245057,93.07402234,25.96382517,8.033971154,0
2281,West,Sandy,Sugarcane,Rabi,Flowering,Sprinkler,27.80741066,32.10937523,56.58601114,2.387389588,13.99592007,7.608536212,25.01284875,114.2436247,162.8179466,6.614983194,1
4750,East,Chalky,Cotton,Rabi,Fruiting,Flood,66.16812491,42.98337374,94.35513973,5.04939268,24.0972217,5.355012429,63.11245665,50.27723342,154.0435639,6.275538899,0
2221,Central,Chalky,Groundnut,Kharif,Fruiting,Furrow,59.25801842,43.38226854,25.64541808,0.156045792,6.322864862,5.365747883,117.2881242,35.32112363,11.22819424,7.433433624,0
4772,North,Peaty,Wheat,Zaid,Vegetative,Sprinkler,38.24366783,25.1640351,85.13490059,13.08241393,0.1798239,4.799395402,30.33821932,94.94468344,96.40983732,1.288519864,0
2820,South,Loamy,Maize,Zaid,Maturity,Sprinkler,34.99205408,32.00418315,58.45129651,1.305977082,22.6697351,7.095184659,94.25161396,61.6625432,99.9260899,11.27915416,1
3151,East,Loamy,Wheat,Zaid,Vegetative,Sprinkler,54.11730536,31.0266123,39.71107059,6.616335126,19.52744388,5.731765038,26.13435751,105.5757166,188.2737788,6.212823434,0
4257,North,Silt,Onion,Zaid,Flowering,Flood,79.84245723,22.26587676,42.33875085,9.746190896,16.36286167,4.610968907,55.63005627,34.00127533,172.6463525,11.30610571,0
3108,South,Chalky,Potato,Rabi,Seedling,Furrow,10.63379131,,88.1780706,1.879491472,19.78827678,6.1242475,117.6138622,38.99214592,5.126428919,10.02670734,0
1974,North,Loamy,Maize,Rabi,Flowering,Flood,46.26551364,27.4002738,66.69453474,13.85012511,24.68884572,7.299175768,76.75737256,86.17615512,191.4601369,6.829785705,0
1376,North,Peaty,Tomato,Zaid,Maturity,Sprinkler,70.95249309,16.18252755,53.75932045,1.127862898,15.97787821,6.199448232,70.97545873,124.8589913,113.6597032,11.34988108,0
3969,Central,Peaty,Cotton,Kharif,Vegetative,Sprinkler,51.18465547,32.14018585,77.16744215,3.843364118,16.89346662,5.749384575,55.87326279,1.014446894,136.5383649,2.941772381,0
4063,South,Clay,Onion,Kharif,Fruiting,Drip,63.57543547,38.24650297,58.57448592,11.42714795,16.27697439,6.254213526,81.47627013,13.57634594,134.1693001,10.57483391,0
4446,West,Chalky,Maize,Rabi,Flowering,Drip,78.4754468,16.33710122,50.01121654,2.817107382,20.08443929,5.816710757,123.2224502,119.3544166,101.8209931,10.24257123,0
3558,West,Chalky,Rice,Rabi,Flowering,Flood,44.1484023,32.81117349,76.92398303,4.46061611,5.778296516,6.493911377,48.53181199,25.87674203,85.40004301,4.807404655,1
965,West,Peaty,Onion,Zaid,Maturity,Furrow,30.20856157,29.51631794,86.85912984,5.506303047,23.16034696,-5,15.3690938,103.5024786,110.7297378,7.081909083,1
180,South,Loamy,Potato,Kharif,Flowering,Drip,19.62646609,42.39689059,74.56950075,0.412261662,4.617365737,7.394817704,64.76190995,125.2441633,52.44373344,7.801613795,1
3699,South,Loamy,Cotton,Rabi,Fruiting,Furrow,75.32435614,29.13517678,36.98485188,1.501242307,22.29338653,8.356499728,107.9311852,92.73125307,195.7164454,10.46690477,0
3822,South,Silt,Wheat,Zaid,Seedling,Sprinkler,35.37918576,44.78411935,38.53810584,1.632549127,18.67117437,8.154560347,90.27740048,55.59374825,77.71252662,5.924410466,1
4879,North,Sandy,Rice,Kharif,Seedling,Sprinkler,35.37513892,36.61993364,71.46749601,3.400579297,14.05931956,5.922381576,38.64673117,124.1942378,24.98904181,11.12213791,1
3900,West,Clay,Maize,Rabi,Seedling,Flood,69.12661364,43.30071896,29.21566849,3.240562116,24.70139297,7.275953137,9.426955844,70.95855216,142.9915243,5.229274735,0
4488,North,Peaty,Cotton,Kharif,Vegetative,Sprinkler,34.83822989,20.5895033,82.64129455,0.984798594,21.59675369,7.937989004,80.40626976,122.2940573,176.3337096,8.767224115,1
3239,West,Silt,Sugarcane,Zaid,Flowering,Flood,53.14103401,33.87352736,93.13264258,0.799221538,10.83378017,7.59228325,83.1304815,83.98271187,83.79254429,3.127703314,0
2975,Central,Loamy,Onion,Zaid,Vegetative,Furrow,36.9048527,30.4874347,93.6698421,3.872763987,17.92589804,5.356071469,71.73033238,106.1665747,67.85675005,11.55064752,1
3581,South,Clay,Cotton,Kharif,Fruiting,Sprinkler,43.82266043,23.09920911,31.5308774,1.928997076,2.398963247,4.662420888,38.81226625,63.21248147,196.3375971,1.909991584,0
2888,South,Clay,Groundnut,Zaid,Flowering,Sprinkler,38.65884503,26.82250946,43.31346166,3.73710467,1.973870673,5.643471343,16.71138979,1.838080546,68.96056478,11.9818146,1
2576,West,Loamy,Rice,Rabi,Flowering,Sprinkler,54.83332295,20.05797145,45.86668806,7.746446936,8.044922715,5.379008975,0.853426697,112.6150391,154.1016782,1.518912068,0
1420,South,Loamy,Tomato,Zaid,Flowering,Drip,75.37125123,30.15346667,59.76856448,2.11546927,13.57027239,7.704554833,12.10388411,63.80030854,11.12255492,11.58217575,0
3908,West,Chalky,Sugarcane,Rabi,Vegetative,Furrow,31.5927797,33.86164161,22.71892381,7.572023473,12.97453134,7.83225796,94.88316555,77.02106776,95.9434645,10.89004223,1
4674,Central,Peaty,Onion,Rabi,Fruiting,Furrow,17.88133266,19.79739735,79.37996697,4.552563883,15.17580596,7.821182598,0.143799406,12.19834308,176.2441059,7.719333573,1
4903,East,Silt,Onion,Rabi,Fruiting,Drip,18.62732207,19.46364852,25.76829791,0.698968293,2.045472614,7.606378358,92.38856664,28.60833179,53.1921753,9.446364859,1
1861,East,Chalky,Tomato,Kharif,Fruiting,Flood,64.35132125,17.15720152,88.29593805,2.953469465,16.28981516,7.561251692,73.80688995,64.06964545,9.754856456,3.538659452,0
9,Central,Sandy,Soybean,Rabi,Flowering,Drip,52.07805082,20.45452959,77.22116589,3.505551812,17.73919291,5.851428517,96.16906707,60.48099951,104.4625041,2.684071341,0
2895,South,Clay,Maize,Kharif,Maturity,Sprinkler,20.61165524,29.71840728,48.12805237,0.803251168,19.00678109,5.652687066,18.73883054,8.703762668,181.5974261,4.674378718,1
2848,South,Loamy,Onion,Rabi,Flowering,Flood,27.57009683,29.82035012,86.30525821,2.184219129,4.869844591,5.103086027,98.98249698,41.33434325,109.6735788,11.10075691,1
3665,East,Peaty,Groundnut,Kharif,Maturity,Flood,48.58119733,31.62509165,55.34275155,0.654755448,15.50717524,6.515101735,61.31000448,10.3078975,117.3296201,3.444492626,0
145,Central,Peaty,Rice,Zaid,Flowering,Flood,29.93883461,27.1924961,66.86918523,6.00202357,16.29977135,4.513266818,100.6936262,54.69170094,32.90690454,1.276401243,1
2105,Central,Clay,Rice,Kharif,Flowering,Furrow,65.52829453,22.850141,42.63344174,0.399606642,2.057882457,7.089752403,8.081914232,7.38723386,2.186819193,3.688615173,0
3144,North,Peaty,Potato,Zaid,Fruiting,Sprinkler,47.68323603,26.21816141,26.87286539,1.817033041,22.31538335,5.2421816,76.86132752,16.3163846,29.95781645,1.099568059,0
842,South,Chalky,Tomato,Zaid,Vegetative,Drip,56.44761604,19.32936131,55.35260826,13.58243633,21.93621209,6.639312313,13.86778833,11.47564741,7.072443094,10.33322773,0
1129,North,Peaty,Rice,Kharif,Vegetative,Drip,36.08819619,19.53792853,53.59568129,11.95839485,5.304461378,6.97444784,40.84070534,98.9553977,19.97252885,9.382810953,0
152,West,Peaty,Wheat,Rabi,Flowering,Drip,26.76933235,21.05384845,38.01703748,9.512537624,1.397206706,6.61423385,36.20755495,121.3027606,5.146861099,5.587404933,1
3592,South,Peaty,Onion,Zaid,Vegetative,Sprinkler,22.28441392,15.28616862,51.65039381,1.3491059,17.4345881,7.307671574,75.83233688,6.737779665,176.2885823,2.787883159,1
1053,South,Silt,Cotton,Kharif,Vegetative,Furrow,75.7347389,31.07066911,69.09661218,4.900673603,13.9469079,6.790491293,132.4077014,104.877358,203.7784978,3.486471436,0
1591,West,Sandy,Soybean,Zaid,Flowering,Drip,58.47053059,28.61876499,55.46033481,2.389449581,15.08574646,8.072059734,125.3085545,64.43306243,5.853828471,7.351869497,0
3009,East,Sandy,Cotton,Rabi,Seedling,Flood,57.18139433,35.80529511,32.07027584,4.319817396,10.72808294,5.779795449,44.34178612,120.6209491,147.5494117,11.61745586,0
2030,East,Clay,Tomato,Kharif,Vegetative,Furrow,55.7922221,19.56684642,43.19516591,1.964286116,24.20798016,6.920098389,133.1533412,12.45225931,85.98144379,10.99105063,0
3419,South,Chalky,Rice,Rabi,Vegetative,Furrow,26.24127262,37.82114418,85.92442308,6.169705562,12.24716101,5.664712259,60.96208885,62.50575685,191.5988233,3.594201497,1
1808,South,Silt,Wheat,Zaid,Maturity,Drip,22.96368975,27.78954882,23.88091098,15.01232108,7.85000939,6.417744356,125.5307429,92.85985204,67.55041507,6.902215619,1
2697,West,Loamy,Sugarcane,Zaid,Fruiting,Furrow,57.42795872,27.43289437,31.30946119,0.66661518,1.907338583,8.233204193,9.385522447,115.8081456,141.1244246,7.295543567,0
3040,East,Sandy,Onion,Kharif,Vegetative,Drip,46.30906961,44.19136049,82.07595554,5.427210205,22.25207924,8.277549591,4.313214374,119.0274818,124.4116454,11.2430122,1
473,South,Loamy,Groundnut,Zaid,Flowering,Furrow,13.02119384,16.8271663,80.44461151,4.755788944,5.005399927,7.930234825,45.30927357,15.73499215,166.1957753,1.697517507,1
3290,East,Chalky,Tomato,Zaid,Flowering,Sprinkler,24.24309197,30.31178164,37.58043083,0.705480102,10.46413995,5.790219724,36.38972094,143.3379749,7.269200714,3.425703152,1
4075,South,Silt,Groundnut,Rabi,Maturity,Furrow,57.77727217,26.09996658,30.95680248,2.803336946,15.75525656,6.953870402,128.2765701,85.85897344,172.7643757,4.534783343,0
3497,Central,Chalky,Cotton,Rabi,Vegetative,Sprinkler,70.4097782,44.82863957,89.57992098,22.81212549,17.85912905,5.399267762,130.5032561,56.15983372,3.891005595,6.660803132,0
280,West,Sandy,Cotton,Rabi,Maturity,Drip,65.70548686,25.29080138,52.28164311,16.58901456,0.682191266,6.535012371,10.66140507,1.570103596,7.569700613,8.776350935,0
1742,Central,Loamy,Tomato,Zaid,Vegetative,Sprinkler,61.35300664,18.39730355,52.84983109,11.77381693,7.309502818,4.555390542,26.64832125,127.0594398,126.8055426,9.170454929,0
4625,North,Clay,Onion,Rabi,Fruiting,Drip,76.15168452,26.59330053,54.82777401,1.029592305,3.860252696,6.802495002,69.11809756,134.7762775,187.9642328,4.190205043,0
2887,South,Loamy,Tomato,Rabi,Seedling,Sprinkler,45.48443066,21.30142012,45.46736342,1.913452518,15.31250945,4.777152812,91.2834708,46.27739669,146.0260766,1.169812369,0
1942,North,Peaty,Groundnut,Rabi,Fruiting,Drip,33.39668231,41.01456453,29.67029791,0.18182092,20.41150634,5.498865655,139.7824717,140.1173082,118.5213529,5.134725546,1
101,North,Silt,Sugarcane,Rabi,Seedling,Drip,12.200043,28.47235542,92.90719949,3.135596304,22.64430239,5.164763678,43.46079545,125.7055248,122.8603888,7.195624082,1
2805,West,Silt,Sugarcane,Rabi,Maturity,Sprinkler,46.50217471,18.45903271,81.28137102,15.79014214,22.86724553,6.078602508,10.93472617,60.7425399,92.89743265,9.678340034,0
3571,Central,Chalky,Onion,Rabi,Flowering,Sprinkler,31.97128477,26.79511304,30.89246518,0.812424412,6.65780789,6.045544172,118.842251,52.84798453,189.6046439,9.406561478,1
3685,North,Silt,Tomato,Rabi,Flowering,Flood,57.41751909,25.10765739,79.20787991,0.60044788,5.576224208,7.148354708,105.0968882,68.88745674,196.5986305,9.13896771,0
3662,West,Chalky,Soybean,Zaid,Maturity,Drip,45.08929512,27.36280829,38.72607983,14.35694018,0.736062869,4.904488217,84.42255277,115.177945,26.54357315,6.562249408,0
531,West,Silt,Sugarcane,Kharif,Seedling,Furrow,66.90307064,31.36283851,76.12972672,0.45772422,6.151853557,5.354045472,107.9906916,131.8668041,82.33648884,2.255714944,0
1887,West,Loamy,Cotton,Zaid,Maturity,Sprinkler,10.65321339,21.20615626,38.28793248,18.00616988,16.36906321,5.456699039,8.919255917,92.38966442,117.3071464,10.38583205,1
682,Central,Peaty,Cotton,Kharif,Maturity,Drip,28.05319789,29.83112433,91.57594637,0.04760153,10.01838138,5.538451238,10.07733043,79.15846545,33.95446177,5.130931205,1
3795,West,Peaty,Tomato,Rabi,Maturity,Furrow,12.27104122,28.11844945,85.73642098,0.610177711,4.809579531,7.080168049,2.709950321,111.4266606,85.97111009,9.727012896,1
3945,West,Chalky,Maize,Rabi,Flowering,Flood,17.01718946,24.10359649,37.90466089,2.862924417,0.914144448,6.42049207,62.90897186,122.4905965,11.63776443,11.62974937,1
4667,South,Chalky,Tomato,Rabi,Flowering,Flood,17.37809642,16.42553272,30.94169349,3.235572992,12.50018398,6.585590752,49.68658749,56.35782652,101.260462,1.193214407,1
2019,Central,Sandy,Onion,Rabi,Vegetative,Sprinkler,11.52763777,25.69214208,33.09094126,6.147365212,24.00145689,5.109496254,139.7734121,86.341718,11.75362585,2.380550557,1
1097,South,Peaty,Potato,Rabi,Vegetative,Flood,25.43403463,16.5683731,72.51406706,3.403815814,19.5626409,6.539133463,137.0811626,43.52939663,182.7212095,6.115842635,1
830,South,Peaty,Soybean,Rabi,Flowering,Drip,41.65525586,31.04398399,59.31934459,0.378792088,24.83541763,5.607443726,78.57527475,0.436154281,37.23597242,1.519291481,1
2806,Central,Chalky,Wheat,Kharif,Fruiting,Sprinkler,78.41155356,18.20973784,81.87101971,3.068247606,13.52934575,5.758268265,27.71770252,0.928206169,98.35785375,2.687182393,0
3830,Central,Loamy,Groundnut,Rabi,Maturity,Furrow,25.48670875,22.86338916,55.15501451,5.145053402,24.4856349,5.382563359,17.48729952,99.29331486,40.49714592,11.50916013,1
4382,Central,Sandy,Tomato,Rabi,Vegetative,Furrow,14.98089752,150,63.95902616,0.064044837,21.45406693,7.342940715,28.36722747,116.5447731,85.03854403,6.859310461,1
