sample_id,soil_type,sand_pct,silt_pct,clay_pct,organic_matter,water_retention,bulk_density,ec_ds_m,ph,cec
1,Loamy,58.76125662474821,12.950959118435337,21.60761960376503,2.0999400372104606,,1.1475904062801137,1.5582569109851943,7.528294167304643,14.307682844421285
2,Loamy,79.17741387906212,8.961447637510464,39.406887442127605,2.9342893841785287,0.4206050296318059,1.104578057841802,1.8094244727389803,6.650258013609359,36.904965128985495
3,Clay,34.99273575618166,13.377856788502793,20.178347382450916,0.919282296295058,0.36399424785343715,1.478477809841964,0.6949302489072542,5.367121172855095,25.768158448625393
4,Chalky,26.90049490835041,5.194891647074317,17.78012789495186,6.7053886661469155,0.1416818590569976,1.7555045568107384,2.3580575769397796,6.953767441457465,6.109134366983747
5,Chalky,42.782728712588735,6.702383910284672,51.677461120171856,1.0746361062221395,0.464916612844974,1.172292698662361,0.6467884192598506,4.545827485023924,33.10332860962026
6,Sandy,10.597538544430956,40.848550949477435,50.564750924001046,2.0404541504107394,0.23542306752481676,1.1034501375938959,3.6697294458131844,5.8389084473479365,27.47184848882149
7,Silt,50.582909117798245,13.960728755112227,23.07000641426481,2.891907278041487,0.2698178250652834,1.4282283102238633,1.7210756080496739,7.6386933123825305,31.007217761928054
8,Loamy,39.21855913777978,28.399543634159556,9.71444401831976,2.9895176600929227,0.37695080652266133,1.1448618811590299,0.2663371429490327,7.496873489477154,10.66130560448412
9,Silt,20.55448167305439,21.666627712406417,32.36738623795094,2.4882890350504647,0.28450621420707894,1.4333110593239409,0.1068777093657109,7.662743001060681,35.5526388066729
10,Sandy,80.03886829243038,19.80630286007995,29.819007718272104,7.839493100731781,0.33519792722617214,1.4035629641453458,2.7375817048606645,6.85017508120988,32.4000625108682
11,Silt,25.553180342487273,43.56955471114595,52.84125984708248,7.706156449178831,0.2910973179259422,1.0155285606517064,2.484986625320996,6.7931559233977135,38.50979051322218
12,Chalky,66.47714865264356,26.880247003237095,35.081497872488455,5.152243048719264,0.22312074801929202,1.7714741067026665,3.1040456670889522,6.1294700255693115,19.307796871571252
13,Peaty,66.4578240108388,28.25622981847246,56.85242903133665,1.4383506088644087,0.27637619111156464,1.1611257004733604,3.0224747871016753,8.29414695400322,23.14243902448255
14,Clay,13.407201630900287,25.659789206110542,31.584016844039514,5.800077411767272,0.22463399304328835,1.715869707770947,0.11199937776646775,8.297945764397115,29.560552849121922
15,Sandy,44.21131526343395,17.102218098298668,41.70103539018566,7.81576901240601,0.2794565443212902,1.3064635183483837,0.7514216482196447,4.534771238520699,8.653628924185337
16,Sandy,48.11003167472768,35.74631894320011,31.383907672903366,7.987515215361418,0.18100621085269136,1.1267008581859446,1.3709781163025356,8.34889645198985,12.362910916013247
17,Clay,75.40182053034731,7.123080290273134,22.661309055725823,5.124534462373165,0.12427280793889613,1.085427581353851,0.3400171535053478,7.982188108890918,15.088853534339023
18,Chalky,59.95540359403044,17.666315201110272,6.510074698419103,1.914395780425889,0.3795096861266106,1.4085439593314593,0.7948567681839943,6.924031524539878,38.07904463868845
19,Chalky,15.065839134899743,34.76823124907938,48.63314422429242,6.737609545497577,0.15037315914253743,1.289478031875288,2.367588348530249,5.798126580440604,5.04756791671077
20,Sandy,45.90160720375752,6.503771796915177,54.672610347452036,5.1707185240096845,0.4289151678227513,1.7340060085688185,1.8825105619194675,6.183024000950539,39.78883779773213
21,Clay,34.06837214453841,6.156849833837995,45.34752359693716,3.890966182068303,0.2455702745489409,1.161153195842538,3.456171479476793,7.892809177576652,18.845449101465718
22,Chalky,23.675833833749262,21.77443177740239,19.979796019533172,1.6247982503596512,0.1995687619142788,1.5789162623020507,0.9731906813882691,5.090705887767021,27.6901492905229
23,Chalky,32.08343103771423,16.303028276675388,49.932491849866985,2.298418805554424,0.2639115035895485,1.148632757552997,2.1878252828680353,6.983242199313948,19.375670062761394
24,Loamy,77.21776265855338,36.54322457231843,38.70743140323611,4.840006254076112,0.15984667113525247,1.6973650141707135,3.4605376630453497,5.423458647226157,32.44163376386656
25,Loamy,59.59985458406117,39.01743248659325,42.56172830664571,,0.4396044905693415,1.408364491515953,0.3356888042507096,6.012709588076801,38.27034350254841
26,Chalky,44.83390028283988,6.6307872112816835,8.644743278223215,4.084088348295902,0.16669903876347414,1.6649622547673482,3.4932600105568774,4.519984249749451,20.6721329124034
27,Silt,67.63898495270877,24.63773923364848,37.00091740608498,5.86686308709648,0.2975292148307787,1.3500092617491033,1.4415258445067936,8.377562033456833,11.306950241570014
28,Peaty,87.4577964896933,47.44466863638287,35.86309155730757,7.905217268691405,0.16479919728769002,1.1402000455084618,3.4520552920000354,4.934418582983088,12.772871802858916
29,Peaty,84.1732248323424,19.083328035196843,41.39174450431596,0.8293381470342971,0.11828094348276808,1.4314644151198856,2.7590068859439376,7.553909201831596,14.303067890222863
30,Sandy,17.748426625200395,13.863109411900943,47.439737569253595,6.475778056981931,,1.218039912430528,2.7239266236558115,6.746465169188444,12.754539661350755
31,Chalky,36.58234188685796,28.458403679965826,27.25490403925936,1.4589928712367979,0.32296098632090253,1.1476963720159252,0.2869733583649552,7.812072223615777,5.463120521058549
32,Sandy,35.050195758037724,25.291161663761155,13.523578678436671,7.576500410096733,0.1312440268783437,1.723025512241597,3.770651676987179,6.562709318471317,35.16717058839306
33,Silt,54.30777510111815,14.877953448795928,55.812756001140905,6.274704395034386,,1.4411528612044606,1.7813187099069654,8.437545847025447,28.832719753523982
34,Peaty,17.233073840332516,15.20462364547936,47.71133795374938,3.483899087691042,0.25702836293436837,1.6402497521873058,0.5226440357531028,6.928067008684161,23.05138134225123
35,Loamy,83.73747829291997,35.90180729109301,34.720284531654826,,0.2704398668618102,1.6207759055718356,3.0905755181703785,6.965634179848784,10.142740443281383
36,Loamy,72.60223258855729,19.531397549478278,24.49911547519872,5.575271117535521,0.29795249506429133,1.0008606031996168,3.4805603899771937,8.183143105249348,6.425062419019168
37,Clay,19.82144515787203,49.371268104917,59.11839947652003,4.70766683668053,0.18985254060242673,1.7086983567338336,3.7250347665399004,5.5320797826364245,18.46185547327699
38,Loamy,30.341481137827557,18.040987443635906,10.14012232555546,7.850346527253023,0.3203096881925678,1.6186908465448995,2.0749947899608183,5.951460176359447,5.186137265289046
39,Peaty,21.445088022457483,29.6550192971399,56.40382065744994,,0.19998652776192094,1.2149985863201445,1.6747773086135194,7.159938912865016,6.999425549005973
40,Clay,48.212469546850116,8.290590396582,27.228065105518056,0.9278492141163928,0.4344068871850534,1.1834676836537674,2.3754052518357893,5.064424873125642,7.569598066152524
41,Sandy,81.20975573136376,29.247102503095892,10.325289373389847,5.959152066599115,,1.0454617523716572,1.2576466490515241,7.738434325668004,33.55290867333248
42,Silt,61.57015036781692,25.72742407465282,25.854533022498153,6.100866096402842,0.29083290089600955,1.0739985088713395,1.6319700051555903,6.867466235922755,30.41646974298582
43,Peaty,58.44212723413725,20.720629718749862,46.23099077624568,6.4259960583643405,0.3127215862671778,1.1556567109935716,2.2022346085936064,7.519791814627582,15.8324205254172
44,Loamy,15.959305674235846,24.333102591999268,28.362507923851922,7.3780983993735125,0.4971485981597178,1.0027820504183642,3.31517566344846,8.461055358306233,15.635883394598498
45,Chalky,82.50355809013,13.030998982703409,32.11695076860347,4.950257295183227,,1.2526644737465602,3.428480303038206,8.407463278141236,17.052298504190354
46,Clay,32.460515780151226,41.910373816511246,50.29027010738222,2.409074241034931,0.12515818453953653,1.7377864878710483,0.6117011664398608,6.290534569856344,24.793773861804162
47,Chalky,82.01075398183029,46.48064843261814,38.853673173446936,5.5375147981003785,0.1690408314266322,1.44419386812402,0.6223917250292877,5.624409080811658,35.105049984504866
48,Loamy,46.32216377418993,42.68733839881139,41.744421379383525,2.922155134390639,0.3384394441695087,1.4644816053548322,0.8184195741418978,7.037210062237725,21.696669290780378
49,Chalky,52.302400964287294,41.219187262807694,13.470962411468728,3.0689581849677277,0.24867005290619018,1.1894453382257077,2.4258813635714134,7.3453860787319964,10.196871897203511
50,Sandy,58.399956655839304,29.677289240209284,18.88503577391215,5.097188259830348,0.4215792599088669,1.1800967872929888,0.8909509052909047,5.678923745646129,10.549095236605824
51,Loamy,33.08076350965777,20.01415101808645,27.619126956111675,2.6679190628847014,0.35642179571991583,1.2938441545758521,2.488947358982474,5.625455960986779,6.995011098476467
52,Chalky,76.84446346789986,12.737144990804666,11.04065511312556,5.708797784951992,0.4962743612556858,1.209736357891929,2.928927436140404,5.359889972294674,30.912748660263563
53,Loamy,86.66795226444596,41.88856646212456,20.35100484125331,6.898371960274317,0.10515355045323282,1.686722863080575,3.4482052256666607,8.137703158758857,18.97366747004434
54,Silt,32.679805592495335,6.955754025664035,50.841949194908,7.8910964986059104,0.2753526439962516,1.1419766445323638,3.482558444603222,4.906540906796998,37.13079950446814
55,Chalky,10.011242278377388,13.145573322541114,6.217542014218541,,0.2630037822009922,1.539891481616322,0.9372825820537497,5.485608127309592,15.852468468357577
56,Loamy,52.049032444258174,23.077949890073654,7.801268276695468,3.9151132961167834,0.27369006768761023,1.391694137845237,1.317638864031079,6.997624972121047,32.940759149665936
57,Chalky,57.42794629042133,13.758010911233523,42.787593997396144,6.055006606729032,0.45408406990216565,1.5417884762655807,0.8084937641228294,6.370301565302139,22.33256592975462
58,Silt,15.079273541380207,31.23475293877666,26.237745004208474,4.830417481580822,0.26239838890296774,1.6677572925342221,2.7538658666129123,4.98281902622783,34.70290631653538
59,Clay,63.831597920401364,37.58756621470015,47.51662408792526,0.9844636987952002,0.4185272316459696,1.2730926237432851,2.778513237001949,5.658030165137399,24.64411083317793
60,Sandy,33.365291686520834,45.909072309872016,56.25137195634913,3.1103513974703625,0.3530569812154474,1.432583774406658,0.11558728297756059,6.132535551242592,11.733588875932861
61,Chalky,86.69334324230664,14.46994242010929,19.67003027747071,6.45298871691975,0.2950884971854454,1.3991176231885585,0.7429142931549213,8.334769555764494,33.03879327818463
62,Chalky,72.51318959552191,17.582646300703196,7.034309830743187,4.196170901599299,0.3771344395242481,1.29859640899977,1.4058511364925887,6.082987760881427,5.197706229252682
63,Silt,15.806517697012694,37.25290432055473,30.07580764851439,5.707786130358591,0.19163403399566828,1.6495568768768214,0.9080672148290909,4.963236360424268,22.651320521533204
64,Loamy,86.34952120589558,14.766988596542209,58.032197104181826,5.303892548922665,0.15691691116560494,1.008208412186431,2.250253994871505,8.389463127131414,11.853741265499181
65,Clay,28.178305517244233,22.271981683418726,34.99857345996875,7.575092017682545,0.48687151347074664,1.2480859628478516,0.25764633956662486,6.236068944563577,16.831050311442393
66,Silt,73.8661788361157,38.90581457349226,25.759491023162997,6.936237226613718,0.2566106796734048,1.6656802993510809,3.322246130359302,5.058828193825827,19.31838745984048
67,Silt,61.46242361659339,21.912851347722054,35.360224213707525,3.078501952652513,0.22148156148665943,1.697696387629946,1.917932954919319,6.944279279658662,24.598619519951427
68,Clay,52.90397195010535,11.584108747288461,14.095096717596537,4.232735635869586,0.20613484388728653,1.554933092365327,2.4158506047237713,7.73421683897029,17.40948870042876
69,Sandy,84.61308657858291,17.125666599672535,46.32391159281386,4.072822791390742,0.3489243109452221,1.2726199982104562,2.361204792883457,7.342116850875143,27.567170585222858
70,Clay,58.47002830553517,8.638746235297292,42.4249204673818,2.59211401295535,0.49857345176946755,1.6578595322157281,1.8577131487943819,5.746180353108159,11.561073145944317
71,Chalky,78.69787291446204,35.33761194816894,44.82674215344481,5.158112845200534,0.4579544855056794,1.067239078465277,2.3128437805989437,5.455839423790941,32.64671979668256
72,Sandy,76.21585090968934,7.062264660444904,21.62622340456315,2.4540345326490014,0.2601836701038285,1.2123157276741734,0.39670183156084393,8.0315357606696,26.064923111560724
73,Sandy,63.77402169417646,30.832468648221298,49.74346657623717,1.6975169707263906,,1.0739962104531866,1.5997374933196504,5.27548301565233,17.312072352849803
74,Loamy,49.229357422068745,47.752296607023396,54.114473696296145,1.3272177655167878,0.2828392161868057,1.088255399496245,2.8685040528501307,7.527113601620095,23.615366874233978
75,Silt,17.852441470999096,43.69430857832,57.55424068805459,2.648465326132376,0.14372184030144172,1.474435125773896,1.5283620332483834,4.59197159063812,19.13868125574936
76,Clay,22.31958729669237,8.28234966929686,40.12010373687492,4.049141253499832,0.17514548369924823,1.0576767481761147,1.0907937488212887,6.178317920805167,35.62186539878185
77,Sandy,52.624662461806366,37.15173831929736,24.149637339719686,1.3674413172366733,0.19719411997285854,1.5438666056797747,2.3039700270738095,8.439703743236457,24.122247728110136
78,Clay,36.57650140509045,36.054331127828966,26.31274562144472,5.568436051634002,0.46708994719458885,1.279066775356714,1.9587126692654837,7.035457362788634,32.60151487252631
79,Silt,26.627798968339683,18.427397541769253,36.10965577743972,7.026788393230888,0.49159356010576205,1.044563042623436,2.1804131671059386,5.7426289458519,32.822640075428254
80,Clay,87.3669356518707,9.919519615840121,36.65033599312789,3.7031587578668423,0.1908434015739353,1.2284855905560659,3.837724015304799,7.299068467950986,30.68823123359026
81,Peaty,78.68891368838032,43.43330473924678,48.58232761885913,7.049368299510848,0.261220997952252,1.319438694740468,0.6849826612558357,5.9132946521567895,31.278071400013456
82,Clay,44.42273035793848,29.943708198646224,9.671074876436455,1.6323712461264157,0.4926194098970649,1.2932463695731014,2.5042822997437426,8.255348993547884,12.858262039506311
83,Sandy,79.68716080911672,36.42854672855481,36.16267975766683,1.08138433283793,0.43887842585400716,1.408103863310548,0.21926952428991192,5.439726195137659,35.4865269313982
84,Loamy,14.756943369448505,25.601199721954053,24.17098507986765,6.603964699453552,0.27713491574518856,1.4022290285602772,2.6240232044617775,5.779935124734818,29.77325539377618
85,Peaty,17.938195408709213,15.006103865639947,50.867142308717625,7.81076334021843,0.28105011750172326,1.287694853343655,0.869405324981428,7.254979664121693,6.888566784597017
86,Chalky,85.84306675924773,16.715679209166872,24.363761839853566,3.0546788533979896,0.4514436766538087,1.7193768428141696,3.246942917102181,7.681173486206516,27.667717507090803
87,Loamy,65.10392685517468,29.067195903804816,30.730288999746943,5.429834879978723,0.11173762349742122,1.1760125289454957,1.1517560696833158,6.805887519572291,21.87064428020593
88,Loamy,71.14487796943436,15.554492410883979,17.520913325851986,5.4088499130678835,0.4722715360277556,1.2722289924797523,1.6641461827382082,5.657094315625677,9.984094038035357
89,Silt,76.63123468138329,22.9404035082675,21.26526767568143,5.641259732018821,,1.442931583065976,2.111471334002135,6.792358221316636,21.558213739572224
90,Loamy,14.257906763018635,8.348192839343849,35.558609345274306,4.7920610035447435,0.46057286385956286,1.1962153935510609,2.4788531407842096,5.376597419713909,37.281942139056504
91,Loamy,67.42541979140859,49.79771959591725,28.42498341514188,2.4232348489900852,0.12562622153323028,1.1201823839144986,1.2666575136902445,4.729701147352607,35.66095581859325
92,Clay,38.54401040240419,32.75075194712367,16.082836991488712,1.1062205713115245,0.48764227594768383,1.0050581934452532,0.7112599825838142,8.178661574911326,8.022817490743602
93,Peaty,75.44006220254077,11.572547089404512,31.0632134991347,0.6021882562085332,0.10342040575203373,1.7562395527875518,2.5772709012690176,6.424555336375358,20.418034230181004
94,Peaty,41.0151219409072,10.854874603528572,14.093849075958431,1.8522742548395743,0.48597021837316123,1.6273668723626715,1.823455924151102,6.4210302971804465,22.833995065477833
95,Clay,71.40914065220132,26.7478122651979,53.49510819949964,1.3998573951419835,0.12485055375800216,1.711082106372452,0.32476254162409446,7.479130428644309,29.187688808547104
96,Sandy,82.10327110196361,6.114456366661035,55.83102297816967,0.7866740861681019,0.15006239764981114,1.0321803687809743,2.193723441164195,6.740123478100072,31.830814044404626
97,Peaty,37.14324792820321,23.541675057073252,17.45362762369181,1.178306979422638,0.48517027695196857,1.0587147711828087,1.921867612251331,6.31714753198819,33.99714624495597
98,Peaty,47.54920337036086,47.52119794003021,7.877351871970326,0.8657423982171448,0.4167068479573295,1.44158742911919,2.0981235279432107,7.678423405235781,25.87301170402287
99,Peaty,52.99394712135828,42.051188799954005,55.98682002148685,4.610810485643753,0.43592449256334054,1.0185209677889606,0.5176439070081711,6.400099202909644,35.877674158685636
100,Silt,65.02739603996375,46.84816124289565,22.157532551542676,0.9286569157911785,0.2725947750948935,1.2171196218621265,1.9445994885201485,8.150923370206186,24.47774750274963
101,Peaty,77.52841771275924,10.000093193254935,15.337704811051408,7.971427369684074,0.1320766052176845,1.778100349547358,3.006492293112345,5.72493328578579,5.808168038376758
102,Sandy,26.831198493435757,21.68646849123097,55.56242448543037,4.2631022220788575,0.1595604713411663,1.2859652193683555,0.6176375625046002,4.634373652959306,21.051977173719862
103,Peaty,85.65112554288152,29.974887170962575,53.54456626172154,7.258398985002723,0.46948089541124916,1.7835186635704376,2.531990434293838,5.096740270623509,10.641079965216196
104,Chalky,72.84657065766999,37.41209766710612,7.924069580142861,4.158597566972023,0.253773491724352,1.0948156569896206,0.7936957703698971,7.776670311544819,25.093237310610526
105,Sandy,21.162751934233867,22.66048519645774,16.42078434772864,1.5190950175044455,0.40227079766718965,1.3080928112975352,1.3054577562082317,8.204838852695373,28.827511034734613
106,Peaty,36.86718105884018,19.352767504208515,49.691236869228206,6.804747020898976,0.37606115988375155,1.0046473024819929,1.5143539175269218,4.800324565420407,28.83601301936009
107,Chalky,30.109035161635134,18.727911370645884,19.69583360612275,,0.2895187080120646,1.47321382355378,3.0771986622577048,8.134826731211998,22.16523579943701
108,Sandy,22.721790235298513,40.525453259699,41.76424133218529,0.8033762389272565,0.4442372887419468,1.2734033538191145,0.9816709027115146,8.274722041374654,30.09159608905884
109,Clay,61.578667983787774,22.181949705454205,7.202523636822812,1.9325544896707227,0.36180166433321503,1.4031840487613252,1.1282535273611245,7.517318171572931,9.001703317987882
110,Peaty,15.263508979774754,5.734074922283275,51.28999188647684,4.996203763238244,0.3959231829610602,1.635775041093149,3.4933457010494355,7.54435199939981,38.171399282353065
111,Sandy,57.901661482575264,39.659691937773495,28.222317888630883,3.759953951960192,0.4347554299903654,1.44094896297588,2.999376514964772,4.506128419063629,34.512232792785795
112,Silt,76.21698762470997,12.260076814886267,30.853340554945206,1.7121514784823673,0.1890575145171022,1.5322179782604977,2.074367286179657,5.390818848619919,34.92620283841759
113,Silt,38.951563157659436,33.26950124023877,49.45462729960738,4.497427039729862,0.21731074552281046,1.377754636902715,1.332285111284287,5.358500291930552,6.156606993554534
114,Clay,49.17389528231251,6.325919356224651,29.979573909928362,7.6479059228942186,0.4022066767770688,1.5983222652339926,3.1877193987366876,6.82596657996144,13.027053497915979
115,Loamy,21.531415088627668,22.414354535093008,10.72647891621058,5.949578019560593,0.43168196371285794,1.482005868927843,2.2941082923260336,7.127711612767692,8.474458275206569
116,Silt,67.63276152906826,25.516945503415965,32.73983060926099,1.0193337174766137,0.3390508964871616,1.6926759982267514,1.3884020580125798,8.106685641402123,35.28899194991293
117,Peaty,82.69968566299957,48.78871985899959,30.121384179654605,2.898387866448094,,1.604712600139389,1.3278975810751608,6.45197782412094,31.246650434065423
118,Clay,68.62098090665029,8.96765660076862,29.751690380007094,5.692952196261511,0.4512073820098095,1.185634159172558,1.8833465777965275,6.504095255355655,8.365768563916538
119,Sandy,19.839411331615597,38.81822816102449,15.601346691066226,1.5510448484023236,0.420211870334803,1.419584448966389,3.7997782212577835,4.717059935337046,19.07284022658413
120,Chalky,37.636831645766556,48.413811346122976,14.019426968445181,4.5398888792581795,0.1981408554882821,1.699961025196809,2.6087508267594877,8.489739464490308,22.916923407042844
121,Chalky,23.855951111520326,17.460914602966177,47.7829459212705,4.595881074774078,0.2332095412768622,1.6871197282478487,2.7495139887288187,8.282380998095993,30.0294762858899
122,Chalky,57.154802453897474,15.154326711549897,39.0545033761767,1.1633233416909041,0.24429418889021762,1.3817087586283154,1.6089292833270552,4.787901670811413,15.269601006574552
123,Sandy,67.80032459419257,47.84308277789514,5.349369746285767,5.045958706515916,0.1371386949414516,1.2510233268545394,3.908614233266401,6.730791538293586,15.165267495135696
124,Sandy,88.02510719405832,27.030141075820318,50.94107395708757,7.2505464165825755,0.39257617874796213,1.168503499433391,1.6874946474316355,5.891325147745239,23.607571816586628
125,Sandy,50.23337634952121,42.01647859539788,11.675839625519531,5.387889909754801,0.26487731326479147,1.1554788334545258,0.1466945696868202,6.213338871075081,23.394995211205618
126,Peaty,60.98209913817172,40.75835760662924,45.572457589539276,7.366114644496227,0.3484011289333151,1.1150715867322378,3.224585827325286,7.106720733149264,8.925393740592027
127,Silt,18.525986399719407,19.67008937132856,10.283509986640896,5.101609107454,0.38378152507293084,1.799703325309971,2.1002536176554583,6.178850051025681,29.943811260753858
128,Chalky,22.420277590163373,13.436295794411684,58.425743268764805,6.13849868404594,0.10334362917371212,1.5300756362603787,0.6859088691801922,6.482323365925616,11.247612696332585
129,Sandy,28.53557167615812,36.63004848556989,54.52810369419423,7.19459594154061,0.11912820376800318,1.2516612348824951,0.1894511595865256,5.5922501749041835,34.74474935806244
130,Chalky,14.346423984480712,27.558640921857446,15.06600920373259,,0.23404188253646518,1.2346079410172828,3.969415764475576,4.829510218362527,32.0618839426117
131,Peaty,42.65409590867204,27.07247160103012,5.463456556301994,1.6848785775273813,0.3622192882125117,1.2443693367803665,2.624666715246411,7.520655892308971,39.33173733239486
132,Clay,86.09523344492123,29.579289795188917,8.280857033147143,1.3946894992687797,0.2913010593243245,1.697975966834262,1.9166252562480508,6.01354425651602,10.98775908304305
133,Chalky,62.2334401920994,6.15436159428025,49.48080340623535,7.651254123244807,0.47555545934274934,1.4105527929557928,1.402281391493372,8.046394809666175,38.05764657376349
134,Peaty,44.882645936582335,5.228043747693393,9.223004601192239,4.601933365119522,,1.2171922546935845,0.38156582609259504,8.279922956420094,30.643592459805188
135,Chalky,49.51037689010065,19.135267894114754,47.79803596526521,5.623244693244655,0.1415490390629644,1.638728929162926,2.6167978204138804,4.853363190781791,35.842930469075
136,Clay,21.730019734548513,19.56584428137011,50.08914793532883,5.088410246971127,0.1457428957698259,1.6001819573487492,1.5389884500602884,7.2374638775557525,6.199257063466362
137,Chalky,17.73925938180037,37.342916657473786,21.880045083549827,4.737025805380205,0.19001572533683633,1.374081326273848,3.9597851486134736,7.780514701542869,16.232088532405257
138,Silt,30.72237879762927,19.65497273269471,45.431697162986254,4.695619780707743,0.19448971210897345,1.5510033007318937,0.5231715716489992,7.088152284303102,6.031456986859801
139,Chalky,34.519639301211306,21.17988333806191,50.11672961071969,4.047815720281907,0.25157629501116685,1.5905166190345135,1.0598792492667481,5.814765212509126,11.367519432290644
140,Chalky,19.82781876338194,29.729565685547286,47.9344488353787,,0.3256341313437565,1.0396232381465897,1.6734325896117617,5.6380920443920175,35.94937630008178
141,Sandy,65.31253527371237,31.62240337557127,15.536032561268309,1.4066703267816907,0.1996747865101367,1.7004222639882327,3.2098800833435015,6.349005746324641,19.379159406999364
142,Chalky,83.85410810982486,19.998149749263256,29.710851802067147,5.868891248915828,0.30614557592739267,1.2295894332155297,3.1302834576567338,5.535916102410221,28.502598287371
143,Loamy,23.95084004059278,30.11473899669459,8.753428042946437,5.605638973037639,0.29112522734699936,1.7848829299902547,1.0522921440740256,8.082911803631259,21.93703208509308
144,Chalky,77.05034076309553,32.80184551895385,33.89268705579447,0.9679886527940644,0.2236340609912411,1.7265664473884499,1.5088891102940956,4.696142102305616,21.57707380491087
145,Clay,33.86589680416655,16.756014698928155,29.327807296178797,2.1279167575112843,0.2736225059438222,1.0154371676890586,0.3305367207897674,4.950697322811671,27.742794436479926
146,Loamy,58.5518434942946,15.608551999716592,54.643992570253594,6.4078224708064715,0.25334013695823854,1.496744819835591,1.5757221016438696,6.926050618530178,20.217329920763916
147,Peaty,17.095886771692335,45.06953779034853,5.994618545339189,2.2533154741913752,0.4800187094450693,1.7720927714876966,0.7564678933721654,7.133347975067986,5.724816817784727
148,Peaty,29.14396110289756,34.13525042915741,34.163298098687775,4.833018207904578,0.12754930820826238,1.451976769335001,3.6862545117996417,7.444134469463558,33.0180256977426
149,Loamy,22.64635899715124,18.998293048175864,45.27682864261374,1.127850132435833,0.4067862955071344,1.4925053233251333,3.251191198342078,5.602346326026488,14.57087084323219
150,Silt,22.902234175120437,29.784582123204295,30.517449221029764,2.1716160149099695,0.22376475361123518,1.744784327679029,0.743763233252937,5.67772282189818,28.49884692855887
151,Sandy,84.67726512104436,36.83330715256778,18.094873981372977,7.181507946635351,0.17415866547534664,1.4582090921487207,2.014001027949643,6.154613289633929,28.035729812923428
152,Peaty,39.10744507287565,6.018316295479941,38.54147533811975,3.213466192190614,0.44828007189095176,1.1955143740148373,3.8374663261348605,5.437946950097582,10.061424253680766
153,Loamy,25.686751995643043,46.392460533201096,59.29079239045579,6.544088523820978,0.2878153909039496,1.368230879336838,1.7013627495529617,6.008907119108484,10.762154431016256
154,Loamy,23.703438939998165,37.27538681713535,7.2550070265222,,0.3040553585780472,1.2799951341646505,1.847550399043808,7.2876751710600765,20.673149027848133
155,Chalky,63.834378520610706,22.65143624276004,15.782353033656879,2.9170290364913773,0.2663206707989533,1.1336966642541761,1.4318710620736612,6.494430003528244,16.962486761548426
156,Clay,67.47905433029345,46.951823522912186,31.98337578146028,4.749223592592954,0.2618089633770908,1.1712938422107961,2.0198361025296436,8.3664399356028,14.568802697296936
157,Loamy,88.38058865649965,7.51314948444381,37.86796673728335,4.50481135311014,0.3771413378018744,1.0488740138323605,2.4266036986325465,6.818380491844168,15.824430592528204
158,Loamy,60.08632661059666,38.93817231301675,39.32826179278906,7.885843234973837,0.4037630996363729,1.135003138408873,0.45080948186191117,5.814424350795184,13.905564240032115
159,Clay,46.70448854779367,28.682948120141642,8.31151855547099,3.0832267562081905,0.41562199980113046,1.2074284586400919,0.46087141699181755,5.227225132252914,8.876016787850126
160,Clay,27.93178643191892,34.915526617414116,11.760684800874266,5.402727161553237,0.3100809594145775,1.6066472782738646,3.0991797539433055,5.379460176186002,8.07517240141098
161,Peaty,13.14676408157644,26.212580797733377,56.95746372180344,5.671585692020819,0.3807982474704187,1.2927890867860246,3.932745737401645,4.564234104180905,35.80106215925892
162,Chalky,80.46295551225165,11.625384479020198,9.144070933381782,5.1975338817724,0.41104063144278336,1.5527728436978192,2.015850060717312,6.268561030647174,33.520578078129134
163,Silt,73.10839441533149,16.73567511032381,28.051131438301226,4.0942361662233315,0.3733313117977013,1.796925480547077,3.4593764106538183,8.340056710261948,22.29969717915405
164,Peaty,73.69333915540061,25.8369628513967,36.748934909865866,6.3760688861516375,0.17745929879255154,1.4653870824890212,3.488987140621511,7.609214342952333,16.193126745497878
165,Silt,35.7641895345565,46.34781186984717,22.278858705889828,6.26138066307214,0.38471033840470226,1.491310216513018,1.5412811642014783,5.702777492283288,29.034809885029055
166,Chalky,38.60730255117028,8.074512300722894,19.062306053849696,7.692770468900741,0.35926019873125004,1.4417668460859625,1.3825234014291057,7.695093668250044,8.82013675986753
167,Sandy,72.69170655971001,9.711896072909315,20.96139459980192,7.82722395751244,0.1384872523302767,1.31640507627534,2.9454443457971706,8.227057510728448,8.55494905994031
168,Clay,65.00527310352552,11.871894313058013,20.543591595618462,2.1143682717962236,0.358481729944391,1.1485979857302722,3.651047469046303,7.1907785213671005,9.939815588274545
169,Peaty,61.96856307458216,33.44543505796,25.866731402102584,5.408330390470354,0.45003546065890077,1.7820071587052484,3.4290531995867384,6.547219751412944,29.22277271104192
170,Chalky,54.37556978748526,21.483728175707988,11.384310969822085,,0.2652977024433954,1.3823739457514868,1.3452323086552977,5.043472734691784,33.754172469311946
171,Clay,39.46904589638323,11.715977263892057,51.94431064255159,7.717321459678951,0.15342309893010647,1.748707023092368,1.4846293891429014,4.8186646486796425,23.769769363629365
172,Clay,69.30080581103246,10.488423688268657,46.76727825631333,1.570600829850541,0.3442545010505702,1.2078610798026137,2.971320655795506,5.375695115620067,10.90298085216389
173,Silt,38.87263371711485,35.337226067279474,6.8757203406481215,7.6181346172451745,0.19559337012342654,1.0868357637976263,1.3378932419449268,7.153297396971293,16.787916753196562
174,Loamy,68.77619664879282,25.81658292144062,46.86945130624497,2.190974689182763,0.31801979786792534,1.5095005816005873,3.4226966682589306,5.118968807137746,33.80254295763767
175,Chalky,25.234062100579653,44.274090882256445,50.54299307466484,4.7933771199015,0.3677048342930773,1.6810705762896643,2.0861640845194134,6.632665364804473,22.9407402185742
176,Chalky,57.2366523874762,23.1811548040143,55.71111800061477,5.4071620401768135,0.304113410401748,1.529770602607236,1.2413727719135534,6.246397737232728,20.789355710027415
177,Loamy,38.58571905131918,34.508378075650256,38.71214186633081,7.096374656962529,0.223435758900549,1.5942655137583124,1.2168100972710463,7.014181240727057,28.067794172858548
178,Chalky,76.28622226072594,40.81300251520453,51.90600750556307,,0.44281632515595637,1.4867408676399836,3.1573306197563173,4.708318509847956,17.415518332529278
179,Clay,51.49557070460021,47.91554520590801,46.750740017859854,7.508958550944174,0.15436890454548285,1.5970958702422133,0.5861880171054284,8.420821628852377,5.15077975139207
180,Peaty,59.92119606077226,44.118396090418486,6.397671162184903,6.405277113374619,0.11712025260282806,1.2755827378318623,3.7345169623175094,7.259687956109846,37.92685326746557
181,Peaty,16.660571229763708,39.88879651657203,49.60637822223342,3.0405245551607196,0.4314965569910083,1.3115723499558496,1.7124182282778346,7.386958847964124,29.870462220718252
182,Chalky,49.61919012510993,23.57996266490095,36.95592044182684,1.8413652581431825,0.11366793405415306,1.6242054981672456,3.3912870509308397,4.564921906119718,38.53104837284674
183,Silt,72.45854532356998,49.22620104710137,40.78056736038979,1.6674277583949881,0.29487631533394343,1.6411754245824106,3.189988839595189,4.817854863358207,34.75134754084942
184,Sandy,78.79895258985762,16.91236005495118,53.67124192031052,1.1565285491783674,0.31513068250817033,1.0660625386528353,3.1390862912468207,7.251313625235628,18.087882859835172
185,Peaty,67.6935729802033,34.75830556008721,5.573372707321831,7.493004937120818,0.23534726777089335,1.0135532614026772,2.7303682884555167,4.93857085711211,18.25145041214326
186,Chalky,43.485861721799694,10.877769921383845,10.93412983481742,4.146477948953117,0.21034342203876275,1.5332212567991919,2.0478442541752777,8.081437938463619,10.04744422325378
187,Sandy,30.598100089396752,32.26674912940114,36.55877873278328,7.740246377812585,0.3961046950928546,1.0675471793334324,1.6206430925804987,6.985835374688463,33.25540914645689
188,Clay,41.132110784037636,36.04499038471956,27.53032607417032,6.311644060048914,0.24653888606786278,1.1371228910595854,2.365038269329034,4.784299186614787,26.689922642580143
189,Silt,54.92793915608982,9.063192705401146,27.992213369484773,7.65334320806659,0.14949101094828776,1.1577690030501684,2.1551894332992036,6.954504697023642,13.953002919095868
190,Chalky,10.464049764970165,18.27268150116737,22.171278159540652,7.014277818007129,0.28527325522180547,1.4074702070075924,1.4690441034530055,7.710943427240384,38.60132518777646
191,Silt,82.96059509681288,33.868609124336956,50.01981248446759,4.874982269519232,0.3905489094661825,1.1608913068019588,2.02352936579483,7.703633967603201,31.873133499545325
192,Clay,37.497432271775715,32.09607950075649,10.695828078052763,2.1937477988367724,0.22324684848039134,1.1447050430224472,1.5238768782519203,6.104595067282602,35.89070207700908
193,Clay,73.74456951929884,35.069522892474595,34.31339765404421,2.405358594482321,0.15284077754920378,1.0085152085384763,2.6659322083647945,6.3403031503876255,11.090889498991189
194,Sandy,52.75803656939567,10.599983320497957,30.20199863480587,3.2853350593698463,0.236443463214577,1.6132360114435418,3.3566156375756036,7.4445262931134355,25.74029953901278
195,Peaty,62.97510225499857,28.188923749664667,35.32217422258946,0.6822318525659694,0.31818747557792776,1.1087048749978503,3.1688883036837443,7.996580844402586,39.68020812454558
196,Chalky,70.75981248600806,46.74232798601352,7.780810873164187,5.50129180862218,0.14069192172693756,1.455007829331215,1.4287004511507728,7.674310631552087,17.230919157893933
197,Peaty,33.03279198536765,47.9196919488638,42.05687800870465,4.6637796277992205,0.19381651352931126,1.2397600374882125,2.086736026011302,6.8844309012837215,19.117910140235004
198,Loamy,58.486646253650136,10.70281846553087,5.743709708889158,1.2576968545804088,0.48833165062987816,1.1463904351888756,0.14155956746925152,7.3996416648625605,23.798501298797145
199,Sandy,70.13163592916077,45.24788067475446,34.03068093194577,6.686624807996786,0.1816645697742461,1.2774836677509438,3.4940847429749846,7.109396637272964,6.558881699728025
200,Silt,71.67411452508307,30.94147562139713,19.603061505312066,6.67005953698828,0.12540405462923726,1.2059720991053555,1.0570437208225745,6.8086160000080085,12.904323656589963
201,Sandy,43.28026089808741,38.88130080417033,22.217796360742195,1.389277772270527,0.2728636656689612,1.3465933921554114,1.8202568271569248,8.178765905994005,16.301127752287925
202,Chalky,68.2812102193734,11.779095404297372,45.61213650443248,2.029171895511418,0.12953175512490547,1.5521308883035934,0.694946735573898,7.0915976434706085,5.3241945530626404
203,Sandy,34.15201575894467,38.203973989670374,59.22374612204481,2.3779073999297213,0.10542086974552284,1.0407408480716718,2.7446234324489795,6.028013305622031,16.050519612873632
204,Clay,19.941290087445793,8.19848942450715,31.144253491490446,4.442336824957858,0.10619638031495562,1.1466063431138576,2.2266608610925913,8.39740987365275,24.085618860787854
205,Clay,19.03366254520849,33.4857481300546,41.823281778676254,7.5868766893241775,0.21857900111593653,1.0642187206560667,1.5226800483507335,8.29879867789067,5.67495333293811
206,Clay,50.45617425405257,35.06310091620482,18.665193012663416,5.489601272902657,0.1295175110736162,1.7742500854946828,2.187255212573257,7.622161301814968,23.614113805330263
207,Clay,40.660809674958315,34.91293443837312,35.47029475864417,5.608166178499161,0.1771589743318742,1.4591322570498235,0.7580726913557453,4.631002648423481,32.99190998236559
208,Chalky,28.595890696287114,7.639585372376439,10.499416593444511,2.6854868769412485,0.35930216228104006,1.65627344224107,3.1249898853706783,7.414348048046284,10.111866083234002
209,Clay,41.29428176091107,22.288604577290734,51.762868352939975,5.181072751777766,0.21534304740241417,1.213338954231645,1.137240675040196,4.6196907693475815,38.649048763714276
210,Sandy,42.94746600501775,38.49780019218602,30.064633892051244,2.084760754551202,0.33019602944440374,1.716319749385851,2.498595822577144,4.794450176358774,19.524642417631803
211,Clay,54.28585260081094,40.85680142438659,24.880631576229767,5.832786826711034,0.26452390075146626,1.503187736716431,3.6076601468670773,5.910059645290135,20.341402168242624
212,Chalky,14.63370836538382,23.69786318776355,33.23666827676752,2.261439849309384,0.4538910998877467,1.3247804206470066,0.25048387293870333,5.764777793628779,23.01786211724204
213,Peaty,82.64168097025947,12.290777599929967,55.212034948572615,0.6048861236375396,0.3785679426185894,1.4804503630005958,1.6113823775156826,6.755157673109522,18.760846574804376
214,Peaty,39.776093193563625,27.47509523130063,47.704815090025136,4.427685684226351,0.44100386658782076,1.1019754981733314,0.6261792627544774,5.475492735881664,27.833209692832394
215,Loamy,59.23033206797883,34.26187735388842,13.39989511905369,2.7349705471865953,0.3075563551701148,1.250517766778967,3.643765070385425,5.296760005557631,11.227205777286525
216,Peaty,34.51203323410799,46.41805996994871,47.24005745644642,5.217250029855874,0.412478712136101,1.431385803374878,1.5043020335516546,7.16633895252779,37.21422967450269
217,Loamy,70.93407361066343,35.66050216027344,26.607334689506597,6.095489369434404,0.34623106774314194,1.5123576629315756,0.9320296139913585,6.273504162851687,35.39113324306362
218,Chalky,46.69573614817799,42.019734062773736,26.725819799643133,6.6034187550084695,0.3975709096442851,1.1734079031622713,2.738258645176985,4.711863368539291,27.566946418848254
219,Peaty,35.74361105428373,16.91361966893365,46.67950375728216,7.861081504983991,0.3738418023031107,1.793493307779456,2.2184518709600005,6.269571803320192,32.62749076384054
220,Chalky,87.1046461704969,42.495761068796696,30.282427196793975,4.666831462126953,0.22020427792717814,1.66646224622881,3.2860530587908023,7.53483877875721,29.7985027332866
221,Silt,79.21655559848622,32.5387068433273,8.985968503748545,4.118570044327076,0.1501663750136677,1.4639794546368716,3.0369658190190973,4.76661620716971,21.603312734488703
222,Loamy,24.426295351410854,29.70452798160468,18.572315532936543,2.341726127059113,0.42257160697115437,1.7786556660245108,3.9012124265160533,8.163229751518166,10.445621348206322
223,Sandy,66.05120579882231,17.00886083803281,54.20415967576371,6.101435087279792,0.1309344843453304,1.4100825743128855,0.4530759980769593,6.405857956817931,16.347936332623178
224,Clay,70.34552037370973,14.175301988164355,37.557203206055625,4.120286215586714,0.3420669962497124,1.7577277285729127,0.4130637965904028,6.548152540821217,35.95675991063642
225,Loamy,12.764549676314392,29.474459171035377,52.421784540810265,2.9528745664321745,0.49551201934229816,1.6014058500641077,3.638706724199599,5.697767410056127,28.30517175706518
226,Peaty,86.87709627086048,45.11475374311306,21.783328684299878,3.7407052398458105,0.17307914831021398,1.1738771700552597,3.8273556733385425,7.087990253239516,35.28508679758283
227,Sandy,28.637788735801635,15.592005933406027,42.89249460746881,,,1.3244219394073575,1.685873949147014,4.5858036476356325,35.72486553126463
228,Peaty,82.66992246308372,17.541179000588897,48.19104857235512,7.838784676369126,0.4812632693739388,1.2102558690621976,1.877892335724944,7.454183863267357,23.4543066240045
229,Sandy,62.325642529523925,47.656441857233666,15.059010996012066,2.197631413164006,,1.5774172214367757,1.5379233151616767,4.896645929893884,20.2784637541789
230,Peaty,50.968753586251765,6.197323148848783,6.2825705807774455,3.6089101353824176,0.32920352041754053,1.613302906603331,3.132978812811892,6.278512666490647,20.025640654798835
231,Clay,72.86703099826578,26.84251030277089,39.893120044994056,2.804720536526763,0.24706541707913635,1.5473542013593944,3.1060678132296626,5.088485732968103,20.540760405194206
232,Silt,64.00219209684656,28.794520424635486,36.728678256281626,,0.2767058087689399,1.436469541323832,0.9596366798806287,5.177994255446244,38.11677581692741
233,Chalky,69.21984888642612,35.40761537728209,7.1908159162701315,,0.35204105345800063,1.3216571972882831,1.5971871064668115,6.357868033835244,10.260705440546715
234,Peaty,78.6324674844491,13.72936141083582,27.5934857980897,4.169877485683344,0.448581769679688,1.787418006576046,0.9285030404431646,4.761321929047574,10.31272135940522
235,Peaty,47.694547611491146,30.71357484432312,35.98795823763154,5.237101810764217,0.48093299872890993,1.0224110624406801,0.2818341655274735,5.099534116591256,18.553108106035616
236,Loamy,44.0583437714166,9.925938835646999,16.664176611181677,5.126550655705599,0.3172906592877687,1.0990863538705464,0.3188737098493224,6.674537049919589,33.065815241018946
237,Clay,81.98222496585623,17.01537120307119,10.309680391088424,6.295074227874732,0.41290366671492096,1.4789913207667515,0.6726101848497038,7.284277663245961,34.82812099566996
238,Sandy,73.82848742541515,5.679858528516885,49.0713295680684,1.0345582240750681,0.39459025274619985,1.6046580471996936,0.21653993719214126,5.937681603485562,33.891732430870405
239,Loamy,11.539622486286225,25.403472544652573,55.87612376223177,2.85769050430093,0.1988086110688232,1.766082586967747,1.7503833044775874,7.963421989342828,25.370397483449846
240,Clay,62.30548068530567,12.879965545746355,29.612138527253332,3.144376363034058,0.28474491228339727,1.3923752915343985,0.3496760904454601,5.143610465900641,35.01999469372474
241,Clay,82.31236453104651,9.35391377621277,12.368472593858206,5.691584073074408,0.3734052059974633,1.2127054794190304,3.4049044273374203,6.742347105351674,11.747383342139617
242,Loamy,64.68666403594756,20.49390985638148,28.171269349432574,2.056273368821266,0.15155714068788906,1.6906605564247599,2.8771197118475818,4.857216704662415,25.952720543128702
243,Chalky,54.27525878119879,8.564795925620508,20.35193462813086,2.1072729395330265,0.45358824523884256,1.3524657233466053,3.156207088414825,5.169872150447571,16.4992020749376
244,Chalky,24.071220120418904,34.898596504079954,31.97758901878164,1.214023496553182,0.2610171622377385,1.1032531422819571,2.508172460938929,8.13509313530443,14.55843056206976
245,Sandy,86.04624048979534,14.039061588944698,5.496364955387232,4.4997117019147055,0.2813983683924622,1.4176631331042326,2.6891215941797983,8.471173093374844,8.487509761778513
246,Silt,60.10796984108787,36.96227563669556,52.68299919536147,5.950735812929086,0.4478971660775177,1.4204167507029675,0.5422991317351342,8.489864850649093,17.76794426204608
247,Loamy,18.08209571443795,42.79355377989342,8.195694084237436,5.7323789101082,0.16890497040856117,1.1833769421746818,0.3268538292804486,7.701754388432785,6.221525733755449
248,Peaty,84.21154273571803,38.35843786150657,28.642519944672355,6.070979109466846,0.11421182634314793,1.1135855060410353,3.957935037568797,5.298453588444549,17.33306572974876
249,Chalky,51.32842776766409,39.32829842604189,41.362684676119784,1.7717878651552552,0.21441364465434837,1.1139958616411347,1.5545025104121242,5.644321497134534,21.618593374813255
250,Silt,22.57801242450366,33.969445679082426,40.81307567576444,4.89916519283135,0.16009189695582904,1.6586770623853935,0.29995307503074387,4.8561125697030985,17.522254411019702
251,Sandy,28.122700055856676,21.93351826711043,21.401386453290566,1.199912364946627,0.4942348644454879,1.4008307079364557,0.7226193690502061,4.71619865121322,31.992141948400352
252,Sandy,87.42490825764462,20.68450996351634,32.476389251600125,7.7500950057446065,0.3264676288774304,1.589082692591743,3.5094033879743685,7.430407196523056,14.826167395694757
253,Loamy,44.93064999065997,30.602391826316847,32.32978117512917,1.2881750858299832,0.3258097468596325,1.7699809133377193,0.9026148388458183,6.661622164697094,7.621222259418494
254,Loamy,43.57393064591798,16.162184612187907,12.219454047376827,7.082051452925694,0.4176445500985868,1.633597311133915,1.9214640779587304,7.142394399037208,11.97022761675953
255,Silt,48.89345573463349,20.509135986353343,25.482627219914338,0.7878671502019434,0.203406342488154,1.1255786314999328,2.7031493253927033,6.82033980170544,33.70223869718052
256,Silt,66.04163085037233,11.988492881653178,11.560438119238784,4.483515019109118,0.30907121933852744,1.3359149015276448,3.866884304583101,4.547294106643254,27.257070949872443
257,Peaty,39.20161155715391,40.10617846589069,8.139926659958368,6.89568875188164,0.15685873277874063,1.3968512978198817,0.15496074540717183,5.779086828727191,25.204958834033054
258,Peaty,43.68341943356964,38.10309616974546,8.060514638822461,5.259637575590258,0.13739718701980072,1.5610118394977635,2.001572256992582,7.264837200261505,23.848812507044894
259,Chalky,69.68946530538446,27.646523730420625,28.924017104527515,4.20363213744291,0.2758807659321552,1.7719208028690132,3.984524177313435,7.944771891909356,31.216662347634795
260,Peaty,46.89574317100596,21.630785716733186,45.12845564583954,1.4552818055139813,0.4651579684332108,1.2280426185993274,0.5747158901910735,5.117549967747415,11.870166098059288
261,Silt,67.08579092453803,36.35033578020468,59.15007780108762,5.444271991944703,0.2764271235921585,1.6889698473160968,0.5824961840070543,4.971834987649171,12.340365003380375
262,Clay,86.97740193800865,8.81045464066509,36.4171124165932,5.017466470384364,0.28069227158222354,1.0577263210504086,0.4394650310448647,8.335540919647439,9.557350642091558
263,Silt,87.00201086403311,7.148712703401934,21.463775389249797,3.939933949683004,0.44604038712864025,1.697577391324642,2.0805917453972587,8.368987335049816,16.876169525247
264,Peaty,45.76051731548006,36.489524544896526,16.390717760940433,2.262024207724502,0.21441648110523506,1.5556871623266397,1.4588036701221803,7.5001721511351045,14.586201922820722
265,Clay,28.737723202758538,29.752829585534222,43.21548987553856,2.1508403383154286,0.2959491534070584,1.0228309875529782,2.893390819880893,4.736713052487184,37.030903848435166
266,Peaty,30.098614190558717,37.99568686041016,7.847586595562163,7.775090974576398,0.16576321073487543,1.4886061411628295,2.3280569886471136,7.020978784145291,5.435017065580567
267,Clay,75.5377576012305,17.58088986703151,19.426357687284703,7.737940357469088,0.438470512779102,1.7450776946197855,2.3652759847566847,5.013604616974168,21.595080595965893
268,Sandy,16.37760918705392,9.873324167206963,42.87012803875429,7.527241863559029,0.11487742318919261,1.3460483951326003,2.0931303807677053,7.881618440477604,30.572928436449672
269,Silt,13.233127559313766,24.348285335786656,29.476216543245833,4.369953732179189,0.265244900937491,1.093821128051247,3.9690531270777796,5.712675457308695,36.731262398094856
270,Sandy,64.51336159429127,24.2011467195748,32.51166445789092,7.912068299709544,0.21063229193244892,1.7908925505691742,2.2022912523373592,6.400358973139129,38.81150337867368
271,Loamy,82.80906695603852,39.15731209666596,58.651493378826416,2.7307279619283267,0.2029063414518759,1.333370000507701,0.38221580531550725,5.247387605391579,7.425421703989173
272,Sandy,28.464249442204903,10.496101393754618,27.25420291433316,3.701642135681465,0.19767399922351514,1.4222666817062275,1.356559088631318,7.400415242245404,11.827909395771227
273,Sandy,14.366054139269906,47.573397527249966,37.732222924020974,1.8074822183866284,0.2478107511358581,1.7738450224678282,3.1446418240547525,6.5087942545182775,39.965879791075565
274,Loamy,81.62300636628798,7.5198319490616825,59.92364665234026,3.9808072689090004,0.46059726734808215,1.4678410799805541,2.550975266290886,7.323353481713282,15.97190633450004
275,Silt,38.33280409333469,19.08213552498117,42.750292258967356,1.8876999815213489,0.3835064701465637,1.540939199374478,2.7673962017807203,5.778866951811087,6.945332625692814
276,Peaty,53.97766768262513,36.63520361939764,33.29524382358811,0.9968076262258105,0.45577247124722664,1.5679595705260083,3.6950442948228646,6.007317726527206,37.67934523176881
277,Silt,76.89979457655392,37.28581622050608,22.813988695320628,0.5748548186657089,0.1785778581571208,1.6027890996753764,1.830743122399693,8.086021064478908,19.119144904949756
278,Peaty,30.000260304049398,30.517569836762508,58.70505847482815,3.338479860731101,,1.6401305669898996,0.17613599661722784,5.517022520083471,15.185934631884196
279,Loamy,58.097729921170526,8.19258883354454,21.160453718373525,7.232015868180189,0.2719431107829102,1.0598204830737636,3.9613510136904533,8.112086672289708,10.271208526926095
280,Clay,89.32078196904084,43.53622093422413,11.37036458416813,3.7804422764693446,0.492426361780981,1.7474706563003701,1.8728532825939874,4.803049202761904,19.881899644992103
281,Loamy,69.30476735723889,33.562792530415095,55.92215571385966,,0.33746103763361784,1.4362831855132698,0.4806853375159641,5.13556392297902,17.872844240212363
282,Silt,41.78724895342019,39.147129103000765,22.544794542120606,6.634218095741462,0.2949482435505491,1.4270869210496118,2.239478004270099,7.1526056827896385,37.34451290759554
283,Clay,71.44146957753613,22.38035788522681,37.388863197332235,4.647135528678875,0.4700846345887373,1.6684182429266292,2.401792385038891,8.476712512478013,12.41453869983929
284,Chalky,11.741821809745021,15.951745201938186,40.5247000890891,4.723973804569044,0.2525293523938623,1.2454097369535873,2.300900325570637,8.235251014413713,8.026348128598896
285,Loamy,27.227194093706537,37.404246507135475,19.349881699267243,4.430954528277374,0.3994979688359931,1.5247365913565765,3.8631799309977373,6.533651309499109,14.675853208263131
286,Silt,69.5742722841789,41.69824068045435,28.28727043226659,,0.28934864333480115,1.2536089739349925,1.3465781876379743,6.611291613933286,24.112027804958945
287,Clay,30.978879131700452,41.56341926777654,13.551625693640068,5.267393780392625,0.39344472339216296,1.6086862596523157,0.23460119371863533,6.793720982963999,16.475044471144425
288,Silt,20.08908928762527,37.272937869285165,53.65000058223186,5.923817586761248,0.21027417793511957,1.3463593366460604,3.6870337278133953,7.66907212908544,15.928876312630882
289,Loamy,33.46433468918158,11.252699402445884,37.14905389521354,0.502085193312914,0.2626739133895695,1.1493032372704663,0.8458304190409324,6.70325803188975,18.928565934279856
290,Sandy,23.706784172358084,14.980529699280417,53.96483510460275,1.125112092222173,0.23813259733953088,1.727106113985351,3.0228525832619355,4.971075764637282,35.53680940185845
291,Sandy,43.651674389786706,27.519706947710382,19.141680076471218,4.56261991694157,0.4475300694906791,1.602646061730753,0.8956377644750427,7.853094456649437,28.19539325105485
292,Loamy,19.963264967272778,27.830754263503543,39.86951989132745,6.792087694594648,0.4714245763804956,1.0113500227285666,3.3330042492047087,8.041302997502095,23.451201681470824
293,Chalky,77.01631136280918,26.984136983266875,16.98774717420291,,,1.0515956449053856,3.6348919067444947,8.171972244406382,19.102794900932786
294,Peaty,72.39803803039956,42.17173744328548,20.89765870503161,3.759052057663773,0.42863532190557374,1.3032433169585467,0.5108911477201483,6.182470247976443,7.463014976067193
295,Silt,34.55778430479924,10.64215250443077,24.863223270409534,7.525905339649522,0.24155601644396177,1.6240843895095727,0.6743707277074422,5.385089651499338,35.9585569603264
296,Chalky,51.594155351977236,40.65189713908431,35.21837500403227,1.0722791645358691,0.16026194768897858,1.2207634292745484,3.7086261420734763,4.977613777487443,9.493344099657536
297,Loamy,78.40278376762365,6.0049828145096384,35.56775445384416,1.5365124614265682,0.3746336694332032,1.7926102228003802,3.105747176178397,6.598514644399264,11.526822237964343
298,Sandy,84.321764952824,19.5383251116277,16.018133435397267,5.638541200735191,0.3549220178886031,1.7352648462781701,0.2516978017829637,5.609787536589898,20.75501187532622
299,Silt,17.286977245798347,13.842500438448512,7.533861843847141,1.3161820415656726,0.20550632609458647,1.691706316637574,0.8105780233669867,6.20914902890609,9.90693048376341
300,Chalky,67.76164644275256,28.699024661034137,47.46538951196384,1.5135187661458023,0.4649524434031863,1.007314558767566,1.707097243596343,4.896004807525053,27.40314046628592
301,Peaty,20.836750019823924,28.575213956483292,33.93285498627279,7.039464626782232,0.24301999087458104,1.7712103176866423,3.470373586232271,5.29692497632986,22.301541744726897
302,Sandy,11.602696166694475,27.794486298538725,22.22892712730453,,0.42608832309006506,1.4731420932353356,0.6891245149755652,6.253660379327097,22.42292263275744
303,Clay,16.31556229721946,17.996806473455784,7.901779422026883,5.168246420614769,0.15163586566611553,1.47304746912704,2.9241465630206127,5.214286089568035,38.847214170579925
304,Peaty,56.070414803861354,28.48110528259301,10.752749710393562,3.475693445777396,0.2146938605359805,1.0789200773823104,0.4264859118829488,5.4008068653658015,28.58137303617602
305,Silt,40.16926883597034,36.76003482162372,28.296788561541494,1.5254390887370743,0.3457678813386116,1.4875445237321867,1.9219589887040562,4.579716474774442,30.621509805207914
306,Chalky,19.494003267897718,22.71970536137105,31.610816756896885,3.395663449591161,0.19677314669587276,1.4229500116100164,2.943076842456169,4.792235764813684,26.329277637180553
307,Sandy,47.94613864910814,46.788875395836556,25.760973761196556,3.6218236098068033,0.4825991236970252,1.4331410209070843,0.352382370661687,4.965705544962285,14.08346526652503
308,Silt,50.65848892159184,8.081114807128,36.15809738002321,5.214760522949678,,1.1531444237882338,0.8965309981098671,7.126314283320879,7.204812065809949
309,Sandy,72.99159740986201,49.41954314604432,49.77333613131311,1.6511751041451186,0.3925816655383568,1.4345139291536297,3.188055407194305,5.09999341998632,24.63327358454038
310,Sandy,63.09295729404026,39.26239320488073,42.242029222659,0.7801445732203203,0.32459776470419066,1.05786498693139,0.7377223637016542,8.022382421856875,20.62827349750392
311,Clay,47.27733235436951,31.693026518038465,52.68623464688049,5.044925484903738,0.26270474235708907,1.0171092669014716,2.703389328792303,7.641559525397032,9.309216388551896
312,Clay,35.9469078541112,14.150481635775579,38.86957896495793,0.9905582010334661,0.42885947171356154,1.1705429117968316,2.6045280798374093,7.769193206898058,35.08299200082885
313,Sandy,10.160683564968718,33.22886337615026,10.776901563213713,1.6540040858470118,0.10905198002146617,1.6413558865061875,2.129535604029199,5.9085005005568565,22.38679006371952
314,Clay,76.56334009259257,41.09374216219918,13.24707431595735,7.861025564267096,0.27071808988854074,1.4828320317493893,0.8866711066161318,4.730832986639276,20.88332441754558
315,Clay,31.358831730493286,16.414053240388323,26.47842300774858,0.6707441278852793,0.45244770273550705,1.7154455684359187,1.726066653014565,4.805871973928111,19.607743850431362
316,Chalky,27.05748616400865,6.795310046631037,20.614188478690583,5.317077281587135,0.134051287402147,1.3111909398234938,2.524895645034942,7.258903302566237,30.821487300043167
317,Peaty,68.76806548129221,24.92388670864316,40.87346231514685,1.5411875800211845,0.18298080177227383,1.2798752803458662,3.5387246675271755,8.192593852820393,6.81193970152447
318,Chalky,15.731944096892159,18.699573985218546,39.4207629480372,6.6588269557866955,0.4842499450516904,1.5600392067513096,3.2116350692045508,5.201135781252505,12.535903015030168
319,Clay,31.00948721986739,17.876678399014096,30.44274733584071,4.863243124125084,0.4835869682510785,1.3256637856516087,2.468644153223863,7.957074877355021,36.58128197121944
320,Peaty,44.80467080117642,37.61629763143161,40.39994014974793,4.043545982305155,0.2538199533823833,1.3049783652248135,0.9910367276341543,7.111951572830548,6.406253190019957
321,Loamy,45.32662050251618,11.6614619600083,55.11413270209772,3.9530529164953423,0.4009055853516681,1.3728388348725162,0.9451275165001067,7.206761028118038,26.37623045736808
322,Peaty,22.627828648827403,34.29196044116852,32.044287590484345,5.53208184917858,0.3503212902028986,1.0917828173172477,3.2741603257455654,7.290541242571212,13.446330116043763
323,Peaty,13.209668959127132,7.757157314281763,24.0998045665926,6.790119451758649,0.2972046714957196,1.162261231639591,2.6912461953737936,4.7489177607945035,23.91707227476365
324,Chalky,47.6427080988756,46.39494721251181,31.193118515856717,,0.42557326284971286,1.4826577448543194,1.4964360287800897,6.9153320924512105,23.588919601801074
325,Sandy,38.597127346758,31.37393604267736,12.980946589883018,0.6518838577745854,0.36034569288139895,1.4867643219131261,3.88877686610975,6.433196094782618,27.96905507784928
326,Loamy,32.78794774729006,46.89416970247265,10.355971197055338,2.5433901145903666,0.13642361639495482,1.4721926128941605,3.5700670321408547,7.84634223784395,11.011345825048032
327,Loamy,31.65030901002411,44.05442101394316,27.57943910477724,6.036967115286272,0.4358476628200971,1.1598412637196924,2.718895624379961,6.212525226125159,27.428117701522886
328,Silt,50.33414374689001,44.14247907018874,55.7870286665879,1.9533606493104947,0.20977473925570728,1.3484626775937156,1.539995884370934,6.538078548022015,32.35756840396233
329,Loamy,11.733229360996074,10.388755274319447,52.45985422062485,3.55048606961218,0.3531838678247139,1.7368055564348381,1.304150679662128,6.821894191496873,11.150375519553656
330,Silt,18.486584886007087,36.31472888843169,42.30515194837092,4.306954452102115,0.4101780596111563,1.6887613408550524,3.7635968637304273,6.8469368163099835,32.63005344525162
331,Silt,36.01632677815103,23.017746867443872,44.539403402437756,3.297013155294201,0.45905770936229984,1.4459882149755838,1.8295180065112868,6.099842574984565,9.262027706964798
332,Peaty,48.38515482146812,25.659882231721387,52.330519964628074,3.984770457575391,0.4701013896952122,1.720670167179419,3.220066904235325,5.16491922977265,14.197225058807478
333,Peaty,65.50618281630193,17.559456708426115,55.34911574426165,6.490615463800018,0.4703200681036257,1.5400083911778526,3.7649161091075145,5.505525459427467,17.663539045828497
334,Sandy,33.44855820806191,11.292818014045674,41.26880835704347,2.218990984758859,0.3628704638436825,1.3298079072504705,2.018826116250266,6.149631486149307,15.896530181640816
335,Sandy,63.363594687071895,18.78429208391171,26.227503956251752,2.9505566012295357,0.3496714397787078,1.621135566402712,2.6471227813550087,6.978951312859577,30.683049028452356
336,Clay,40.97200431199991,29.728673212178837,13.111252673177303,4.449334730871498,0.1059032229380629,1.2416168142361383,0.4363958035240162,6.318024089283778,14.411808961882892
337,Silt,71.97764012829339,23.45138071067834,5.380637477402059,6.988203966537882,0.13381941084410054,1.6837239103898134,2.6450675156179395,7.666547447952517,31.275668432217532
338,Clay,48.449507024535365,36.67511501770441,40.63586079491346,2.039247622126517,0.2570340928623369,1.2636010428570204,0.9388257648940518,6.800230655840737,6.998924231818888
339,Sandy,53.311230778471234,42.75638806401357,26.879857843117083,4.435661505816418,0.41714043469503315,1.63564606395795,2.7150485118858967,5.870704856900361,16.15022491142363
340,Chalky,44.805623820413956,14.48214826683173,9.382365453046264,7.068310701196838,0.3368256512521093,1.2250444154713755,0.49407763006742755,6.488540310820447,36.94681188544251
341,Loamy,20.631420722238445,7.532875819639008,20.326463990698368,1.3437738909012702,0.19409845105322532,1.7335329233498162,2.0313119488790337,5.937340203167286,18.493815152399954
342,Clay,23.693369721038778,49.58789066870917,30.780392371925178,5.910755611161311,0.14915376733902824,1.1478787570623117,2.131965904006173,4.621331860332399,21.46019134460136
343,Sandy,42.039565921275404,44.71905765438283,48.09751800077242,2.1779677691414387,0.28728169941725434,1.575195670702686,1.9857256259665936,5.624276258248877,31.34981267994098
344,Peaty,17.905561399811525,16.93041198108807,22.31360959541361,1.802055743303442,0.4651774424702245,1.3269434333638463,3.0512241950232557,6.303527126818222,6.883246061398909
345,Silt,21.21531782734751,12.317751784627205,41.09304996284213,2.272621129145124,0.12125281640770523,1.0147679192332044,3.0426303437291953,5.521150353826039,29.520776589670575
346,Clay,59.89880876480255,47.79665850897515,7.3747736848529675,4.271492787607361,0.2850574565231197,1.2654792319488952,2.8548736150342093,7.378247044300789,7.254802361056472
347,Sandy,60.65933516816805,15.459734345474057,57.9308892672055,,0.12361369953146295,1.1621143754381706,2.5633589872486033,7.948463806188311,24.33962398856516
348,Clay,20.194921283218832,14.985035181790078,58.44261396841549,1.956879058262185,0.20003282773753486,1.4441900058634223,3.6271293741406927,5.687797312598272,26.402729683167195
349,Clay,78.30547857828562,9.942806929101206,34.05757444398178,1.3397226632041388,0.48152106120577043,1.2078982185540112,2.3449914965526912,4.596871077344452,10.06243789761238
350,Sandy,78.53804790957493,17.955533460868892,41.16535974951981,3.8949878125096316,,1.0580952578926122,1.458454027632578,8.002138291868357,34.78283235883387
351,Sandy,40.37834954449945,42.845315889673415,47.05129484626443,0.9304776809126176,0.12033781421761135,1.7624713136041041,0.330836374615077,6.809567470078516,24.91264519762997
352,Silt,49.83689722306575,30.642296080047565,58.370945088124465,4.542019282462392,0.13486708261429606,1.676106214257286,2.1896783019397055,4.52326757101142,10.416872284475652
353,Clay,74.12366794755056,9.139319919747216,34.95410504244566,5.62152963391513,0.3766745459742108,1.0362704055738912,0.9881944930746744,6.499647735268627,35.130696943991396
354,Loamy,71.0165632665452,48.53364930973652,46.54449107077812,7.593429678407166,0.10486087735249883,1.2171312637638212,1.6091539022499322,4.887014343085278,33.867517844864224
355,Clay,39.01984419980774,29.277459313590747,15.58004963567177,1.5720560214890913,0.2574625611397666,1.5043813918296567,0.2947894411056156,7.195617306410507,28.474830675349654
356,Peaty,35.36780257845679,23.75144958376099,13.472309319587954,3.749833081748781,0.48133719465535285,1.2570886409005433,2.599419051939521,6.635319502814121,19.19187831660161
357,Sandy,63.14737865605994,40.29107769309785,44.188493207225775,2.425290795651647,0.12754810861989327,1.2254427053235966,3.558088175581356,8.152757315204653,22.296481934688256
358,Peaty,39.08157801176934,30.215729276670977,55.81644867549758,2.134273194094277,0.4728273554762883,1.4766889767136862,1.3680498490151476,6.080216278534086,29.62019091696353
359,Chalky,65.15607579936913,45.309582361119865,36.21920650971559,4.396435359183387,0.14701887409381798,1.15547397358001,3.2390175470031437,8.194559608141429,15.512914909202022
360,Chalky,20.37007047747217,36.6058251070928,34.397745248174864,1.575796430610536,0.15111440946459256,1.5188214957214843,0.5925888802225023,7.8458769776326855,25.839650064915098
361,Peaty,63.76312050214854,35.070519292981075,36.41205832173871,0.6156138058429867,0.341931834429278,1.07144599794962,2.9202385251925587,7.509793306409064,26.77146408233805
362,Clay,72.81168592025887,20.198582373811227,53.37450358113434,1.7160166840667617,0.1975753934242994,1.259962386500765,0.41106491099253883,6.2519658431106695,12.773410743835894
363,Clay,82.36838797390149,49.541643251457565,49.0025119954685,3.01636856199465,0.10122043293129589,1.0924644555225331,1.1086609398070255,6.157189962756318,9.502554623906317
364,Clay,46.49463635620442,34.33645313984747,49.09188849123725,0.5822988005855169,0.3997909677504986,1.2372822117242541,1.5049408995346156,6.078634081741742,10.767845076296293
365,Clay,54.82432454972056,24.884564517252382,10.857674519211239,6.92850292610139,0.2483411546234613,1.5462411233700868,0.7114747686580031,4.7067084322131905,5.740395282137896
366,Silt,33.112821379083044,11.637873552410268,46.78594208130273,4.87678957300986,0.46325004039764095,1.611115368500145,0.8195395638137114,6.924159903501906,31.28867150621401
367,Peaty,22.039534270058148,30.003780412990487,47.25649239249081,0.7036811782717213,0.21123525663804577,1.116001131199968,2.8258100752213884,7.691678048871916,33.33100999851085
368,Loamy,23.848783321562852,34.9812345969023,12.268595723295178,2.2146081207550643,0.36772332245126116,1.5969775326057094,0.47349443955545667,7.47622984663941,32.98623773770192
369,Silt,77.56588151153606,21.71598871439384,30.93188149852986,,0.23055072293891032,1.0674290538840352,3.7422391384299893,6.831356647049983,37.54948010289987
370,Peaty,53.31794310934284,7.906598474399136,10.383178171870728,0.7245483725011956,0.15933441353102482,1.1732378401340686,3.0966148772932502,5.92892691467209,7.966979034714441
371,Sandy,40.104808820324905,40.92844363408443,26.836183456200494,3.3272437754896846,0.4899346229527558,1.4002613201113507,1.4912613485258037,7.279209196606453,37.5739851712693
372,Clay,79.11599711347715,34.428926635553566,40.25532300352536,1.224985435571197,0.3352704383965146,1.7770122221502036,2.552167181615364,6.615550954928683,22.56489506252174
373,Chalky,19.10399508067048,35.80539760597408,17.006373300457078,3.4369928642956395,0.43589045642426216,1.7788458127341604,2.9057226733206085,7.858978259954787,18.767926379980437
374,Clay,57.53853380312988,16.027176391937395,12.270203613120252,7.760161327402061,0.20007362534180173,1.3826764735283594,2.4184886156860013,5.593480997963013,9.965045576948855
375,Clay,73.26008532280993,10.881567648060814,40.106018352135145,3.9125595402533473,0.2572829694547839,1.6439895047031348,2.5112034561343877,4.908354689816007,21.91378583360814
376,Peaty,19.993414982618134,25.343530070110113,50.471352128868766,5.10273501330205,0.2907553859060108,1.4426861595203375,3.6722786947268493,4.5128588360671475,28.859630785513083
377,Chalky,19.643828612835037,15.857996965719847,13.486711499791948,3.5633188645308818,0.35185400286499446,1.601358049778833,3.536266675685974,7.4721162871822004,8.112372312927564
378,Sandy,12.669912394405856,40.14388662812986,54.733579606302456,2.862659118461992,0.2579474075685684,1.5224684398030024,3.6638394217680537,6.897302576342223,39.22293688798686
379,Sandy,85.35675753552069,28.938197612228542,45.53650456360678,5.079649097032716,0.19895473060697555,1.5577356514312157,3.5523223803818533,4.739652272369431,37.08704455192116
380,Silt,65.37450628217142,10.941724375372802,42.2924742181954,5.155487411809834,0.17595172401340556,1.3516871047024854,2.7730346371290038,7.859698899961609,36.053503429570256
381,Silt,15.715197657211899,13.831536195573502,11.653109029767847,5.114998265878043,0.3397075334988056,1.6664934202957082,2.01784611016765,6.408738304948143,19.33478847201806
382,Peaty,63.700626076350716,44.90835501442173,56.13589737726729,0.7011327587807423,,1.3565236283751807,2.000795979547587,6.345262832802177,34.95916283114384
383,Silt,34.28895202288581,33.42278292538694,31.04071626715328,5.72397768476878,0.25864301210670854,1.5646144255946628,3.1090894134221636,7.238212702819011,9.390275633798655
384,Silt,18.746668939037168,23.02504040638885,34.45818219609092,,0.1138716371939355,1.6961981942092779,3.703421425646989,7.038644841474415,36.8764665612415
385,Clay,89.37760067818773,37.43494892788858,33.19480787480211,,0.20257593723551373,1.524462701162715,0.4434320462208171,5.454903140056366,34.913375370445245
386,Silt,24.390641625684726,41.39930023678548,34.20878763629402,1.9262492852147892,0.29320035308982473,1.4078120134280097,3.519622181435725,7.0788440347522865,25.550777669299016
387,Silt,73.88320103706971,10.14898629207573,50.25770544350721,,0.41841957068114966,1.422653726372067,3.413745759463554,7.93278899869742,28.181982411969074
388,Silt,80.5123149224956,42.88914566902937,10.43447639237899,3.2058384131611217,0.2492198842137349,1.567052769127748,0.44160160096215695,6.067025769825175,17.275091611219235
389,Peaty,52.42622860997062,47.59454983666661,31.609074534535306,4.820123984771389,0.21806405464163678,1.0737293841085043,2.6605338523696815,5.659086079336401,38.2093647788957
390,Silt,88.08022855044915,9.050477942083239,38.76569032365759,6.203098289848682,0.30643080374127774,1.509243855227179,3.8903719573027447,4.740400708556622,7.336682388499504
391,Loamy,19.58938086139762,19.583346493740887,11.476313881562088,4.610462377670097,0.11990466031012814,1.2999430903032307,3.421464072552753,6.92048979736875,36.18498418469132
392,Loamy,86.86957730393233,12.557063950521675,36.95593088019311,3.9423394384679566,0.24156098394671874,1.1081794883284561,0.3450864977378627,7.521485768276975,14.150520273513163
393,Silt,15.652727939305286,24.34788389258657,33.003732480519076,2.477355675270379,0.1541110399525111,1.7300256403328755,3.708228611914401,8.37055411691994,33.17814982587041
394,Loamy,48.18719511750892,14.905358301204382,17.249274959120168,5.116186305224387,0.20140988569941343,1.3981018947921737,0.7750311294152569,6.947833578848458,6.729970177514529
395,Clay,78.4021602960155,21.307710490098042,19.155414452586964,6.704149776018523,0.25626317436302226,1.365591019380773,0.38265540679777443,6.291640478909803,13.549790712133504
396,Peaty,54.25532836365714,15.888400014602489,9.74109030534106,2.467995830272454,0.12321357352506822,1.4339233193392267,0.988572803385658,8.240682952921983,11.923013001085618
397,Silt,56.676803333631504,5.161794871235518,43.797972846741814,6.411054698405425,0.4188954704741831,1.4980351056498291,1.9846311172376478,5.215260620291394,39.239216039191334
398,Loamy,22.878743317601096,5.8573130929960735,13.158685806482405,3.632056749490593,0.2098923868254159,1.1557071894862005,3.279378414953832,7.333604483686026,12.342309368841152
399,Chalky,88.74781167228177,28.170708768038853,48.392685211657515,1.3389535248906275,0.19313301957405968,1.5003932750330216,1.141764694419096,5.809285246800652,17.98853497542536
400,Chalky,28.489988171155254,28.1111540521279,53.93200810730388,7.3297504710176815,0.23742055095126086,1.2819607382072171,1.621983313624532,7.945924432054236,15.431750610521513
401,Clay,78.71436673331192,6.623319063446794,18.260949239643622,,0.24713844823159295,1.5717936698908357,0.6502050697684143,7.480982127844616,39.50709340210936
402,Clay,86.52445048129883,36.4758886209155,19.318201629678,,0.42507679912524865,1.6174932023518287,1.2370501396459244,5.834471369797955,26.5555578414366
403,Silt,32.46226178470509,6.20975811439293,11.770807320356376,5.41180568108525,0.2139028104335613,1.0059874120905388,3.618074122024562,7.599301674356613,17.59046666164666
404,Chalky,68.44114570442835,26.895635805318427,34.74828127264091,1.4265083386243214,0.28421868038455766,1.5730719834283622,2.755094644461585,8.061678292825597,36.77650337933544
405,Clay,16.42992176468568,22.784563158351336,58.03167124892782,4.56215804543527,0.2992665878967191,1.2820034936542433,2.728303668818173,5.509394823242827,29.75295828618591
406,Clay,69.3156248562594,44.73502314925258,18.405059085643384,5.252218430577393,0.22224685751466275,1.2429711046968492,1.074377493328687,6.786779325606509,29.62168450033985
407,Silt,48.746939654910726,30.940919065136363,13.790140263851711,2.459123362725962,0.4133293311002534,1.298318165845909,0.6702390103140584,6.178519259878998,22.023548844510813
408,Loamy,19.434782404227498,42.008976255784496,38.33757709009933,5.23174883718333,0.349594867205187,1.4605106676204236,3.5609698203176374,8.20349970803787,22.4233861936056
409,Sandy,81.5713135810235,49.92502125761214,52.10922280049273,4.7509227607001545,0.38839870411999844,1.0916368504232874,3.780221769878193,8.38919695691827,30.575929958833903
410,Peaty,64.30874485586153,12.98312311381062,52.86349724456691,0.6619006577410573,0.12182910532472194,1.558600436535152,0.30897109794697475,4.915214492431963,5.354011073689803
411,Silt,23.48724144354568,7.823755100240828,23.998350132053606,7.119161903511261,0.42780616322649556,1.356133670393825,2.167631163184789,6.695114502385168,20.304723756617413
412,Chalky,52.62457633887051,39.85142769776942,48.27456896838371,4.5038828166598615,0.1961526579723339,1.1278702916346606,1.815297383681864,6.623515719990576,39.343383492006225
413,Loamy,36.069750259930736,33.42175822091919,37.578446625698525,4.882771061073504,0.13672262563186244,1.407503575445875,2.9797736007949474,7.974689777309084,27.88077087767653
414,Clay,66.84508070562396,33.53647057973825,45.30968186450188,,0.36441823426741193,1.4592772444014352,1.2769998809057062,7.616349003133669,18.259280741614017
415,Sandy,60.19697524790578,19.23158277058697,42.22749872014338,6.5298919724479525,0.1871943327725159,1.2770318186664336,2.520252375569078,5.64844850972889,10.95384054372545
416,Clay,25.16357080974369,9.609983574133773,12.021565141029484,4.486043015779677,0.2626030015379084,1.7197069972763215,0.42207271446105943,6.5879179626560065,17.554021648770277
417,Sandy,29.368983371526987,37.454405751022364,24.66237987807666,1.1640548403854363,0.38316465550200063,1.5577829573750441,3.3095206415296072,6.012697414007732,21.796875533361572
418,Sandy,66.363530732105,29.450068852118783,46.97076786560704,5.7568898885142925,0.14106335318024052,1.5290571011712484,1.0309185536529704,5.9127043651967055,27.074590990951126
419,Loamy,64.01295653406724,27.567444660272376,46.795155545902325,4.1670041907904665,0.15109372499181506,1.042675449308574,1.324311173973058,7.423832195009272,39.40967542779803
420,Silt,34.97952128306085,38.11883197968619,11.714660445967052,3.0099519813430793,0.3659597751265161,1.4013037437729037,1.575147463681134,6.897596888167069,22.36539931631493
421,Loamy,48.259288248083074,49.487731499627365,30.414556263884588,7.4118626460249954,0.2798479642601442,1.6806299508149958,0.9058016793972028,5.295707942839387,17.72624327313915
422,Silt,47.375635509561235,38.31018556451451,52.79403275524234,6.6595852489759295,0.18848219001830296,1.5346407126139432,3.254702292584336,6.982775200858333,13.882721759657954
423,Loamy,19.955381309261586,47.05654232151965,48.536652460964575,0.8209576003036974,0.30631574895225033,1.1862791517144315,0.3678303143684518,6.354665931126188,31.812417340424787
424,Sandy,59.68461878051603,22.93401565974866,36.95083473637826,,0.34745022861224806,1.688973897534495,3.740777930371431,5.864161227087811,21.233504281615
425,Loamy,31.154978768898268,45.41357642948959,16.353849606918295,1.7910102099469647,0.2620276002509222,1.295633787824551,3.7293112859860713,4.766118602568731,30.379924904127286
426,Peaty,46.791726814162644,37.73065985340019,22.849583232904443,0.6250888492903046,0.1691735721563109,1.7320162100025582,3.3267130261748044,8.214769681935007,14.928058346296103
427,Chalky,15.740862769326656,21.725450333462064,40.95160424397666,2.1397972158987377,0.35900666741323073,1.4098130360011054,3.81336847569625,7.946722327495792,17.99517198549563
428,Silt,59.12339694323728,27.901730923118897,47.97751629071513,0.8581605968354948,0.14848279523720156,1.6292890620281206,3.0684539625755676,5.714090737588627,38.450182770483195
429,Silt,77.16791958782349,14.107840548661184,38.75046579006142,5.286761456153371,0.36141412334792655,1.4895629424146706,2.294070212062086,6.725369743314922,13.170355525205395
430,Loamy,55.56743593843322,8.66024377620998,26.745832401088787,6.180912573362943,0.2083357907409436,1.2331059585198751,2.914324278316691,7.95870207497169,16.150711815086375
431,Sandy,57.74464704463917,26.03451878688716,36.71448361142336,1.8360955631646494,0.1005580035541323,1.523056104924557,0.11540561425554763,6.577785442516053,22.808087901292385
432,Sandy,63.86460216386289,49.69467567493414,5.210258935060251,2.070135437155309,0.2863227597568134,1.0076530632240435,2.7731535270193755,5.067273886522667,23.403239661986927
433,Clay,25.706939160555233,44.170205288088816,45.459138427591704,1.505466928530005,0.22399006983574338,1.6681616480518606,0.2639049490693776,6.398751596490563,7.3288600091471
434,Loamy,15.503219746958239,5.747693164301355,51.41821418256816,4.717754646900054,0.19176340088905783,1.7726642580913003,3.561836257172534,5.755980188436676,39.00230798187062
435,Clay,78.31997453602958,48.6428666396615,7.534769976824505,,0.29939735254359806,1.1656356796017846,3.596451295263732,6.33129196270477,15.592730476492292
436,Sandy,77.72862650958956,26.102225991709556,26.970218654566544,0.5461349299542047,0.23465263124445168,1.706909371602675,0.5458480930234422,7.891944445021298,6.879874070846422
437,Clay,53.57145033056328,13.0511951244865,51.68159605665338,3.2722424621461177,0.21800790574391182,1.1342682811993312,2.750556027515902,6.135247319727321,13.921671924601736
438,Silt,25.765618456505457,46.16972377343982,37.84225464500524,1.1603454930456913,0.40503212005540334,1.3931852446573556,2.705760638632052,7.697589062035226,18.98587692673963
439,Silt,75.37954661774276,46.61846365138568,31.586445402358294,4.842394408177606,0.1332100796301241,1.234078105226171,2.0425184909588023,5.430581843521316,13.104449618429769
440,Peaty,27.619598564510284,43.11138002621273,9.788202154968134,4.053405617546508,0.25914737522683606,1.153468139226316,0.1975921991126941,6.874921732579706,10.423564942046674
441,Silt,78.87323953755386,32.95776090914504,45.546151265968824,3.9416906297943655,0.19873473513537931,1.604549916331254,0.5450036408984865,6.204293693042038,22.74561502557083
442,Peaty,43.90145698363846,15.646400923709516,42.90984785387968,6.013508839247104,0.2141414945540075,1.6452823357371844,2.671174608288854,8.392383720595955,32.87448307879714
443,Sandy,14.599160164542333,15.84330357679298,37.435640882889984,3.9452630599806437,0.2767422007433056,1.6708937601504763,2.1655098784739266,4.503041587460247,29.669964536253755
444,Peaty,75.34990984251411,48.45100409672743,8.32442559191524,,0.4690670376910421,1.006783646728969,0.280399959360831,5.954667600403992,19.890210475869516
445,Loamy,54.85018461779936,17.546375588862325,40.35107433470426,5.244742106785607,0.3636828248236107,1.6782736331150496,2.118471333766497,7.753516251257103,9.335495208459381
446,Loamy,35.46864875845779,24.012157615486103,7.842043382763777,2.76016739356518,0.17724412842630338,1.0411621401316844,3.412022018751592,6.0660217978862345,38.42113074395515
447,Silt,46.23455947157274,38.87723653646957,50.218570444090695,7.530525096296206,0.3289707455220052,1.3587325864966076,3.5728272989773915,5.3700387328766706,16.78508162768095
448,Peaty,80.89598819899622,42.05734558906555,52.810273856189404,2.6110855135984754,0.161531655121386,1.140225844390478,2.8182522996799433,7.913112484249139,8.609503203275786
449,Loamy,26.25247131759167,23.51249472367389,34.198715918729796,7.3533175748023965,0.4541131724414067,1.7253719026471916,2.6843126480804873,6.866909965999856,16.776554019756524
450,Peaty,18.303133993404998,22.803356929653553,51.66382081971989,6.602611847046969,0.2695412057135942,1.4613751642264208,3.0995158647542165,6.726600308439924,29.397326468665852
451,Sandy,72.78320692846319,21.064441437973592,27.043010239755105,7.296847772374789,0.479869563829202,1.3747640511792207,0.6203142968238068,6.103329349964305,13.786591167210798
452,Clay,59.734779428790645,22.476856476349344,20.952141814170364,1.874591679340119,0.3649451590865628,1.3553419576476757,0.8417613676449945,5.130473627232365,11.402944361230482
453,Loamy,79.59755633265925,39.123773323772504,31.625745252442627,2.234479275754188,0.43341662377237766,1.3235516935487581,1.9943678211151101,6.802370141586641,14.226709449437656
454,Peaty,35.07260647868124,7.787404723813905,35.73293853112003,6.8586378340830585,0.1717149234410787,1.3791444853282822,1.8589883812708041,6.521119845983041,24.310636235371494
455,Loamy,54.90015744221282,41.007137993283116,47.15507960106681,7.678792610360534,0.4419703082006965,1.4525004170012985,0.8190072186266609,6.108391272457547,35.61037426597271
456,Loamy,13.393688482596957,14.667008727726838,38.11363993575769,6.1490671824257985,0.17581870224393525,1.6536549363841098,2.745209742093579,4.807531551335166,9.623014434120716
457,Sandy,77.73421560948435,12.26616033317028,52.071821375925744,5.285038783587954,0.4904639805640091,1.1901455095139117,2.9902356888961794,7.103842516001965,10.031950505768805
458,Loamy,25.294693161659154,10.434733749600971,56.47030372400502,6.570542783360588,0.21195906341033188,1.643499428106435,1.156291073241887,7.026946337409477,19.996793187846592
459,Clay,19.16950420845123,15.60070139484115,33.709789984172744,0.811978872689074,0.3736201592798123,1.6643880274352907,1.3204546349406703,6.736302896142615,9.388556756716596
460,Loamy,48.76418011954799,42.52410016883543,44.47217297927446,6.907567587119828,0.3185965343453584,1.6810028434136,1.1035873101188418,5.025951536611516,39.270286390845975
461,Sandy,69.59309770075818,29.20875906988343,31.483473904074902,2.608456803856603,0.29142823634043313,1.7532559948413757,1.186553961002051,5.711352102615482,35.75244793420376
462,Silt,26.781394658273356,17.103448644905594,54.83349191059294,0.9249222809884909,0.2714526728595306,1.7652692282794544,1.5222224408086562,6.3794326266001224,7.2668674985113775
463,Chalky,28.677777936246017,13.367574627835058,6.67919015157762,5.61198505318365,0.25345149768898234,1.0863401083098818,1.820254866034372,7.43792418676089,36.74052049573787
464,Sandy,35.24752846734668,39.62919645565218,44.52353274385506,6.145892306302151,0.22128667967576715,1.7021688207417223,1.988318141764772,5.391625304644874,14.95565225780087
465,Sandy,74.88733687685597,27.747366362309883,32.29876873942524,5.203871979663448,0.33888155838333583,1.676373182131076,1.9911405492749494,7.70340175469579,16.30332842909845
466,Peaty,69.78835153464146,10.412611529872414,8.362280455515043,3.1260473280496814,0.4936838871277529,1.3019242603302128,2.5073905252659774,5.7766639509712805,16.846409322160486
467,Peaty,31.58838599194878,21.884177847636458,46.012798269087845,1.3790425744166495,0.36886616759239776,1.5530846617627403,1.4419961097672536,7.16277885025344,7.45003835674245
468,Silt,30.410684685671026,25.023459110003895,26.605254089700445,6.267429601660126,0.40277793775107285,1.741366328354568,2.063323671678548,8.247721452619526,32.2517020945356
469,Clay,82.51497928456219,20.927810659762468,33.99685175936562,0.8551757253888335,0.3616978164773742,1.0730679296937922,2.0737821311298323,7.356735442766375,11.387883609227298
470,Loamy,59.18534823741298,16.933384522581747,44.20436411686721,6.1977299054550326,,1.283616300458925,0.47709400242082467,4.777052952336172,12.28076861630477
471,Sandy,27.998531956176336,19.806795939051483,18.86382121999,7.680870957373794,0.4268452039092797,1.7792066256089685,2.554472771200705,6.005706808941962,31.901210717798758
472,Silt,21.230653520098713,38.25355629225998,20.858014771264102,7.976103122492333,0.22926560328449463,1.4385464676033477,1.1848538661768313,6.812643089068142,7.106639626093794
473,Clay,15.292353500632867,47.887103878227414,24.616416735375203,3.47229654427062,0.20926720532638338,1.073417401485178,0.2831503364066525,7.1930119081897645,16.758642488973273
474,Chalky,29.70811021134803,6.163011700102192,46.118888309529964,1.3149713957723337,0.25353596611798357,1.7688301147206096,2.62369437484028,5.8792805952857305,24.637725512323698
475,Loamy,67.60243834526464,33.20684466451416,58.999894506903445,1.2089879515927682,0.3315033614173226,1.7221917269542275,0.28882934624664525,6.214939872575201,9.052605399765273
476,Peaty,39.73249020546255,8.275399717607575,24.962926744651035,4.186490103478793,0.10003854826611147,1.6451446726692605,1.8233396361498084,6.003950167118014,19.88875508091127
477,Chalky,87.20209495327113,14.097750602244773,38.59387295203963,6.4381583445197155,,1.6348573728333227,2.522483763206517,7.291947376379636,17.38183430464572
478,Silt,35.94059996661689,29.498087530637058,22.82275724869884,0.8590873116449202,0.2212692565065998,1.3887683076834225,3.994485457432166,8.154346547306535,16.25936227051902
479,Sandy,22.016072996405754,40.72668106564852,53.223123798011294,1.762453944196738,0.3403136088022659,1.7001977672351303,2.1089969069635144,7.6129666803192695,14.465097230396935
480,Silt,24.127510573086212,24.601002324898527,56.45286182961505,4.9146283742985855,0.12097976880647376,1.2445532762290075,1.340965161782816,5.552642499405818,16.869548417843394
481,Loamy,49.07630094189577,44.576163035712085,15.429243149940739,1.1409252313581848,0.2726506141001219,1.2868618824961708,2.0188563838807543,6.660421267763914,18.717157935023018
482,Sandy,84.99665004404766,37.209409188284944,40.97522898102775,7.088086108309441,0.12715703737768896,1.1728115997484243,0.8632448399966592,6.412500242773964,9.486356271019783
483,Sandy,82.022398797915,13.71842788473109,54.827185060187006,,0.10450955533840887,1.3225030197767962,1.8080089353271893,4.562113014616195,12.272410721435973
484,Chalky,24.66529809501936,35.879489320582024,31.124259127230744,,0.41530326188833644,1.1869195400854433,3.505009813301787,8.25352988233817,36.867274319767816
485,Clay,70.35867226485172,19.327495458857534,23.44380485143282,0.5992412646430871,0.2619166010405965,1.2718604439686985,0.6308815067943893,6.363857744529634,38.05830303378071
486,Sandy,70.19033925334173,39.50192203364791,54.81087081970952,1.3474109154778824,0.42589137705987146,1.5523022381320302,2.167578289398291,8.272633147813982,39.74200060732526
487,Chalky,23.224170035054918,15.377148784246614,19.18286977271491,6.707058345471651,0.23492747505828487,1.3440802371973788,2.521146111817048,7.156774636313935,21.7530891989122
488,Chalky,33.85567579367739,11.502425652244767,16.39052862468681,5.7422242444458265,0.35910887134529923,1.614127647694605,1.3207347277506802,7.33276875210713,9.744485815055032
489,Chalky,16.083088577271603,33.69862870912768,53.42958745428426,0.6528920144712892,0.13771436750538593,1.3832018038193052,2.970065276185233,6.207938599998776,28.93199304332948
490,Loamy,15.98873605398337,32.747949937073464,39.84855177550775,7.804797390110542,0.17619252806209387,1.1113794138469932,2.6884511924068084,7.931916206720434,37.78895751084782
491,Loamy,45.36840296001749,30.807990383550454,15.177260506419609,3.1494064842951923,0.2885216186344791,1.593677225090842,1.9095582361775414,5.241739175666597,6.085131341129738
492,Loamy,48.721962143386286,15.9436823014007,40.357816959826344,5.047931351469726,0.2762075020447073,1.0527438156185078,2.5962783710326196,8.336632168138266,5.771489102625181
493,Sandy,12.619590997124028,14.269154310550483,53.191761101302085,5.919512816365389,0.17767763600771744,1.7539539485375952,3.3770397620058112,6.965245493152519,26.438730301603137
494,Peaty,87.29830615640364,46.059844436078585,9.911885170301368,7.67388620727614,0.44831160576254514,1.6727914365094239,2.4415991913919375,5.829379006120242,6.380574349832757
495,Silt,48.90478391981749,28.969687864861086,19.11800102180792,7.178248916913892,0.21370209127607911,1.7704750046506303,2.3182965023065116,7.457425343573633,18.705219286583244
496,Chalky,73.02721517053479,23.294148710292255,38.23162957068071,4.980606581136614,0.2709375703970033,1.1989216678222583,2.523564174779096,7.480608018072804,18.209999931570767
497,Loamy,60.794577128031825,41.87574412953883,11.32439316273151,1.5451301112448872,0.23494173879527233,1.3849807099411107,2.734742115701574,7.598252387152145,8.464320310918175
498,Clay,59.5449911284225,7.285182738513053,54.79973677557335,6.8376615210622,0.49818550139133944,1.154435049010107,1.672299390341122,5.67389561108982,31.105850570685387
499,Clay,34.250635656885336,35.41978737659741,37.612346450029925,6.625645414003143,0.23865955990290547,1.337973570519718,3.363573247602256,4.602696523771773,8.811039045077264
500,Chalky,80.96895186554863,11.633875221331722,37.17425634880656,5.293562813714831,0.2058240713582801,1.1949510933310517,3.703224340757342,8.056868317120532,14.585348903223391
501,Chalky,33.979017740487464,15.175982184502177,8.074099981299335,7.919232122595308,0.46271565353719346,1.6822142133521707,2.525266214746845,7.6901573382457915,30.45343324883997
502,Sandy,86.1207490915652,33.77588138759353,28.17215323188195,4.462228004246886,0.1629519382831156,1.0972653410106736,3.558238972243326,6.107577317373465,26.63626440630528
503,Sandy,13.153239389181133,17.586055103889052,15.720721792487492,2.102999208202027,0.46727899390839456,1.1800758229873443,3.004135791959557,5.16488336172994,21.541570882293314
504,Clay,19.17592922017148,40.011397511773616,49.469024032899796,2.4032612160173423,0.32740774445644544,1.2112633918833766,1.7495635086458625,6.3752893947885365,6.712712332259487
505,Sandy,68.1253560226908,28.336066397595694,23.48700183899791,3.549570113861379,0.18927100582301098,1.5905518050314527,2.0344677610128334,5.723063053830234,31.706850275452915
506,Clay,58.69580160831846,19.53411443384207,27.166774784711166,3.6702794764714017,0.20079753516063115,1.5042973188337019,2.3235126808343454,5.276225208656406,33.887559819886924
507,Silt,67.36513819577388,43.90845540553657,40.23612400019824,6.7336722401458475,,1.109011742475182,3.7623543919764266,6.44465308014145,8.5765418216325
508,Peaty,61.32920576551551,33.297597643982016,44.45819336129382,7.152094403404253,0.11574745025447625,1.4845160219683018,2.6275097023672744,7.818738414330433,39.51706438319762
509,Loamy,52.17632289946042,23.95680911347942,48.44887744608892,3.3705468096955533,0.3861822260246721,1.6771446758924868,2.0833214577837182,6.8267540953680905,17.158590034954564
510,Silt,12.495004971938064,25.40381008983785,14.617446646326083,7.589758512767223,0.22396457285287874,1.3617790166107018,0.5812547427612753,6.449713401098267,19.85304690609837
511,Sandy,74.71301000687363,17.085754788270776,19.44040518279439,7.460637842700519,0.423300708125105,1.4894656271388613,2.700833646809927,8.47627169715249,19.507136885257964
512,Silt,50.81181268616339,9.881391440520154,10.081277660758126,3.5793092684482724,0.14998019018952818,1.42557965145361,2.263433562797031,7.541238757379594,27.152629076187544
513,Peaty,18.46520529101669,18.616212426470657,52.10459032795617,7.01052488813841,0.19966022730052738,1.2862554687630823,3.7660318580420804,5.027690134049969,25.06110524173941
514,Clay,25.39904418210626,16.894022051303644,22.3489590706636,1.3461489427343603,0.2756055009296383,1.0020583851112734,1.4339291917102037,6.16743589880204,24.628942789892122
515,Clay,62.96024635929642,20.106475833926964,11.938148569117047,4.334254030567941,0.4516834786281122,1.1490353008383782,3.202230221156369,6.359867455254068,32.346850314791965
516,Clay,16.16103325820972,26.11252730114094,22.124456402961613,5.845058296727695,0.21363820127597602,1.7577284695180924,1.2018579995619092,6.942203666260848,37.4791740607269
517,Chalky,79.55853713655583,7.836534029915603,8.143863891318635,3.0917634209948566,0.43751512083310373,1.2837167871831854,0.7699299358974072,7.227057798128923,33.76106668772715
518,Sandy,73.25885510438258,9.769963971769666,51.012087681484736,0.6731868936066525,0.14082133932021634,1.2376995044445767,0.14754893549729,5.802144799945923,30.233245390854584
519,Peaty,34.505593752014995,37.824501946669336,20.786990613115464,0.915981310981115,0.1694331778990429,1.4911199878530477,3.592140915652012,5.969537268241011,6.769456739259233
520,Peaty,80.68093021642936,13.252932199596794,24.253988289728557,7.209209878804891,,1.72303722955976,1.8340129663036895,4.913883299492098,13.696682448428046
521,Chalky,80.81409857116765,20.253717504399265,56.71868596895787,4.388691405843538,0.3451933970642721,1.2419696367130748,1.1966603163712135,4.857276409270347,8.669993859241306
522,Sandy,77.0273831090243,33.66261296817501,15.413215853215675,1.6422204673516856,0.25546735821031624,1.1784713130654578,1.6722534400719344,7.531897179776225,34.91558502650189
523,Loamy,34.61243672179322,48.962503784326756,16.218972558607874,,0.44538402661484044,1.7215700420228668,2.87622111943419,8.204222650792032,27.82402328103461
524,Clay,62.46898476085946,10.98459911779898,35.82570092394788,7.566375508394568,0.29433688882719494,1.6188049893520002,1.6337500065046233,5.287289239177197,6.175262841657711
525,Silt,46.11383161821932,39.081594125877004,58.47518130232358,2.9455235861015674,0.4351843697583385,1.5620762748435921,0.9803505847661945,8.192412629018907,30.313899727231334
526,Silt,53.11066551544741,27.107593822914524,54.56493721754454,4.894895481103782,0.1961338586992933,1.4457535192941002,0.4423814258157628,5.87490340223946,16.796607094705656
527,Silt,42.77518740057029,9.21941405922983,37.60878430999224,2.9434770117416935,0.4725227744762388,1.3404430733781214,2.524731049805502,8.023042518944793,24.019049282944888
528,Chalky,10.319047818626297,12.604264938444658,49.672653272998836,5.939466878592973,0.35395414819507975,1.5102815107979306,3.8934871524681904,4.604188574589062,25.291248182425644
529,Chalky,10.798006386251764,36.241221591792936,31.819205210009816,7.6094780761791085,0.3022577883633709,1.173527021652591,2.575698558221981,4.862321601709844,10.681013687866264
530,Loamy,71.82789383290861,44.5757154430392,28.904554480974358,0.708928366105206,0.3435348107858179,1.6538840396570427,3.7928600856589836,6.238913388345042,18.95827188790517
531,Chalky,85.71070578989998,5.545560317066213,27.025608098726728,4.0315314416644465,,1.333116489546091,3.524210393175064,7.891862839428917,19.92593387849201
532,Sandy,28.368461272581218,15.027588164185957,29.99913775066242,6.493057492352635,0.23701899106916446,1.6037920935438847,0.7077768006782951,6.296869184584681,26.521226143671612
533,Sandy,53.545644891647356,21.10839737804644,43.88110840988931,5.668792767782525,0.19833175116036422,1.6493471712231988,3.5282644277505044,7.857990870558896,36.137602639613554
534,Clay,34.48322947137128,49.49593477480784,50.18066420629784,1.8667644602616558,0.19816834874276307,1.0602630871843715,0.10425396054876372,5.863037261597826,26.532969896633592
535,Loamy,48.20356968304375,34.34886727142417,36.680009157036295,3.4414528524585455,0.48909182809700213,1.5403600462206353,2.0875993298541182,5.029856819764733,28.92873601665801
536,Silt,19.45196463981003,21.236941887904905,52.79209728933229,,0.23499835242586686,1.2422017072567806,2.138599749708445,8.201816377534463,28.261536833157006
537,Sandy,68.03259125743931,14.07581195539445,40.128868634665594,6.087289781214622,0.4535552745884339,1.287036151188114,2.9346177980237877,4.806011160755263,7.956151330149674
538,Loamy,51.300207936360195,15.204861585398767,49.15044366377153,3.943255510989257,0.15498125704217836,1.5867520208759027,3.048485275572178,7.328540297392152,15.491811492208344
539,Chalky,34.69792226882444,7.226722100391401,42.92846535155823,2.8548870510680198,0.2722477499299124,1.7659184876933347,1.0035084373717944,8.031961452347923,19.061500874249056
540,Peaty,63.08549121540616,49.7597627019824,47.558103746679855,,0.34769974604327303,1.6429312654396382,3.5399074480650583,4.979844979004681,20.554445582091653
541,Loamy,50.89950875531173,49.20063494146366,6.047962552672287,7.7516737039535135,0.48540538984620274,1.2333575413182913,0.798536841430032,6.576500184598049,34.47014561128749
542,Clay,42.342654767887936,5.503434329468264,52.69717115926715,0.8507682184217159,0.3709197845748736,1.5662788920915394,3.8497767874343274,4.711318452443669,23.38963160963089
543,Silt,52.655640205220934,17.18597716123084,53.726447632703604,3.003452882568447,0.10078373562596084,1.2622033547294085,3.9419961241330808,6.33562760306198,33.54360710703922
544,Sandy,86.29418012309958,5.920070572382235,51.27215306422339,1.984824927406936,0.40405718638275023,1.351674604728077,2.817530849146584,7.649496230372358,36.728340435674
545,Chalky,15.542458552474754,18.578262059536243,45.158606539380024,3.503776163927782,0.35992231744411496,1.0984427996604051,2.629840287867641,5.716039113321674,29.358746260245166
546,Sandy,83.91834218570801,45.55649594709349,48.313801027088466,4.893151294361704,0.17406182275861637,1.6674323720584954,3.918891969184778,5.433026803657363,8.96502560710099
547,Chalky,20.106654397867665,44.364835460045946,14.967433650558903,1.9571164598120692,0.3481806459341945,1.5175192349524167,1.0438110042020927,5.506645356441067,12.032934352593168
548,Peaty,26.509680887218614,35.8225197378773,7.61939398219881,3.6987115735879716,0.4702536041693274,1.690373419023718,2.606375137548072,7.665021715370144,33.98269367685667
549,Peaty,88.33444367173772,49.42139597386376,20.935882825978695,6.708887953667074,0.10180665711719161,1.178806104457985,1.6840503248249215,8.394868396085648,24.732563168251563
550,Peaty,74.80365436309013,38.570504318874846,29.334534797849614,5.315927995466147,0.48975993750718505,1.1034638381267061,0.753548721083834,5.413358650313398,23.056452890709714
551,Clay,38.137127315905516,15.863827042741459,19.89280009627696,,0.21848649213075425,1.6523639590097106,0.5983118402769063,4.774640096633609,38.909034767167405
552,Silt,42.37772752650051,42.57241533004816,52.88651355842211,7.552731841605341,0.3430020520195938,1.703181323532863,2.8314614347797264,5.003580649013194,17.876605972338318
553,Peaty,33.92920210796508,27.856926343667467,58.04223240173883,3.567205530335374,0.21102962564908578,1.1375413586238616,0.9930385616671406,7.012978930494761,6.4331713916498385
554,Chalky,28.0136731565861,27.67842712549555,47.39361826758526,7.985074629980105,0.39235448724511324,1.5135181126329154,2.437516204765144,7.204427693395312,13.930758933905814
555,Silt,14.870158857213278,42.481711807365514,31.213467214611953,3.365333488504012,0.306334566102636,1.13205043606367,1.0267029176267797,6.297251131530694,14.965778044127967
556,Silt,12.693553359904808,29.04533088326594,13.01698660116368,1.8701306870763412,0.20516983302374037,1.0116308913142644,1.8699217442804832,4.8173327093513745,22.934887758643775
557,Peaty,50.127810307364136,19.72718702031577,52.96226072813501,6.556173026201723,0.3013677946486145,1.4338643995394273,2.9950917462326463,8.212355319778501,5.251091679042186
558,Silt,52.40843908480276,46.79354067288116,51.30996846300479,4.324781972488923,0.24065436566772616,1.7602586939219964,2.1597362035352163,8.219822326982724,39.58909703878218
559,Sandy,70.92501224072862,8.310659159528582,13.926423913831655,3.0871183269248506,0.19986522355702085,1.4723951898585272,3.4987526114097736,6.074263246924644,7.1673274968804
560,Silt,17.610159272148962,34.59998001006284,7.678826162182539,2.3474307677800894,0.33711849970733987,1.3433027080556987,2.152561889824113,7.783848832403664,13.127709256984279
561,Silt,51.177010307419444,40.34452752466821,54.44296244462021,6.6611899045425105,0.3552987111562894,1.2256413639049826,0.8575322838846794,8.094354025419028,28.535724202341065
562,Sandy,83.95688025694304,7.305855482898723,50.20670857741838,4.7299851174832765,0.15619499264225292,1.2251830656603513,3.598692396913164,6.5321962238426,39.214946213491885
563,Sandy,78.21274020319302,15.546638741353894,56.38388071335289,5.183096266427409,0.4716634110004859,1.2104625254195427,1.7298453483819032,6.905934468113854,22.914380597550405
564,Loamy,52.765526086857534,15.045824587467546,24.68334933194127,3.967003752612909,0.10266079938036383,1.167330545425962,3.4830993963493793,7.432387616253903,16.962372195749285
565,Loamy,20.69074288278177,45.017220829109185,41.18611740910926,2.108517853867672,0.21077397593171654,1.0532235390221767,1.006312099122505,8.065248260237507,10.686573452647043
566,Peaty,22.484049521834688,34.26393270720273,52.53091312218979,3.031870403364413,0.23733887027543665,1.6056672555683609,2.5810586107971645,4.856432846908946,36.617233434212594
567,Chalky,48.18701096487259,14.76263139944734,23.778579462437065,1.4652921597287942,0.12657599458096339,1.2522852596248728,0.7445767157045744,4.711835445602388,6.752700982641835
568,Clay,59.38832893057941,45.94019498800099,31.099018648222465,3.0589203708832025,0.13600117872238426,1.1248505215318199,0.4122596293102875,7.2001997398493724,7.449018958472012
569,Silt,88.2893683343253,15.966344716115776,34.24274274574059,7.345248476698915,0.4389752624309363,1.483358313057689,3.9956946734572667,4.690685954001981,7.232371586358212
570,Silt,76.50340778344136,34.79086752022441,6.609978621427414,4.8114734039279226,0.24473477548407163,1.7474855142697248,0.1410710376668543,4.917749715086085,21.325390382702285
571,Clay,43.149448124753064,25.35912299970198,50.56089906755225,0.8465155683806981,0.24610010982613187,1.5507899439738186,2.4058631707430385,6.189617086136833,37.591514073814324
572,Peaty,38.01337164420639,9.392534618864705,56.90895129863416,6.231125493143222,0.375442445083095,1.1534385143865757,0.15238839615324773,5.22892056805316,24.452473174085178
573,Silt,11.078960355311036,38.89617398924216,27.942371391641693,6.25745366593674,0.3897131988338969,1.331298635322809,2.251755882526526,8.095346800444347,17.41333423429619
574,Loamy,10.617207097819508,19.746131037425805,38.613354987003085,6.196192827526025,0.38300726846004873,1.6601299052432146,0.4896475710989059,5.8263191648845485,13.348537858986875
575,Silt,47.95512782511548,21.200517587640828,34.789163884877595,5.124003867225142,0.2875683970313434,1.0405131529137215,3.1713910534251077,6.81017684185243,23.0069315118558
576,Sandy,15.542939842922738,14.655647355523499,24.134320494558615,0.7363373658807955,0.3826731776501918,1.2692565006795624,1.2415568510202344,4.539384103941048,20.452957570247364
577,Silt,22.508888739352038,41.19206359744714,9.533675416893303,3.369800992695509,0.4695790741527116,1.310268513817208,1.4429351204521554,6.5537037431571665,8.270827025646431
578,Silt,88.43027331798363,12.201081390988127,33.60751728457111,2.9395718347835134,0.15392989425917328,1.36209926651198,1.0840388869535278,7.740065758231399,5.2204204290274125
579,Sandy,67.3795031235494,14.819951421940765,18.426019890394365,0.6585222588625999,0.3299336970271345,1.4469177936219348,0.5443145210299734,8.373437128551549,25.82620534348482
580,Loamy,46.180091928738385,23.300715146052905,40.878907379214034,1.1424887905037455,0.45149347898034475,1.3949466158174544,2.051311944632658,7.214995839814838,35.04353512930209
581,Sandy,78.6306044300156,11.697070675296288,34.547224255681805,3.6531859444212813,0.48628149466059234,1.1301430773202965,1.8459250959599807,5.310508628230933,26.30932162248247
582,Chalky,24.19321643523972,10.076150851619142,37.479063399462625,7.105725717325586,0.1351792254832944,1.3335517627327127,2.2037847648571884,5.952148531561201,16.4223953732314
583,Clay,41.145367029510226,28.476097236521134,38.095627215434824,7.713056921567014,0.4799299396582629,1.2952178502791496,2.5410234628767867,5.127462870809485,10.362661945789561
584,Loamy,33.58005333202519,47.91020651946066,53.71245496235214,6.075692510569709,0.39058177058262267,1.7434572556967665,0.44572440322953377,5.8512557392486695,30.86677840499044
585,Silt,89.63706131225082,41.08001213875586,13.108144533699956,2.192222294954088,0.3898576135286024,1.59425763225471,1.7126831891921848,6.745227637679845,29.57546259542439
586,Sandy,82.08828682522618,12.96992099799777,49.31143724014685,7.412910087974276,0.15902898462303283,1.6928646441567499,2.4109608007138696,6.449488761950864,34.64176760301568
587,Chalky,52.08670079622265,31.441888112645355,57.5098507738005,7.834852365570706,0.33033177170688244,1.5677161643355415,1.3602384183195606,7.9947959415313115,39.40035576579875
588,Chalky,43.923165964368856,40.710278568586766,44.67228028381664,3.7268502662998007,0.24342879572857032,1.0454988849895595,0.8465052509406362,5.315756265024243,8.923974869968669
589,Sandy,89.84876819658744,11.52219014623237,12.647802731477661,4.414229010213241,0.3342253920654881,1.3792463909231172,2.464571087492985,6.234624293297525,14.260552343328083
590,Loamy,26.506428416102832,8.68617710805915,51.763212518403876,3.095027473231503,0.3949583701299769,1.622386388186396,2.901826697500665,7.0283325654048365,17.032059124315627
591,Chalky,42.630822266644216,45.09972017293354,48.548815472250126,6.89035416740989,0.17335837564144335,1.4731525551353568,3.0273298745359987,8.42440023069156,23.81967844434986
592,Sandy,66.94149461821996,16.026973129499297,52.45095408189164,2.7326239279231217,0.16118218955348118,1.6068353677703726,1.369904850660301,5.355292397692882,6.8630769735121815
593,Clay,66.3066907899731,27.404507357292616,31.748783208113124,1.315309376557511,,1.7695473425735928,0.48596834467380334,7.832338265416043,14.651570518627732
594,Peaty,55.939552101522565,14.393545298456294,50.11348175204134,3.920009285014247,0.356928356786415,1.197909189928096,3.6707627211495013,6.971057286711294,32.7951488538158
595,Silt,86.15118357102301,7.144543935616755,13.470746466803465,1.7714899362992413,0.36952090747756416,1.7867113599161464,2.782452879521099,5.035540383028963,6.692830318319238
596,Clay,29.74138307148312,28.094469086446647,36.71704745835656,3.732152289432043,0.34353084250755406,1.096424272854505,3.798943969481957,7.635774223391528,33.625666998269956
597,Sandy,55.4902662623503,24.57862265522838,35.34562413659053,4.890716764070985,0.4397896339687868,1.7360259154764055,0.6677421353968731,5.199635699640195,11.462440397467585
598,Peaty,74.83823561352173,37.69178054834765,54.32038493348661,6.519516127071487,0.3939430702783817,1.1545519083512983,2.663285289865444,7.298995046969566,15.677687423437344
599,Silt,28.596952728259843,43.58369279985328,52.460060106566694,5.689896709453469,0.301882651057529,1.5755102726606665,0.8657924644394379,5.462398451001078,30.132645174646406
600,Clay,79.6918910571687,11.373125815077415,44.3822203062823,6.039167541287315,0.2930081569798172,1.6266369294691936,3.4790936269438424,6.373350576378152,31.76117210922922
601,Loamy,61.13021519507136,12.724159643693246,14.616641812684023,4.9288812711273025,0.419081322241486,1.6489096182271887,2.1261636209513908,7.6331044311557115,12.378558492261604
602,Silt,40.48564637287549,47.76139375512506,49.37093006733512,1.1102504650895564,0.4535875454528453,1.3501720765779157,2.1774095362194386,7.037053870059604,19.18811933200319
603,Loamy,61.815374994190215,23.80769780812892,38.78374649181586,7.100215979848518,0.4396338899663804,1.1354974139131275,3.729855496022167,7.461363484314606,13.466118594913908
604,Silt,84.24497589891133,47.87175632089515,49.912755255476704,5.736097295907917,0.29853838454436304,1.6368266246364445,1.2858071926120713,7.713589438388675,22.965278546860663
605,Sandy,89.0540515901718,20.229244325429217,56.609636531733315,6.424172201617409,0.3316768248058848,1.5155657274089824,2.514142293542567,4.639024378804655,27.834057117149573
606,Chalky,32.514737698042794,20.64645963473474,29.75487268102883,7.55696518987126,0.4145249984784516,1.2063232850886216,0.6628672761864047,6.422314470960075,14.45263151643903
607,Clay,82.7259447259029,36.81424212426461,45.94784053555478,7.761004114837521,0.3317484535716133,1.3140682178579501,1.516391491075586,8.442531661994094,21.175164547068732
608,Silt,13.086905063280225,9.363453088219684,58.51242104336385,7.726172843795898,0.1899458088569888,1.2380959690005542,0.8595532765106422,7.681258286764669,23.752850732301045
609,Loamy,10.581895521025615,23.583545517195354,16.75083794082088,2.521905857733777,0.4547205626766938,1.7318328751332555,0.8851124001078923,5.963237746806197,19.66407907051601
610,Silt,58.12933750727545,22.121675545483505,51.584949147196355,6.8871682881358245,0.2973454635315207,1.6429611191857876,2.678283711475965,5.640091726814207,22.987137618271873
611,Silt,48.531655126106855,6.590303953337049,12.80635066052725,7.68997936281795,,1.7060244922927934,1.2172987796091237,7.319243631698077,10.039955980963052
612,Silt,47.53464328911909,19.06780048699481,5.942209823015516,5.797395134583997,0.3212990825474882,1.041280091273581,1.0790200046699843,5.04866806850649,6.417151140885589
613,Sandy,28.72530259841924,22.932910578979534,51.586507563367554,5.869418205332533,0.25477452800865996,1.5288176813086474,3.251247347071513,8.030825013577807,7.210838688747718
614,Chalky,57.79691113166072,7.609698493391168,57.79314433584801,7.131492439725547,0.18531675539546968,1.2140822798031203,1.9478863974018126,4.827474952097775,39.04882162555817
615,Chalky,11.355464857518305,5.906341304692014,6.771618332952293,2.656612659402996,0.23796199510939176,1.598558472243327,1.58197582863525,6.736419860007841,7.5876793786072545
616,Chalky,44.70498699514436,31.99390274835072,51.4432402213526,1.9389909620779773,0.18824471431444498,1.712870576327902,3.2790920630718774,7.887367668825217,18.510906129528045
617,Chalky,39.35498135337079,14.262756511690853,43.4666568014903,3.777205754987764,0.46865243794822986,1.6127386961106884,2.005963269563822,7.3798866580415154,32.70736723799705
618,Clay,25.444287224663338,21.315722529472,43.488411409628355,7.6240907986857085,0.3401974758985,1.7286858912753753,3.2782764989846784,6.442206417562791,34.771656516493536
619,Chalky,50.85957855389683,8.602671409889716,30.279198551057853,0.9535100354263542,0.4280750867757629,1.3189804784628663,1.3420360912400864,5.417942463965259,14.3965011512886
620,Chalky,65.22071536860103,9.540374775391626,27.940483194467852,3.818834953533613,0.18331781542558293,1.4993290698620412,3.8514693211029756,6.901471658990236,27.399824626577193
621,Peaty,75.0374900987307,11.949767256346997,25.516037934549942,5.680989904603378,,1.3798844246835191,3.7022704208838038,8.365219754644508,30.338586566663473
622,Silt,46.979973045817914,6.341479189416794,26.001074708328964,5.384543592531568,0.2675617867581641,1.6640630367313336,3.3120478010978256,4.881483492559097,37.056554848176084
623,Silt,29.191195886450707,39.30726706267954,56.54360799911955,6.574250983840787,0.4744929789991513,1.450453326269762,0.9297497027572099,4.626144552079969,36.11932370913958
624,Sandy,26.791698637740062,45.777016942457436,49.867780996817075,2.5220445899734916,0.1452224135482567,1.5678943661969182,2.9372428626756264,6.178276517158315,20.22909787905167
625,Loamy,56.3347986293215,28.496422319082015,22.254415952149607,2.2546488472658925,0.41543773559255626,1.5047379429941283,3.288678168136494,6.864807093274738,23.946991021315494
626,Peaty,41.14024999033007,41.739372334052035,45.731022982832194,6.705833716689377,0.12368018041947226,1.68970764520778,1.5172074819165373,5.932228537877497,33.03216234098738
627,Peaty,35.404500809370624,11.099894130907886,41.10660832310782,6.692850040426374,,1.4226395346024823,0.6473345118550511,7.37089257585478,25.955899098537778
628,Peaty,51.83804073168908,25.217395851970725,51.52913132531818,2.3662095856816907,0.39197957205324996,1.0870595628898279,1.1516165566149033,6.591361195398189,17.461768521777575
629,Sandy,54.51385341116647,11.434716515896634,10.05536777717799,3.8020275585600216,0.1843937743603489,1.7591121506368579,2.3838718781958272,5.8885351482089865,38.26348668357536
630,Peaty,28.706274120197044,49.78793211008635,43.50769330078637,3.8875482543497086,0.10881316216700286,1.4447487376675803,1.0819228414438742,7.6764818992451875,39.92052090013016
631,Chalky,40.26423870943975,7.615952748405994,18.47148153532025,4.349527029087186,0.1877598286676413,1.6262311122693829,2.680393099024208,4.8976019434170475,37.65629914899148
632,Loamy,66.61603022618223,24.97974496677855,18.287842339132737,6.773143743453642,0.3931118368101819,1.543226744434485,1.6282770139432978,4.660244747098778,17.09951903874774
633,Clay,40.991862790143976,10.051234687851334,43.81541139301458,5.025400887299043,0.31286903313157893,1.3453189007192776,0.979790482839008,4.727305163350532,13.481500309464597
634,Peaty,45.52811265982768,8.089820408239147,54.22190447483947,4.386584756582371,0.31889121753939725,1.7610353033594737,2.4911896607974007,7.756923964437647,22.25939053984063
635,Chalky,61.20218686447948,38.07411471423365,33.38168740367233,2.6711369139794536,0.26417225011860745,1.586282753796144,0.3877022333451393,7.692531053589274,32.468096968991006
636,Silt,25.264365440490426,8.605743327358722,30.604215673737475,0.803047567336189,0.158330410111203,1.1852127720053967,2.536857019544936,7.823105273476649,14.454833366602747
637,Loamy,79.34354672313148,6.07795315196097,49.83086884166002,,0.18621944058522827,1.7966505162892505,3.9001507085130482,5.634856777436376,19.231029829017658
638,Loamy,37.071977146934984,47.734114828237054,6.3996619244489725,5.8715542620077015,0.17405948928467796,1.7998903098162078,2.8745785557642525,6.4661937236425215,10.300088913367828
639,Peaty,65.01244998191424,13.314447289061205,43.888542979999514,,0.38287071788933247,1.2316122115722898,1.379502080066497,5.778860617898699,29.5558091487456
640,Silt,33.77667160679061,42.999703426947256,8.086918987358573,2.7315913282722373,0.43883666383000863,1.788149485955402,3.615011317834035,6.849382217317739,30.809217432060457
641,Loamy,61.851416909667364,47.88413167842549,18.44295432344397,5.352800784973295,0.1950106206661784,1.4939037538241229,2.158594969597853,7.881094700405971,22.345594901550804
642,Sandy,32.187525781824355,38.83875358179969,41.688657575744955,2.068404157708776,0.16900934504224646,1.1481800915282838,2.1607232042297624,4.579671350460638,30.808292783245864
643,Peaty,69.8439941945505,9.671469602492742,25.910716707412632,,0.20067983830787048,1.782599264805865,1.5754360354708383,6.779059105538247,27.554464071893996
644,Silt,18.388314455830717,12.671334685141206,21.237330721202365,4.627403560289946,0.4755151171563723,1.0815217463785078,0.30362468112460994,5.304258591647669,37.529990652780604
645,Chalky,34.59890028628604,13.060992220474168,32.73716784526438,2.967818936941259,0.18544800740857978,1.5099261689184558,1.1528284519992185,7.980154031479151,25.530081578065484
646,Clay,55.40049027220412,34.42736782777276,51.74270754860706,6.708049507537348,0.37598773174010847,1.6696893079437884,3.2913812032826626,8.327975943813648,17.490244734490457
647,Loamy,60.655105236661946,13.080431317022594,28.42994632139126,7.630358750086639,0.1466959621159768,1.6634222002296637,1.112989478433357,7.812323140369937,30.537758039910866
648,Clay,21.05354349272286,6.348971260123571,34.308448686084304,4.907463452174816,0.3641057509878829,1.0049624231274232,1.7082333735140365,4.634790301100409,6.98658337064689
649,Silt,35.56273157706418,25.6351562980225,13.688482684615819,5.8467186670759865,0.19780754666044453,1.3401428686714532,2.5725684630626207,5.711010069046593,21.67144089043119
650,Chalky,18.143070968574282,31.508460102239177,29.45528442193602,7.87571593315385,0.43487109661074097,1.0710065741057182,1.2014371177959409,5.418989179617235,38.808272606777905
651,Sandy,76.7477318599119,25.718319479580042,5.909745660505436,2.1946474096907647,,1.2076917215114207,3.2661670768784257,7.805032543107549,29.68212865556053
652,Silt,88.69281468162478,27.011590465514463,51.09739684627488,7.286469765552569,0.3001031255842308,1.7504212672469617,3.6050072772286597,4.5723341509249815,39.95151748554592
653,Clay,32.704088410883244,25.557101116171566,16.37589538815501,4.695058678543466,,1.7075429987610433,0.34060097277175655,8.19101168898506,18.74976258545027
654,Silt,48.649186148246756,16.94461237763522,55.59385639091847,1.90730097473131,0.3974015737111989,1.5273647332930405,2.340905136213289,6.849998480160486,18.751811397332848
655,Silt,50.522147590144755,48.015289619567156,24.673389211214403,2.668764750362783,0.4601410557731863,1.7187267864184803,1.4627640869952967,7.476305708689377,7.0844552821566165
656,Loamy,23.156043740793997,42.71385989461756,50.97315366145161,5.6606113961008795,0.3503410112631953,1.2529921140343083,2.261890985492895,6.3227955644124725,17.624226449875643
657,Chalky,63.40893023922202,19.528359078221655,26.429066852631614,7.414805778900472,0.15144229825504968,1.662514269717322,2.2326121971206607,7.328233188671925,9.942275090720086
658,Silt,51.3425266682183,6.785272791422914,13.400333465842728,1.3922804353765723,0.3894070446675205,1.5479607267246744,0.13893521212652735,5.837874161022041,18.842573551569217
659,Sandy,51.10823709298799,43.60988685348498,32.7048859770995,5.2944111307895,0.3112189689573345,1.5871916331368836,2.628994576850141,7.140716226173015,5.066173993164455
660,Loamy,14.686508254542536,38.400271064034435,19.332361444180158,3.326658675528549,0.13984688510949247,1.0685981682930152,0.9420867245714315,6.223086650273631,20.33831454818258
661,Sandy,16.393548681520016,8.656206515456475,22.76499714801254,,0.1561414283078355,1.2791753653429883,2.2805758787710633,8.227691064785617,37.87026216842433
662,Clay,87.14330663135019,36.4106604315911,22.386990940074277,1.85032173246908,0.4313496876363482,1.0389708610199866,3.591991356250965,8.22194005035342,31.68270205537268
663,Chalky,85.17686240248938,25.36764553964033,24.021158636753906,7.161195708584726,0.3262151814689852,1.1204012107849382,0.8499244273435549,6.781233616358618,13.440602192546649
664,Silt,11.458238127344167,10.86580959264066,32.396766268269104,,0.1631297370493725,1.2171972553672512,1.1536275950839179,7.593395224781538,14.451862408239899
665,Chalky,53.23672649880204,37.612122659694876,12.02291016439754,3.8246493679823748,0.41538659527518573,1.4685471044987612,0.34823473425319423,7.469263886637366,15.822766985209531
666,Peaty,15.187919802720034,21.006569452549563,19.169935243495665,2.0553417829427496,,1.6079050986634897,2.0177946492934424,7.325641513881559,8.24408191302463
667,Silt,73.45176834342881,45.969745199833035,39.77756870255719,5.05882607965527,0.16695321314344558,1.086781497026863,3.493382912350958,8.396307774734256,39.718155511259305
668,Peaty,13.940398871719148,6.929915875682407,46.56360390459618,3.801490883934068,0.27990934239724585,1.043754569355187,2.224749071511489,8.01113583632857,28.37458727070216
669,Loamy,53.945049285175166,47.179694930282935,18.409518972756516,1.9475154965862789,0.47157400442245434,1.7069106408384163,1.474680351860697,7.4813294723698425,30.84570177474124
670,Clay,59.54165384225989,8.959034503159902,19.410655529289844,2.8286137480581384,0.4005934598828962,1.104313953961686,3.632685606582415,4.816150409792837,29.31518545870436
671,Peaty,17.684457314152915,6.626801314229841,31.29176227227178,3.4337526480471015,0.25473917644143734,1.3586450732681794,2.1758506893461753,5.920193219384499,21.27708282932784
672,Silt,57.549747835016646,31.180835504722364,58.96037946339979,1.0773467096949911,0.10211159682139925,1.0901954885939726,3.8974260704446966,5.873358918037139,33.57160146799605
673,Silt,85.33420690134389,32.47504339054812,35.26086418616893,0.8889581229630148,0.19038579860373753,1.4280371288303015,3.025885066494424,6.548692332280957,13.32106527470517
674,Silt,17.78732906923001,13.894201861973375,49.742272255400955,,0.17233682640139017,1.0850113012444802,3.654200051849905,7.927231354340025,18.585306455081273
675,Clay,64.77339982340382,44.4194533160998,55.52731443485425,7.4578473238748275,0.25108008875838606,1.6098307771952758,2.6284131528833177,7.187600319802051,16.405098177652434
676,Peaty,31.700256024562954,41.0911830840135,40.02860067778474,4.948667992594501,0.4530044196719343,1.0684634338009644,3.958501466862853,7.586133151375071,38.34183710831253
677,Peaty,31.889290486261828,17.716032746594145,33.553531705569284,2.335804180567148,0.17199629193138544,1.3441622718305672,2.149179066362274,4.66676414580172,6.366223866852257
678,Clay,53.53006305038754,24.938384989510823,47.050204168220006,2.2430959382676363,0.11989748753339446,1.3364598348311136,2.598346074825945,4.714215237507538,7.6384973844475414
679,Sandy,84.22743733554098,40.2491717970071,22.538390890015894,,0.15253256240710134,1.736616109269663,0.6234261832636976,8.213978537101884,38.46404850980073
680,Loamy,28.457789449157758,42.5012838953674,58.493558069456576,3.3961671402902938,0.27848564684851707,1.3438458138257512,3.753229846804198,5.338225389220637,29.066845097321423
681,Clay,89.46671301264851,40.83213932316378,31.14559885357667,5.997722511630638,0.12699184901811433,1.0567526132719185,1.4064427009881426,7.678357893048297,27.256485826172934
682,Silt,17.316137075601077,17.056493324639845,56.05613569819994,3.5533199350673432,0.32261071482327064,1.4347315014024409,2.6936799408826495,6.692947669503862,33.675149226869635
683,Chalky,85.21431500250823,39.43931199390676,46.788382201210226,7.665304836188101,0.2095612184745373,1.5799639856800136,1.5060491504058322,5.898759132312117,37.08982844497981
684,Sandy,11.427532035509538,33.467154569215914,16.633023097925847,2.3968251179596143,0.24995986723955144,1.2698806067984172,3.5522625826654957,7.55416757011563,36.365548030445815
685,Chalky,22.97408728408394,28.680604391707718,17.138354491471265,0.69983119519869,0.16242477725962692,1.486861202421313,0.5303977576002549,8.359562739035802,36.143396341717235
686,Chalky,88.11089081225131,48.36127026611086,24.2406310288328,5.024792780287175,0.3982904578800578,1.0973261619682804,3.615775421147972,5.535355453613982,34.35640218669227
687,Peaty,31.289573158720174,31.91145325675554,25.462342529425733,7.909501469976242,0.25254298795260005,1.3402578810551362,2.5402825668467632,5.909074453986391,9.213336549146344
688,Loamy,10.56815924288629,44.09320349172325,5.824890782883424,6.885608962585152,0.14604999152457399,1.1327333826756074,3.8303662685464994,5.673197720547078,27.236005892069514
689,Silt,80.80527306762559,38.85521627508824,52.06863891360622,0.5391005559200239,0.24461860171744176,1.2189218662795487,2.0640252484458617,7.07852304684072,22.18810791805444
690,Silt,83.11785478691453,7.028788902675043,18.22465389860301,4.814037841401189,0.49341064119006706,1.5128087582466838,2.0236167086212515,7.397076272019751,32.31834928956037
691,Silt,69.5530292460821,17.0119434486463,50.36231925144715,3.903442054959279,0.38558028084513274,1.6028855511054005,1.4992180579964915,6.413418007825003,38.430206900495655
692,Clay,85.16444437109229,32.41229138451073,31.5580804111637,6.2627450937017315,0.44771826016155125,1.249206783662404,1.3831118607476656,5.358301054175197,17.75646092288705
693,Chalky,31.25373135861942,24.723306149355313,37.5618223205565,2.3954064403617235,,1.7918505489961034,0.5809907823066153,5.785111020884526,31.417484209326364
694,Peaty,61.624197585984895,47.99722338269188,34.504800632372564,2.3280790219570076,0.31953164283662905,1.2278332174640774,1.3764517763770954,7.489372895048055,12.42398396536938
695,Sandy,69.38790883743613,31.26281202918155,56.957516900187116,2.87530793928573,0.3227507707252844,1.1201167561483762,2.4755553119752345,8.034627483341234,19.750965433626437
696,Loamy,87.88833945257045,46.808797176994155,27.98857142053706,2.346219559945636,0.462663325786832,1.693965294638896,0.4292134734353704,6.531903962016102,30.3090045402845
697,Silt,81.85150963356952,14.265023036427491,26.382016326097347,0.6645334048101523,0.44931185612986035,1.5197695016918848,0.8252193133172775,5.494746377889388,8.048371067810187
698,Clay,14.725068753899961,45.399267215729346,38.81933385374038,5.211431783508501,0.38654490810956843,1.543648095446006,3.4537897749491115,7.162630626159814,35.17052417833791
699,Chalky,37.12397404258383,29.171374086156142,26.001751634467798,5.09564581454418,0.42878404497575207,1.6354465701267382,0.4559825202510056,7.057658053630453,37.09708693355409
700,Clay,59.20972971332283,14.63340787625955,38.409530975472805,6.888380413083975,0.39655900071043027,1.7995925617155724,1.0410270803695922,8.136993881084363,35.521043290458564
701,Loamy,78.43090354491935,22.56027970687814,36.480697416974586,5.733101612950881,0.22313404798279743,1.2272973405467797,0.11482828033700457,5.639957014078794,5.026321562462527
702,Sandy,32.37278377958976,48.597291947761704,47.627269323570566,5.306512336520504,0.14831424347686115,1.4384410099974936,2.9033305291023717,7.769483982617444,33.12098197855994
703,Clay,10.644150882120949,48.17656720567534,59.44712619333917,2.240701418687905,0.386879527055472,1.5634054478518173,3.418282066379682,7.182581829005217,36.39427289785875
704,Clay,24.956663185196728,5.98906432815035,58.75246588172016,6.050979395557745,0.4622508260597694,1.1169735701072585,3.530189079243184,7.859869477973706,39.43415765042116
705,Peaty,44.027125281715165,18.833423636885954,11.80729764168061,6.915337401436191,0.49141256904465136,1.2454596589547253,3.6107762367108123,4.911732136668453,6.173985192947645
706,Peaty,14.89182143266758,45.47007698554368,29.86650237683609,3.829304344763718,0.11954903476523247,1.245317429984871,1.6741600551882732,7.808887166275392,24.733515097768695
707,Sandy,13.386220313229433,6.463376290335738,28.229732776355892,4.553788042777897,0.3547366609659366,1.2619679757627102,2.282077285871846,6.408230608498105,35.86741372940364
708,Chalky,42.12946006611469,48.06210110359647,15.486981293319838,6.38252467535768,0.3469403286118605,1.5745657307095817,2.743226711765499,7.598138717918413,30.586901630168583
709,Chalky,61.8300474813188,22.459162530912597,45.905373707198414,3.9921594424527673,0.2476638826262919,1.4740310439843627,3.6670991630245475,5.472957099968354,34.90197948686813
710,Loamy,66.84041947487434,10.166444921839107,58.26995666618018,,0.3210245698488098,1.5727127250384592,3.2061474197970865,5.890662437103701,29.443818917014426
711,Silt,52.624237616759395,18.551446671719628,13.394636894453694,2.1111830591299947,0.28231872374699707,1.4098957914935848,2.007437743935566,6.158921037660445,5.845954456930461
712,Clay,44.8698680757887,41.36731941648578,19.97355116599637,4.8818958205974585,0.46983465008670267,1.7643690291889522,2.0879004296655026,6.700874864774393,35.73714323249375
713,Silt,11.507986046542529,49.92979948887192,52.02616842997183,0.7788329519941037,0.21966213656034933,1.4165241012663972,1.4116073552423947,6.541614877528714,26.62053502588615
714,Silt,31.007178932172348,11.021436087496934,21.789356309898707,2.067288228290661,0.17172342661236312,1.4828327497236458,0.14547258882387762,5.446131153518637,13.661333326515791
715,Silt,63.58998740030699,33.69034296793678,29.26934467687193,7.406547186695092,0.369253371122061,1.2386344499754507,0.6630596857717107,8.11461533976616,28.793958201433377
716,Sandy,45.964426783877954,46.6389169146366,45.719670870874936,4.96413264525536,0.21433424208171623,1.0470081558669864,1.3934021975208355,8.27774288758576,23.003904806043728
717,Loamy,31.129890279213335,45.48702817722669,11.930633916009139,3.9163124630720483,0.12227869007209265,1.6524002668725104,2.463014434076717,5.448814541533238,30.10856988008613
718,Loamy,28.35338536689659,22.251122241330886,33.99271360135843,4.414792740135211,0.42059614074372864,1.685161112292839,2.8847283874117764,6.063744279769433,21.548774511209277
719,Peaty,11.381224259634868,43.9598318166826,11.031716524505805,0.5002201247594193,0.22982703264632964,1.6806906498422665,3.574969242251563,7.718639364342733,8.58659143654953
720,Silt,76.00512204866254,13.621443937930739,21.794935461916193,3.9469957599134613,0.49699912365030574,1.6413252401294216,2.2626164073623336,7.630710473032195,36.92462385168457
721,Silt,80.24394648429946,33.44549618895441,18.03054646655817,,0.22481313719738855,1.214887035813381,1.637148441095722,8.39466530040892,28.901232444353084
722,Clay,39.253723196764845,31.909992009829114,45.162773455143466,6.935997603758808,0.32226953452382456,1.4598492048814913,2.7964652194155466,8.289405883158873,29.987128476171495
723,Sandy,66.10067797097102,40.229802651072255,13.286782019045742,3.6014316645759203,0.16444623885151344,1.6519413960750247,1.6282597381691057,8.000070395443412,31.865110484128707
724,Silt,15.196951285950906,15.304824821577846,41.40621685420659,2.2400666167451018,0.3131492999501597,1.5003425268166577,0.5230652740060766,6.846361562020833,22.930539606412125
725,Sandy,81.09870098573931,33.29831501717999,36.65843967124207,4.33886985596959,0.20601403307007327,1.7668503354529188,0.11604081274423968,5.851555784292824,29.985071204289717
726,Chalky,82.5426840095979,32.46912186408853,42.169287015872904,3.2428845588553417,,1.5421550858990993,2.8627409465173153,6.589924253775763,12.408290340661472
727,Peaty,22.54734205620008,8.790067298198318,53.21185373461983,3.950332853377164,0.11137045811027764,1.4485414373912513,3.6064677640181673,7.584702350384655,21.4069669362882
728,Sandy,72.44857304129738,19.876638718271302,34.37670224152355,5.943132508819734,0.3796283152409722,1.796316625881798,2.7445064990526236,4.917402596441384,29.20674978341551
729,Loamy,47.85963530509338,14.334712119740228,44.633355242242835,4.3192173659409825,0.30708383591206134,1.4276360435668678,0.207464537393654,7.312547327468567,33.172616187464314
730,Chalky,64.48161165669035,49.98163901387032,49.25030519055228,7.362154609227881,0.2520063200580536,1.773569520863074,0.9556273551570266,8.084218355708495,38.881998264284675
731,Chalky,47.97499337395239,49.57698735622157,43.259483291563406,2.426193167607977,0.12582818221690995,1.0097154813101916,3.790836858601118,5.341824563418815,35.12658171054119
732,Sandy,16.292931715334255,16.35945386176413,22.548548861561247,2.945484500766307,0.1249671365023938,1.440062363597859,2.867818181580114,7.744760479932859,6.4536061624616305
733,Silt,77.20329349215113,41.38343396222225,57.88050666211439,6.331593323934168,0.41686866791567756,1.2311868577615428,2.976093896781002,8.063320350861703,11.186677855389567
734,Silt,16.859011320041503,41.740822709615294,8.340786970914868,6.375410122117062,0.39626601112230475,1.3165074408784856,3.244664567757323,4.768185012297678,28.78042238375351
735,Silt,38.81216786061479,47.115655063689445,25.476848725673253,7.824447769019646,0.28626259001448884,1.0703415018963165,3.6590864559345437,8.331948045708803,7.873034127754638
736,Silt,88.87673340942167,10.81271001396275,50.17215499154229,,0.10275673156389056,1.2113735401002634,1.8128923926863518,6.50884440574137,39.83651522546402
737,Chalky,44.13473039950746,35.0418217141069,24.244878827621857,4.803752439585431,0.4252289791522018,1.4557209023218456,1.7775526064715974,6.331555783696455,21.490969389376737
738,Sandy,75.62326939541012,14.264860182151127,35.025918002797944,4.916359169180993,0.3662227778739383,1.577056757419065,0.19006751530286575,6.9103166698531275,29.025474754425222
739,Silt,23.513901362420782,34.59467339759449,12.397032858297813,,0.13072542666840256,1.7282641038534627,3.754911635184491,5.354806477802689,6.6732384227516075
740,Loamy,76.40522019554214,44.24799228354443,52.127518207425815,3.3871908493910077,0.21061753846026107,1.1854035861333396,0.60899452890403,7.154499608343166,20.0653956727511
741,Clay,46.897139074322126,8.65599310970625,56.21382007513239,2.59890193782086,,1.6363432592343239,1.8576096132257656,7.7354358195476856,13.386011788521667
742,Silt,50.79442723774619,33.66473582155225,59.12112360402015,4.976612156579765,0.4479349428380136,1.0196314775243265,2.4401706029359844,5.789384693614426,8.669426725679044
743,Peaty,87.49236581586875,29.192246706396006,9.240208792294638,6.801810729541259,0.3015076708921163,1.7150563099929428,3.9755040334623786,5.5220207794538965,28.540951200562034
744,Clay,80.8909971980701,12.901853595943976,15.953995795435938,5.251138490825762,0.24969828796227317,1.4758010481646835,1.657206155053953,8.160154098606437,39.18832577697683
745,Sandy,37.8217416189091,15.690041130187309,32.224515178784415,4.0443635442862895,0.35269087264534493,1.6765974996983029,2.7079730601087544,6.370171024830864,15.678678267367177
746,Loamy,85.95258815898947,28.4225478951801,19.993734857753125,0.9772172737854458,0.3983259134235614,1.2041580107136611,3.815452313482219,7.015402067361828,37.50000265804754
747,Chalky,18.249702040076443,43.722144381224126,40.34434093541979,2.3574355813719645,0.36121477897400855,1.2984089514569033,2.3287549712095035,7.921338915185329,5.1089540688395925
748,Loamy,12.094878867222718,35.38317459471995,51.498903762404936,6.837615755886118,0.43153523356276446,1.0776717886908627,2.1839402264034304,7.367944906278569,28.20105292892436
749,Peaty,52.6110819637637,6.23520499343989,11.988919288644631,3.471579806656365,0.3377663939663398,1.0630974111341127,2.3348433346526334,5.7870851710431745,23.573926268430597
750,Silt,71.59178004946257,10.678787547766529,5.175386171994828,7.141741749032525,0.10122204424375854,1.6611694269927302,3.28966680954755,4.581869061974228,17.91828546180036
751,Peaty,27.675203409408233,44.719775929170254,59.65517870306484,2.3202933494903335,0.1544588454828053,1.2375956738709841,0.2660297769560844,6.375606807570666,19.613531172623446
752,Silt,16.42358044131963,34.36842881343263,29.774003066540843,4.817910945677374,0.44687464231580465,1.282109544465201,3.064437798583873,5.493866845224801,26.025733803155244
753,Silt,77.64066715271434,5.812828010976842,8.764931867557275,7.728036432076234,0.15112942006576624,1.4244778403219307,0.7717996281253365,6.178224253044366,24.531349099713537
754,Loamy,88.90535063940422,31.82656445761348,37.36746428094109,4.67637262669658,0.3478376595308175,1.5365393681191073,3.0922459036593586,6.333549801845653,22.786240720331158
755,Loamy,65.54529134040487,12.585954804974595,46.42590949092012,2.066910181795852,0.18240078047335848,1.0373128494646573,3.2202229120399464,7.962909323312173,39.40469680207111
756,Chalky,88.02113848437588,46.39671481087275,49.06838950888869,2.2216050168006607,,1.4593831671627187,2.542011908744242,7.567073507696412,31.90155798010047
757,Silt,76.6141102717975,10.50888495675904,36.31096478555436,1.6826506529708938,0.19014486883207363,1.4880489417035339,1.8125635380044423,5.283769764832893,11.246978482939074
758,Chalky,30.148181968395367,8.463869243518893,42.37330215904407,0.6592219622764321,0.24474484921883569,1.6803060546993176,2.9567254714040523,5.763736876553676,37.10861867685267
759,Loamy,18.78252013854551,34.016307594502166,31.194299914899474,5.69320191995414,0.4094917485034443,1.1237120062738004,0.17431950036532246,6.834573309079668,22.23474608622007
760,Loamy,74.71379542782523,40.67354129244795,39.086621138498046,6.3731322263963195,0.36324969959516307,1.3602274232835176,2.6300769110409408,6.761837709290175,5.4916192860983895
761,Loamy,62.76787666566126,17.321489647532996,57.33734080708313,6.651930036371185,0.22864781773032178,1.3793672934826002,1.0060695002448572,6.682782482250653,32.509209010827746
762,Silt,75.03110421480207,18.560345571259077,59.313658322705564,1.0529258866986255,0.3791901780481566,1.678043777084798,2.67572366239556,8.309071994873548,17.348640418361995
763,Silt,67.46949416237291,21.05553364366141,39.5160543631904,7.566990718611836,0.4919701291217944,1.28998121488056,0.6372889272543137,7.2707977056021535,39.96097713468637
764,Clay,50.41264413027933,39.46137714745264,37.11566873954316,5.138500766078114,0.1579862620312365,1.0648337410740023,0.8002872300942508,4.888394755344249,24.03470357754117
765,Loamy,85.26597881381743,16.789573435711524,24.00282437554959,1.1626105546822507,0.19617471387864105,1.4810030821981341,1.862026006377126,8.261909424307877,14.462479240542352
766,Silt,70.28476900789583,8.96681995436299,22.833317219105144,1.1366595528357142,0.2796199734420606,1.5295639108582897,2.1667943697898315,6.352850694377825,31.318792240121496
767,Loamy,10.681917677607125,18.912722351061404,55.84720727294405,4.323506233483725,0.2253759434555566,1.4659204790593576,1.7236296126417816,6.822296652364061,14.734602209700492
768,Clay,66.34076706538978,48.471492529347444,41.58329521409161,2.332205360816122,0.22674486260501056,1.3918982473701285,2.4832471255092545,7.777968351185947,5.86509850220993
769,Clay,53.53131693918327,24.55418638742196,30.221839193332126,,0.27161482494273814,1.170509375628145,0.3084949930467154,5.353148001295464,8.374853290958853
770,Sandy,21.063917187685767,30.199030944758157,41.62724410629639,0.5882549940851557,0.4158723139754059,1.4309019848552404,0.8539345689619599,6.547680742984344,28.002209673306258
771,Silt,44.8101558641624,39.30361109362532,11.650280786395978,4.117577114244425,0.24279150085423906,1.0288696564298485,0.11429584224319012,7.937558675788848,12.493078324072068
772,Clay,51.93348266678872,30.133772483714882,56.889272779908914,1.1494472528064046,0.20271262548799493,1.4533940176835727,2.3076456086199,7.446487577837011,13.322499492853055
773,Silt,47.47635447254913,34.558146891361375,33.72788885843792,1.0757207861241607,0.32033416061811437,1.391276481021159,2.7935504894137315,5.90219414938254,10.212763095217696
774,Silt,44.75026090660609,44.615698934911116,23.374610898727358,1.6898500897248963,0.4486688730453954,1.7620999485196136,1.9860973680825116,6.85683285101512,13.973699687747606
775,Loamy,60.49466883559531,21.783274213550218,5.730977505486987,0.5799362359867534,0.3797841895276165,1.255962846749683,1.8987838231930976,4.532120992441332,31.59705160877045
776,Silt,62.68795682100392,10.016566589950468,42.24415495339669,1.276252081238256,0.2360515101412585,1.0174050958596994,1.7603453732933736,4.689195892617811,22.98117856670696
777,Loamy,65.80211444436446,9.250796952244253,58.32634085073021,4.957568394662585,0.4888656907386614,1.6080932025640153,1.4102757186263917,4.953760828579357,12.560521697064914
778,Loamy,70.91500796896723,40.21910675954028,35.719642620858956,2.4252595460228408,0.37632512515815597,1.1341370306151537,2.3943173867093774,7.277800112037193,13.66459486954479
779,Loamy,76.65195548920414,34.47147505381702,23.297381172922282,1.0161637222331372,0.1553066098839469,1.435571634597676,0.12393515047109792,6.980314409759521,18.23803552593494
780,Chalky,55.933389237687514,30.491418368494,28.008259883902756,1.516126376916668,0.377832655149274,1.1718669742428396,2.422341527011603,8.16454500731746,39.87193402931922
781,Peaty,15.834301328510163,46.84989712450768,36.27773230901684,,0.46232228468201264,1.4315417493015692,2.010514740110121,7.334236901830938,11.087440169457707
782,Silt,39.18090421643044,33.20797789721175,42.88156071928112,6.327184917012195,0.28919705446795974,1.4648021214568108,2.5394952909046182,6.182406883920096,33.10100265398027
783,Chalky,10.30329189379441,7.145670027717862,15.083267269835561,4.71115712622643,0.39177302441560713,1.5293672899230137,3.432279424556296,7.9677635238597215,35.29873217593908
784,Clay,57.61658311839426,26.089362831278926,56.43149210773496,4.0560031482916425,0.1603156148120477,1.2983982290412988,3.3320242040079493,4.670990200704078,38.43531798563294
785,Silt,88.00445457717689,14.67006139089339,27.787314303951657,7.049519939167351,0.14423771431384821,1.0488831078697158,3.247703373287779,4.540465917073542,26.1678689520088
786,Sandy,76.16679462243142,32.958527057895566,39.34514782514961,1.0974025509338228,0.3512083156270691,1.4775219758556346,1.7048064125076985,5.501197983725023,8.503700446768825
787,Silt,48.89869659090564,13.44617513262206,55.128638968836064,0.7787650765853436,0.2601344350055759,1.6916151690686396,1.6208119565406924,5.010431521752846,5.810937829470311
788,Peaty,66.6555685646471,34.02442308979627,36.8092951032584,3.680690625596693,0.28374627265840313,1.4203575057788405,0.9067951723686414,5.580938220016904,20.50169774883355
789,Chalky,69.35025152382462,44.74982612083071,42.59510021312099,2.480144096394505,0.22296734029779414,1.200199384792981,0.22355339985537315,5.7223910239174005,17.27556580554912
790,Sandy,57.58691321875284,8.472510109637115,39.825380678952,4.068635696072547,0.28224518455698855,1.330773581907603,2.0701246073284882,6.321772221716737,35.178869763602854
791,Sandy,80.84665988560376,16.65386991291661,18.642134627391847,,0.1396153495770557,1.4321969807315469,3.901387939790893,6.942460680992713,25.896486359196217
792,Loamy,35.74725769242071,35.307258084391506,57.96216228016705,3.8469397684689923,0.14319376432283498,1.070130346959916,3.0334712976580827,5.90999522038029,34.512280931529304
793,Clay,63.87066404421574,37.004669684132274,30.9828757564619,,0.27766626802614747,1.4544683461800805,2.235170643260064,8.368965797668277,24.96671209698182
794,Sandy,15.171864292465465,31.40584681263669,10.41161581430358,6.48374482791566,0.28124755263161605,1.0874386404291545,1.2623818495947186,6.666708802015889,12.958914736699215
795,Peaty,21.059978628761247,11.259297709452282,59.88925864678338,3.41594062041117,0.4485665536575486,1.1422846606156845,0.5752428235792242,8.004932306845088,11.98527720715046
796,Clay,85.07659592259303,15.91854046735287,40.75119524617512,6.162843109788872,0.2321488220852287,1.3144217012293298,1.1288110825747675,7.709327804819725,18.835496382470613
797,Silt,53.44586725573346,45.83075372005229,38.466378799494656,1.5604377279105857,,1.6394788880291689,2.1835631972100993,4.692336709815113,6.025627403880467
798,Peaty,70.35066358419058,41.86540244974868,55.41201774146997,,0.2212460954011356,1.6590410899139933,2.533831949940395,6.385658123854927,22.40566488677885
799,Chalky,79.54300423162918,47.751024159484594,34.80283653788341,0.6695354192897716,0.22314993372384279,1.2261019765563839,1.5271318943726409,7.725902057299068,14.541012239109142
800,Clay,84.73086912937981,23.408374014754152,24.82195630636583,2.265746863890989,0.38353836296194666,1.4303695570603656,0.5091445791283997,8.126509496305484,6.598416779414694
801,Peaty,17.180166594758823,24.78022671142946,14.61075824186117,5.352608781441092,0.32481030527867394,1.0749520012754217,1.1254253198420197,7.0314192831453255,21.610389667300527
802,Sandy,66.14616524974895,16.648926867010395,49.58201684752887,2.6985857613438227,0.24917056941719884,1.798165177850838,1.102398471259099,8.228135836060549,27.435199495762113
803,Loamy,60.38755931120649,28.60389802608094,23.20536938827506,1.5440672602701893,0.29332405913257487,1.5231616731652813,2.1869356595535163,7.153247929126334,8.52533049169776
804,Loamy,58.01084685395631,42.34328947629761,33.40203713341111,0.921796503478902,0.4377721315118933,1.1793545930337612,0.5029385087926168,5.333861392620335,26.29976672525146
805,Clay,21.63440180034805,16.14563955007983,32.98852853845812,5.020663405411966,0.3983609988490906,1.7197652735727949,1.2240065042517587,6.734016299742105,38.002939504486555
806,Loamy,71.85547587748144,11.328679508209603,45.72182910644855,1.0781829590397423,0.47385823241887437,1.279802277194549,1.440036332980507,7.5239727120379545,18.1786747484226
807,Sandy,35.246435703773074,38.77388137250566,42.629694287613106,6.490998710774887,0.45074873956899886,1.220201473994259,2.156185566030499,7.16570002874893,39.36042306991628
808,Chalky,27.77607334714751,36.202952059911446,28.296764288642986,3.178864618165617,0.367816444429521,1.2379465868193684,1.2650181077937697,4.83347977064661,32.36813248549822
809,Peaty,66.58176128084366,42.314925758186305,28.432070974618142,2.7870822589426028,0.17601771569751576,1.3888229043129026,0.6844072678309044,5.448048021164748,5.336579784578584
810,Loamy,27.228571943346573,38.81921529721247,19.868204208838726,5.185971531978453,0.2447764241103308,1.0267630067237594,0.1993511293720406,7.25120871510178,38.081120241128296
811,Chalky,49.898700400260616,23.86835477134754,23.750441373400644,4.674640681279532,,1.5211617033897893,0.7747691995016941,6.613259818050208,22.850033487853477
812,Sandy,35.40180771264791,12.055783911243974,44.13076748421303,7.906911457483708,0.11353367078068054,1.7582071105516666,3.3164763590620243,4.623404022243563,26.019727161014544
813,Peaty,75.8782209184458,37.153463339753145,35.92855125236369,0.8842801114288039,0.3725065635062661,1.6524271135410498,1.4660871864547746,7.453415713598177,26.322771663910988
814,Sandy,86.34997442855945,44.52810619353305,7.8076637489416285,6.885274380882411,0.49201808870968355,1.6488589482244098,2.2020198903363326,4.817723782586012,18.690376209604466
815,Clay,75.96958320039847,11.876311039346515,32.950148230195126,4.99604104842509,0.4310106067473528,1.6192465450677893,2.0110908199073108,5.239313664902532,20.544338591939642
816,Peaty,41.750610932601774,28.339915667659806,57.52744863902549,7.119646703234438,0.3751518882347602,1.285408822064472,1.1774508089093239,8.11790743688731,23.156065912167644
817,Peaty,23.02320605979631,19.798642732384565,11.011233220242513,5.704342561068982,0.37115687183250823,1.1523452293365142,3.389544886450015,5.760290749309673,38.79634439014935
818,Sandy,65.8697638904573,28.375792324001587,10.769699733894342,6.217622774540874,0.45881360959225304,1.2514805991645126,3.760669923053387,4.637148316617289,12.645827974542723
819,Chalky,82.2957151629494,6.409724167622281,41.726659689969296,6.4002459477244455,0.22412958993942725,1.1382359475152144,0.9283064659026339,4.569711120077599,37.01132342824779
820,Loamy,42.117347738273565,20.908545788794676,57.67613938968478,0.6136611059344272,0.2786615092812422,1.68074778855373,3.248971902871791,8.24218508769807,39.154890443692516
821,Chalky,13.26186931913055,26.79021217672753,6.468789953536318,6.787175276478753,0.3641492713368081,1.336824407506562,3.0475783554103253,5.990082714486425,19.869814909898743
822,Clay,19.948187221682872,11.78914225127049,23.949340969193013,,0.32907236662026706,1.6495756941708852,3.3692620715276047,6.984703170607991,13.651420963555786
823,Chalky,40.61309292064471,23.336986238549475,8.685082057753863,7.605375237520169,0.43764201072063413,1.2322458616072056,1.6945706951073638,6.155682394479301,21.164743053766625
824,Loamy,49.94215895221344,12.921069936519196,19.6199085322091,1.498941641426517,0.24650851776367025,1.115001751373407,2.7764303754375623,5.353662936115654,8.555251022604626
825,Silt,33.245160583586085,14.704576648719364,35.498461099774346,7.411814146809152,0.26651229439754565,1.696465770031704,0.8410508618224026,8.010760430554104,33.74974440233572
826,Chalky,48.99978454657875,48.994879391137246,29.31659186235956,6.90857976925123,0.19969525956773274,1.6391338790277281,3.8756680509885952,8.298639470475337,16.015501130744024
827,Chalky,86.70402860528621,32.081446556476706,24.98296674367,2.197495126392473,,1.4449092382607567,2.91850876546158,8.451377142812476,15.648498770547711
828,Clay,16.163507396572836,22.52372871677039,16.587186078941272,1.4305258541395491,0.25612189298638954,1.0986198764247928,0.3984268015976794,4.665484924708729,28.56903618463378
829,Clay,74.28076072939398,28.457443678096393,39.069837103031055,5.214584659431393,0.3194415792591362,1.2690698974586585,3.5241643703689784,4.701474259846706,24.6456008784467
830,Sandy,46.426200236199776,22.23796323131969,36.66654505304544,5.569674722634555,0.124231346370498,1.0460379759095837,3.8403924804010763,7.931864828006216,25.502148858303897
831,Sandy,62.29535569063336,32.08267475643294,41.46959981820193,5.8318848186251016,0.38175497053073226,1.7185595843913788,1.4012149182664058,5.204629521564206,21.957778808399063
832,Clay,87.54985902772998,5.021578464580389,48.62655304674638,6.841667857187625,0.3130393585795719,1.1922077382612921,2.2017057762295464,6.7466228783541435,20.773204765775674
833,Clay,46.76445849302628,15.625453171637492,45.12074157791209,4.675302855919359,0.3968919094601947,1.418620196654546,3.9685077015320056,6.81936698369236,16.05023024480576
834,Peaty,17.682538855477297,49.50135644267116,57.65004621682678,2.629691840667249,0.2000088362180149,1.7534860359852682,1.8586889575288181,7.147789226562408,14.897213449546951
835,Loamy,76.23298756663463,10.0554827527044,14.317955801012092,6.927991690878708,0.44219185768268077,1.4984979774432485,2.696333757673217,4.6503199631296255,39.78597910920665
836,Chalky,31.17705395890047,8.551859819648742,57.32729880580549,3.7504397964906047,0.44830669264095546,1.4984401502520797,1.86456035467982,5.734488176898695,19.102401765155296
837,Sandy,82.41698468907147,27.192395284978065,14.46780304878277,3.7595835849195733,0.27482915129654895,1.6662776198591538,0.39508428070597024,6.556637975068773,22.744025741496742
838,Peaty,16.55508904046947,18.087384507695493,51.35609739730043,4.193622763841177,0.13810285226388347,1.554737312175285,2.0873098209892205,5.197573389262002,18.899699680764343
839,Chalky,28.238765409166902,29.020475414387693,48.36438794486092,6.766661621408217,0.3028754395938765,1.3886094007587053,3.3243444413124057,8.276127894306036,30.419829953557635
840,Chalky,87.44553890187653,48.23266978928719,41.63371874032701,7.7808370899965364,0.35880858854676145,1.097751498609812,0.26191906314834695,7.815268561753462,11.083970113367805
841,Silt,80.42074030011176,10.67752894874588,43.84356125246505,1.7832449237557086,0.3397795080570686,1.3973323678800114,1.8198876437667548,5.0577007466292585,6.821641102286705
842,Clay,27.506093221627346,24.798870733385648,43.033831768159196,1.4160824550242608,,1.1455555489019331,3.3068982009500183,7.183480581351764,39.09137420453035
843,Chalky,72.11720505355807,39.14652851600614,34.14523882784223,2.658596091537271,0.4672957281691289,1.3934823999145833,1.4783747839791581,6.1407406016834996,23.746561491801714
844,Sandy,16.90341246048653,12.233337081345594,6.796072845500959,7.281841221822466,0.3488561907058475,1.0175589120164976,3.911866735079979,5.745979471927398,24.27213560459365
845,Clay,22.628352524512962,37.0446791218622,36.87589115032506,4.460923308193479,0.35690459180254597,1.281995588892151,1.5944313264278867,5.663855693064134,21.34081521368974
846,Peaty,24.582288155885593,23.009028769516895,26.40203642429069,0.5424395740943437,0.1519280690319331,1.044236548371082,3.154282903897568,7.150671406362559,6.746180581265135
847,Clay,13.454806951913305,32.93627121033451,19.980220597803232,4.864395693643124,0.2573351001204066,1.1164971478334416,1.0577596800294633,8.11422822708047,28.68379218145669
848,Clay,48.766681636208844,28.652593684897877,31.95679839934531,4.617188320127675,0.23205077434185922,1.5559235097459116,1.3962733994354655,7.845128128513444,24.805033966748447
849,Peaty,41.251939652124456,25.275011834742024,51.64599810980583,1.098727781090158,0.2383306298276806,1.7810468068448548,2.9120350496198144,5.895863073826407,9.991090921390018
850,Loamy,57.16737240147892,26.556555472693613,36.809379184527316,1.6172290346845397,0.3909543153774635,1.4517835403081527,0.3224436898433878,7.330967312469111,23.323650242239786
851,Peaty,65.09760935266473,11.626046710867378,58.06175320819183,1.19774431904814,0.2951979179634622,1.135599345870914,0.4657450708673472,6.609544143241364,13.17610300582238
852,Clay,57.62723426424554,24.538244913068112,28.131375257013413,4.408662566822034,0.3010232912183507,1.3011637546733046,1.1404105880302318,6.261470278900806,27.402593611515965
853,Loamy,32.277698827536966,38.88828846726374,14.255448804504937,4.4823619910731605,0.1990884391182487,1.187485211499425,1.0780738419915608,5.686904714597676,28.37634769482288
854,Peaty,16.611017388803482,45.349325406842524,22.306204235666712,3.9510484565527224,0.16686062211604508,1.0382721811624982,0.35755031328839915,4.824904160574738,15.382282119954716
855,Peaty,68.5615219001812,33.20087744394094,12.956722208033385,,0.2637457371498866,1.7304532577354457,3.890324797063933,5.269712394849128,8.293575012493653
856,Chalky,34.72950851390912,42.22875089910959,42.66826429636998,4.853362652989248,0.12308555480891742,1.4337218811670538,1.244748292920408,6.765624751378718,32.92706985583948
857,Chalky,29.764478137010883,27.840186114498575,13.773568019048433,5.466168853528317,0.16380533140548587,1.1191028460881427,2.9178469767079878,7.414624857825618,27.275863264927942
858,Sandy,65.24053250770177,14.72737005206619,33.50380521093881,7.728365764839365,0.42741931379574827,1.5965779916944305,1.632837840311146,4.647077248497025,26.146882991276144
859,Peaty,45.35011392166092,37.57773148945984,55.78791165937231,4.588499133338656,0.27496446797142127,1.1370283273922754,3.9647431131994924,6.016663810494208,25.93086934004579
860,Clay,26.361687153724482,36.58321139981794,28.862437346843386,2.492664721567976,0.49054796330290695,1.1652179309452613,0.6474176730951655,5.163214227586602,30.173565066848656
861,Sandy,71.32369749931541,5.327161281178202,27.149721334410874,7.809504929476026,0.10174514276625378,1.4812400932330476,1.5598054359391218,6.908484002709864,12.99419471175672
862,Loamy,74.51033724841805,26.57711418610152,16.172254232401972,1.2932212635823888,0.46823055722535856,1.3411668339871197,1.7836526107696353,7.958625082391207,19.2362717070858
863,Sandy,88.82295418756095,47.15339544991902,46.45837448722733,2.8449661095104983,0.3609762359304445,1.7157815158702538,2.8975235845786766,8.218788760572442,12.75306001580639
864,Silt,47.43898390533204,49.29611428122191,21.73382413134356,7.268184439925667,0.3492507643289854,1.477367376087974,2.034428334262395,8.040876498782035,7.4898605186216205
865,Loamy,12.933777444812105,25.561448015341153,59.47211291538739,7.5789940252768435,0.4361503235285963,1.1459573746595013,3.02622290036168,7.989442098390002,36.73428390976669
866,Silt,51.380510406903355,37.48046877089531,14.171759936003186,5.337546933888508,0.35071490103374814,1.379764852597044,3.380799336516354,6.903730755833002,6.632077109030872
867,Clay,11.860410940775576,5.793974478827311,5.123319590975477,0.6096606245929443,0.11394228305012417,1.5813864078522384,1.2279369457482971,5.47188583087452,6.613228366064169
868,Chalky,85.80682078169487,17.06382248420953,34.668013552088794,,0.46212711334859724,1.4800888431576782,3.235271699852544,7.487821865335068,16.270585910052493
869,Loamy,23.9850331231463,37.47944465788256,8.775282854486548,7.4956600455157645,0.4492680234662222,1.256962464775044,2.016995386542199,7.39803010882323,16.157006746536055
870,Loamy,84.0317091674005,34.38484050024265,25.33128939005476,7.172748909998335,0.3079759842396741,1.3091487228788028,0.39849128327121164,5.166611606705693,6.389968263290313
871,Sandy,86.00161845872788,34.72552405321482,29.840633891947643,7.203315333427014,0.1503802493020457,1.5324982565826017,1.2584033542778568,5.279315469723539,31.85790415261536
872,Silt,72.03653830016822,36.342284877662166,18.65786960987635,2.703890978451888,0.42858781037270643,1.4151954102969468,3.2313811326762463,4.937348420576008,9.107295562036725
873,Silt,16.984568719524702,24.320465448370715,58.79680689456353,6.686114423728258,0.3119071530166584,1.0590043897200223,1.6167802109048255,6.494742160156387,8.0944114335447
874,Sandy,54.66918268411348,47.20520974575497,23.965649121384946,5.542341871270024,0.23049586065388952,1.4389354076466763,0.4637258348005633,5.7862508242864745,8.057242657056541
875,Sandy,38.34110181006049,21.476584864481488,12.958630205243457,7.202787579652912,0.4973238993964696,1.3638270535372876,2.589565961107593,8.100488131598134,27.551104831617998
876,Chalky,75.61706918449565,45.59392116959634,7.052542412092171,5.284355944123828,0.1658061515030514,1.6519447298756336,3.4161725464797903,4.646602907722006,10.92262977682223
877,Sandy,34.177157138010436,7.713325601053522,22.01826173784241,3.3136405939792835,0.1658355812373291,1.08986846397109,0.618142388734682,5.796331460125034,25.24523861960655
878,Sandy,46.100334904607585,43.213536805653185,50.15845832850631,5.25801257997592,0.33987953129405024,1.0008308712500535,2.217720983705784,8.00408441261233,12.031915109331724
879,Chalky,55.8953198934163,18.64778924805778,18.526362325112537,3.1837992234684838,0.2067920849188587,1.6566105655297152,0.9102746746264146,8.495977466935837,34.27888730231222
880,Chalky,12.825745040498742,34.689248333133435,37.92914171483661,0.5187212570750053,0.26483358684466707,1.1689822918304655,1.4172621982733582,7.3920719875423675,11.54713090936334
881,Peaty,58.710476342980684,7.4740753040659635,59.40137842652945,6.625766761609984,0.19621567726436068,1.0252150926744688,1.7142499917977574,8.102670609568348,20.043097570752092
882,Sandy,37.54112553723998,8.602105038318669,23.897412637527346,6.870255164510446,0.4130484989540284,1.1768101574868077,0.12036526360930784,4.564496714945322,24.334623676662073
883,Sandy,52.33417795127387,7.564576248755738,38.87944520130932,6.110583492941451,0.20985800178960823,1.7088093074303885,1.487267217806256,7.586989778797439,35.806783874159194
884,Sandy,19.98636674850502,26.82048536689773,37.974016550079206,2.20621975258109,0.43688408392680056,1.1369270268489948,1.3066788135340783,6.346502946036265,12.528905934094091
885,Chalky,36.865670780765534,23.72859851697511,37.68639440951662,1.5191917068191445,0.39437298330934223,1.2559895557634562,2.706638308807589,7.261732257740603,26.71617266877496
886,Peaty,56.54389789771155,19.36196226131227,57.436366093627335,1.7745199208908973,,1.4884715115625553,3.5324005003645698,6.219840617114088,6.09138536513984
887,Clay,55.72640006539551,25.06804957623435,48.226131553863105,4.257381178956647,0.4196109614948462,1.1435657305622042,0.510497004361454,6.777238084384925,32.13589500641048
888,Clay,22.636948915339854,19.111094633351538,5.485122334173472,2.4819439567363033,0.22750485684145239,1.5161180351140646,1.9829917239711097,5.539996023385362,23.448562799438474
889,Sandy,43.175765330232224,44.21679493925407,6.534662089178703,7.087372985742931,0.26264230101846553,1.5653380199989773,1.179063030295323,6.796381410615483,38.076769066079095
890,Loamy,51.56020638834605,30.32615307118896,7.202193514860403,4.582780185732761,0.13131078176024738,1.1848381302743312,3.951312656408835,5.6632666440483135,32.13811435023682
891,Chalky,16.498004856607842,18.95997634536284,25.05306854409421,3.876222907127131,0.32750044825389524,1.0769878287768007,3.143341110265053,5.621002433886305,19.027891388559727
892,Peaty,57.94975877165179,25.46088782338434,29.179847329047444,7.036930324086916,0.42651845150757217,1.3215752571469535,0.5596428344339943,5.808459209318405,19.55237808989668
893,Sandy,28.537540204772014,44.02190548827778,49.39648572330219,1.1080526756143376,0.34919516648119486,1.558898863223893,1.5384437934748534,5.303062551005679,5.227174385346145
894,Peaty,83.61661893933575,23.41047360037327,39.99602102389664,7.032359145554179,0.3206831139641471,1.6508075019063844,0.5335635638706141,5.3910064232919614,34.332756245688536
895,Peaty,31.483509646459915,24.222782769701546,59.99867858343193,6.515985153567181,0.4591727993439446,1.0293429642653862,3.1693998585513934,8.226098003451144,33.18935306051941
896,Chalky,72.98878809738464,20.19635695657613,48.67225444103309,5.653137743574029,0.2765234176208452,1.429257525277631,1.999626652133356,6.31781884544446,24.899348900562003
897,Clay,56.5728272854091,16.720965592474393,53.0419463827338,1.3324804707666944,0.49830717218235443,1.205885098286929,2.624418740236892,6.956565587017447,18.13984905471319
898,Chalky,64.82776088944792,26.228921193903094,15.009048582955266,0.892949972702627,0.28429160928480934,1.3328649578795453,2.342018390993407,6.787074408636778,33.17270575791981
899,Silt,82.14096331245011,38.14646034665948,40.278518362006686,1.7458312756121281,0.35731464662527124,1.4230035341070628,0.812146841015302,5.56162531402646,26.359434291412963
900,Silt,77.8250679544118,21.55891275570341,13.195864940272616,2.527240204412128,0.11855623098050808,1.5881997971230026,0.1506772870110757,4.500714059482514,11.644109447454413
901,Silt,20.219606623900113,15.205368028749994,42.12345164498462,,0.3794044274019279,1.0318412298258384,3.4938851355658933,4.917318422526204,13.480596132407355
902,Sandy,84.69955533341283,34.7000507325137,49.53120386219805,1.1025286765248574,,1.1362996617484358,0.46017286326547113,7.823132544838852,26.198555802802943
903,Silt,21.093922689918145,41.38519165502904,21.51485503659346,1.8728054536944676,0.15109576215958992,1.4930787342616973,3.186699897529135,4.9374154488832165,28.732105777732382
904,Sandy,35.31114731228496,5.981311414742315,14.196818768808013,2.0031278242209174,0.15925851892692036,1.3526864565644958,0.8467511055150964,5.327059670178125,8.964727872327188
905,Loamy,51.85067338508855,33.4587515996898,18.057624160045258,5.530268829282361,0.3033169308195255,1.1679065927610348,3.425817692175847,8.151298379133765,34.38941207620485
906,Chalky,84.66795986336801,45.54170111747736,49.601673436046994,3.0962890483326335,0.3358210430483593,1.0519868896662758,2.4156099123664854,7.731264209240934,22.61920766664642
907,Clay,60.1748716701383,8.978398266218495,35.08829895056007,2.5644183238583973,0.3813154988024404,1.7318275332922313,1.656779919040595,4.713097761309594,11.99502515502467
908,Loamy,79.99608760295271,45.46661978076482,34.50549975500833,0.7181804483791292,0.2784453448978921,1.2903274581738828,2.6675740333014266,7.073816121890905,24.791075970684975
909,Sandy,85.33767678505609,10.299143110862463,36.72190119557045,1.2076439891705406,0.4458998421442967,1.3284449088527992,1.167638476419671,6.562730232045327,35.669951499231836
910,Loamy,69.87877370305854,49.857470903407375,32.07703063266939,4.6229615518883,0.12741379348742832,1.0392899106445483,1.7325367504831442,5.959625246857218,6.928649022925002
911,Chalky,48.55256409473328,28.028873531873057,52.486710325114544,5.2501015403502755,0.14857926470409064,1.590863399809538,3.3126286648854313,6.490363395271805,12.734467733946454
912,Silt,41.04112511636069,37.849060316105195,32.90957812983756,6.06690135474742,0.19114933613948912,1.7937382621300508,0.13490002647385416,5.1042118375911,24.71317636334382
913,Loamy,32.01350098251887,7.8251028290327405,37.7779362808825,4.231148735332417,0.14069752384047268,1.7826408303952248,1.0124381648498677,8.319101920157914,5.064762113427697
914,Peaty,50.52741782958471,9.611433263165956,58.88883341452346,2.5176727942213484,0.40236365287916265,1.248966734225792,2.991062049038877,5.185975449549888,11.292136084128982
915,Peaty,13.842899943370055,48.348566464623524,30.042625351257897,2.693338037289014,0.24516063172956992,1.768914802390714,2.905864944421001,5.244371506338336,13.285252274535365
916,Clay,28.251894793998442,49.48417103167375,15.29272966288958,5.381213342911112,0.341701899913335,1.3261249193802884,0.7382477185886788,5.975374930363586,35.942853058596846
917,Loamy,38.66648529720378,17.47118680028484,35.96345104400045,3.6979724472174413,0.4059619625799893,1.3097945694272883,3.9336583007427355,5.350366821529027,23.347287188418143
918,Sandy,78.2704531463399,20.38640193723227,43.75416437362791,1.6878333292892005,0.318884378143088,1.6653200056105542,2.7382593086154943,5.75139856798647,27.126427811746133
919,Clay,40.08845801200188,5.448935432653849,11.884221144831367,0.529141201177677,0.31338139290185274,1.6334364444396132,1.5483602668748755,4.659402133268452,5.107498291098934
920,Silt,29.16191118383349,48.02069409953626,13.908975391571557,2.4499684453434707,0.280132668338955,1.379915828130143,1.4684429502945249,6.957101974935532,18.535664862637226
921,Silt,72.61539331947152,46.294011753561996,6.340272144939025,6.166697201838712,0.3782065052248176,1.3579391801290561,2.138479511675271,5.464485291150327,20.651196199687515
922,Peaty,85.45272825212167,10.217937200102725,45.9408801586777,5.485480099498371,0.31184489424597384,1.774758274918852,0.24089552731079536,8.383909660886113,34.36109348311852
923,Clay,71.98272068033563,21.427735229800504,16.117815651196445,1.2318800632397335,0.26142756861338945,1.3268129282276173,2.886757649153725,4.956822873688734,11.813240392837763
924,Silt,20.06159301828901,48.49945255589477,54.55963659560202,3.8312645561181404,0.34711461348755424,1.6893765364440894,0.36677347295753193,4.809315154282752,7.284391148338514
925,Loamy,35.626424804943326,10.660491071649354,33.34924588770862,1.5845812373826647,0.48461066270914854,1.5971568833271588,2.646731556032968,5.196858386964061,33.86953150390592
926,Clay,58.23137310984514,44.31795405005051,57.53807093873827,4.047023697248033,0.42325684564129373,1.0855398624250816,3.226847175888355,6.66977420704665,12.421849282060311
927,Loamy,25.68123548054433,14.076326530103263,26.068181874211113,1.3301157083550825,0.27883786716844905,1.1271847012124874,3.6305642198051378,7.489952306248919,29.179064308918164
928,Loamy,60.92645569511297,8.074786836671327,57.5699824530082,,0.3430533970838766,1.0299876299441562,0.6757651011072506,6.736229883617921,8.203843024848528
929,Chalky,28.88222292699232,11.39802881871023,58.769329934038474,4.879751611058644,0.2565415305635357,1.0281337672561914,3.007295236488512,7.941472003525168,28.537927023740945
930,Loamy,53.41689302942192,36.94407749868355,12.152047253193805,2.442616313672063,0.308095292917166,1.4835613400914054,3.9348398850309954,6.874264893850123,19.813887190646703
931,Clay,66.54091097684045,11.178598556033627,11.871772717467774,7.943174341922616,0.39345630746260174,1.0616031421193086,0.36443788735088756,5.054308989225216,37.48096380153121
932,Clay,72.94501457071378,5.168294172823872,28.293009896060045,4.914801023702867,0.43516525683542207,1.1089546556295358,0.21008480886480493,5.242696274845624,12.014686720500128
933,Peaty,74.04469017448652,39.90620629952448,27.764051504046556,2.515545022895393,0.12448698994760621,1.1954735573557582,0.9284646005935825,5.930469320377931,7.349598102204344
934,Clay,71.98055142314189,34.49754814839194,40.74554315623073,3.183086670437945,0.1658860297515929,1.4426572100832127,0.8995817066817849,8.180116366600075,23.673363245109595
935,Chalky,20.96812503973453,44.51689996927069,11.195935766752836,7.37123152575288,0.33214700244773343,1.1831559072359366,1.345943225782363,6.340093850162129,37.11631354977302
936,Sandy,89.14586290774815,30.99574468327426,46.5979857311101,2.0239553583895162,0.381409679961934,1.3167274122867734,3.701848749306739,7.996606911984605,12.123568407179778
937,Clay,71.77221988345283,7.050765412428169,17.371605499143236,2.028260840549184,0.3643260719506869,1.282670770715104,2.76398094736466,4.798641598244535,34.22001981414938
938,Chalky,18.33063755764403,5.971314769488355,13.283907917886912,4.7792294685210575,0.19981244206984325,1.3170417530236473,0.1417860480399493,7.246850728168061,16.877854735968807
939,Peaty,65.8053701273964,40.338786898372156,48.69890076456206,2.991034863575881,0.3617787869650423,1.743221835896255,2.0318991469551397,6.3688802426781805,8.465363892382054
940,Clay,47.60009281662148,45.04661981721871,9.41620272074854,,0.28476476263637834,1.7757588515402216,3.515291917217794,5.192367077196482,25.64366794589843
941,Sandy,44.237218237023306,41.01299721066979,44.137696383192434,3.577324999511259,0.19796629119548698,1.0579784153350278,2.1839709776495795,4.8263533739873345,23.26797412983374
942,Clay,64.12910606170766,21.83165942299379,11.112977170080939,6.7333822477523295,0.4538621718132261,1.0884142648681792,0.8574651222391159,5.761159669031479,34.34370275020223
943,Peaty,23.431666863005198,34.793139701725906,45.70328985935941,6.8075876829553,0.31200330020668915,1.0437451901312014,3.8204308571871466,7.782411705403166,8.602726301704127
944,Sandy,89.9543345687755,8.500842021670481,48.479600420117926,5.494007366391944,0.44497865912105616,1.3101132535531552,1.2986532127976496,7.062423052066974,27.583774446051734
945,Peaty,53.55878020526512,37.320648149851934,37.15652713812293,4.829724193491481,0.2671854281631934,1.6808973464641976,1.4653257180876464,6.348372272939557,26.71472662398747
946,Chalky,57.57081846115589,16.23156013504105,24.349420927286243,0.6172226527249118,0.35317168449957836,1.6398642087945192,1.4895683523189847,7.881908217694432,39.82259163611735
947,Silt,44.01547239006807,47.043818104547235,17.992408725362388,4.738290532128656,0.42678322290801485,1.2838311939556968,1.6394509312849237,5.224127142071888,16.481963932435082
948,Loamy,58.47369654256002,20.19687473774018,49.49025400375059,7.655667039808546,0.2315226692493782,1.600565812355785,2.8641745019125855,5.6160454153488875,6.560786023032863
949,Peaty,63.12097202218568,20.268097091602836,10.87379587828646,6.7799535079048106,0.4430284372918799,1.7831862760239883,1.3267141071388437,6.716285815542685,19.39288581738127
950,Silt,37.63964331838138,17.884648983428903,58.59570094564776,1.5831341060907178,0.2406054014535604,1.155159341349958,1.9136679831678627,6.858500364878333,21.255164020144484
951,Clay,46.96678226609737,33.508014713374074,47.851578925636204,,0.1808182000773365,1.7711071983954032,1.1276385925763952,5.78373952261145,17.913322532396847
952,Sandy,30.447725412843205,9.359312731177479,42.970739969050406,,0.3960481536375081,1.6166309416185936,2.080885957395091,6.517220967553548,27.06632601797248
953,Chalky,71.75616547222968,7.407470941726258,59.374662830894664,1.4286141351951926,0.23393370518178302,1.091731422990171,3.794671012011412,4.979855236954807,14.304594473227311
954,Peaty,68.98992814504274,36.32563221670222,42.880065208752264,2.6670341063119816,0.4813602522714544,1.6356238800987786,1.2294174995847074,4.544192744095325,11.409952106216618
955,Sandy,74.87471498543871,47.552463340930046,10.717941214030201,1.558577589994377,0.4217869440365688,1.0818016143404794,3.2840533275945396,8.12038078904834,20.84689783883625
956,Chalky,66.22661152668975,38.46767237835483,22.742943555672888,2.1850928971233805,0.19220683962710294,1.0237837906326215,0.9539996590436839,6.266013545001648,30.443650289117414
957,Silt,11.60813058498766,16.243684092504832,37.19838718638343,2.816023646535758,0.49461339617776856,1.6116817567163952,0.6643032333763629,5.424273060937465,36.20140087960509
958,Chalky,25.29185318052238,21.29700972982326,36.64766708298852,4.930853462937295,0.24547532809797867,1.7159822570237346,0.45539217223061734,5.819319013089168,28.229615108500017
959,Chalky,41.08903196153051,14.151982984068745,5.553212918371504,5.103382937454425,0.3231641070292228,1.320313581623564,3.921467703482974,6.5706204964549375,18.207563781051647
960,Peaty,28.734806305955615,35.78421212660703,19.29881364457422,4.508277629687108,0.12941304038415696,1.019252297105912,2.3246222575701667,8.285815374931985,31.131971811328768
961,Clay,52.53588643898445,15.68060359634905,45.496146715963626,2.736285155960238,0.11664798476174387,1.478047653266262,2.1056545516610314,7.383889003926342,11.609942760166792
962,Clay,81.84956842933967,30.70851204081757,41.27805070571819,7.6505394204347565,0.21823775161082837,1.186637940915466,0.12808051699621398,8.292745218943082,31.319972453912833
963,Chalky,69.04415863199978,42.776063849601066,54.36418426893694,2.725993069378181,0.10493076446300127,1.4350152615132807,1.98874006745857,4.948291779453468,21.831365210144863
964,Clay,31.323747295779896,28.238453525475133,57.81115500425103,3.5077293929819007,0.2110485956774249,1.254340284873551,2.6845808156321955,5.2131137178207565,14.478239496221486
965,Loamy,41.80556037783569,31.706831196096573,52.82388296036481,3.6670030930763833,0.30890790186514117,1.49791167288826,1.6987979788432748,5.9520871251454235,29.229099098369886
966,Clay,14.15617869329374,48.56601222621927,35.42253469581803,0.668367917836918,0.37635759474011166,1.2082467547062907,0.6027822228180938,5.477258628630208,19.574509592879735
967,Loamy,10.499102478671372,19.364143191981547,34.86325796660047,3.7158784982383097,0.20052479498417877,1.1187440674239368,1.1440222049710036,8.328154804606644,26.70221229934813
968,Peaty,44.01073256974048,40.883931254994415,25.3222335150324,3.037608577735299,0.2629428898997088,1.6019296776829615,2.885092344544284,5.1847498831940335,28.22835109654032
969,Peaty,68.23489018881267,35.90644040528541,54.43370396367447,1.0302780640850866,0.25316120575990686,1.431070782028363,1.9538032851081222,5.179755293055845,18.76228059024313
970,Silt,78.8646601104199,10.092460619455707,50.68546773485762,6.583567669955625,0.23103071771470252,1.2539279048913023,1.9692910594331932,6.450560551743235,39.50924593148884
971,Silt,44.51809175964782,49.538897981505635,47.845225078218135,5.837881725307334,0.2554367885564502,1.502317272314718,0.24977834784737632,7.287583730299157,20.99631696093804
972,Sandy,24.42033514386263,36.03105038817824,47.812997244370166,2.625881195852635,0.2952346123769921,1.2297686689898117,2.164357829930894,6.017148845685377,39.443723326379356
973,Peaty,30.909965602008516,5.627294400891711,51.68699108470708,2.4545426628233544,,1.2922469175821771,1.7564745251101102,4.674877287325553,13.232221641242049
974,Sandy,45.6381703755521,37.505746580312035,55.53926095904674,7.285440476849975,0.28583844414372195,1.3006654313198864,3.530531563907102,7.563387256723281,10.843625316495425
975,Silt,61.9670605711515,11.025147350076118,50.157110653640906,1.9185131100799044,0.20418688426447362,1.1811755651584772,1.5852790947962483,8.281761914142916,27.07973403013887
976,Sandy,53.426492280313525,18.198957766507377,49.82727147742236,7.0526878415080265,0.1254352297392919,1.3526943394347488,2.4760148848081016,7.741969228574518,24.14672147008403
977,Silt,77.24919016320594,20.6768108531289,41.31733642764679,1.0835761176242977,0.1854274039034051,1.6522031628269047,3.749973253103477,7.86035504624085,23.911169031724285
978,Loamy,11.481693071350518,18.93947327615198,30.19593418495588,6.796618260709547,0.47362268099219706,1.7767736145183184,2.308244130106807,7.891615006831569,39.82597623982438
979,Silt,89.37014373401541,38.50021277190183,35.29898995013636,4.562360154364687,0.3020988493600266,1.1755377673897156,0.2161637989511564,7.5380191388880755,5.037389963902836
980,Peaty,84.33649668281333,38.89692936506162,34.44236641426667,6.318928554816508,0.49303102966500734,1.751067492182025,0.4961968892295643,7.721732972554885,20.87287115164653
981,Peaty,21.970844261102,28.78111679997833,50.331162340733314,1.1970101405444682,0.19008372614172098,1.2223132652643192,3.8707049276078194,4.806663710354281,15.742235111547542
982,Loamy,13.85337780862387,30.515850751501546,19.628548229508723,3.6502611689122846,0.2168151728188896,1.3759262661331757,2.253184349997733,4.7184209880272725,19.97780524498585
983,Loamy,59.412486912163075,19.112399211270976,24.97369740127373,3.8775365801300463,0.35617292781821663,1.080517339640367,0.8382336922777492,4.800931221469023,37.835608117008086
984,Silt,67.712308507811,6.044159215103291,35.64466578058046,4.36485143001099,0.2421389842638471,1.4864360584385061,2.3142572255783884,6.866083891098384,33.298524176427435
985,Peaty,48.02204732024957,20.827355845664314,59.172284207656325,5.208502143988404,0.2444783966663481,1.4086747476748416,3.833863597099855,5.464966665381169,12.057932073540893
986,Silt,32.26123928811539,5.423981350689604,31.915570566534136,3.4204275809604923,0.43756595205520277,1.5431353493195488,0.2748332399095236,4.612672167562476,29.648502644357357
987,Silt,61.13230678442484,43.915517170531295,11.954538009995368,3.855781658333842,0.11167927147377173,1.480345187800566,2.155705775883321,4.806294882605049,25.287186928884893
988,Chalky,60.86693117354484,33.83479925695562,42.07396057602148,3.2770024601551717,0.3664756012102005,1.7851337917757077,0.6309526822992486,4.774103360853169,19.283333996102588
989,Loamy,21.86657592940607,49.06722109626526,38.89795552323586,5.739912939160605,0.4521280457617882,1.616115408049589,1.8423154189172797,7.010057834150268,16.968638478321953
990,Silt,73.95889365222034,13.23134987400446,51.56258972947494,7.31309333537789,0.16970357669776176,1.772389187473041,2.6527940705842123,5.071443548542862,25.944442563575645
991,Silt,69.96086816197698,34.60217899113331,52.01842394341349,1.3573808564011711,0.26139440940231484,1.42040843648392,1.8907326498583343,7.882993595389089,21.416444933211608
992,Loamy,16.786094441075335,13.456557596075534,19.251653665152496,2.656319000355162,0.42365217957616663,1.225138000767478,3.8549332132875898,8.470654255331887,24.240533672883537
993,Chalky,46.997046424309005,33.754110272847925,7.494054676300448,2.1481124575640593,,1.4255708313425524,2.3799100995436784,6.264767133746212,32.054010250308075
994,Loamy,41.47285821493839,27.13016040543259,48.17598595832273,7.545232331910232,0.24308146167019185,1.3733962098807901,3.8580391094759627,6.650552252023333,38.84541015073009
995,Clay,46.997759950301834,34.910643623675156,40.88096231318079,,0.3503688297524088,1.3417601592223678,1.326114031657423,5.539646158244642,19.379744930112004
996,Silt,46.903456368942535,37.639412933226474,12.774828693124206,1.5716976664580702,0.22988636172443555,1.3208583968165857,0.18236053284597342,7.122183206856905,19.928323908239197
997,Chalky,51.92387136471136,28.52737122862679,59.20463321778299,3.4844414420737215,0.35052380581393416,1.649085329844246,0.702797034567921,8.15997454675664,34.423132546886265
998,Clay,32.17633208125968,27.21887212840143,55.92602184042672,4.0526871404268245,0.15801213949924187,1.5928957398541548,0.3791103486135772,5.223147674062062,9.544275992237452
999,Chalky,47.57079430886766,8.136800784153948,44.771981003318224,5.1723460827556815,0.19016250376652347,1.5150996650073045,2.981988547543252,8.312739495120026,33.029305307427094
1000,Chalky,17.959568536171197,21.368447567319606,7.954016310748361,2.1146855855483055,0.1058737064122357,1.5160177943838362,0.8404453207592065,5.385425130682993,18.691104572954934
