date,region,temp_max_c,temp_min_c,temp_avg_c,rainfall_mm,humidity_pct,wind_speed_kmh,sunshine_hours,uv_index,cloud_cover_pct,evapotrans_mm
2020-01-01,South,39.34748328186675,27.698485690307987,37.387706912667014,0.1915179062386601,61.719161136301665,27.654969375126814,10.75958517097223,1,10.241266710944718,5.580128667119921
2020-01-02,West,22.502157303125298,22.63056689156056,28.19959321898588,18.57097561066619,58.687980591938704,9.119431465536238,8.670602305474919,3,14.603672098286069,4.912921275989744
2020-01-03,North,23.600892084167693,18.290834329762713,20.761118274402573,5.619067688230537,55.56538826177943,18.87703902825369,5.754999143537389,4,46.27404592309014,7.8332905828920145
2020-01-04,North,33.423370683507386,23.497604111875567,38.15093839832237,3.4890565119009147,52.4196259526847,28.802182255021435,2.7372201704657853,6,52.93167291274173,4.227203050377817
2020-01-05,East,20.30034125225381,8.148198186288626,38.274895727678455,3.038813071663003,67.20804047373571,26.170987985385217,8.573902510557026,4,25.12219747265243,7.672541295194238
2020-01-06,South,47.3854528102907,15.115057323464791,18.14323783819669,3.6598613500271213,51.10387967055813,24.670415814165008,3.4432599962677743,0,95.3859494243366,4.9956887859533605
2020-01-07,North,27.569345406138538,25.087418714557685,36.32381745132495,0.18800186841384275,68.04479025077379,26.360010853845118,4.235097605389949,3,80.99260212274591,2.681027909956679
2020-01-08,East,20.133494864673093,26.898300279449717,35.92687564401593,1.8140933443738445,62.954391096443445,25.328435589616472,8.308391003801042,4,47.02476019278545,9.782514677340277
2020-01-09,North,44.19964238383005,25.60408689806915,29.736207250029267,0.37484679733631676,50.78439052961332,11.374374851826591,3.7487610643861937,1,16.631972584429068,3.4589867161455348
2020-01-10,West,21.864817209143954,24.08652186790065,26.82188640745884,0.7714987367429584,82.28871567412583,0.4664251526939822,3.56232468301468,0,89.12662393675517,4.238600881489042
2020-01-11,South,44.48371359441779,18.946823211269376,19.619863976811885,,28.129525028695817,29.628588564186977,5.306226430669593,1,15.446625766101674,5.745021380120702
2020-01-12,East,42.364651361824954,12.171146757971867,20.25371407762051,4.466934113694135,44.67796405170288,23.24585597151484,7.961620740137851,3,68.36471615549766,8.211360896995291
2020-01-13,West,23.389223592876796,10.437631254291988,21.574356623016666,10.673395322215875,61.16799803198257,6.775189574232279,11.302084546721304,9,62.53105113809255,5.108764016308598
2020-01-14,North,23.166572726458543,28.327877049283934,17.016824172074674,17.398855202813095,91.63227946439866,22.43972966563265,1.784556717289533,2,88.14425914057244,3.167474277108748
2020-01-15,Central,40.78855341892111,12.637519653883022,32.798737480810196,5.562797787714985,30.261322541558393,10.937232649237567,3.0309055454005533,7,31.80616733061997,7.167113497531727
2020-01-16,Central,41.98534260621193,13.39609950526426,16.242732277634154,1.252146531387342,67.61246397267982,7.402319840468781,11.82427417346403,3,24.77024763310054,8.001019576512878
2020-01-17,Central,30.521846477635485,23.878778612858746,17.400407728047536,1.5565627946197145,37.413918920104486,16.978585979010695,7.405600952200121,3,42.43901504229194,8.254958993462132
2020-01-18,East,44.53967418140302,24.629073148747636,19.129052622557293,1.467308168273156,25.889242630261812,0.31988860801312025,0.11544467565442718,4,88.22041303469457,5.832974050172151
2020-01-19,South,25.55618955303232,16.980136162080242,32.22310445200686,7.294035288808226,88.26862356014735,29.294215259041327,10.735635595186078,0,13.611969143168423,7.192138302873891
2020-01-20,West,37.102226764761454,9.651085967307436,17.899751771210354,5.958309223501415,88.98887396578195,28.289595980271194,3.385289219639895,0,94.72747461801933,4.102447005940057
2020-01-21,East,31.63095302230509,18.658044058429837,19.438488128259777,0.26063496174964945,45.06569686474338,23.70344404849253,6.600468111300318,9,66.1514216518168,2.306200005965448
2020-01-22,Central,29.34241925455636,25.87991601562768,38.420911160512,2.730125511643679,87.82662786538519,1.603082074942599,4.406765603483045,4,7.495779599419583,2.3689740027800488
2020-01-23,South,35.05118460223003,27.403316528515646,22.09683773496257,4.106355711594943,52.53088036831692,2.2463111049250206,2.0914782810850463,5,60.48333137572389,1.3864623721712592
2020-01-24,South,28.477448613925944,22.304763829963065,32.35114347884975,,28.450660360957638,19.448194709895553,7.223919769345416,2,53.03662017727243,3.1068800574962037
2020-01-25,East,26.23920852747748,23.060674241700333,38.3224227651111,3.6016726056711623,41.37714473562393,23.993986965441568,2.5795573108324747,3,62.93168142370473,6.935254228345521
2020-01-26,South,35.13425362862965,8.523275108821185,16.036841136642998,11.347444857893967,72.49157380911845,1.6228851263433608,2.7362810892301916,7,49.449282562425964,9.178875207611501
2020-01-27,Central,34.76837901596163,12.6889083363899,26.663481553855846,0.19415778954509091,40.050373832251246,16.909674979372326,9.632310434494995,4,79.76649448629104,8.136566190904572
2020-01-28,East,42.693110121311406,24.43437092686446,28.378955439130323,0.7505861144639334,67.12258691854629,20.972736097111536,7.717526744977141,8,83.82863505880583,7.897791943334438
2020-01-29,West,38.217302610682786,19.671082429303013,34.01909845222765,0.43621521199856583,38.32267393063879,4.9081481622681,11.02084248390835,1,55.84328847941521,9.184675324571941
2020-01-30,East,29.36851415911439,20.91334117469993,39.10321907845058,1.8438518464245173,40.21281856095559,5.267689517373234,5.2557865866444775,5,9.336243369995966,3.051150965153878
2020-01-31,North,39.251471803145165,25.828526827822486,16.020817382267214,1.8453605589728874,74.30896229723037,27.940903388435952,6.060249641634593,8,50.164150504968816,1.5307063160398915
2020-02-01,North,23.265818649602906,22.72849718519314,24.509188816643107,12.467138337706368,88.51751611231916,12.030761956897084,0.8328715077861952,4,9.494048147663047,4.779835923599331
2020-02-02,Central,25.083026093724087,17.23776823030595,25.77244128748525,6.446469804754445,79.61682305167531,8.236239153261993,4.317711354363345,4,2.2562577086523983,4.389715339331346
2020-02-03,West,36.41565458206907,29.428389253543585,39.16716467037719,4.054977204177601,29.23361479482995,1.367200252363524,0.5851269822923246,10,43.07651983475835,6.376551209084487
2020-02-04,North,35.592603775949314,13.31875416090596,34.00317019537444,4.11132395322298,92.38092021908001,1.1068604521343417,4.201196997484197,4,96.98523117286335,5.344917218875187
2020-02-05,Central,34.84585859871119,15.47844146410278,38.38259703823377,4.392909244647207,36.71115728844343,7.745224487565307,4.90464650160966,10,17.055123978924257,7.734786402666618
2020-02-06,West,37.757833407439676,22.687310867190206,18.385345859444993,0.7495286931774926,78.09741872223086,18.599069576658454,2.076630337077224,5,80.38360070998462,8.167666110838093
2020-02-07,North,24.319253745648275,13.104756208559674,15.617911354252145,1.7491018242972838,,18.154003388654115,10.261039266095894,7,1.000439693996824,6.193716319060148
2020-02-08,West,42.43491531919018,16.37112298510187,39.275868629055395,4.160219007153482,57.959803537797576,6.764538170269506,4.040858778528497,7,9.186913483961344,2.870627135348161
2020-02-09,South,44.51201828273854,23.209289318338847,23.273300671946828,0.13600237242897117,,22.277589098565066,0.656903918537973,0,83.83271679691889,8.9061002612734
2020-02-10,East,34.59003816296236,15.437768464074905,31.425687975529353,2.6926049402664707,32.00410630569365,13.835571023619604,4.684527124463827,3,38.06232185403262,3.378900687041172
2020-02-11,East,39.17536766635778,9.259005299429367,18.92777235907237,7.2475026105762534,96.01833518681352,23.981011132983404,6.5764520530699,8,96.85460371092282,7.88847137403136
2020-02-12,Central,42.95090302873392,20.31979499471572,28.834234938641895,3.1505900259967228,29.72325428748117,27.731185631958795,5.736445090192767,5,6.178671423751991,5.57239025621955
2020-02-13,West,38.20770873434277,24.942738194170744,38.527748824986546,8.014945014360078,91.43631915122197,7.119922379914283,6.76055024188907,4,33.49740060109235,6.010369784461416
2020-02-14,West,32.165373414031535,24.342737958781463,32.568283501817746,5.48899476604712,43.17784872324488,13.449543912872453,10.590404978613481,4,58.299408962651746,2.450420634947592
2020-02-15,South,39.13030399401576,21.663976596174457,26.29341966497371,3.096277019255133,53.571213239300114,1.5956950310906515,0.35202099583158786,3,68.59745719444449,6.135556808519187
2020-02-16,West,46.061060313714066,24.83551482326338,38.0580368980399,1.8915110534881,80.32198869876676,22.8806744387757,9.470933906900246,4,50.63758764106351,8.512372254969112
2020-02-17,West,28.023525739912124,12.38517998802799,18.14888352215049,4.266234321683231,89.17654796025438,9.677412258235256,4.510662156669232,1,84.29771153573114,4.9335778422852075
2020-02-18,West,42.4339730409807,24.14704204722898,26.732457634361367,2.7519213315857267,75.76394691736049,19.536414408751998,4.607802845928264,8,66.29365509686282,3.9122688722453893
2020-02-19,South,47.926580065630745,9.098433827293801,29.3208095367063,20.622353861001642,33.87583643009628,11.434489366394567,7.082744525979698,2,93.73892361190119,3.4210769266131846
2020-02-20,South,41.360772096552765,24.28116739708676,15.341300675085716,3.7711899851862634,50.70656644137387,4.2764018232214855,7.122899023465186,0,78.1034027563394,5.249340180539554
2020-02-21,South,28.70002060422359,9.115548086440702,15.450425578283737,1.1600472301566718,69.53585776208416,0.21178812652074885,1.26805481929274,1,96.58401349725455,3.218394784345256
2020-02-22,West,23.419486947390048,24.972572925519476,30.45547013673871,13.186436130110382,,19.210730262896924,7.6065721147755525,4,73.69725065521972,4.948170522612253
2020-02-23,West,35.246720777177835,27.468478403490728,31.361683646693034,1.3533497596648518,54.578180583669976,28.030115673473254,2.1046165051691728,9,23.957161839579765,5.474975937468442
2020-02-24,East,23.255984043412575,26.238894857225812,39.543840936592424,8.857026968981739,47.085726455472,27.106394442059518,3.539417722545625,4,51.84025776840341,2.536845633669672
2020-02-25,West,32.92616919363297,15.668006449875318,22.76129366701018,2.710655610722241,45.467449340864526,28.216242485126656,5.802761104193539,10,34.69416952593088,8.699960761507997
2020-02-26,Central,29.42751078506504,29.45291539281834,23.570570773412868,4.882105999893686,87.34075495778109,20.6424591581664,8.007969131775653,2,46.40823815500702,7.485809633060298
2020-02-27,South,33.32085385364601,19.405080190386375,29.86181298995438,0.9011781585059246,37.45399504916759,12.874653646933444,9.086327739000856,5,48.568933116944315,8.357194165263301
2020-02-28,West,28.81562143960914,16.343220807661382,33.549840829996946,3.2784652976065485,72.06276868862831,15.792749421838511,8.62895389101297,3,95.09707911881456,8.768144001783588
2020-02-29,South,43.65703179892341,20.810902288145925,28.00109738381242,0.8980358806422665,86.92645677445049,21.786824885396385,6.243154386771506,1,74.06876820614086,5.585600815380817
2020-03-01,South,32.23783542474913,14.708529941974378,30.4453502737578,1.0848564897367785,87.29260563596173,8.962706782981536,2.042263075481394,3,76.31145053865609,8.9561295129709
2020-03-02,Central,22.936026836685112,11.922758977503243,20.157284034310102,0.705968529011282,34.512023377736064,5.747222655986455,8.122032698602297,4,90.33624818265967,6.357631930552793
2020-03-03,South,38.08133945257603,11.593519278178698,32.90022342272614,2.386720099317841,82.90386797259767,2.0358571278512736,11.719238870696312,5,0.8707052291846096,9.641832353277465
2020-03-04,South,41.795272871481316,11.728091004233946,25.06780064914269,2.8919638052798384,92.12201354692998,14.30105740635796,9.79637648385975,0,73.93136917626192,4.866144297851992
2020-03-05,South,31.892307061668273,13.022456053539848,29.434165436355098,1.2185634358028892,82.1340537929968,2.7475666817307474,5.1716010614725265,6,74.43436748434527,8.001985029141021
2020-03-06,East,36.95764044969073,27.502034179006518,31.479584721018316,,76.2252808629267,13.807776286265565,5.511056877638003,0,48.78314983647141,4.1524265135736655
2020-03-07,East,32.49235232096936,16.903654722242976,15.183684139235801,1.2645878277146665,62.73393587595744,24.38441858783994,11.452360911247697,3,30.374044658169165,2.149791146897952
2020-03-08,West,25.627981507749006,8.002153815293102,29.406844476908525,2.9477335569774037,81.03847214310892,4.590693293618675,0.8131495611735282,9,5.101456222925693,8.768356715622495
2020-03-09,East,36.716092183752835,14.685377131880497,38.56525286099959,4.630287053812214,67.06646375068553,3.616657253243545,7.11505917533923,3,96.86378012690908,7.289202408671322
2020-03-10,West,39.63578225402621,29.91426926946949,17.48123224812226,0.24769015016944085,54.747850468615795,7.362962414726429,1.6921010972918662,0,49.29224340096353,6.243745225792731
2020-03-11,East,26.977600640244795,24.19633884997098,17.71558006072058,7.868542300551898,61.04909762259926,2.4975609218132355,0.904599704320201,8,11.687695563748068,9.556799248843438
2020-03-12,Central,39.87109787661697,19.084480759780163,19.984565341853838,1.7713785813580771,72.77262607451564,10.936197507148485,3.412555072363445,8,66.80859892157291,8.097112356193778
2020-03-13,South,44.07909127388264,10.801868690993746,17.496704812423538,2.9096671493119945,65.80989025038863,18.265431396884036,2.753429577321041,2,78.13361511083066,1.6501300422773102
2020-03-14,Central,45.678937941149854,18.022659042009145,36.34035401207802,2.360934838911214,73.83739604841429,14.163108892817874,0.546354687083229,10,92.04262282419839,1.38685048604945
2020-03-15,West,24.83074665012513,22.072648704630378,37.030941726843466,11.956587376192811,96.66444658671344,21.609709041736252,10.236023007434351,3,48.67016646810141,6.194254328151224
2020-03-16,West,24.685732992614746,28.212870820817347,26.847299436516238,0.8419269727497203,44.053566803943426,3.6074743692026914,10.022526582613661,0,80.91720228812169,5.10542595453344
2020-03-17,North,44.33857246115956,18.823643463792216,34.7807441666552,3.9433366362149433,97.68967022848418,10.209348188353097,8.168990406456393,0,85.5781221825585,1.4606270111098598
2020-03-18,East,39.170167605707746,20.058165822963463,22.585832107557053,7.054200257441201,28.95259177411245,12.50842823496014,9.220459949706973,2,21.33778198757329,1.8817579721723665
2020-03-19,East,23.634523723217484,20.48952540618749,27.597738145903598,2.238318682079395,69.37190990027358,13.790796592774857,0.7986845399954761,4,41.99651312477902,4.075082061159316
2020-03-20,Central,33.86346111544427,28.91736455365803,28.4449707762981,1.6330116928441174,93.1807910362812,2.0607684778830846,3.273126282134121,8,60.399553550097785,4.847678544171158
2020-03-21,East,41.273718260610636,15.455344377612434,22.65763548273456,0.4767866586507296,32.47921467080253,1.9266295667011557,7.099896589963372,8,53.800053364393094,7.49772103248894
2020-03-22,Central,25.574643019044352,26.932076899535637,29.682745277086653,5.10299523198428,97.28525072630906,2.5338168169289554,10.705343621858441,1,99.48010917160265,7.9090779559146025
2020-03-23,East,45.4912866193994,17.489634078109958,36.07784002311938,6.168795798165524,92.051958290623,4.211136894403532,8.482670491798,10,37.274943860276736,5.799987554157445
2020-03-24,South,44.24680725157645,24.298534843559448,38.62791550633962,1.5051499049875228,87.34965818332229,0.013080429215985845,0.21378390262389102,9,86.72165898576588,2.3180545713592418
2020-03-25,West,36.61988239800992,18.628467596998178,22.618592757274435,5.981659914135098,63.47081983893653,9.057153592215037,2.8692373864660947,4,19.452288294500274,4.1995222931090375
2020-03-26,East,41.776668986759596,20.194178208486157,38.125893764260674,0.42041737460833856,40.60459694907442,12.341004723326233,4.853885656448281,9,90.82368874245944,8.268268407982859
2020-03-27,South,24.164959559403584,15.241230508745227,30.681282881703787,2.251863487343105,31.510044314189123,16.461157666186548,7.461969889991182,2,1.3393402546923339,9.218668512451865
2020-03-28,North,26.948250782961097,17.122247061177553,30.007813251684283,1.2962440779197921,29.722530690161943,0.820631886627472,7.976921513261131,5,72.99850338742891,3.739339517446548
2020-03-29,North,41.6807922156647,19.557573814550892,18.071666234966987,1.2890162413581763,67.92355722543738,13.35027266669678,7.33156546516026,2,46.68869084870142,1.5028411509181796
2020-03-30,Central,32.44255587502414,21.294516332248264,32.76155603519739,10.660211049202264,76.26575572902523,28.141085603760125,0.8497647627746048,1,0.8225849913806926,3.488553096072317
2020-03-31,South,25.068474558715685,16.146725881336458,22.675383550292487,5.991141042403569,41.10270678766291,22.5378843859809,9.094122804158566,9,89.43745832268989,8.391155255450496
2020-04-01,North,28.1229677998279,26.351980863176443,25.66058830377328,5.812839559917072,60.718462079468075,9.633750528342267,8.041064866943639,2,66.52729134376611,4.582389910188549
2020-04-02,Central,37.42189603629143,23.819399191867596,18.53834509203503,2.718462007404225,63.59220193043622,15.787157366995219,2.5605572800031697,1,72.6114082354559,2.198509522338027
2020-04-03,Central,21.15045750152285,17.933697745524682,20.763374920238995,3.8875446071492883,90.45951798662904,20.95826625374057,5.9557792540504035,0,61.19682489588563,7.183567748809079
2020-04-04,North,24.15154044591494,24.16832982812091,30.547290884618295,6.166815265614534,34.19462595675114,4.634793478633941,3.073851986887231,6,91.72907293572887,8.48643481674419
2020-04-05,North,25.671264694717514,8.146868588976789,30.35399552452018,1.2402562426071349,83.2367302944159,2.1638654150171934,8.238768305314833,5,81.69458815709696,6.693963128133323
2020-04-06,East,44.84925321158498,21.058174346331775,26.460061490500816,1.377409499893651,81.29564175827798,18.56735880037485,2.5910499619122778,3,29.60883197390838,8.024703758425177
2020-04-07,West,44.85536949868245,19.55925294562037,30.765246766723635,8.600107909164516,74.72319041174387,22.110587487456588,0.24193048137060824,2,34.033656159290516,8.611482591878298
2020-04-08,North,25.948685672283986,19.319415716993134,36.67901875022858,1.0402155480606383,43.09402981223408,15.426167375313918,5.1804104683306935,5,12.725520461857398,3.4695687071676193
2020-04-09,East,36.74923948063918,21.277782319649702,15.803512343857118,4.557465810217228,28.758002154182808,20.863073832442236,0.5162417403706909,3,4.781239236234236,7.224369379440996
2020-04-10,Central,30.085040508502473,25.653697638423605,20.143569777905725,10.049741288453282,82.13681468972501,21.570083934842916,0.5185200434203403,5,77.98243771106344,8.36492989457326
2020-04-11,Central,21.409660431305923,9.013562188373108,22.40396144260292,12.169273610166902,65.87820644140838,19.322605491486655,2.293703689113087,8,33.006125810910234,1.1115320140944984
2020-04-12,South,24.296375840618722,11.274329453123324,29.429367914383906,,70.83228841687347,28.099734683710768,8.652768052215945,6,54.06479445270388,8.319477030199108
2020-04-13,South,20.148075794705303,8.211236344211164,31.64774440821602,,87.21544592717446,16.081310745195964,11.313718515495175,2,70.54195647849866,7.354371996446449
2020-04-14,East,47.55841764157685,13.231037733412457,28.83353582590934,0.5939400694710055,34.64201116607422,1.7084624590534903,6.1518272906483285,3,71.65868047941133,5.984669639385562
2020-04-15,North,38.19241295885651,29.508388043636575,32.443027439310995,1.1113251325920326,40.05821137280609,16.955039654482775,8.13553213340083,8,86.59965143670195,1.0345723317550268
2020-04-16,Central,23.713228379413994,16.21591900771365,26.161254342101408,2.05471868168428,55.727950941662684,19.181670693691462,0.5947685808276586,5,81.2254984279959,1.8235943009696554
2020-04-17,Central,40.54027765283602,20.689526794580814,34.921729215582374,5.7016642537591204,50.83771128595373,10.223535944231388,9.484241071922753,1,69.21456262096032,4.18910749094155
2020-04-18,South,37.14527640951436,29.782270494749103,16.80777163117709,0.37576335842290526,94.34503900179493,14.183300146187467,5.37939350591966,9,20.46457302488468,2.637024649269799
2020-04-19,East,25.800302628663257,21.800058198888742,30.496360495482698,1.006528966346478,48.223851574300255,23.114781820746632,5.7884467092867045,7,83.39330824051936,2.60367542546439
2020-04-20,North,33.807091594408604,11.76395084624683,16.081365890418862,2.590615800217221,90.65381398364451,21.565237366424654,9.63225868574808,2,10.968855826696988,3.7220184461897032
2020-04-21,North,37.09761312444143,25.711094335963477,20.77420487125064,0.31079016022712713,63.841881414824755,5.328256584334059,1.398276245430507,2,23.198214477514366,1.0709857442680795
2020-04-22,South,30.134328782388973,20.142708911689716,16.5439485498306,1.7395918378630124,32.02001944361068,7.138391040631519,5.46805409910823,4,33.40618619532213,2.0344373580994057
2020-04-23,North,46.84172683474566,29.897887092768013,29.85545658640644,3.813713840653911,74.11998150627332,17.119405019188868,6.4720964085645765,8,56.513943325447805,4.824723301450165
2020-04-24,East,22.65237557380086,24.61147516720076,20.26094671804857,5.924188495397913,79.5643974843413,11.710994254574057,7.361273644022043,9,94.39886007457685,7.0227225891973335
2020-04-25,Central,23.52929492518119,29.88592466900155,17.29994190191087,2.7795456959520326,36.91484714602148,22.514696454491567,8.489808099127215,6,57.417966437603376,5.194550743021621
2020-04-26,South,43.98493665823727,27.597205116803597,34.33402015757652,2.3789606378340826,55.628152304103644,3.0388264960331144,7.572867300923036,7,65.38207456045453,9.825260995769865
2020-04-27,North,27.008221694651745,12.007121394694678,15.014144068129443,1.612686949503346,35.82297412185241,9.767881211298585,10.172060120924193,6,58.729580396471114,1.2893961453027991
2020-04-28,Central,23.646338344326274,24.457524678369293,28.727002835154206,1.837941560831449,37.925222879218055,11.029374607202556,11.783845232795652,7,8.504996474753046,7.205281618105736
2020-04-29,West,30.834961213864,18.958201360019373,37.985703589496794,3.104194816133397,75.18971964514569,12.919740931813653,0.20290193706039705,7,30.118773471476302,6.816660186673107
2020-04-30,South,24.713912882982434,10.854969054294191,34.699539553016336,2.017409431931129,61.15081682023107,22.98982180443088,4.958887151447877,1,92.53764098365032,7.15158787699366
2020-05-01,South,34.122168560602454,20.49220035643708,30.09566837921551,1.5270061744787342,27.33075438710006,0.5546733941154514,4.908800448312874,1,23.696932737686428,4.749700717726471
2020-05-02,West,40.54286639508537,10.061088091491449,17.578916483937988,3.906163682211863,93.22890740428127,4.3381153861809185,9.00571188269702,8,41.33119956228823,4.422388184308769
2020-05-03,East,41.1564807345829,24.76427462871545,34.754750963723325,22.78576521265132,75.41450546581225,16.535622624037853,3.4859378421562717,3,58.19051722955577,8.815502626963145
2020-05-04,South,28.488164544485286,15.947339279785522,23.38399824609472,1.3889441955978428,28.865439807838076,14.60296408718783,0.18080836124995914,5,75.42584117789407,2.4182073253469842
2020-05-05,Central,39.32266143018906,25.79657558109626,18.835615784717408,0.5117267671049701,77.58063707480133,28.544255186234107,0.8958957433448949,6,56.50244012231058,3.740702455878577
2020-05-06,Central,47.03267951747188,23.010103489319825,39.71110028643028,0.6376283770119684,86.14757299638579,1.675404379481662,11.083388343842355,0,44.424648201317275,2.354350825177805
2020-05-07,South,20.207756401341953,27.324017286684114,17.27774602717767,3.734373487528194,54.60914486468853,8.895432832615231,11.018656260728097,7,69.8819639930299,2.150638810908215
2020-05-08,East,38.09860107004753,12.089260675680025,32.956793123514146,3.255580727553221,80.07679335326023,23.33595853724533,3.0757848147758136,10,61.01029246947903,4.5982092711051
2020-05-09,West,33.98855427707485,22.19223611862357,23.824480401781663,0.45155098573372027,46.161312651103806,28.84091855405685,11.231861141517653,0,50.92391184328358,9.272325472306546
2020-05-10,South,31.038831573890594,27.005276871048373,36.03364747431698,2.111054151192296,,29.82722692302166,10.511602377735679,9,58.92316544975509,9.18049909968349
2020-05-11,South,25.85767115290664,13.011982576635582,28.68227943341143,7.702219466880574,95.85356486171096,8.750878039527109,8.268186876916708,7,40.67931214487043,6.9648636667844155
2020-05-12,East,23.472932167887205,25.230722535830147,37.26215400903854,2.5997506211155357,25.318742136529146,17.86969362088498,2.936362895578416,0,51.243816636726926,5.487034094534221
2020-05-13,East,45.78560748095401,14.266665622804926,28.85925366672279,6.08964139616956,63.21427926363208,28.73274267975994,1.420202344418792,1,44.89304650414376,6.2095167528323625
2020-05-14,Central,20.852006717122812,25.94117634866864,23.08967043932013,0.1898024460755087,32.16599615468917,29.31769791612995,2.0124531019705616,1,99.80356406400601,6.814797045541497
2020-05-15,East,33.156842750804394,19.341497529381037,39.01305886034049,2.7038675524806584,68.54232222501997,3.5345470285184,2.3734442177223714,3,5.568434862149918,5.494602719428534
2020-05-16,Central,25.735142175165056,22.655346195568757,26.398707988208308,6.950833662036379,25.334131238186345,10.633141551696962,9.68573463709596,1,65.84764417896886,5.7603736827524274
2020-05-17,South,24.12401424608399,16.131925697770782,36.256948950449775,3.684955320128355,29.557423726780648,22.008753790764437,3.850097623829167,5,24.231867777955884,8.249268530363544
2020-05-18,East,29.872797465497555,26.1690994848278,35.99995986670683,0.48569902218982136,76.49376427745804,16.77044724191824,8.135604024635484,6,37.28135448842382,8.56108023966651
2020-05-19,East,28.851145991252544,10.709600459910362,29.064754551755456,8.639042836115244,84.10234601668446,17.283443517589355,9.221048785865197,0,18.96670187131434,5.696809629376733
2020-05-20,West,32.929409381865334,12.25587665783484,27.523144648335055,0.8192373730623865,82.97194414602617,12.917099904478906,5.202577575702186,1,75.20578947075883,6.2049773318056545
2020-05-21,Central,33.807962321272896,9.977509582407178,22.38295513518551,,37.695639285507305,25.32859428945102,2.5669909725780298,6,28.72518867950814,2.565201723181179
2020-05-22,Central,34.12193433893966,28.89086530782833,29.021871817988174,0.3006976668734809,25.385045194165517,1.9346816299267688,5.6943381036121945,2,65.41947799083671,4.368610719371091
2020-05-23,East,23.69364735699535,18.25834537392235,29.36598575082702,3.092239760869364,79.69130094916919,6.876958677903434,1.610197901125788,4,56.847566424430305,5.888479683345269
2020-05-24,South,24.780294241256975,18.5048497134035,21.00707304787726,1.429811147338964,38.38417030927308,21.094055924199736,9.785427798966163,1,42.85698233527282,4.951271383614079
2020-05-25,East,29.076532958529995,14.63277665683027,35.11869511884558,14.993854624440564,48.27528252957604,24.579980901372227,9.675811888476131,2,34.08946864697635,7.91381278824579
2020-05-26,Central,22.262380357585798,18.33346230747007,23.437239347022132,9.196036884909823,45.0537453510348,29.119805518289812,11.206891444547999,10,69.95128543227726,2.9497811131036937
2020-05-27,West,43.33260797485228,13.172073666604478,33.85150908495,2.3248422914653055,93.00893210301327,8.882969218216436,9.74214026623429,9,53.74161606890795,3.0568287192634784
2020-05-28,Central,22.73514207053855,28.936190764603488,39.69980621307401,7.692761201096695,89.02604443089683,6.609928782600168,7.787977312670014,5,4.708502091344712,9.33385826432444
2020-05-29,South,26.39333196990672,13.795986053484304,39.88654004177337,1.094514452487482,58.111848610583365,7.751920218097465,4.532820088132197,6,73.91288521031278,2.0231238173399833
2020-05-30,South,37.84315963531995,28.359841256050473,36.582865991876645,2.939279045026862,82.83039080756069,7.479893948736338,5.958556228002787,3,75.67380201378202,3.145255427617317
2020-05-31,West,46.04881948969365,18.738936321737132,36.424175924798455,7.057417232501964,79.40468705950343,14.30180760297783,2.237694825546278,9,41.8560124072246,7.662061937781246
2020-06-01,South,23.771841030509268,17.61792297888027,35.14924807016116,4.614364693274942,59.3260501471207,8.511915052161529,8.0826230541415,7,1.9582222123686988,5.728090758668585
2020-06-02,South,32.294022924057394,25.684061450592345,32.43159260763557,,32.01394104854462,4.176932254710302,10.016892254974271,1,19.09026108363092,2.092941005311316
2020-06-03,North,28.31885734696611,18.881661314161672,19.599557152269757,3.0663833895205532,81.48197611821394,1.6101430399302263,8.3660361829216,3,57.40940326822269,6.809180170304674
2020-06-04,Central,33.44244822381281,13.871853691574103,17.699224605205004,1.373769389707616,74.47607115119786,7.674874057885117,11.48312022875129,4,75.62764024240917,2.9876871877474542
2020-06-05,South,32.26914720212728,17.57291309977275,29.302555524307877,3.316670093959579,36.41418519186278,24.525422778719307,11.676663074243663,2,8.51164032489261,2.719715882881482
2020-06-06,North,36.17321698381037,17.67209190086409,31.915030229018665,0.5841422242632767,60.50261484734551,25.335974386469047,8.357949688755145,3,67.28846189217958,3.551982323729355
2020-06-07,Central,21.196582058125333,14.493621989403145,25.014380777613525,5.657641335352153,83.03902496760264,17.731302987008252,8.953029259666232,4,50.128719993560175,4.387660305756917
2020-06-08,North,43.21330693073657,17.248660174997866,38.7182728895106,21.147347089451745,81.08921235078331,11.871412848379295,3.9280253703502903,4,23.455168368367076,9.127612002058964
2020-06-09,North,20.92614131154417,10.64255002257132,21.277227894604387,0.21346549964521983,95.8997133311986,7.993442848782007,0.5413168486451321,3,48.60423141497607,5.574347313610255
2020-06-10,East,36.02831054990038,28.683485850365894,21.290563899605182,6.291002168909504,58.8189145402459,1.1831681587041643,10.300103636598976,6,6.359985707729132,2.5369024440224512
2020-06-11,West,42.794732303347416,22.079618077480944,36.72148192323754,7.324173701878968,85.32116747076762,29.71134364523396,8.255250711122903,1,65.91678656507119,9.72007440465743
2020-06-12,North,23.228015542904423,12.250156714603515,27.722474062616456,0.13772687589834,25.5367955546496,11.45143562308062,11.577861800698665,4,12.574567137490044,4.4475801364818235
2020-06-13,South,39.08973209507998,25.367142765847774,15.89947094707386,3.5158457143730324,71.90887876995816,11.187658635306,0.003740230084810392,2,2.304176313713102,9.458995050084477
2020-06-14,West,25.890559049398583,13.86013416146831,19.897897481890695,8.930229118666894,45.35658417497975,11.923142748665121,8.589320252834614,8,2.66215236548506,4.3191238074390546
2020-06-15,North,25.563659363433075,21.117832766439335,29.127178858881585,3.3550970277392596,36.41055080264381,23.304537181991307,3.219183695311891,3,71.11010065923445,1.7775630253850516
2020-06-16,South,21.248125268908645,28.117203487337072,23.14906001551349,3.548772458158833,78.89247998371073,19.751499617527447,5.331540970071121,2,24.392269463900572,6.7265671952938995
2020-06-17,South,30.312031867912236,24.83600323278567,27.234889878711073,21.63079385844862,52.09420881336638,28.29742294300768,5.418337021174392,10,53.02850151745204,9.43990206874194
2020-06-18,North,44.99438828711453,10.68458792453615,34.849013389140865,9.128562075068876,69.81528346818824,2.2370239795301083,0.4282551887295165,5,4.588140050271394,7.311932866623643
2020-06-19,North,39.72209501411412,20.007779076355817,27.37587444969978,4.027603702285172,85.62668637969148,28.826001118061498,10.224460811721325,8,4.458212078735513,1.3676989988929424
2020-06-20,North,35.922308598767124,23.56878406709582,26.629227857204732,2.8881995901759487,,17.685241564903702,1.0611316294009887,3,84.82423460149275,3.304087849374663
2020-06-21,Central,42.920525571649016,12.44441931840406,19.40042609159601,0.852394597758488,57.09826365461057,27.88300426015937,11.433830476276658,1,70.74732694069185,6.146300117510457
2020-06-22,North,43.396356275444475,10.211937368308302,18.657325155547277,7.434402397064161,70.32941184560346,22.9184141363572,6.852182882880589,7,11.046032612315004,1.0512683049003364
2020-06-23,West,36.619372640879114,11.256530005399418,25.791516407797392,1.3456739472113384,97.71312877747653,29.589814318171953,3.296179462897397,10,54.79096552916383,5.824695421664299
2020-06-24,East,28.68965140445822,29.190732655778564,20.24005730153708,0.026344303422795163,34.26142003920654,6.3896818761688845,7.664230560973829,1,15.28764622262978,8.210973679025974
2020-06-25,North,44.65544331031202,26.59109339068139,25.010852093691604,0.2304173710681697,44.79562195430174,15.620223600361255,11.128322776088357,3,77.9037113454562,9.890676060569545
2020-06-26,North,29.795960021154883,26.874689529793333,29.138745926125843,0.8760397331149068,93.19986504254851,28.158720236885806,9.369295544254292,1,66.82913114325294,5.811149304636756
2020-06-27,Central,24.84709206420718,13.417217413948528,17.81312828300016,6.71770040313367,97.6219377206917,4.125300017225998,1.9871134325815474,8,94.63720639388639,7.11611767251492
2020-06-28,West,35.661196797617414,20.281239448041738,19.911473401540697,14.681725960277612,65.71927563026881,23.400935085785424,3.718615211315063,0,56.44287435361864,2.3844536972897226
2020-06-29,South,22.364060028259694,18.726567697245915,36.42861109126729,5.044662235275058,26.26390800980262,27.418678921856458,1.3032148377928614,0,39.23784921999598,2.0576983081761187
2020-06-30,North,25.908366085970506,26.354736016238416,30.836537931803655,0.7272590166364691,85.60662281663593,11.24814739704384,8.775364462575329,6,69.57028890760216,6.786992073454295
2020-07-01,South,43.73121947273964,17.27836234035153,33.62047506310907,8.010897009782624,71.0390822882694,13.291867226970345,2.411507961060539,6,59.45197161043018,2.4413025640986694
2020-07-02,East,31.685451427962683,19.833648898176115,27.21572506039133,6.6436304052619635,63.35411802353341,24.961627747538635,8.947431280549473,7,40.91990682236948,7.870901452800782
2020-07-03,North,33.680024439256954,20.783926964281974,32.22220623626913,7.559197734282544,95.4823587007992,16.99238471383127,1.580753737849847,2,42.00102231385641,7.2372675643123126
2020-07-04,East,35.08485155722433,16.169724675383033,25.832589453339153,0.7995168719287277,34.72071159829433,14.355200115274213,9.150761725193828,3,14.967046609914403,4.347094004885421
2020-07-05,South,33.802966082505385,8.74662173617056,18.23895702197963,2.9051218258255282,50.16355032450238,8.22205843772492,6.173520211239829,10,47.73463808844447,7.014752192802384
2020-07-06,North,26.10167479823884,18.895170515331586,25.93219540874832,3.93776147765996,70.72046962255145,16.083493812788596,10.06439159420756,2,15.443251406277048,4.342476234688208
2020-07-07,North,45.6501026098436,18.851888639314204,30.652420841671088,4.529655429192228,25.34106077866758,11.276237222176146,6.2270140886373,9,17.261230909851733,6.571729689829595
2020-07-08,West,39.01668262714312,8.898696170126394,21.32266508606987,4.620028359767949,88.16651688082825,14.133788045960022,2.983322563147581,1,15.573679461752032,6.938205483452075
2020-07-09,West,38.22966344691961,18.698238035881946,32.59609000384886,0.05375367705183094,80.63507600758851,25.503504932511373,8.171984904231369,5,48.06745134486615,7.396245170180535
2020-07-10,North,43.42680421535364,19.24515416265322,18.338528712214,12.850535440426496,42.147344740570475,25.367404897665693,3.6038321487766183,2,48.78157569526582,5.736991044424795
2020-07-11,East,38.94507171024407,10.958194035856028,20.792908240978463,3.463090526612403,47.48121661861033,0.6298703276738071,1.1042357376117669,3,6.368454261334322,4.331568561985799
2020-07-12,Central,23.390751700577546,11.167918727779728,33.13453656766791,0.8635423957197775,47.30451009767316,16.37572302501518,9.921655471620777,0,65.01625075349214,6.55585230096707
2020-07-13,East,29.505889213959694,28.603636124508927,20.8701993824584,5.813512368992919,87.86344633846892,28.521935755217385,8.75439232533556,10,16.292217027517264,5.331769906622045
2020-07-14,West,30.460939753063975,12.188418230234749,30.725926915008593,0.2222450109607157,48.43531787666098,13.380935436127228,0.689387239878803,7,46.25278492985898,1.5359803394705018
2020-07-15,West,38.820138697284534,14.866654185790331,32.646833248840494,0.722522478090816,45.38511422408256,3.312254605219133,11.1234016984205,1,60.839308944487115,5.40677311023176
2020-07-16,Central,39.744523794442856,14.5487965198562,20.308675639608257,2.0211133559320342,78.99606306772736,0.3384180802699399,2.4432318515258475,8,5.470179716004742,4.301838050624278
2020-07-17,West,35.580682271275094,22.466713716261104,27.62889594948983,,67.24676418343805,12.244713391747146,8.923485294535901,6,55.62160147094654,1.5153122145551978
2020-07-18,West,31.195799289937415,22.123202402805163,38.55223268431335,2.162865971749408,51.22867180713141,26.307838847457532,0.2628390965880847,6,91.6988794252181,1.9731077880808634
2020-07-19,South,44.53518827951052,28.079922753989884,29.79514071976897,1.447769676463104,67.05419580180916,26.78165606957494,5.7464293278770135,0,13.537817139109675,6.141405263673726
2020-07-20,Central,35.53780668475462,16.86119815778036,15.92768044674941,5.341908455085547,92.11920529785154,19.849840631283577,3.0814639701986573,1,91.76476322029792,8.355792481586867
2020-07-21,West,43.06759885885627,25.161562662900376,19.88310060129702,0.026997622282797045,57.889501090609414,28.58851399651868,6.661875715276353,4,81.71254495029922,5.285705484869951
2020-07-22,East,45.957928309476216,16.303334067089033,35.50592998874902,4.538170155183143,25.345833986189493,2.1678550398661645,3.2419768753614946,10,53.64586720590271,1.4361925113501937
2020-07-23,West,31.8399688179896,13.28098355021474,26.945885517974936,11.971807617094123,78.56977264572768,11.114825024943912,5.96227790483867,2,12.520519590805046,8.578008191548513
2020-07-24,North,28.1414923771707,27.608098684688727,16.74782363519335,0.6523949803008048,97.87196280003032,23.779003341628066,0.13532791789347742,7,72.34781805878582,6.9805864969894635
2020-07-25,Central,30.416549530616997,18.64056216765202,23.972194453760906,,28.82947094302984,25.196349230063447,10.894663446731961,10,64.74739705682157,9.240716107459239
2020-07-26,East,22.316884745110467,16.59124084651369,32.85740594831732,0.8198153461654137,69.62746197829446,2.7448091670868227,9.702034405566117,8,66.61316880042104,9.910948250605829
2020-07-27,North,29.811067158960782,27.92386667020834,33.60158128421111,2.184800918692636,54.09080905114143,17.61461328872639,0.2996233372169126,3,12.944502273621472,8.61734291399947
2020-07-28,North,34.17789556184542,28.66697235699684,29.693827061403667,14.761922173844598,66.20988484142723,19.98390624506166,11.83764646066429,5,48.95700417527959,9.193561015394497
2020-07-29,South,25.764411516309288,17.931429306752953,33.790137318761964,6.180706895683022,,6.656925248346153,11.135777716490736,8,65.35229182155463,7.916244358599099
2020-07-30,South,24.98494310378902,8.432922875762388,25.60465315508759,1.7814046658104445,79.9883943262012,1.0005000632711614,7.913302769444382,4,46.58362062127277,9.254153719562312
2020-07-31,East,28.87588648829964,8.714170183722509,26.91143340426088,1.7186177568619607,31.808902627578767,0.6213556135214149,4.72864037728017,6,59.0197183989638,5.238373008926581
2020-08-01,Central,22.8190421017542,21.398735022694705,25.752301064700323,1.554716707631674,31.562057385871363,10.769990840907372,10.606727867774152,1,56.43506154570317,9.32985723376385
2020-08-02,East,33.80730304538221,26.74445120733319,22.31534966024514,1.8008582481226183,64.43583641208525,3.8239404514872213,10.298428467240306,3,42.686894480736704,2.9112989296052096
2020-08-03,North,37.79336394209989,27.25523554831174,31.25439246914345,14.898614650255624,48.43069307441985,17.13650967880874,5.055636665116635,8,15.109265744294797,2.06374094562339
2020-08-04,South,36.474205101397885,27.825255692875327,31.569985508737023,1.6667699460859768,92.38737255317946,7.4991181592121485,8.458812540673478,9,81.26362448965692,5.24742942063497
2020-08-05,North,27.846274940289053,25.765331797123252,36.60637722584499,2.3559214791216787,39.0432246041544,10.143047442785502,9.725200910392356,1,64.16506097461924,3.31913468105883
2020-08-06,North,44.098869253037826,27.18949188775779,22.973314679509073,0.9537458128065028,81.63387261404823,10.33743642749656,9.809591475045961,3,64.12233102611037,6.892810769557581
2020-08-07,South,23.07186125683095,26.51616069424349,31.047427184417987,4.072642220442865,96.14755304269246,27.939179486956014,11.681980816306295,8,5.345614717417845,8.344856515134595
2020-08-08,South,20.04374977792439,26.484097750235563,23.567062543142445,7.152102877650457,48.8517345347246,25.847477436237135,9.600181940657897,8,75.42464533486641,2.9501082798822837
2020-08-09,Central,23.76525387064136,15.204298840069022,37.62632507361056,1.3473677974514702,91.97897387462457,19.462904856004887,6.6574173704471695,5,21.643280333256175,1.627595133730988
2020-08-10,North,40.270399813281145,16.661408130056177,23.108348877677,0.9568539367231494,48.135287474132696,4.709588957303341,9.648613730015523,5,68.45443146688149,6.471751604022069
2020-08-11,South,42.08199249423811,14.975185138060986,34.70441089123456,2.4014033814615043,65.45237752161499,2.3085321673127424,3.6254241568580903,1,68.23543722667918,6.9332020311812945
2020-08-12,East,41.45932241332185,11.400578814875576,35.83185276513055,4.618304284856453,25.025199731741413,10.671074842755807,2.964708137168934,2,9.070882934048086,6.221536726345475
2020-08-13,North,29.08134940735256,15.305358362867919,23.984971440304626,2.0875157871364234,44.290079921044295,17.132696931124272,3.5535794965702743,0,53.25115656056466,7.220204034754105
2020-08-14,Central,44.496266477855315,27.96284028470206,20.31376963684198,0.6393071299710072,28.840119271133286,21.749678937968604,6.530499011092235,8,71.07516538958984,1.5186724975384367
2020-08-15,Central,44.90593210090678,29.3637711594355,16.842877887392067,0.7955344517905236,27.181170425595024,0.7206588186242391,7.0630321947015275,1,77.91322905380606,7.160957712153742
2020-08-16,North,42.962824566253175,11.310594471289846,37.76643727819766,1.3559571108630133,97.6821231550302,5.84369794212099,3.843168719083329,5,41.25781796470049,5.581756366347129
2020-08-17,West,40.63699883221012,22.56447746049513,31.34947520492644,7.196265939000773,80.8383132859162,13.153122659064385,5.78161135066456,3,2.492942737692372,3.585395481885027
2020-08-18,North,43.54998019326566,29.27304834406627,35.49638397580929,2.8465412636101033,,10.788498328889403,6.924965244225337,9,70.19240396240608,4.965216461708742
2020-08-19,East,38.43275319283282,12.54676517677797,30.460598601683294,3.545444442463862,74.71813276097944,13.748611104677666,3.329070604862203,2,31.308404550955625,2.680035812406677
2020-08-20,Central,46.995872728171086,26.480958043973473,18.99151463402854,0.8987450346632778,63.46859052009842,9.821828703101668,0.6814979258086469,9,23.792659147302007,1.217821320370485
2020-08-21,South,37.64161976601528,14.522614788898228,22.589383512801295,4.2509430650877364,92.00599977625748,17.635825385862315,1.266547450310362,9,79.6578977950775,2.7692812529353428
2020-08-22,South,24.623964079395925,17.027351320926186,23.43771857984555,7.300346493640833,43.17825766396275,25.979818710132047,7.352601801123784,4,37.74024165795564,5.569717525546458
2020-08-23,North,25.11336694929059,28.157522088775302,25.762836373310847,0.8930682955365377,62.40764489317904,2.4576235651030753,11.061641451136415,10,49.16332971885039,4.96696772092827
2020-08-24,South,32.05789232237846,9.278432980304265,16.307680292800107,0.24086895023848987,25.472900273125568,8.789681065079371,5.347770359620501,10,38.480421915423534,9.61994909564943
2020-08-25,North,40.14492482259135,17.8676744240664,31.753005295436818,4.363115486255646,78.10391868664985,7.9898801488135405,6.102254848429206,8,90.78438773511117,9.107704061375996
2020-08-26,West,23.93096747274916,19.125721032683835,21.764747311384152,6.768544040814404,67.19977739253588,16.324051663191092,0.4821927017386969,4,42.452156267814665,3.211250297281527
2020-08-27,South,25.453098494094313,27.820769444530796,27.00217630440839,4.611650006100412,70.49795560439358,26.766242472041863,11.428085060952967,5,37.20608202019721,4.777703949753432
2020-08-28,East,22.160848060020967,20.623188435985448,16.491694038765733,2.2375089028803554,77.98574236847935,24.597381176166884,10.299525692602746,4,21.41546539958272,9.707689911734159
2020-08-29,East,24.690323248991692,28.791865921455283,32.426787905716964,4.239670083308199,52.84039418460286,27.07665677220338,5.857260891505344,8,44.323463296728235,4.593560797775066
2020-08-30,Central,26.16338416413792,14.993333071193739,28.696087192578148,23.14864099739774,36.416054976954726,6.375815542911004,10.5863293966945,6,49.64669399794557,9.831137002446885
2020-08-31,South,35.63920831097974,18.86034636804287,37.627988137475654,,38.4447299898883,10.306460426010478,5.243585321615703,4,66.3509164422819,3.0616529164392583
2020-09-01,North,30.87630266785639,8.499708900359794,19.931200429328538,3.0042561128194367,78.43036621746259,8.264364270125446,5.488873232232862,8,72.98975881487144,6.411121934570886
2020-09-02,West,22.62678618703103,29.75324078687302,38.94262504117724,3.1040319322025316,97.57364726617052,16.37745554832295,8.196170732160295,6,23.550533569351717,7.835116197955965
2020-09-03,East,24.435710053794523,13.132243438494768,37.64610346599227,2.532217888587979,57.796710084025136,20.135228055099883,3.8801948429701745,1,94.38738386793749,2.152097381444812
2020-09-04,Central,34.55732712349189,28.4338986052942,22.393185433510638,,37.543650112273,12.461462406383557,10.578385379943054,7,63.187347810089264,9.808523451288607
2020-09-05,North,23.69299806036569,16.805002458878764,37.45024751153408,7.451469975298412,30.091002581598502,9.232273824683297,2.5646864876360382,6,10.23314791086829,7.179871256132987
2020-09-06,East,40.40902844011336,11.634458138972132,22.29926083339468,5.103399846689757,60.13695163715503,18.95788935554976,11.527721292789614,1,76.46868338105124,1.6069390220798845
2020-09-07,South,22.668269210480357,17.23713331097196,23.40021755357655,1.0215993496540927,77.28382739738677,14.95023828966721,11.124227676727756,2,70.09846250727452,1.6428036357005182
2020-09-08,Central,25.325029478033986,15.128140463462271,37.72532238536291,1.826976097973223,68.95504373271712,24.861609646205654,4.147670575269752,7,69.26166291133188,3.739145184748137
2020-09-09,Central,44.528334405769456,28.93983461111791,34.69024042349051,3.5752035357989134,46.28102001765305,1.6183054424666743,7.9274535615157085,4,78.25298627758548,9.698055398921731
2020-09-10,North,34.940050573653664,24.965402640751087,26.02939941628629,19.93730927869111,68.39578425584517,22.082164631971928,5.960171147778006,1,63.95144402072424,8.524970684334935
2020-09-11,Central,47.69674235257352,12.563569524254502,17.842141955473668,0.28422884923089853,64.66211913287616,20.782888074761328,7.014350894258921,9,1.689178203475139,7.715904351490608
2020-09-12,East,24.26991234933859,19.882427153830093,26.581427666483687,0.8358985249673945,40.82796571898287,26.00099871140652,2.0732150107900824,6,65.92767745585304,3.272255666486363
2020-09-13,North,22.16860009632239,22.7384910085656,36.10595895604445,5.961581597065729,54.87160442235292,25.348436457455065,8.983030146909627,1,80.08866312347698,8.64170143525515
2020-09-14,East,22.124398387362255,20.745289276672903,29.79820757025465,,88.91117858852321,4.5091600610930165,6.123950035364304,2,54.75350257800836,5.883950872802725
2020-09-15,East,46.18957788805853,28.16737096606834,16.212135439835947,4.465782724834163,79.9330125922378,19.239854798231313,1.2501637314671945,0,18.3388068174547,9.906773452285519
2020-09-16,South,38.009972067959495,10.485655979493195,25.211540322809114,20.699637675667063,92.859349930941,18.124207887904863,9.591098828977636,8,67.26386176204082,3.4522146555456326
2020-09-17,Central,29.437800872933163,8.889620853341716,32.49727450193147,4.095566708886862,90.11694384898712,20.83221539210383,10.821716464969597,4,4.704546961392397,8.934662669293072
2020-09-18,South,30.754405137543152,21.462518070298778,37.03378573064918,,43.05921613263649,29.438301477006295,0.07409157245011455,8,45.98988481989584,1.546023144324006
2020-09-19,West,39.60462943686673,24.39699732544091,39.42401335731695,7.150490626022499,87.93631448651522,3.28283603675981,9.6822349996999,0,47.867987578361,8.388047980741753
2020-09-20,West,37.26655834747554,25.808323246593392,35.91853635870031,5.909754818756645,69.90080717753679,18.87693802948215,6.808717226817059,9,98.21650890248982,6.153333217846339
2020-09-21,South,29.963157411609487,12.644813878326856,36.790956977511904,4.963385116093841,95.23490432175936,17.90695884684153,0.6048033154300985,1,18.07806987487418,5.220866794743785
2020-09-22,West,39.32038305918694,12.182653854730617,20.37598056995661,0.4985971918104065,39.29700358406537,0.2240246642921606,5.346884765573209,8,53.95647301330187,2.9980862363064187
2020-09-23,West,29.592606097914576,26.448658978758232,36.498697158379386,3.9961565182018686,50.10012724918373,19.75952249628326,4.987786041978747,7,69.37600250396537,2.520815864244541
2020-09-24,South,32.66674660047832,15.425737439978011,38.15908185671701,0.05341608024736915,54.24583205495003,14.914755794567817,2.304343822652897,0,1.467023854523386,4.2313145198841
2020-09-25,South,43.82233975630285,22.512701958543097,30.854956151874145,0.23265887248281594,26.732127808780387,23.18973419440352,4.320317137207285,10,90.3394751953626,2.4795523269235646
2020-09-26,South,23.311222728896222,11.317846415029273,27.186504077428403,0.1575631332576831,60.01431054281313,22.65712254690092,6.035411288739857,9,69.75282131246998,3.1565743087630866
2020-09-27,West,32.108413184004824,25.621893734737476,35.284382188708825,0.4612721769002531,93.89739516613896,1.309683636777197,6.589563858878941,9,62.488638638637106,9.885541521606093
2020-09-28,Central,22.573433225161025,29.13942897732157,30.427592601681255,2.266033121504764,84.51655451365056,23.412353189202207,1.7507737167889887,5,64.21957551060974,8.602145070521836
2020-09-29,East,21.08469250949268,29.376292775386528,35.69119673699692,11.691461075275548,39.54576644518304,26.91614996481039,7.03893847931039,4,11.51756375809253,1.3714161655512336
2020-09-30,East,47.05009447989855,19.418272088139812,26.285486873721204,0.31133577643879173,45.615367987214995,18.960174931299896,3.079965242349015,9,95.80068185292792,3.86808183914845
2020-10-01,Central,35.75086438241077,13.264511669109226,19.457811224265,5.110718587062549,96.26171632765524,26.07628647008737,1.957204875200257,2,44.1686421284449,2.487130982914193
2020-10-02,South,47.358894868439386,11.102197224410052,37.93996967412726,2.831699994502954,29.36785355000654,6.244185007711809,3.9694994741150595,3,57.223370215846614,2.6325929375794725
2020-10-03,North,44.048410443122606,13.406140090826856,39.20911488534995,1.2909973723560377,58.14507383244291,27.03081604326182,7.642123360838621,9,25.377215582953163,2.46673228991735
2020-10-04,North,47.5879615061709,21.67592549864095,39.31871748791123,1.5245636841157872,89.74998808757648,28.076585646289303,11.516110982703557,8,11.14206648565551,6.093036126435239
2020-10-05,South,46.1693704159556,17.589302762202607,38.890682735260896,0.0925050547454584,75.90752467027647,8.544284433628764,9.89460635428196,8,78.78583354610062,2.5768217287860735
2020-10-06,East,44.619103377770465,18.502893789673024,27.34147520830394,4.821413251994081,96.71085308935919,10.361000470760608,10.384457316896267,5,58.7150828983954,9.965538439854614
2020-10-07,North,40.278797662992325,18.43430144203355,30.72355785562585,0.4232809831727387,,21.32726582385122,2.597989060703321,8,39.00999364937342,2.7142864165431675
2020-10-08,Central,40.570570808639374,25.45581766368346,37.017657953607106,0.14124932780399613,79.91722065831141,10.082060089306207,5.5380183023039535,7,15.84158295047644,8.826869133005221
2020-10-09,North,46.395535862863014,26.289649572773257,15.582328023089717,2.5268020688809227,60.50599479313757,29.685040315722844,5.357605626396481,7,40.688471138973284,8.118423204050359
2020-10-10,Central,47.35626794971755,8.306957226391209,19.0580955130815,2.59531255313946,70.55126709799974,8.6458836370195,5.525118892060618,3,0.29328739911601565,9.628897991450883
2020-10-11,North,46.43273875937277,28.200867698694505,19.124787721581754,4.253701563110321,82.95103992001569,0.866179911149989,2.39649918017651,4,97.41938662903394,9.457628480884859
2020-10-12,East,33.52926467032175,16.545383765830586,20.514436720079296,4.902661906654734,46.37867838454915,24.528872191808528,10.120409883946001,7,63.2980196281028,5.6711361982152955
2020-10-13,South,44.554588578009174,13.297961381353563,25.137259037848338,2.843521766678009,58.46783960831302,1.2989123264990043,3.980687349759448,2,28.820117879459094,9.948457556507652
2020-10-14,North,34.28618012514282,29.912364868500312,26.583039397677318,4.924486407365214,73.71293524251051,29.22779356467928,5.692079267818446,7,86.40193615650811,9.167760230206554
2020-10-15,North,35.799043390432736,10.695609623905511,24.775827493575257,1.151985344330382,44.81032355375258,17.998678928191683,4.351718799557755,6,9.409617172833096,5.326136198573714
2020-10-16,South,43.07322470128466,15.063096571317676,36.970241614985405,0.6205465002040204,72.97212803188688,13.179085367489225,4.168294506253021,7,22.174565172653395,5.257895322373327
2020-10-17,Central,43.24256977607125,27.956214467416515,21.45456739800283,10.721947187239488,35.658637892720336,21.9773438664965,7.3676876470320085,1,32.22745475585332,7.554350202242488
2020-10-18,North,43.067143418103825,18.46390068586768,33.47035968253711,1.8689072101601765,55.62182611184237,21.475110284864343,11.916123339320912,0,90.30748218132648,5.538733955748269
2020-10-19,West,43.195217239027485,28.36777244979231,39.37535213439271,0.37750588173540367,32.44121866881861,11.655724286405572,10.618894187381423,9,25.44169805820965,9.103643647224695
2020-10-20,Central,31.95466141772142,13.313309253817174,31.39960279729166,7.020473543523495,86.5826272450519,6.41822413571111,11.133446294374503,1,41.849446465007055,1.9670104698482485
2020-10-21,Central,34.85349986522898,16.96319904184886,16.11851785382122,3.7983278573394332,47.09338111450197,25.347415437564578,5.208164304492506,10,61.6781631801903,9.555569309445707
2020-10-22,Central,27.076724176876734,9.136360152464608,17.84669609419411,3.585456587836373,92.61464930352551,27.65926290029174,2.281911341180252,4,77.34932564732559,9.85775306783979
2020-10-23,West,32.9762835353195,17.993905072455444,35.96940250403258,0.5690791660804935,82.5207872865333,29.84582641337012,0.16208091653574863,8,66.34583019339824,9.927300368469082
2020-10-24,West,46.900048021346095,8.010910803774864,24.019614822557024,5.665000322278515,48.017393149263796,10.897323302923718,0.5251564717724877,7,68.2365147762161,7.104408709743902
2020-10-25,East,42.864014129112064,14.971384851546114,25.10130894541184,0.9107218788230902,69.05765959146783,17.30777441623785,8.71701112773726,6,74.26628830864239,1.2041978057110063
2020-10-26,East,30.154960027194786,23.7324957956517,37.12236904348151,0.17199951893010995,57.16663644855963,29.431587906217533,4.358170144654904,3,58.71744479554511,8.150917173898609
2020-10-27,East,37.721733063413595,23.931250323056886,32.6387733687031,0.7024572537547533,83.84172064193717,12.374089763166978,7.842813430593919,10,50.782848398729975,7.826266768511466
2020-10-28,South,27.095431695108893,17.411316897711078,32.797043858257474,4.823520314045907,75.10118448956558,23.714606765501646,6.632776586729703,2,83.00691522421891,2.4128228718409703
2020-10-29,West,25.79988617392058,8.285100326358194,31.81920427305763,6.264933014442013,72.72778589170927,28.192687985376477,11.75853788863149,3,71.33512113872783,3.5581775619901066
2020-10-30,South,31.692195240226816,10.881975909124494,30.82394630088556,1.132608879174812,78.02000728085358,5.563815939909148,8.552069007787761,7,47.77845662735366,2.82769230556493
2020-10-31,South,24.810483367934275,13.325522690577724,33.87822929788042,1.5135750480760701,55.75127977127585,21.736905550999424,11.79175289149308,7,84.85099253265204,9.274403595560983
2020-11-01,West,35.53276387513681,8.36203886537077,32.517246162795175,0.7104633129657913,55.21201922199977,21.087592667257262,3.602575196268016,5,17.591553649572955,4.121394063904381
2020-11-02,West,31.894282413241434,12.774440596680467,17.38094518199943,2.4114295828943715,50.642042526465076,11.66872337332199,3.979828514728308,3,88.330532388017,9.517969777665876
2020-11-03,East,23.869573517451933,19.5192382307086,20.5115556167186,0.9941386351910239,36.69947041992776,29.42995736787634,6.121329840654044,2,16.951255427973642,4.306907135162576
2020-11-04,North,39.61324687970253,10.765881457271046,17.719439598049853,16.567275303724788,51.456776872574984,26.005063724501007,5.95866952150628,7,24.742477191200052,4.324975040844453
2020-11-05,South,40.18809321616474,27.05826212913675,35.198650406388765,5.8261923588966384,71.12030624097291,29.828184622099066,6.245623290981305,9,26.466368455580348,3.974354239420526
2020-11-06,West,44.932284605988855,9.31957474307691,29.882728618725046,3.6364070525198167,47.9389552449971,16.502236470046505,10.225227025079011,1,6.403772360193916,8.534071648648759
2020-11-07,West,39.939426070504396,25.069054021020886,39.12487138158545,5.11086563628021,39.142395523075876,6.664676257301789,8.570358567743408,7,29.854915625748756,2.8797243620748048
2020-11-08,East,26.081738961516972,17.81841899897381,32.95318075760089,0.7304520711110707,94.88619124633063,8.379986678637726,2.136954083091445,4,27.689486735103387,7.209000888431648
2020-11-09,East,38.56406092485368,21.48264162488767,27.383276091577606,5.444103577048001,67.48119590796932,23.746059008475047,7.042114791057978,8,58.969738606546365,1.7086147366232187
2020-11-10,South,47.336492240881206,18.63619278807748,38.316143581651396,1.7006396996664508,27.354730877419662,10.848302889336596,2.101727023271724,9,59.81467073656527,9.970917884723175
2020-11-11,North,43.86744336948787,17.42028826108684,39.14404948156994,2.536116554503314,82.04874022560246,6.44882713262215,5.05446558078588,7,54.88632448783301,5.354149225937843
2020-11-12,North,32.14859296845007,22.96739474483912,30.683963439068865,8.661082898665732,74.24864995999425,27.656587348525324,10.914159991913534,2,62.97474153242415,2.1234971287986744
2020-11-13,Central,39.48990146909152,12.996790797829313,30.651737509826297,11.544679027429877,53.396254714197354,10.229059822312303,0.8779563422124941,3,4.018188048827365,5.116089952057974
2020-11-14,Central,20.454045738847277,18.70892508021508,29.500633252228596,5.8537879023941874,75.90396385185358,2.448798045929453,11.559667908290821,8,69.87911766459946,1.7135306588324277
2020-11-15,East,26.13143166205059,25.762069124445205,17.117082116737773,5.836969305811698,91.75253435273973,16.996247121955335,2.657514637545915,5,94.87601294152476,7.145041012772264
2020-11-16,South,31.17381637174298,11.413133434872837,34.13002615265369,5.458652394856506,40.74195058959171,16.506651344213562,2.106479263589276,8,63.20534482304101,5.424131610405068
2020-11-17,Central,31.501111625959417,10.04007470465082,36.911414193608124,3.9381998341950974,63.571526287417754,12.66957529091053,5.766550245869555,2,27.796510374718274,2.120165026929042
2020-11-18,South,44.595704702864275,21.27949986076593,28.939751899642335,0.8703771161445554,81.32336810935944,13.392033202581988,10.735419123479062,7,30.943211646900448,6.490663133275684
2020-11-19,North,47.694199779831294,29.19874932901794,19.838001501005287,3.5510657892615876,31.07449988932895,6.592843632961283,2.2507616460345816,8,76.59742917158974,3.6113515840676333
2020-11-20,East,32.734629396757796,17.442649864671914,35.31080678720801,0.23303135875247108,79.88010638225077,8.874747470638809,0.0905864830508274,0,11.149457204714775,9.479460982033501
2020-11-21,South,30.926354787941847,25.92178367407249,37.3805090523896,0.1247527593974898,80.76127396868196,14.596836012338377,5.026614923916092,10,37.26619040747274,6.898671178767219
2020-11-22,North,23.67867290612577,18.345168295214354,35.15463602082657,7.280528105202173,65.35317661468758,29.16380643640249,6.881580559027526,8,19.037248018193687,4.649317149869892
2020-11-23,North,26.55421354997952,13.162377220744673,20.292902833222463,3.110756826351128,82.28779947229498,29.40377277724953,8.966477736331655,9,20.012896294676786,2.252683131768234
2020-11-24,South,23.915234050702367,18.671479470177992,20.421478303279574,0.06609410379160936,73.93851009102664,2.615725716258609,0.6720948705554681,10,0.3535329291882827,7.293487427121067
2020-11-25,South,29.70091361172979,17.72154731881898,26.455171422099223,1.2737685815622626,48.676954117700426,27.191090257188584,6.263531590956208,1,88.7620446459649,5.254678663103807
2020-11-26,Central,40.92533756881649,13.55221673587505,18.936634110523503,4.594621214855851,35.67936368564213,13.203659676919727,2.0020300491240164,4,31.712983843386834,7.7416318625196645
2020-11-27,Central,20.6135114856524,15.768894018603053,32.18700768660793,11.211010985925489,95.24356696513104,13.773927723424015,5.160806640206957,2,38.70560072403349,6.839078439586886
2020-11-28,West,44.40142930991438,16.626069197374044,32.70331428393237,7.434253543112001,67.02566733807299,10.779040493542325,11.632812396002306,0,2.5614042704070528,6.6009050820655935
2020-11-29,North,40.23424529376505,26.904393554071635,39.662499170175025,2.3560445455589503,77.00564285202972,26.381828233029008,11.758099189980493,4,9.501943772306143,7.609910035069053
2020-11-30,West,30.321083719208634,14.764609129489584,24.466540125400517,1.3450816752351291,,13.715469133250345,11.824168475107516,6,22.243204637033863,4.199870110036969
2020-12-01,Central,34.71034585785253,28.353338032677083,33.1414733675094,1.4849487521869198,79.25053748729698,0.17027717511455487,4.359524257504708,1,17.133291716309294,9.706308214673896
2020-12-02,North,23.0508001855381,8.29685602251046,27.417051649879795,5.291401123045894,36.156617833233625,28.060940020106024,8.435109626109252,1,83.94303005768332,9.4260350458779
2020-12-03,South,41.81132438799691,10.824691564809502,19.058631839098354,6.527352688960504,41.17672161251297,29.22293257752401,10.471960363514054,10,95.1597198307859,7.4560991821123555
2020-12-04,North,41.88559832246927,8.595743101076481,37.80163950310036,1.8194818652774825,87.32299824947974,12.972230939073501,6.068096020913898,2,93.53131458069988,2.077235912906967
2020-12-05,South,30.588175503852426,24.888864933223363,16.498142186841754,3.9005504534743745,28.98956419064192,13.083746479547054,5.693962265339554,9,21.363488468747338,8.323585832888474
2020-12-06,East,27.298851663403376,10.74014838852167,16.054095870282538,5.475626399521187,,0.5253267648713,8.667176962395743,7,12.665678511070555,3.91292263555113
2020-12-07,South,36.37003674391387,20.629721914155354,21.622078724509386,7.475563507652743,38.93599353694359,6.053585359222293,6.033934783039003,5,66.00408314983713,2.2117532050533537
2020-12-08,North,29.036663685929735,25.113450357053306,39.98920793592235,4.096843049872781,66.55691368378922,3.6035817303087967,6.987306748547475,2,27.929850467491267,7.045040259332644
2020-12-09,Central,39.71558921655796,18.765921405703875,15.5200711926765,7.989126883340143,58.9893534350204,23.866675365792094,5.4362748987326155,2,5.639790263998701,7.962689415781683
2020-12-10,South,39.95351717143994,10.154541440126977,25.576865700095546,1.3226342383465515,78.9056380643541,15.46306675544561,8.777664400373755,9,56.24611104916888,8.734535165958576
2020-12-11,West,47.39626590907725,26.42377419459812,27.96680358602496,4.7996423217988475,47.521662039255794,8.68036856132727,10.196922941902287,6,26.64237238347621,2.077874492355066
2020-12-12,East,29.876405142273384,12.536892674626875,22.866557130827704,2.0570356689528246,55.76020785564796,27.737626607073203,5.447774440183961,2,31.88418163335667,2.8527389657713025
2020-12-13,East,21.56408456289068,10.077440031987546,32.63897918848316,10.559915930711252,42.112374245992925,19.38356994526367,5.892812693550519,1,59.480454804406136,9.115734861531006
2020-12-14,South,44.777743106544634,24.88574488630182,24.330322787255525,0.9875764238478241,32.50621211236666,28.09954259249616,11.072839468855626,4,69.72926679289822,2.9952982983065928
2020-12-15,West,20.26686892478447,8.613873574861726,31.537092111450118,6.192631229112354,41.55532262130566,7.627213213271284,6.757740992795911,7,11.000464362947826,6.326839973606132
2020-12-16,West,32.530119284719916,21.59128808352359,23.600060729177876,10.732879630382886,90.58589531048244,25.99415839783457,5.698932413886897,0,5.064344204799354,2.675635228377477
2020-12-17,North,27.202543918452385,17.24841092889843,18.74580409030364,4.588382306098847,60.29749296085962,25.6447630720386,11.649950786007015,0,82.47697204164228,2.2183601854259507
2020-12-18,East,31.489618727536353,17.55680084885367,29.060462429498777,,64.24196520740456,26.913929472278294,0.7970309980268016,0,26.80980206791441,3.162822276147232
2020-12-19,South,24.88589820437064,25.69754120728223,28.81799936011525,8.691743336718908,79.08079777930777,24.523076903894342,7.476117800536564,3,52.56981798990682,3.054186570279718
2020-12-20,West,38.884965752071466,9.027314885626446,21.5861367264069,1.4815260673054578,88.08956503689876,24.184577826315227,0.306621457871755,7,78.50495993822648,2.760909128395401
2020-12-21,South,35.724784821535984,24.31625395212315,24.0312504316153,0.5319256939186147,26.688920610677037,25.470063724394063,5.387298381566717,7,5.500540632612916,1.8741438691564936
2020-12-22,North,31.3158370289104,23.520689432357912,25.879280830298356,11.026905843153102,34.09106074610091,26.87865491486129,3.891560068046238,5,77.33220830058973,1.6424420699588715
2020-12-23,South,38.605533360581774,27.56512914930878,29.06167073315374,0.15290213964750143,56.19910919321925,12.71270863014179,5.21524391326305,6,55.83623461106737,3.8477834320471755
2020-12-24,South,22.336403393574965,20.69748664843118,31.059730178478276,2.651321465280861,39.55977031973661,6.570204781406837,10.836163150383742,9,10.551566048755701,3.936367391427663
2020-12-25,West,44.02543073692032,11.522136949988393,18.105479457763792,,59.63478399569841,2.1636886192573312,6.110462308886639,7,67.6286756120389,8.019567839920434
2020-12-26,West,32.72030718481517,9.022747860934679,18.632103040867364,3.23507254114124,69.87358912874996,8.254019153536207,7.006333417126426,6,7.2980729565296,8.47777064920556
2020-12-27,West,37.24189388307383,17.724324410072434,24.16199199785448,18.156901289701178,60.78296100735067,25.887738371685998,3.9538417867577915,1,31.120463177477486,2.353029110614174
2020-12-28,Central,27.74689412739402,23.844569556846395,25.397459534220197,0.1872281846293152,74.5924929782247,29.912977434259155,11.822949766478331,5,53.591624546689964,8.133724604979129
2020-12-29,North,47.21802632779044,8.93071748525003,23.29701451509953,5.872027432185231,26.39918486215874,12.692073040106362,11.697093095357406,3,67.4140483709812,3.409293248610456
2020-12-30,West,32.63708194812331,13.461420205705418,31.16457919380756,0.09949044379907473,64.54360504908382,14.039443453309586,10.460965892882193,0,26.2393753638845,5.4821982662468605
2020-12-31,Central,25.206339202539176,24.957300243177258,39.09187668857282,,77.55576924338145,11.78122703509582,8.497678567468176,10,18.035614407922097,1.7734657032965062
2021-01-01,North,24.452098394789175,13.069372236146,30.129242263371133,4.890609124630241,97.75510427904459,16.52768561450244,5.136185654564674,9,74.02544474811245,4.58450460873241
2021-01-02,North,27.775132775300865,16.384701799233532,19.34564258608404,1.2853854090048344,32.68041870149151,14.34050094494393,1.5187289895295435,0,40.85806799926511,1.4766914628327803
2021-01-03,East,41.634860263300524,24.432100091876137,23.206199827978025,3.7740344767145935,25.848741195791575,20.519554299156745,10.909686742139678,4,20.33483558198972,1.0612458387377508
2021-01-04,West,28.623143516295315,17.469378454672793,28.626325882150454,13.621509286470069,46.22042708788845,8.240209542582233,6.407058395229136,2,59.440706346941575,9.390815235828669
2021-01-05,East,22.305747734397464,24.969655896272712,22.833278396205564,8.309246725517122,49.00214844436919,12.089789446278816,6.741132934129461,8,39.429014992704325,8.187197704282042
2021-01-06,Central,32.51667910134107,13.944962527609123,26.552965474408673,7.239594163693255,83.99748978965373,12.077823298781528,1.2302166348338601,3,61.97127144127996,2.915143999173281
2021-01-07,Central,26.000565479832076,29.0774639185493,29.464841676066055,0.8604118410223464,,9.560440239331935,9.5109764586899,0,78.21333968033126,3.5550124820855826
2021-01-08,Central,45.78587046281196,10.063796653137818,32.65070595557293,1.2686219376082521,42.97829672131773,23.947004208463312,6.62804294148038,6,2.011104721378798,2.1546937923649336
2021-01-09,South,30.44337208905936,24.532066103061073,20.8756975351553,6.196812749193069,88.54214275683222,16.208138302948147,3.1007487087197885,9,35.561936523004874,2.356102233864069
2021-01-10,North,28.82483386229071,9.632113095992974,26.753908281223712,5.244674023608215,56.32743023758036,16.79979033112162,2.061927684163535,5,35.10464588866675,6.240171645541089
2021-01-11,South,32.553338581548736,26.592641110390296,25.19678759715113,1.3774630440954434,73.03134869968976,7.234628809399416,7.367421377202107,3,89.96050169716997,6.1868183937842804
2021-01-12,West,20.80403167349966,11.003019443079058,17.399516002462864,2.24086948496598,40.18685166380277,12.718968632457026,10.367210166679872,9,99.70181679987436,6.07372924029733
2021-01-13,East,34.867051611305115,20.902277021209535,30.049412350702738,4.182587091859981,68.95738565334784,10.339539499960459,6.301739110942215,6,65.289845703715,1.3320859825123499
2021-01-14,South,47.62983899560983,15.338468992288433,34.48250503917979,2.982221316698526,90.30104771000681,27.23194635313848,10.328352682719414,10,40.789667936918605,7.170360054232692
2021-01-15,Central,29.608035805600593,21.304008846394645,36.25611668779143,2.436020071228538,78.38929409212284,1.1347199608379122,2.247630476865494,3,44.01835278241889,1.2314823609130539
2021-01-16,East,46.18406542719296,9.052059312872988,16.833583730417974,0.42194076948898307,35.18664623776791,5.250982466632356,6.640685144105301,5,66.35102619960585,9.914840761889959
2021-01-17,Central,23.41117407104043,27.389671247336782,29.11446857550184,2.28343527814578,,19.816225095461487,5.293512788327293,2,59.42787688030482,8.476817772764495
2021-01-18,North,36.51936972871616,23.712589878736125,39.68011501715123,19.395853465020984,32.43439770480542,18.149839565909176,3.8758478310690796,4,85.94224143192893,9.321373545824372
2021-01-19,Central,24.74461614260982,15.604804501075499,33.88019639609945,1.6738181664865937,92.08778398314249,21.44145010190022,1.2017380031005187,0,71.38193364722557,8.163844411338449
2021-01-20,Central,44.617330752285724,18.351772536642905,29.744295248201,4.736638826575625,69.51379677491063,1.36267716582943,2.4743404940550557,10,13.407142630691416,3.8649176707131674
2021-01-21,North,40.296966566145144,21.776621064904088,15.74574834933307,2.819296383045391,26.26897681534183,26.476798986994215,10.659601623605305,9,83.8712705526751,2.762819253441159
2021-01-22,West,44.50171773266098,21.591710458872193,16.56501899382151,6.333573724983856,86.21645972492908,27.92909942755012,4.346095796632675,5,29.102776680492415,5.427997266684175
2021-01-23,West,39.38733942456372,22.07418953691965,16.330351775655146,,,23.455172031076767,10.295619022580638,8,76.17990944787579,8.159329220011859
2021-01-24,South,38.82879255749664,11.408422848425126,34.84967270365493,11.558624772126382,74.36689841910675,5.242824633426952,9.769470375987574,2,5.538040631121854,5.732967563375806
2021-01-25,North,34.800192040686426,25.4499683329057,28.585004646128084,4.207733787631615,87.18556221903106,23.666315806968342,3.6591829627149353,0,31.323935391548353,3.7018607767654457
2021-01-26,West,35.27641608863793,18.113980025587082,22.65346478906836,11.808133583250857,80.03421735867036,9.496805663577092,5.738270602792299,8,72.38159294132075,3.3515920495630263
2021-01-27,North,41.92339044766449,25.605142530909305,36.88507904080424,0.16975306926280195,84.97923807685584,4.560805256612998,5.4394563752807334,5,97.68304703396021,5.364114581501405
2021-01-28,East,36.03730549334699,28.427034347540303,35.29076471879098,2.0889710517371682,83.71097628498337,2.431910366112163,10.764582666161111,8,40.18908989705719,4.590385191786995
2021-01-29,West,32.119590557660366,10.271978178113987,34.453894823342665,4.49876888568231,35.88532230959142,1.4147143886308888,7.379589168933085,2,24.324546638089217,6.632697125522949
2021-01-30,Central,39.8124266830647,15.83286918454587,34.345496077165976,2.617991699754065,53.29932180934877,25.269933125170752,5.249803708668195,5,87.11006415130214,1.1146782693113475
2021-01-31,South,46.99133605540066,19.681314751308324,19.784565282742303,10.763316853225254,91.74476324342437,25.2924485418242,6.233284297169936,2,84.13396886061378,6.6914264495511855
2021-02-01,West,45.468862168945954,10.968084985164245,36.89109324025681,0.6056395483145963,31.84595914252177,0.9942212752715995,10.098337287836076,7,54.44167544289835,5.276102181341566
2021-02-02,West,29.111019753235265,13.701289285124645,19.921089872923194,2.617339792391339,96.28051654844374,21.46886437512526,3.6940668454081096,5,26.65725484458852,8.203236338179416
2021-02-03,East,30.83322364497667,9.08215672537109,36.58014355302794,7.75667439726197,41.532327184788606,7.6231269454688295,4.992496627946273,8,30.85637426958031,3.5837198682909452
2021-02-04,North,46.80957622409795,22.989488006921405,37.28944124182085,5.666175650199909,70.11277427705707,6.682185371132068,1.5659951859846544,2,48.88134052014447,8.062406660942479
2021-02-05,Central,26.519857565869565,18.920629111904894,32.80959933686451,6.265705481359077,48.87538249074417,16.860194213090185,6.816098304050642,8,98.22102342949054,9.606400083706397
2021-02-06,Central,23.577889112186924,8.687853639685084,32.722893279718065,2.48272259305442,96.74022770279775,13.737056343407941,11.63768604112566,7,11.101916166289904,5.084299637834396
2021-02-07,East,33.3404709540876,14.680260737708991,21.51759559709241,1.6525477512860633,63.29246891697399,5.674941959224629,4.130852256053562,3,36.39171439692811,4.287779434597372
2021-02-08,North,32.486535533303226,16.97888802074688,22.828527688472256,2.8236413071900857,35.91571198740695,0.170263643019527,11.289090896128936,0,86.09365369204727,8.700217898508512
2021-02-09,South,35.33926866755721,15.53656277180605,29.314429671082728,0.8979776074774966,86.8135688480329,9.67573691396841,9.654593173819242,4,96.1754349378631,3.1201513804404066
2021-02-10,North,20.894928907698205,8.401672543139094,29.309575230415142,4.101645534641673,54.31329770778221,12.162885505881146,9.509358357348475,9,5.063771173757781,7.594795853888673
2021-02-11,Central,25.777864523812255,14.329761851945596,23.489653519410684,6.175542435076145,87.19431665838206,14.256622152573716,8.910522885721262,10,58.93023081526715,6.1540660728918235
2021-02-12,South,42.474010156705674,9.785313710374933,37.41301903175236,0.2980531374555067,57.37683540258907,12.246188552764583,9.118368798946754,1,60.43308954460919,4.882159231750961
2021-02-13,Central,30.090831861957327,8.127380666749826,18.280091919848605,3.655992068896082,93.10914786848576,11.411403778869529,4.044962638390679,4,50.45866922929163,2.7293339254495894
2021-02-14,West,45.66352567333239,15.770935326906734,24.738938410935035,3.426809680148101,29.05092210996691,28.899107826890326,9.987089815951569,0,4.312636544985137,1.119989448023531
2021-02-15,Central,35.927366278590426,16.502395343676255,21.462620943677045,1.2264455113881636,96.78848535484134,27.598203117498795,11.68491782225352,9,31.762241520644086,5.845358406096653
2021-02-16,East,20.59554212961167,28.11845133847917,38.22459583940649,21.493073445512138,58.86999807404489,11.736283865919903,1.2527856355454188,2,44.02533541887481,1.5213023386163673
2021-02-17,West,47.388612650698725,10.822521162347424,18.570343724516498,2.7708975990932356,51.946988739191426,28.241787688107472,1.5226979096089965,6,48.771324194816444,1.9587467140242616
2021-02-18,North,28.8771591747989,23.408987459396236,26.769015791205856,8.75705524951034,28.046745862452727,2.6136311676879496,0.13928594290214624,6,96.56015675419512,6.439740785708805
2021-02-19,West,30.330230973137276,13.798337704539737,16.052893780200197,0.8446873415009101,41.63935755940877,0.3818024794393471,8.425629110196315,3,30.4789198895944,3.1661353308583946
2021-02-20,North,45.49802099194659,18.946548267169867,34.462008359184836,5.526787190356989,47.81786080426518,9.925003072519324,0.8704139624224703,2,5.915527775784424,7.202938545502282
2021-02-21,North,44.58431980487863,17.476602072182672,31.53025912147929,0.33045139454263683,78.15578295944016,5.55836781784884,6.2624909674024485,3,12.00722015569199,2.332595175650434
2021-02-22,East,39.18063001410551,18.64848480444455,36.06821161004494,0.2822080259685343,75.9093015198776,21.13275343215219,8.253760354781223,3,35.260354557079545,1.6339278905164185
2021-02-23,South,20.28635953173185,24.77737033626324,22.32097690393135,0.8534451332879387,,18.78797130243694,7.135581540305083,7,77.84962240708207,5.71584509944456
2021-02-24,Central,20.10041792336803,8.406011705518289,28.82351120897296,5.346658129152802,93.59892173505413,29.234348262710846,7.287049132422694,1,60.7212303895203,3.1467248396612466
2021-02-25,West,24.99092867362762,15.241783034803753,38.96009550686446,23.201869120455545,78.05382413802205,22.616910630629953,11.53745010659187,4,78.19526400492326,4.843657968619636
2021-02-26,East,41.35078315976542,15.486327994715573,21.31871336646079,6.6634607676952164,75.40148092801923,11.842491789025681,3.61591736955825,4,91.84595082019358,1.9827326647671941
2021-02-27,East,43.37873444523212,10.0843561160654,37.59534134678884,2.211397042052793,90.66303273039645,8.065011257231731,7.443483876928182,10,12.082789038479557,3.634253245650198
2021-02-28,West,26.294290671906744,8.235074919519121,38.68882056774005,,34.559016940160625,1.6357689019331634,7.519940585376811,4,52.731302654329916,1.533092560496391
2021-03-01,South,22.203546565793246,23.818312241410162,24.45132383043196,2.5744568658068716,30.649007237739387,7.926711363018311,3.31023999818412,7,62.4691802225021,8.296644910024995
2021-03-02,Central,31.951398570011797,27.420098525274994,23.29153203510827,1.136938830042347,76.6619466013037,5.469520114180092,3.634774952138,8,41.683123824360976,1.0390605747482042
2021-03-03,East,46.00928633992778,14.841034458537166,22.080926752355882,3.8271400646402816,47.60831375214758,25.17257322119453,8.88984696067752,0,45.2830063287395,9.636185726109986
2021-03-04,North,34.685684449705846,22.366592414643964,36.06854748945972,3.0168143389912205,55.968317823322224,9.775675620139394,3.776437896270167,5,8.43075944059538,3.4504118506292647
2021-03-05,South,40.522558568590334,29.893140701243915,32.09312992558193,3.086797082867516,,20.51083051969045,2.7842426685446147,7,5.866578816029177,1.7014467093755061
2021-03-06,Central,39.83873043564891,11.613272422109677,20.234290461908635,0.2620003502008191,94.4058707056591,19.436932550618508,11.80367653410003,0,4.296002331195792,8.69677799585434
2021-03-07,West,43.9164740495454,14.086584270327034,36.37728466491827,0.5161259861444272,88.76177191350763,1.7801588489017695,1.1137599115297845,3,65.56589333378646,7.015566373849632
2021-03-08,East,47.5579274283789,25.997271760033236,19.787359513064047,2.7701461095424134,78.58094198955087,0.6770708072694565,3.7538149272775803,7,10.084374599034563,8.675202522769535
2021-03-09,Central,47.44835337157048,8.072044988759735,27.244629981825927,1.7771346506100574,56.44195429918772,13.351608303053707,10.088425201532846,7,36.849226470783705,5.91575613815799
2021-03-10,East,35.1210840150021,21.038949101784077,17.85894503927736,2.2135419665315617,82.86732267844201,27.77417081104097,2.433972334248522,4,91.7072759033568,3.3193468496340426
2021-03-11,Central,29.33763186243721,18.516554964413558,31.20840729696573,1.9774593063075199,38.12843268913242,19.178386785852172,3.0862375565410223,3,16.77489308276097,1.886896121808542
2021-03-12,North,42.06859616886982,23.855862890173533,31.4939484762374,4.971177599766211,83.9565398489035,25.706569701035082,1.9469183763633717,10,47.284598770267706,5.923598549752258
2021-03-13,Central,39.67191099317217,19.63727851242043,24.05779515267477,0.786787984512434,59.6934897625719,1.3193473132618683,7.023036231908189,9,72.94517254569638,6.8263330259041854
2021-03-14,North,41.94350659855026,19.35566665086165,17.601053623847406,11.398929186847111,,11.350478251488545,0.03187478606570204,6,24.764017686900186,5.021409591798938
2021-03-15,West,28.39961200338247,23.62733336405049,28.646610971561046,2.5425938133764574,58.84809240613026,1.7659874010415288,10.508391982879917,2,2.1839447739100626,3.991552028861368
2021-03-16,South,36.32777245018221,20.099554318939774,38.017423675382545,1.6643936332419416,82.57418420071625,10.230066845718373,4.504823337905024,0,77.78835337900175,8.638777186281768
2021-03-17,Central,25.18564801444731,29.695394650913506,34.77447524984993,0.0856143984819384,72.99033060812312,8.525320687411046,6.016133170234094,8,72.87295344109636,6.760132105932735
2021-03-18,East,26.146240526110038,23.355617020076448,29.355375106677265,1.7547925879636594,34.99864084648416,27.644279205094023,2.9844323508598167,8,97.99865012547806,2.363331520089149
2021-03-19,West,30.33822023116309,25.750769942287647,16.88124851850894,3.9313790469041665,75.47766686193344,24.545090467152136,0.5044960874654221,4,60.649185599874045,9.25820980006329
2021-03-20,Central,39.894477991640755,17.295841270844512,31.39490801005414,6.383379769496173,85.81466008502454,24.191722458527295,11.54807893368773,8,30.916040732255656,2.5379601162781036
2021-03-21,West,28.525920202195945,29.076535704911738,23.60185685895891,5.267154990000547,35.99780775864622,0.7466241650732242,10.568744506630985,8,12.970912088006292,9.029567485758886
2021-03-22,West,29.198213300098768,17.86569725757967,33.45149094868611,3.4059454181521347,29.498928633421265,15.235512992295227,3.3158101243444706,10,9.890906601835036,1.3772852556294373
2021-03-23,West,42.37565098711579,15.614817093458825,16.01456150145067,2.2914142998150924,29.137831504350533,2.9163983992166385,1.1924114272378112,3,63.78945403642122,9.737759592514113
2021-03-24,West,45.57311453588943,28.665336075551924,27.050249311366116,,26.62728896999452,25.97069948881039,5.401955319213775,4,34.932473591453785,5.5072402926853865
2021-03-25,East,43.519781324180805,16.29547061092987,23.90838307780892,13.058946703815614,26.30748392070484,13.56395766527447,6.607650197147837,7,83.19040465515096,2.108111827855695
2021-03-26,North,25.174731222347337,16.043333538968216,15.361695435207881,13.537342830616849,83.75963283862527,2.915155934826287,6.845486992971215,1,12.452343501048768,1.973919808224215
2021-03-27,North,32.81654561759535,20.240145753536577,26.756593393015088,6.504111239010233,78.9300492536538,29.50960881838663,11.000321232135931,8,96.40025857442261,4.761271540826808
2021-03-28,East,39.689024538401625,26.68781592740601,18.79595035161842,0.7301047740215556,93.73420998900644,8.64307174274273,8.075861089740265,10,5.9815083376666305,4.81130643023119
2021-03-29,West,39.940826799887574,15.262461075544184,15.547842732911114,10.885866137160082,50.97548167566134,5.991126927393426,7.394345744004546,1,78.18381607430373,6.228555980953838
2021-03-30,East,31.111490850800166,26.249096565847353,30.37630280536493,4.175222115098515,76.74895340738682,16.936896864594274,1.0256753191075765,6,77.7901008885451,4.215264944877127
2021-03-31,West,31.774895093438573,11.585381934504923,39.670991897541604,2.5988149357568506,54.993496052279234,14.534178419249669,6.296567017737816,3,61.31773886872681,5.582849841091898
2021-04-01,West,36.16506557425714,11.796835869998304,31.935261070595452,3.296971000995982,65.90230183547465,8.234613628720528,6.635097351147387,1,99.25641298729519,6.437898150392293
2021-04-02,South,38.98374737380765,17.920525922165883,37.0542865295544,2.588273199502119,57.04255082884363,22.120116582114946,7.558749230109635,6,0.4509204192939098,8.758218736899238
2021-04-03,North,22.056838533477226,13.792711823783515,18.154923875257058,2.6018906112804907,55.313456532270365,8.684440504012546,1.9300374121458619,5,46.51743035037873,9.629898350105533
2021-04-04,East,38.052105898050016,18.656169080069397,22.40432013273549,2.25696218143286,42.91625611783709,10.351376800078285,11.52979105952268,0,10.577976456428463,8.94856667569088
2021-04-05,Central,34.34302610671868,8.274425288955737,34.20878499258458,9.04758149925598,67.41445351601226,20.998905409067874,6.8682197260627715,3,51.48496808972977,1.7361696532014708
2021-04-06,West,21.063863268980775,14.088002981355936,19.471991883879586,2.4340591255137665,44.076215305370184,17.142340937792703,4.997161125321687,6,19.562438915358992,3.7124191280948606
2021-04-07,Central,21.668693407321914,28.84592052292173,29.89359896339821,0.994581174718828,35.233485783310186,8.663437482869229,7.964539474285164,6,44.64180699451802,2.1677621556589197
2021-04-08,South,25.58264646768983,27.343888707936962,26.79690384784486,1.0389923501592797,79.7278277661332,27.682721780582096,1.7367856297922555,2,3.802297581951919,6.31095589707669
2021-04-09,North,29.95624301432389,8.631679129025043,30.07160358564122,0.5644637051571425,72.14365664788289,21.564712571164023,5.234016627759637,4,45.32702102931522,7.449340184794032
2021-04-10,West,41.301949153053826,25.695335766832727,39.15202672889703,3.232259217217268,46.39918268564098,9.066805975998513,8.651611091178456,9,66.67799289708223,7.396851379955379
2021-04-11,Central,28.8131431376673,17.765255065294255,34.14855201123891,1.5711156742468917,71.0207146710114,25.879616054979614,11.286217387304415,3,87.89919772287213,5.097058232276422
2021-04-12,South,41.37528336775407,25.97060762310368,39.72719592048408,3.445360582691134,26.93242434277031,9.383140750607629,5.3600584296276415,4,92.73779576412115,6.469874114252818
2021-04-13,North,33.93878834546817,14.162195413095844,18.05534945191958,10.686433080470247,97.15017460838962,29.26946984653228,7.5660252539660195,0,35.3361074063672,3.5208915172868753
2021-04-14,Central,25.86091985233628,20.10450701175207,26.588495401166803,12.460987901626675,37.67453029573902,27.24035446899063,5.17084778700137,7,80.77075147128878,7.062153610897685
2021-04-15,East,41.75563010903357,29.694711591863456,21.166010457612316,1.4599721346791343,93.73714215489609,12.031260020510677,6.286620012054802,10,87.92336918646248,2.3942798993184473
2021-04-16,West,40.22157105649207,15.190178552901745,31.650432674637845,0.994922307198762,29.98529834965432,19.892091701737243,6.03525223665161,9,96.95660612719803,1.917321618312871
2021-04-17,South,21.00868548915659,27.463796589665794,15.354562838658449,0.22771783295060463,76.69902331872359,16.066145945838798,8.356965221309487,7,43.957095140515676,4.361557192289639
2021-04-18,Central,40.57840045291828,27.299454385617025,37.336718511094475,1.2747138869662533,41.21509598651428,24.503863424647136,7.841371036943412,7,81.95632102605151,8.050967458612437
2021-04-19,East,38.719908374955494,11.388942324521881,30.025642719150774,2.8232605842060305,95.46409314337684,25.87211653924244,0.09448411926905331,8,26.03762150554827,3.366144016761497
2021-04-20,Central,30.513733473837355,13.358016173549835,31.7695027479067,3.691324996292301,48.00937762544898,18.908808381050047,0.9997387378475069,3,76.73716500647215,2.78837474214378
2021-04-21,South,37.62262634793287,10.815478363887033,34.85769123468325,0.4132729865226067,27.88922409262466,16.6675868750093,9.126689147443647,2,79.95940438921947,9.151181106807103
2021-04-22,West,24.243650998664663,14.336592920217521,33.64436664882862,1.126778918262541,27.44725262476049,10.181690448615763,1.9377413166454467,3,85.3689854679099,6.122531262978486
2021-04-23,North,36.45635175397922,19.52451349472689,32.181680917047956,0.1714471569690663,87.45549161283601,27.001101684197156,9.234872685625133,4,81.31434810925218,2.758980070981443
2021-04-24,North,24.8342887951559,28.417684717460723,38.69179509944321,5.988252951718631,30.086124330878175,18.184155613020977,9.785358010233399,4,78.62037472562675,2.682524589312881
2021-04-25,North,23.159433798650255,16.724797393767027,20.93699254263529,1.2597259118447999,85.44271004690856,2.025798548263371,11.217039362856326,9,68.28722444724698,2.060682005626432
2021-04-26,South,25.622176331290795,29.733643498546705,17.374942928680067,3.3677621800856383,35.95786797374086,20.056379185119578,9.766956715354969,4,11.098027452239057,2.114741192514554
2021-04-27,North,23.398519341661302,16.783196825669066,30.784693502458413,2.4663541881336997,45.16469439955952,6.386688518918632,6.401913593972878,4,37.2046074202702,8.225228716384628
2021-04-28,West,23.46453698245565,20.958607070461436,16.6100319161381,2.5954754204016925,96.63003756199737,4.2413577369644635,2.534940128685677,9,24.691000588775193,8.227476125372469
2021-04-29,South,44.73178481534864,29.22486308176235,28.854768793626896,,77.92174005926697,29.579752013134865,1.5439148416098516,1,43.301911134009806,9.582614656370518
2021-04-30,Central,45.17484708673799,21.234929102242553,32.4833942708469,2.1133139148034834,35.65605187324323,26.896481153222346,10.487804204082094,0,91.65990870540458,3.6767230026846276
2021-05-01,Central,40.554023730695754,16.51182459960593,31.85003033349572,1.1498896861062518,44.741189234157616,21.832089134257114,4.684033427020542,3,61.402614869867044,6.15942696693337
2021-05-02,South,41.903548148890266,19.561647253006605,23.44069550617061,2.1075011342393797,59.730704585408105,17.61222786886085,0.6265919651933336,9,8.392263748846284,5.834349083530938
2021-05-03,West,30.082195115714278,19.962738058299486,31.95521897921039,6.943701441761913,89.60969953654967,11.552734743251508,4.168594518054151,0,29.861075725919427,1.9193662354882526
2021-05-04,South,35.231976173029395,10.311168484682097,23.37327348931123,3.3029728208820486,76.90509912860456,9.493014736096704,10.424347500407046,6,85.18533490847753,5.7190659485288124
2021-05-05,South,42.81208606547459,16.9022471954411,35.14301331590978,15.02309895851056,75.73987988119228,10.095561575138492,6.7465991880415075,10,37.530356408872166,2.9074737664084536
2021-05-06,Central,33.6955704705113,19.579750207584695,36.79906345838185,6.14858756417324,51.279143099913504,13.578732219336873,7.697285046501298,10,0.7200974406882055,3.1911591074635517
2021-05-07,South,40.634800127717,25.14372377400878,31.6459232759631,6.985663553877205,72.75964395098292,10.260727769343372,3.0411888520004626,10,77.54379521596456,8.389834660703391
2021-05-08,West,31.855594895303213,8.132879743849978,30.68571845209125,6.105265548931292,37.62047439409814,6.742155155938864,0.23385778505081323,1,14.067254883473346,3.6857439916197094
2021-05-09,North,29.694806318862014,25.905627502723316,22.190014310957057,2.3358783016178943,66.55547613047017,27.369775515305854,11.001313127495047,1,12.195787766358258,8.014845916438201
2021-05-10,West,43.712461514401234,13.944606863512178,26.63137526013614,6.509744112757238,65.89512722054451,22.76497362985243,0.8898218493744836,8,61.68355520702116,1.5689262833037074
2021-05-11,West,29.31432904655358,23.738636525642722,20.754510218247162,3.9858144593440614,75.21023258620386,19.235710496271153,11.991447057047843,1,56.896168894406884,5.872935296871347
2021-05-12,Central,33.316906783018375,24.991674489758264,32.60772592727915,1.02305829756338,42.71624560587783,13.281474703226104,10.430364744012296,8,36.10146074888816,6.817171332129358
2021-05-13,North,23.027743655720336,26.91186188828845,31.25875668814571,0.3991293216791453,33.52529443882561,24.13013842843853,1.3903026966161858,1,20.766094782381074,8.089333193917103
2021-05-14,East,34.277082128037634,28.94091373190617,17.730417311843063,2.7634041521046218,95.61274752860649,4.830555929600845,11.99202582651619,2,10.35476640395514,7.880593106183595
2021-05-15,South,36.9597974951145,27.80027700328449,37.44534893340063,3.497819215252551,36.183396975708476,4.178581683059759,9.696973736906811,9,12.16010329052095,3.3394944297207747
2021-05-16,North,30.938384329096117,21.930129331901533,39.69146126281409,1.7195135784664823,49.6107213945799,28.62177836437507,10.178340209406677,2,73.5705867509883,6.809550346876878
2021-05-17,Central,38.107626030626484,23.959929774532846,18.54110495114999,3.9731317639606543,88.59082866226615,28.270938735741197,9.716188690131535,1,90.02867576440804,2.624861324023643
2021-05-18,South,32.35737818169932,23.446634610900674,21.888672087405652,0.6536628396356999,68.38663917417716,20.054444253330082,11.146796615029825,5,56.19587891318345,2.4365510193830637
2021-05-19,Central,31.936128984746077,19.39329633549957,35.53726725091333,6.5662613427032825,40.715915715893274,13.968886116060265,9.07998354629768,5,64.57926007758579,2.7524242928880915
2021-05-20,South,31.834167818075223,24.909100581028326,24.873446125908643,2.0485148251516163,60.02402881177339,26.689421506492945,6.316294500204643,2,97.31713943491388,2.8662279878580588
2021-05-21,Central,44.067999476650265,17.965284401328887,16.441414889348884,5.177679427009407,86.38337577399652,22.193561288865908,0.0006294403946087712,3,1.5645746252099468,2.3813673296048328
2021-05-22,Central,40.37516220006201,26.03920929709472,37.794004044331274,7.668695631858285,97.21432050067354,23.063686145535527,3.352126482244915,10,15.592234315042152,3.983296674904254
2021-05-23,Central,32.78665230368557,24.36359399183906,28.133252721107006,1.0918339429822277,71.94620266934638,19.519000194089642,7.2029196423012944,6,47.016985871346094,7.411767993594542
2021-05-24,South,37.88394785233126,18.775988282056797,15.773849697084724,3.1535962934801636,43.50964602859287,27.652043697569425,3.746019372486662,1,8.80039336831847,8.066675291263563
2021-05-25,East,43.064034813342104,19.31106104874633,25.867271935385336,0.5340956804677819,84.31424021230319,9.330174518811397,4.920879974968727,10,26.187333025174333,4.116199553451499
2021-05-26,North,32.767287560057326,22.104696806930452,35.86068025566973,0.17404768566543674,84.03734372076852,7.992655916919825,1.2948905851903367,2,38.772232762811754,7.545070557491309
2021-05-27,South,43.64072384528794,15.327802469533442,24.859590496360315,,89.91181282518264,17.6423934967499,11.759712921093463,4,70.60660757919825,7.937462334944597
2021-05-28,East,24.95931345591837,20.23318704767609,18.257246024224077,11.995504064171175,34.94657103039734,10.517954530080521,1.3798499769839552,2,13.211438717492353,4.483916840912608
2021-05-29,North,36.60210635627358,27.798543231713932,16.029238542339293,0.18331186158886742,51.65248325663006,1.6953086143403129,0.8563484822019607,2,60.169733409577915,9.953456443300505
2021-05-30,South,30.082360301820998,14.842973275143358,34.484493008892365,3.696873942022801,42.05001107923387,28.859114938380987,7.013859805270254,8,5.18212040773629,5.973071252757934
2021-05-31,North,22.77961155969762,23.167030770690275,27.757534733301355,0.23641639809232393,40.78789283430638,27.10680265733067,7.458605010522909,9,44.72476887720194,7.309759752530676
2021-06-01,East,44.96882051919858,8.876731761408813,23.010462586785742,,51.67129800267139,0.3126269308896412,6.293526039078724,9,9.868662076787704,1.9050700333566746
2021-06-02,Central,33.70954661740052,10.820217202622866,35.658423502433735,2.6880791933654073,,26.044255604701334,4.238882606531776,2,49.8257168757143,6.078723174481464
2021-06-03,West,35.13415744929614,27.470084666411914,17.83219329855914,0.9345790526516413,86.90523160299534,15.536144578133364,11.091613836298876,9,41.55059837573351,7.595141437696981
2021-06-04,North,34.49116955838993,27.873049076618578,19.093086276048794,3.698389009474518,87.18263459761928,15.151955193211247,4.121371724130899,10,37.95779758480595,5.785748732334489
2021-06-05,South,35.19675949679916,20.512728236845977,24.725287484085925,1.6271461770458768,93.86459494555902,5.021429876641649,3.7283425411116125,2,81.23518070691685,8.635797741804879
2021-06-06,West,36.40555185164452,21.13312924487051,15.978805007485187,0.6572022313087423,30.131946463458664,5.900762618002824,11.342077929927331,2,51.6249284172006,1.6650250645550155
2021-06-07,North,44.40321892165694,17.013103207756444,36.34626173554207,5.384752847231584,66.70626816757772,8.427545367535606,10.618544354976892,8,27.17544291611963,8.985324611424593
2021-06-08,North,46.53686579103254,21.12812408671109,26.453569049791554,1.9236048442255378,25.472040773764625,16.68458847771444,5.7214123300118285,4,81.28689427953492,7.935383550152308
2021-06-09,West,37.34268274412822,27.265945702366576,29.846186176974335,2.5333194842844406,68.05205029786069,14.483255333549515,3.128376244425413,9,52.07376731073384,1.0319663540100206
2021-06-10,Central,30.52664160841931,11.400648795228314,16.156564567967187,0.15766757415514346,32.115085668176704,8.287198245225332,1.553843283177856,3,97.5525475244064,1.7375963184778977
2021-06-11,South,34.42058499863781,19.01215330873805,36.65721706192086,3.317915859605066,53.19416237013834,24.18097458123923,9.588708209985823,6,49.51072449822919,1.9502892823968017
2021-06-12,South,39.681298753187235,27.27452304130723,39.23856446614447,2.8839788768450485,48.640048014011654,10.548492005171132,8.713903335995433,4,82.52110262187215,4.689615618653869
2021-06-13,Central,34.81657717973947,9.561647419064556,37.193132206355216,,49.15174851220421,5.906461949897034,1.2674704653920177,5,0.13693795123657093,2.232358581041796
2021-06-14,East,27.29650504650957,12.426326376077146,32.10557692123534,2.601443745683376,39.00062179815667,12.405465019201046,8.885007569109478,6,25.12404727870503,1.3667226281304887
2021-06-15,North,36.994874519619245,19.282811584465932,34.79943922947762,7.43243259445299,32.6410997132116,21.1769436521439,10.771478456839251,1,2.9526706018546567,8.414776747090794
2021-06-16,East,44.88642332424055,21.5841020470787,36.21479040581126,1.710928717625425,26.184312844529597,9.70970242373228,0.6699351199598644,0,54.80944997173379,2.9340486973951965
2021-06-17,West,22.983222621669015,23.557164922905116,20.416161269196603,5.499756667371649,79.81943503482097,9.557281893213458,4.927290208841864,8,47.30168687522941,6.432636423313024
2021-06-18,South,21.98520969189773,12.069070464060303,18.581288610996864,1.1068890234106075,91.87723712019591,3.4737269840488203,4.900392533336056,2,75.84018528601726,6.301097039496168
2021-06-19,West,47.301629390338285,21.15271959845913,20.10642776133437,7.957635281085264,90.31897062937186,3.049082224970939,9.723819265872606,2,11.280119345160456,8.229286023718705
2021-06-20,North,42.4930321473091,15.554329856822843,37.20455591869728,1.7347872967651452,71.23399866187404,8.788641702038388,1.4272517745939974,10,83.04004054964864,5.87012337393622
2021-06-21,South,31.551190504455356,14.96069214111482,23.41378179245369,5.333259260350876,33.843598168584506,21.587731379615303,1.8169061450093764,4,7.216915137458802,9.750270970451293
2021-06-22,West,20.807640818719246,9.383440144961925,18.831012731962907,6.523611703087641,66.45850532918074,16.135280798585523,4.596354102556811,8,84.47502443751986,5.775772280833122
2021-06-23,South,46.141570776887164,10.727939284200616,39.989710955048665,0.7171077274312383,32.16038053877374,24.748258022883743,10.221137613174978,4,55.12978731310708,7.062560455769713
2021-06-24,South,42.238066637907046,25.57735681759661,19.20592109023896,6.462747936455225,62.43663502205468,21.54862004684032,11.839910966101606,8,9.128882692629015,9.157145573603799
2021-06-25,South,37.00824255150083,18.049494571822645,17.9077194356433,1.3678189871857858,87.60650512287654,19.130759740343283,6.553566105656678,6,3.09702616720825,7.481386413335334
2021-06-26,East,42.18330766312637,24.479320434878353,35.85069386161952,3.6173629861543803,39.54037529163155,4.28252112240871,1.893784487125401,7,79.78381114926033,7.56418887631819
2021-06-27,West,37.596481915956254,25.987256393872833,36.12980102418963,2.9492827727493474,,27.44911111988546,10.833725626907249,9,31.71274834262504,1.5218342192478305
2021-06-28,Central,38.86545294088603,25.454225774152352,28.74440606953088,3.5238125266372653,53.192856005610274,0.8914617017270887,1.9470049340221176,5,94.51114550189934,1.7589957906370282
2021-06-29,South,45.328683673648584,29.586775687901955,21.87775620838046,6.215790135673974,40.92585573074202,28.726110882822113,4.413538048007335,6,98.75036995281204,3.471722555555062
2021-06-30,North,31.386153655087895,13.703860351835019,22.69192076861957,,61.61339014246966,24.104541678127152,8.88885457595916,10,80.21269745078364,6.065186743491941
2021-07-01,East,34.78846322900766,9.601071510047095,22.588619420791666,1.1548007616661358,88.45636929531042,7.568572125904155,0.715968967690118,6,76.23109968549977,8.960055973439772
2021-07-02,East,41.87062632825388,19.498343050453137,36.63913902624664,0.8390919409187844,44.7514156963206,29.564945127035205,5.817048976147545,10,71.60469626674389,1.7884571028637186
2021-07-03,Central,27.584777890438204,29.19303414890008,15.427247127866485,0.34970692306926954,37.57953258222517,13.449677866493134,4.887079015484344,4,19.881111782818174,2.2785565536995107
2021-07-04,Central,36.840621981838716,12.448788499879498,32.75839919662906,4.896604461324552,71.69035445190951,24.137762909169155,11.344454702351518,5,15.379334321009807,5.759278863707482
2021-07-05,East,29.7982702255949,19.96569513231697,38.88029959095611,2.586636035923648,75.5331167056342,27.96460806323454,6.5539784789374815,3,40.43930318000156,2.2427480906741306
2021-07-06,East,21.421399660762308,17.011343752874573,33.809065523023676,,30.25828412348146,14.929296549665288,10.651642419582354,6,94.52034539889374,5.219041821579978
2021-07-07,West,24.3293752282974,21.721529558827697,27.271720179931112,2.640985490745588,43.45616915326484,18.600934485416253,1.0646041392324728,1,3.316509516304178,9.130252320152469
2021-07-08,East,23.17705263229646,17.596437790204813,17.056515977431403,16.683406452081638,33.71662266138028,19.6418777671639,6.6932542883610635,10,82.05536333098561,7.721476098677483
2021-07-09,East,35.36874919790969,29.746816846185755,15.763467055644318,3.263577587117405,76.87949495703919,17.503715545341596,8.303093706129168,6,41.180058019554814,7.719621823859049
2021-07-10,South,23.357195376244277,25.1447762068564,20.20560109229489,8.225328326371725,63.58836670283261,5.569601865532635,1.8129370886379004,9,3.237406321656522,4.7544083674731255
2021-07-11,Central,35.194880474961366,25.005374730360966,30.306826021002244,0.3700908674660037,90.34725678051703,8.757589945982707,10.1791918494661,5,17.832556497949128,7.072772088727786
2021-07-12,West,40.549760867650676,16.072287125056814,26.354935739947514,9.294191075953757,74.40033944004875,3.217360835746451,10.549676341727197,6,98.12372813215508,7.631676476040124
2021-07-13,East,37.698478948312115,24.83485447564553,30.04577926346588,3.266971058970189,44.92526708007256,13.070294166316378,8.134342308492446,9,81.51738423463878,1.181773303434274
2021-07-14,West,40.97462962301217,19.47904035584263,17.144553862636247,3.1057703643477748,49.690419234539775,5.558167433804572,6.243667471432947,0,82.81113190238882,8.329250033635343
2021-07-15,Central,33.75991578919297,26.860214913195023,35.69401717677708,0.5928142973808251,55.6225888394717,5.256056522051466,8.329133191569897,0,54.89958169568282,9.027812671982996
2021-07-16,East,40.668407872448476,25.20819008189904,31.97659500195749,,32.178377791703575,3.4622345785786,3.4221532245593713,0,3.9441715435464486,2.091246561200001
2021-07-17,South,42.163237488043464,22.743162035741225,30.943563608506423,2.6507009877870646,92.25701040832179,12.696645706525219,1.3285181105222321,2,81.80431655067643,8.568292192323991
2021-07-18,East,27.022834140205184,13.3053832996349,19.317756065115603,0.6032626812171068,76.0217212876027,2.7776966383710433,6.624604322532141,0,47.348900489349575,4.224207217303782
2021-07-19,Central,43.981204044079945,20.62185770146013,28.650819311247645,1.635355058047162,77.94087550877413,21.88585997657463,5.790409068094817,10,71.47788750128763,3.8623722454622893
2021-07-20,West,46.216218249899484,27.647753132039387,21.387061139689877,8.443570353401148,73.15266518132131,27.00331379717025,5.1178248724568185,2,74.57619387610885,6.445013731634184
2021-07-21,South,40.47593100476563,21.727341300585614,38.312545677178136,,57.348927403430935,9.398184561233284,2.2680380219870635,10,4.030679068235054,8.309653711228915
2021-07-22,North,47.19613990409191,26.299598094496023,26.668883608270768,2.9664832759096478,52.698988878237046,25.182544336924156,2.2832301181295613,2,22.527057154919216,4.571265225100783
2021-07-23,North,21.812227621525267,19.74014008340373,22.68727579760095,6.086865626879295,65.14122575196538,17.66864219515066,11.822953138635409,0,83.29143027991921,6.696571426309203
2021-07-24,Central,24.20514493918005,26.543635468716968,38.766944117463986,13.735763641011692,78.85009335243744,12.176401128627555,11.124388965587084,7,49.13718340241593,8.458095940804
2021-07-25,Central,45.278932854187744,20.838290484992584,20.142424826918614,4.292925439672232,50.99347701430725,24.366929156722634,3.0365032608402305,2,3.17865973995074,8.055999951911954
2021-07-26,South,20.8647769246154,26.727464257926638,27.323304292324202,0.16453483626025525,60.99651875495454,23.634277692447434,0.7192259679548072,3,95.92050265196998,3.486201596198406
2021-07-27,West,36.4654193416303,18.402288137062264,19.270985926396413,5.07915393250438,72.62806613870531,28.209892955251938,3.895917745832335,9,61.80641896842231,7.354121141990954
2021-07-28,East,27.525469862462188,22.662727914355067,17.35772415825596,5.224605501576347,45.20749540695989,28.219069753095017,10.14213789276019,2,39.94322100261044,6.73804835876
2021-07-29,North,32.742147456416966,9.261804824139507,16.298156524818936,3.0811941653157207,85.82457577445334,20.91679893392017,2.6809218600111677,4,90.07425331739088,7.217435599501455
2021-07-30,North,30.816837978651986,17.632057577244616,15.392745737054417,1.898041575671204,40.583508768657374,27.376612027355456,11.809083168705362,6,13.207221375051192,4.819525548341589
2021-07-31,Central,25.271074784740122,11.06637298831185,32.73572032197299,2.316852362297602,87.96761668805092,1.6449837113841859,2.444142754496421,9,97.45546951863902,1.1831525584169131
2021-08-01,Central,36.40260021574206,13.065861264230882,24.697023595048396,11.61694362920666,25.345681533357137,5.692924420485732,6.6961485272874395,4,25.97748450210897,4.06833965598897
2021-08-02,West,25.671480485872266,19.90891704281701,38.04788616823226,8.735596617873806,71.99017731456587,9.185652099283871,11.907323568376949,2,56.06015061081986,7.6393636024019305
2021-08-03,South,31.40110488538129,19.894675098774183,30.664607200657905,1.3371092813272285,59.57459390272886,23.783696129849123,1.5611882399776866,4,81.80182486638992,7.971557744046742
2021-08-04,North,41.57224062410204,25.586140554097472,35.16986088507391,0.3078233167321073,43.039167582642584,1.2907253254681883,2.3709536687028065,9,26.556301893772606,8.829910132900064
2021-08-05,West,38.74305594197459,18.45116289054193,22.062730323663146,5.465746131150033,94.25380966965622,22.73756594361188,7.085599030722994,2,29.107135069045352,3.0777398066754222
2021-08-06,South,38.188070465615795,28.774984288388428,20.3180195893763,3.045697616862537,40.565223630660846,20.115366156227456,9.472411619484625,8,59.10463757852492,6.862427199625012
2021-08-07,North,34.006228936892455,15.369035253796206,26.10434634313105,4.089510003722614,60.88082934103223,26.336447612374243,8.427510141198658,2,7.380282068577204,2.8109955452876347
2021-08-08,East,25.284111618760356,18.09849768899828,35.68649741239321,11.519805820614119,65.78474768886409,1.4161101178038593,7.069827895057813,3,75.79927567299288,2.5345909558644752
2021-08-09,West,32.469589974807235,24.948727386818394,26.979317352655134,11.450403197251243,94.72993044587119,18.643407185086872,5.165915972675965,8,30.852672107426304,7.305098154644548
2021-08-10,North,33.15301128035394,22.45627146007489,28.75916843470691,7.092600504889164,71.55574781319994,2.996031516003197,9.435538366224588,3,95.64420689730072,2.5643008002226293
2021-08-11,South,25.681025900565192,11.669696625002743,23.963698157622517,1.231190013701162,30.28185142039175,1.6917264446806135,1.687225017617774,9,28.8591164938237,1.2904388888871146
2021-08-12,North,36.84277938893568,19.417821698155663,29.809717569089877,6.4649603662837505,55.39125957600183,28.427280164765822,2.9403012713634324,1,94.12091409513151,6.4563676470206275
2021-08-13,East,34.36805255548646,9.667188762521432,27.640342303232067,7.512715909785061,88.17876445783702,6.67163419537124,9.471610997566385,10,11.330193980947712,1.3080773045428633
2021-08-14,Central,29.159861123701873,11.285095002906244,26.561953888761202,0.003561533147431288,80.5490025261654,5.673727247321326,3.3743540872902087,9,40.06318957367632,5.830336056746978
2021-08-15,Central,25.805153201679705,10.300699858713465,28.720196290178983,2.1007711743623063,28.735654303261423,26.241696626615244,1.6586601604832736,5,64.95163390365327,8.243790067283513
2021-08-16,West,23.986113554077747,10.090538674356548,25.469410717260228,1.501712985947789,67.58691319574265,9.375551019730361,10.115578666400049,4,26.14278201805681,1.3971169846720013
2021-08-17,South,44.65902315001387,11.21973331401042,34.68585094779583,7.429942464396472,33.40268548009162,25.417631521122317,9.224823737034681,4,74.6619199841171,7.030222308488716
2021-08-18,East,46.2954810000191,27.589713531249842,16.701794702967103,0.456253799753177,32.185115855941056,20.105500474446043,7.66647531704684,5,99.29360056593327,1.6553060738421677
2021-08-19,South,42.93009053111491,23.137679011607936,23.853689198156424,3.8931227100174257,95.23752759636726,5.687416156206721,7.870680171630919,10,94.22207532234606,6.604536648453332
2021-08-20,West,36.63274434736577,22.86086942900291,33.8303112871707,2.8467440170275875,76.07035187432149,15.587008295712563,7.965159985436246,5,97.82889279194691,8.839155947203327
2021-08-21,East,46.926622693126575,27.709500738498125,24.14062959064321,10.365038552241955,32.948670088924345,19.826780724323502,8.767172443805606,8,5.483251539394107,4.865257693461077
2021-08-22,North,33.084378501768306,23.351657337081956,26.73880124882095,2.5717166419101893,49.692569631775356,21.68479166170527,3.781293684931489,9,60.49209880771964,4.401541322651642
2021-08-23,Central,21.252090710632586,21.39534082477182,24.805517037982717,0.3200487047315038,74.59731754228238,14.458565234478625,10.384731635012601,1,85.89684002916859,8.402567018127005
2021-08-24,North,30.460180395506676,24.396605452318006,23.756566496600534,8.805456660808801,91.10313260272153,10.652590059358603,3.115822754342215,2,87.38811446262278,6.6480536143553515
2021-08-25,North,25.013924425300356,23.35273852793726,28.74175793580736,3.6770090876195844,29.8810043564819,28.46628303073363,4.964607462563568,3,48.722421073966906,5.050444145998507
2021-08-26,South,39.36323865935215,21.218401616699687,19.088811798721594,4.414238697897075,31.075600229304687,12.52307269901292,6.125200915603294,3,1.1549126339062243,6.661201201758746
2021-08-27,South,28.28714001064367,10.368238747686743,25.89684656692981,,33.15378694225063,20.762150002032268,9.674735611901424,1,76.84005427339696,3.7109094672128125
2021-08-28,West,33.14502893615878,9.544237298624692,33.863647153448284,7.036292064483235,64.75918534390911,25.1118015435464,5.198296968502443,3,93.87205277263209,9.208721794338366
2021-08-29,North,46.16282751710294,11.627462988541375,15.234334070856832,5.369186865883239,58.87565648298563,5.065132623076083,6.095177306146279,8,0.4270090540439697,1.0577138993083866
2021-08-30,North,47.79043019295773,21.66864694568187,30.071127073849063,1.1896723832521783,36.99635117243299,14.487832050467528,10.227266359824783,7,4.3710905105535325,3.415890037114907
2021-08-31,North,34.979195620915526,19.482055161409164,39.551123441216,12.688208825561475,64.11297963777183,16.56345471099811,11.996773700777231,9,77.37204579977677,8.544877641617337
2021-09-01,Central,27.710577660741574,20.024526783519413,25.068771278156774,0.6284091995723955,49.9953396159263,17.101965678071764,9.518493965635896,6,77.88469701029949,2.790444097651637
2021-09-02,East,32.30471391445941,16.483201273759853,28.478268064902167,2.1403281595837735,37.23928968705022,4.470902274141605,3.6202665761790733,4,21.050085741039137,3.1134685798070354
2021-09-03,Central,44.50949467771587,26.10422394394047,18.50671475811002,3.040846916542128,27.41540030269727,0.7771040973014931,1.3186699626892553,2,71.74010544131461,6.055206464355104
2021-09-04,North,26.667352785642795,24.327644709759696,32.660936595750115,0.22125926076067867,32.252144113788994,19.952052868184584,8.339209032602454,3,88.31258139077002,7.0847563301537875
2021-09-05,West,21.751687264681504,9.132104183973006,25.446417103966986,0.5326336718409937,53.2793953148127,18.642354624891354,8.242513610792429,0,25.76100036686514,1.3764508942198934
2021-09-06,East,42.90247671877262,12.40630926279444,34.22596201904353,0.8375011120330474,62.527544019867534,21.005849082063474,5.867090015505903,10,44.6913336350932,8.454538219862869
2021-09-07,East,34.837343852078206,20.0060134980824,18.146774462540066,8.167043484950597,41.37055741981386,6.691170304408222,8.695375087450364,5,48.61941999579512,6.114910682844208
2021-09-08,North,45.11378087822554,12.208372850893,16.889634438686002,3.6792953933450034,81.97095495772191,10.13164023313215,0.7565040020517713,1,41.432720964140145,1.4292857903847072
2021-09-09,West,39.189332207795566,11.1051720361978,22.024295371958857,0.4247202059282905,66.61105878192271,17.11228770386676,11.93239582525508,5,32.63726186764462,5.850939234782866
2021-09-10,Central,20.993639359420655,8.209656767310808,19.363357166166338,5.279514546199444,81.13413827376715,1.7306100088542753,5.810312317823965,3,98.93307928578805,2.4743638378812634
2021-09-11,South,42.04415167396504,29.62503169568275,35.43017824758597,2.437346475020151,54.03657047106245,6.194928056450117,6.805191105767172,5,57.050141419205644,2.2689101772574203
2021-09-12,Central,25.3427813905624,13.089330402836659,33.94673113358944,0.6932857924490925,90.01680705221234,26.423868994435697,6.390577997317443,9,71.51167622271568,6.050307356608837
2021-09-13,East,23.54928711379761,17.293680307640884,39.16491916378304,3.297615193712031,83.42798506658437,4.625798833927161,6.5356536181180935,7,10.660038422494623,7.357258299094971
2021-09-14,West,35.7467659713315,21.79255162277596,16.666258685450124,1.9423214942029077,65.3851882379007,4.92564014008932,9.389485534906616,8,50.9504044433294,3.57390210887123
2021-09-15,North,32.33920725089973,13.417120436209139,22.18592920765502,4.180765505519102,74.84988295423182,21.63294821495905,0.8578693160210684,3,89.60721632110096,9.181028221462975
2021-09-16,Central,28.44852373515186,25.907085411145232,39.261866731456365,15.711870772633471,35.76822317471432,26.504252384531213,11.047419795287075,0,71.32493976972049,4.790369150892431
2021-09-17,East,36.48203098032867,21.035389524008313,17.664995182105276,5.201704902392625,81.37551981520122,29.12867806697409,4.119721772701767,8,27.989276588680735,4.291780116060995
2021-09-18,South,40.81042630495018,23.06532293222591,27.24550049678134,2.873772655152279,,25.089375189706697,7.5009035224371985,5,84.28486102160313,6.18558638746334
2021-09-19,North,33.81392819771389,11.38089583136792,31.395966867889715,,39.54549433676892,21.370494971555985,0.6939431170345189,4,5.237871251443027,8.060054885783675
2021-09-20,North,42.06711015653587,23.89740389190685,20.68809638454067,5.946515705609915,44.916398935406654,26.587233664908396,5.863890398318346,4,98.54950540496415,1.7188445391021812
2021-09-21,South,31.720636236486857,9.165406137790088,34.40403230616761,,91.89109832405141,15.03593290599983,9.778900672698523,10,75.7773507922803,8.633773374450337
2021-09-22,Central,33.96766223914659,15.060805914894555,36.30525110048298,,39.22661794595621,8.741326798378838,3.7602164655260815,0,95.0898176118258,5.494973566018284
2021-09-23,East,35.24344899818787,17.472078616174166,24.942440150205076,3.4318213159608284,,21.605152857939434,4.314352655989611,9,85.53564415046036,5.692018434509489
2021-09-24,Central,28.832843484395887,10.092754540403217,32.6041284017241,5.475284176582826,86.3660086579041,12.202759943464581,7.7309280512393315,4,77.11300174046976,8.481752262272375
2021-09-25,South,30.176623148692272,20.302934622029,28.268409577549413,2.194983105074888,47.959985188664405,11.288253594674329,0.8314261161294034,6,44.23301633621888,6.022234093422207
2021-09-26,West,34.322761147236236,15.500654945778026,32.00484062752061,0.8616475302854903,36.9352104971273,12.773780904336395,4.602714769867912,2,80.75632127519728,5.018874136676753
2021-09-27,West,44.73390375187799,10.97627470595061,26.247837633070546,4.065382891666157,61.045670532099074,18.75226821663306,9.377879708094278,3,7.597525680878214,8.449794128454556
2021-09-28,South,35.40959726161426,14.280244968846988,15.84787235938595,4.517475977725802,38.92315133337369,27.068892048018256,8.029363781465257,4,22.823278437558436,9.684703378906189
2021-09-29,North,23.042409348789523,20.765396948489304,23.10970517364106,6.217117152741478,96.81011593475657,28.56062453195498,6.542386327903056,8,88.74924227494873,7.7536721703548785
2021-09-30,East,40.46709829068462,12.956950938023898,22.371118724615666,3.5300337821638204,72.58166729921513,19.628936760357707,7.0266624918001375,2,69.90864047231818,9.23469719055987
2021-10-01,East,34.4574900356326,18.345947739433896,38.104992409977015,1.822402410964504,61.913690555601555,1.0789771105339419,3.058811045390774,2,18.63448730468651,7.997021044812001
2021-10-02,North,31.184693122785873,23.18916801362684,25.960649318606926,0.9893325835378957,57.016897663437476,12.223609038539703,11.366551983309597,7,41.553290640722864,8.11171981888388
2021-10-03,West,39.35859152322942,21.449463277511256,37.58701091339816,0.173700497711935,70.05989184761127,3.8947828491617265,11.957089925474413,8,71.33980585273075,2.992287174064336
2021-10-04,North,24.670356446795875,24.809622075501466,15.141690658408717,2.048798332352997,51.096844590717716,16.746718929514245,1.958371184057043,4,79.63008923672359,9.352964115986175
2021-10-05,West,41.98906661353634,23.223407826920294,30.80638623113687,5.881977205554593,40.83602043504392,11.864510226837403,0.9112787629530232,8,84.04245355303016,2.0274996831662886
2021-10-06,Central,40.05808453042718,18.656453779596717,26.416549080745554,5.5915150862695775,43.88946946139677,22.126312145930726,2.0821860031065342,3,14.796469438761573,5.782474065638146
2021-10-07,South,25.190620792613608,19.433063693989197,16.11667177067729,11.38905547221656,32.92472968970713,18.034038208700267,3.7864609306234134,7,0.6809231663678306,1.1157392163376407
2021-10-08,West,43.69883954518157,13.823696254283956,26.6939438982273,0.07298006521617328,90.38292258958147,5.485980227907929,8.53236272000786,7,13.445160849665017,4.283113281667722
2021-10-09,North,25.397516018033457,28.50466714499729,24.595759555102426,0.7773649270794716,94.27348172121279,4.6058734697520265,6.44062409377085,6,49.22564733811801,7.17720813983497
2021-10-10,South,38.968501793693,27.842362768048023,20.33010530756495,4.329720999530097,42.76938424322054,3.0038960315684147,0.6692614719776371,6,92.17536332762128,1.3164770022207892
2021-10-11,West,30.300748422777307,25.96112403454746,16.969787491853367,3.1216729818883073,96.40016016192584,22.277453886236277,6.034255656983801,4,19.378220372437994,1.6478491874173224
2021-10-12,North,41.15850358431473,11.278903764883228,34.7586196812636,5.06485587463506,65.23297380829243,9.964815976799956,7.1515759559524215,2,77.13558525938802,5.803720987866519
2021-10-13,Central,21.623987189125117,24.99084329929964,30.21086123329632,1.9687277217473174,42.58944247224689,13.209656103049237,1.6025406480951179,0,67.88549058653624,1.5295718501183577
2021-10-14,North,26.995085672786395,28.405424632212643,29.76809931083367,1.7400706753163813,61.91269883729038,12.835666300123608,1.0328377732798688,0,96.38200285691796,3.7533688910228244
2021-10-15,Central,33.17384615303404,28.015801550531698,37.6445128319352,4.799660908334769,30.61719705239309,19.76948539882539,5.033609631492331,8,29.081478251208715,7.850463023948662
2021-10-16,South,40.010800565093255,27.911247006716085,15.307416160672394,2.1014293412361313,35.260863089631684,1.3829130261283429,9.302237193218806,10,68.59103377286627,3.8774658385526903
2021-10-17,Central,37.232074916909376,22.826757457095447,28.53659678848947,1.1996880259049842,41.25919341657257,10.64625535041072,1.9830627963474328,0,2.9557211128392713,4.564220265042059
2021-10-18,West,46.7129641853193,13.504812545988976,38.81867766228019,1.4359021546017618,91.65423054221618,2.9052345580581096,1.5451087944688262,0,24.013291831816407,7.924381920198359
2021-10-19,Central,35.65262272099662,20.88221734897217,26.251484782480816,0.9913748291809187,94.28825794603789,1.4548569722370763,10.076573218269932,2,62.52865114162035,2.3363734331981076
2021-10-20,North,28.450674663438807,14.244085290125192,26.803115877565936,0.04504896318989986,54.871015783016794,2.4506320981842142,3.0751563333462215,0,97.05125529189287,8.53123404862389
2021-10-21,West,32.142831216771015,25.617596593417403,16.739910933959887,4.7101078984880935,42.66607280881518,12.640049097087395,1.4280939806175095,1,39.907277247281634,1.08907881157468
2021-10-22,Central,22.11256145015828,11.787680408489997,32.60095790621293,5.308995333664007,48.63929552948001,20.821030568646787,10.876187932183496,4,66.43533021355631,3.1309750903271976
2021-10-23,North,23.274906412349996,12.7607235245264,34.04815259817534,6.276745031365228,49.24815294568005,13.890679924277983,4.602305843185052,0,7.358674616915605,4.649572609604894
2021-10-24,South,34.49222834337411,13.83202482078886,18.47624611739261,0.7904687512073525,,7.339753519860689,5.010416934026734,4,1.1390160875975663,2.9314143691016694
2021-10-25,East,47.31935659447976,21.074406748900756,30.955745420278095,9.812694029263278,37.37198278893877,19.53633605596566,11.620114212266774,8,15.007577894785673,8.50114538352046
2021-10-26,North,26.847002943229384,20.935421246942873,24.336901448443584,1.6094442078022222,67.13421556768122,6.062250613360682,8.460935415072191,8,58.140848254147045,9.359433243183819
2021-10-27,West,41.76135572637341,20.084475155129073,29.119373882670722,8.995577792206287,52.03261429739823,11.358408003986604,10.935990778742324,0,80.96455845721276,3.6130060185584245
2021-10-28,South,30.26464629457903,11.196541235551358,31.871619233509254,1.2713874815984483,70.6247949199958,28.55862478198331,3.6485182755097694,10,36.29780344290262,2.145329677208129
2021-10-29,South,20.889985472472816,18.195572895007068,17.519029905606214,0.1721225919662167,66.28712661824534,24.88093600777284,7.276496871647717,4,70.0372962805209,8.284870452590821
2021-10-30,South,24.588352009821982,28.426311924596092,22.523407480137667,,,27.40613897813512,5.58284747896996,8,47.64696593401319,9.948153663483662
2021-10-31,Central,37.40471338430932,28.641092861017,36.06144136181337,3.0225101509768546,33.69970806539784,4.746438073168634,11.988454116531393,0,81.82734923506709,6.417921463752204
2021-11-01,South,26.412808517078524,18.570180790381123,19.23676084353596,9.247770417053621,36.484370093723925,18.623052552464824,5.822883631851021,10,10.408296959252594,9.86809025140718
2021-11-02,South,43.84018900549853,13.772847004600262,31.254305653362827,,50.287854809947675,9.298260470503571,8.248275518508446,9,58.405108485403986,1.2030782927699102
2021-11-03,East,30.273678820571245,29.838825030850163,35.912813278841405,7.002243104749362,79.04460257363266,24.493301592132102,2.4184623004715164,7,93.15378135302835,7.967425307032111
2021-11-04,Central,26.316949827089164,12.839129506546412,30.62186338312291,7.670372843225108,49.44705002416231,13.635242215693493,1.6853216072160433,7,8.858319865728559,5.529843289674984
2021-11-05,North,41.80912653409391,26.500617294553802,34.63047533683269,2.6763212123176623,45.415791137601715,22.09292515110255,1.1869728482006443,7,26.31326337417894,4.565371444748571
2021-11-06,North,24.44814597082325,14.48290351205716,27.22493576973466,9.556165043124519,82.95447543675226,9.35176665206297,6.86856708881435,4,27.314458728844816,6.252608805714846
2021-11-07,West,46.677856623277044,28.01805050631203,37.065893961231524,5.145420957793916,88.68065477033534,2.057887165056005,10.484318393218738,4,65.28681732918831,3.166488027527399
2021-11-08,South,26.658298410385292,10.616646131554692,31.93069499346628,0.46292970068747463,77.86755088381538,22.565600612886136,10.485551897599235,9,78.12260832091138,5.26920856767091
2021-11-09,West,42.827337690288545,14.958383499812182,23.543442390521488,1.1468750532164216,,18.063069179008743,0.8332025075357126,0,63.97685016581828,5.536192209807754
2021-11-10,North,34.471209870472805,22.145650982397882,27.996465083411785,0.43353344572388564,40.5057725065507,25.99796382137627,9.532729603002213,7,44.75987022339959,7.848008577869602
2021-11-11,South,40.69534780559674,10.082829751010962,31.17374520887496,3.504110398447001,97.62413506213933,3.4687432369472413,10.560103421866794,1,25.053007335230816,6.046908006077419
2021-11-12,South,23.86255392596105,16.617979426779968,34.69108749229993,1.0106117220607533,49.68078362909719,29.08918762364398,9.687332782970955,8,92.89234696725978,5.996479256339462
2021-11-13,North,25.83324235990368,16.660953732151867,19.2136321665057,11.409781769096666,56.58520209031158,27.39041661221369,0.29199148097348226,8,18.127704611194908,1.3165619210590704
2021-11-14,South,25.550778505746923,19.246833435664982,39.759502846516774,8.953328707082507,63.11565402941369,19.575977445581326,8.467840402042373,8,76.91909322692764,8.590762890724424
2021-11-15,Central,23.760132656009443,8.08014184248144,18.76353657480364,6.341219148764235,,15.765663386578918,4.454754452887224,10,15.697421004958812,4.984187023155307
2021-11-16,South,27.419589466579136,22.32802996403025,28.588169810093586,8.39863397067903,26.48380256071087,11.974264092879828,8.733960255188777,7,42.28518062122184,8.893974831864124
2021-11-17,South,43.516641193678424,17.00570610918927,15.434264770609532,7.395076309623946,90.49917165579492,2.8329403521357763,5.506479317194772,6,30.134343300932052,8.63260472761527
2021-11-18,West,40.932495623786465,13.326154522846984,26.009697129928547,0.7712221037775558,89.26500631155848,27.863535271223913,8.039359501430088,9,28.728868650174398,6.3285579610179195
2021-11-19,East,28.579281262949237,12.537627753508577,15.066791279085503,0.3825491652903529,,5.8537931604643125,3.2862163709750307,2,30.601690180984896,1.1098490541438077
2021-11-20,North,30.237870846077154,25.050733223085423,16.75579433712216,4.793358374948735,86.97930057895202,10.712422494669479,1.7524866133001389,10,82.53664663611502,4.874780222186493
2021-11-21,North,40.56891443647713,14.298739401412316,28.701056655808124,1.6755218821893672,36.45446966535149,5.572604471544292,11.060326733981864,9,23.19123527124137,3.367629284436443
2021-11-22,North,43.0644265072019,22.900519527396014,26.410636603968694,3.935168780864493,42.72484530176989,7.836815322363266,8.625487744899672,1,22.522956193695578,2.5367306226725272
2021-11-23,West,31.872078935019054,8.216113731541437,16.582880218641304,4.021901217234092,62.89711745346174,11.776251427542672,11.32339774213166,8,33.24117680876336,5.812131331346154
2021-11-24,South,40.738355326593506,29.346537523727033,38.28095904291385,7.8030116508941,96.3064573082412,20.903953446895578,9.685413092265513,5,64.9959503151794,4.309340959138517
2021-11-25,East,35.93490137288099,9.768542576209049,23.756257521389067,0.7054959010123681,60.150352947359565,24.333745576639128,2.7491608286669225,3,55.40395522672771,7.661220923528709
2021-11-26,West,47.7806657866596,16.89964244931192,33.5705126679201,8.654396963318995,53.1104450831196,1.7477962803019298,8.408087870028016,8,42.470112178933526,3.216495078634984
2021-11-27,East,39.33486060129968,22.687765600662757,39.0637528067918,1.569616795281235,62.84925071562395,24.459594789458894,6.722467236864684,9,93.96773571390744,6.0011080691035
2021-11-28,Central,40.662328743880586,21.733727656029387,37.72338898832825,8.857934287886192,42.007072267828136,23.793336824537196,3.320963046847685,5,17.184549272260362,5.544176783063455
2021-11-29,Central,43.60045586414577,27.63507813183458,32.064279861847005,0.9106776307794162,93.02696804812092,4.047382904937375,10.392539066243604,4,12.036830881403759,4.674517434695124
2021-11-30,West,23.993107155908923,29.333774481177766,15.45400060517568,0.6978852660068562,93.27122723128033,8.232575447266154,9.354866124290263,3,17.662282604289803,8.755417957199857
2021-12-01,West,30.289286477202857,23.83461165822912,31.025243722958866,3.826065701478041,74.36020028812726,2.523971623972421,1.5411040804791547,7,60.61604318934945,6.446251998302138
2021-12-02,East,33.76173044304951,22.05303539933919,17.087849875329702,9.368075544407256,36.295827160018305,14.530674953547697,6.839688409811523,2,78.87281269623983,7.943878216671672
2021-12-03,West,24.276374768101185,10.163756100810877,25.679359823673163,2.668565116375801,60.44915971824518,29.061723833582157,9.220165594088707,6,74.52340292324124,8.288369002119222
2021-12-04,South,30.13347515416254,17.693886018227325,37.84954113027738,,52.89281077238638,26.295474482630283,1.9337642282806269,0,91.05216878999914,2.3335499291334876
2021-12-05,West,39.198211079644345,12.11378315880581,17.98351561947183,8.169690459282819,97.69698032202916,26.22060289500758,11.901582298726403,5,73.24101266859404,1.6621090922914799
2021-12-06,West,27.01440886585261,16.351859014062022,32.63000373186631,2.7529821099644103,28.80374646084039,3.817361067294472,7.2562911966912775,8,99.98057820473525,1.7653515526808639
2021-12-07,South,33.48021304994791,11.11001977398814,22.090825847371093,2.8155150125512516,43.85477783599055,27.038758752913246,10.341014197627501,5,54.9465958348617,5.093523713519994
2021-12-08,North,23.822350546811297,25.277820796997045,19.041490367822774,,60.894326602665906,0.6041672062528269,6.555006499795846,2,99.48530329661986,4.47516718726973
2021-12-09,North,23.194601823503312,19.289060722082787,21.00615597804395,0.8855583494207094,85.23174339681484,22.870589537187385,3.706652491629047,3,53.749495972058,9.5480985802514
2021-12-10,Central,30.28455467550809,10.432499643171878,25.151757925663574,3.7649439703443823,78.22104401619231,8.985819608233848,10.02593407284502,9,8.070779525584648,4.852738233935058
2021-12-11,West,40.35427094588056,19.4577457702064,35.1347245461301,2.252876747749613,94.80022364041618,15.053322590293472,5.368744543457433,9,80.44359299031633,2.3184291105935277
2021-12-12,Central,34.73149393824467,15.246842480726169,27.878860204330223,0.6397342098087243,40.37193204937758,22.013703657051206,6.9916787077365345,10,88.60750254226927,2.4802542796948246
2021-12-13,West,37.59363529692718,19.029851509676128,23.75420950103152,15.132479118890995,32.51717595568211,19.41709816626925,6.908357994596127,10,44.820903972876316,4.048927123767956
2021-12-14,South,31.284675616940774,13.65087811257152,19.399992520293452,0.19144740930366214,,10.048571865002584,0.7076140666842674,8,14.88575266765807,8.65075881845614
2021-12-15,East,36.41398563813941,24.640372380677228,21.344704794077927,0.17747347980542344,56.578373438654864,24.525789465338207,4.071649605592951,7,93.68217661097984,7.210466542414138
2021-12-16,West,33.554082841090484,8.178798893393482,38.64281474404413,15.379594744811515,49.221437509196235,19.563501591154807,4.0020147303311004,3,90.12546482264199,7.927377764433306
2021-12-17,Central,31.125199038428313,11.084896653229086,20.537144883567553,1.001135763770924,81.59855190063901,25.31169215355858,0.5244539130656887,6,26.289800585554968,3.830869526296732
2021-12-18,Central,20.67483945479809,20.569577324399578,23.149072966159554,0.056698078745803494,65.06625390765925,10.990757394255821,1.256668937311261,9,17.020099199331675,5.5227003065405285
2021-12-19,West,43.67096044441861,22.26233052384107,27.204418552744112,2.0268125613512917,48.480271439778534,3.521688801324916,6.852285894338155,0,9.370030229026005,9.085832585095199
2021-12-20,Central,46.66416641385769,8.915248361969544,26.2997067611214,0.9868023382548272,64.25892003367453,11.157846069845775,3.865104547764485,10,22.152552973522198,7.0829561927386715
2021-12-21,Central,34.83676793086558,22.658477536328803,22.650375140953123,6.555876621726706,93.07819010696917,14.835265070158414,6.022069661296217,9,82.42718312726163,7.322981136783484
2021-12-22,South,32.51325346016843,12.433983311244837,15.4011639957477,1.1692516590246416,44.12198778050914,4.319660060694039,5.801855503343415,5,58.298791376380635,2.2965748578356004
2021-12-23,Central,41.406557345323016,11.245313046638532,35.60407379935704,6.796969779350481,57.99474725580704,16.850181800667944,7.8509965709994765,7,48.31330701804294,6.778252427509766
2021-12-24,North,20.359723944594357,8.442607223386624,16.922489303861855,3.0267692427334123,46.00844858020223,19.84068322981443,10.195296105072316,4,89.90378595443698,6.687012546339727
2021-12-25,North,23.877360199247253,18.81808370397752,34.74842223911512,6.539822958198274,67.01021461076564,0.07742657332021174,2.722775144185156,0,34.16449380086342,7.8935530489386085
2021-12-26,East,27.771311811124264,24.551821490193284,22.678997237110327,3.8068450601438957,90.84180921570062,16.649499974729647,4.338959925831686,6,46.63336511440724,7.004757487130101
2021-12-27,North,22.351571151094156,21.100355984205713,37.78147708636537,5.639169054713753,72.63564533673637,3.838278202546943,6.686377620576151,1,95.46191423034385,7.346250148652046
2021-12-28,North,21.284809413482037,27.047003204501873,27.428623803984962,2.457405463281369,39.192797657707416,4.277730264900665,8.897823820420863,10,27.651408325129555,8.258130887126667
2021-12-29,South,46.28561025743333,19.75059175736954,15.290460703993247,2.1865388433001547,34.42928784170108,11.305677138826857,4.601232713413646,0,69.2097321751637,7.797889426714347
2021-12-30,West,25.170554794396494,8.1976591952142,27.950145892860995,2.422974833671018,27.562842855606924,2.785633605912756,3.181541994276734,3,16.802967010003588,7.165364167361015
2021-12-31,South,36.60129480655148,26.804013113349107,37.74013807401336,5.438768843899987,86.36787795773756,17.163026814437252,8.10411051030092,7,55.43980913264224,4.7605403359339595
2022-01-01,Central,35.08490675433886,28.21360863199625,15.986095398191223,2.3361696786555703,59.4260778281535,22.1148665976827,7.9664436295822725,4,85.1404008680954,2.10618612436484
2022-01-02,North,28.01252927766933,27.21219933405024,26.4486915548963,1.3802289972327455,55.86023717862743,9.7928257033291,9.082496205921926,9,29.840648511258994,3.8622580720837516
2022-01-03,Central,38.13108301679664,12.183622696649344,32.489469012580486,6.656021897243972,44.27967156340519,28.05081819935407,5.970297626804943,10,17.573498242738594,7.299170906888574
2022-01-04,West,29.112727962237045,29.792040038090814,16.653768994448626,2.143354187952511,56.3965626212236,21.324367901408124,0.9051406397223709,0,87.46640945179735,9.86406558547511
2022-01-05,West,32.81312026335069,29.14881488656511,20.839593365492753,2.369994856550662,50.72613456942298,29.66995105581165,7.063194619433185,0,17.919544602528504,2.854879082611525
2022-01-06,East,30.66117582923902,26.840275811077166,15.863338249267098,,,18.203511529744198,3.7710185666042264,10,90.79923820320253,2.372737895414736
2022-01-07,East,45.49924480093061,20.789032858248568,28.922155709591607,1.825848556676976,76.60635857933718,13.82484275520765,11.974447925388741,6,72.37326894330201,5.38102699916833
2022-01-08,South,46.05312621053053,12.359229938652183,35.37004157482352,6.916181828574697,57.559780792943215,22.91970669598561,6.977159359561827,5,17.133083215289435,8.231867754264865
2022-01-09,North,30.473081122518117,12.26171671540765,23.91377895176128,4.408548467361101,72.72489157033138,11.838499317883658,5.305747786872459,9,89.6817381820385,1.5672760477157825
2022-01-10,Central,26.915484808494597,19.41412068644098,17.78640448316436,0.5649595498545495,68.02172443798001,0.02381685800894484,9.143858383029935,0,24.680969610389003,8.721771570191724
2022-01-11,East,40.623211791915224,27.63588082484295,28.145551884238003,2.532528924719773,71.79575777927181,6.391251714487979,11.737578867305903,8,25.58151041708512,2.5903713928748906
2022-01-12,West,28.8223870197487,16.42351095347978,36.66080545904376,10.386492929455937,80.43363925594588,6.174741325209718,5.9217478105798556,4,75.71065270685897,5.900064035526801
2022-01-13,West,33.46518215210215,18.86796839134648,29.71196195262683,1.0510398194996626,31.712048172220157,14.673057351501734,3.976280932053362,0,61.66975002164631,6.314342189170965
2022-01-14,East,35.22554638530956,17.22229773795103,20.447090155994864,6.9741622340612714,85.72640736414996,21.34890899963817,5.777903930590545,6,82.86230217362612,4.0704120608886045
2022-01-15,West,47.63432843728876,24.243083209210887,20.432276184832567,,45.635955292299975,16.706184779079067,8.325681949755788,2,39.4256497422364,5.689438769360988
2022-01-16,North,30.723737173338364,10.177943901878399,23.540169206333772,1.7653973593885488,52.85949498079786,3.0952376065138862,8.07897588676028,1,72.65554733558358,4.533756919140232
2022-01-17,North,31.47600896088929,23.84230276682733,17.098384809455656,14.234320899719995,45.188247502198855,7.815734695848361,8.940284330032469,5,55.16277696566429,9.301113528840393
2022-01-18,South,21.909641800526334,25.277978623498612,28.546582153899784,5.10760875547643,,4.098362942687142,7.443272379018499,9,51.869976439239366,1.2161914848425615
2022-01-19,North,38.56219461333123,23.733541383185106,39.301486952286666,,88.493311661902,2.386031428968265,11.451935217202578,1,62.97298207026183,8.814403060149768
2022-01-20,East,25.34902698651186,22.895251397659628,35.090132701183585,0.8667362559692579,35.25435570334206,4.7009075952563215,4.37876448624762,5,91.18726868954194,1.693480812378753
2022-01-21,East,37.18026492411677,16.587432348227793,28.664846687151385,8.426944762315742,63.10673603783047,15.594526490949276,0.014951795433149506,7,62.92648966658218,5.897521626454449
2022-01-22,North,26.775567550177186,18.638838113737624,38.01197355503205,3.5804583358550057,52.87012002320035,22.67252318059818,1.7935487657454128,5,54.519066431879914,9.98310474987694
2022-01-23,East,46.446084852910275,12.660519297739366,29.431156777977037,,38.28617437949359,11.909543772027304,0.5276214760964657,9,98.46752463030501,2.8654420296651506
2022-01-24,South,22.256528307628898,23.228874047253946,34.9767192439068,2.2331441358807544,65.6339751661121,6.023692668485072,1.8248358179907442,10,82.89534907316872,4.840712268590984
2022-01-25,South,46.03374647596756,12.599108786093854,19.615378463009556,2.345673354942768,51.6885581805758,12.909238022655602,2.5783777500950094,2,1.2938734349250858,5.054132938503908
2022-01-26,West,35.42093385937923,20.2753035260941,19.815298770890465,5.974503282260991,77.23784551649744,9.898089327013702,3.2617186303729175,7,23.8139195789697,7.062465674070507
2022-01-27,South,46.23968659911248,24.432821943873023,36.68495197908651,1.0891986449898783,86.04646196490962,1.340087792968201,0.29447506522472366,2,43.6936547445744,3.8135922692733613
2022-01-28,Central,33.80801826503267,12.058120129384752,20.775385611557887,,25.987809278388603,27.67602054050166,3.3827097827145836,1,44.19458164159577,8.422322119191774
2022-01-29,North,21.261297645264868,13.958994019148129,28.858521015317127,,64.98163910960312,0.31848671453916677,1.7848584278182948,2,95.32983799991874,2.8945839216934317
2022-01-30,East,25.54002951735105,17.659335623983313,20.330591213325782,0.5282170638527635,67.40236571622982,1.2362405842941704,1.0318824285800252,4,30.09379180801506,9.962331803072342
2022-01-31,East,29.839246913173042,22.23734311132261,30.169853701690336,,48.22110947498921,9.012613618671711,6.975054194863899,7,97.00846116294368,8.567437827798548
2022-02-01,South,46.25267508278759,15.111079891458385,26.40416264286178,2.9667984044955924,83.60215195107617,23.303562242814454,2.3154391890091826,9,3.2983193307126624,1.3044797134547108
2022-02-02,South,41.26077389245313,11.912189965596419,35.441351234328714,1.9511801529972017,91.39892292328399,14.666017410324455,0.9767075999732024,0,90.41161464809909,7.305156124592509
2022-02-03,South,36.84574762990184,11.42288898201512,34.24140460579229,1.238349995261875,80.78789857589075,15.337743204499816,2.152630626423857,5,63.749732850584564,2.3580715601994777
2022-02-04,East,32.30992320503573,13.780309104125688,20.898702435703992,13.256099667196002,63.499354732756956,18.512325541318383,10.41448629033332,8,40.957590156588864,8.320413157673242
2022-02-05,Central,32.51202128876669,16.901398361159416,27.802017855029735,2.5258514186582723,25.817735103481464,1.2049398511476217,6.353208895330246,7,99.02406175999997,4.4075709733841695
2022-02-06,East,38.27317900995558,10.044792962742793,39.51701468899826,3.315931589482389,55.796935913043875,28.764059060189197,6.41384437190055,1,99.78963973903691,3.298921338003134
2022-02-07,South,40.16799160918664,28.947233003540525,28.07142072754472,16.63437945777155,75.64498887132929,16.485167749081327,3.267086119026225,7,41.990669961564194,1.8405610615648391
2022-02-08,Central,33.367453582298026,29.97740147834529,25.963940414506276,,36.636539711500255,24.71014521854435,6.193694226605272,5,19.33587290581752,3.4475117276956997
2022-02-09,South,42.35047639731452,27.16707025505253,16.09755026372331,1.8975732029743564,81.63372353949907,12.872328926270791,8.831958070754295,4,45.67299080809669,1.5151181897951753
2022-02-10,Central,34.68447579695857,26.203329756196226,29.462623389756253,3.2520308795346207,69.78778214426461,13.074929823650091,7.158221977194263,1,83.28383342718452,9.91075660977112
2022-02-11,South,34.41488152945049,17.44082940781992,38.607615969015605,2.0117858278792227,49.20871053206806,5.050891976132116,6.445205366084296,1,70.41885397744144,3.36935396278185
2022-02-12,Central,38.15589666386727,15.415397021349861,37.67103756677828,3.227339401622313,86.94197142027424,10.801202138168273,4.363249363858298,10,5.899343471676499,3.71087222728225
2022-02-13,North,42.23739982172368,17.522914181380216,32.76683214763499,4.163288423059675,71.94749317046967,5.547358207571643,7.567052310612688,5,22.279508060488173,4.17941548015412
2022-02-14,Central,36.71665322208183,8.415446926993297,23.48649176054714,14.810717556924807,47.15305242055251,27.381461616098886,10.285048989045432,1,46.59445797326362,4.821999581320739
2022-02-15,South,45.839419868686264,11.514431050674492,33.44769453713518,5.26189075540564,39.40252102946319,9.853684096508495,2.28818309394237,0,95.84545683004151,3.995051191975748
2022-02-16,West,44.544583990453766,20.021427181980826,28.849642182508546,4.777644077969678,36.45579429631875,11.985518421123606,9.89005552568219,4,61.679574168228534,6.24642015144902
2022-02-17,South,41.55690415625908,28.39673634565194,28.851255118771242,0.40693448657307835,97.03008634442637,4.02529622327351,5.808931950381594,6,5.066044299382533,6.491068400403896
2022-02-18,West,32.94267630581447,28.400755784635415,35.48306267048541,1.5386507884723999,88.43309199452165,29.765903576896413,11.751096886440362,4,38.35662788200658,1.4082338236859995
2022-02-19,East,37.158709074968094,23.716729003407153,20.92665898380803,1.317998575859474,75.23496428061924,17.143183668989536,3.1434339550969383,2,90.67643932572399,6.064389355785132
2022-02-20,Central,34.185978884587925,18.667771273566842,29.512802993140884,0.42411877822866273,59.35242886793496,17.23513040751928,1.1716804590130816,1,50.59336077132196,8.844863686639961
2022-02-21,Central,20.173468933696554,13.887395248835855,30.04546657673052,,86.91339050930057,4.365630033138649,1.9268859801843505,2,9.706433385833535,2.4098121180343313
2022-02-22,South,38.56131694836851,17.108616324503892,38.14072040900713,6.71157953243865,76.3337409993699,20.377524336309023,0.22999706480139048,5,59.84777058811086,3.9732236834806822
2022-02-23,East,45.636746426775744,29.668328514089712,15.603518292854128,6.246802775470871,65.67893081644048,20.43316135045353,4.384147332369521,7,67.74804362585917,6.464365297246076
2022-02-24,South,34.52927613893064,26.858684081710084,26.970803261749687,0.7771095054674024,81.93122228439519,27.125277878739173,3.8428957909884818,5,75.27252130252822,6.624150989566624
2022-02-25,North,24.774350007904793,18.659191767730455,21.58014403829541,3.662241939051107,33.70422994774563,8.510128484512249,7.660888167508,8,33.57158408676244,1.6658193548981726
2022-02-26,North,32.865283361903096,26.778603062604628,35.92221588856563,2.9976698962401067,88.83183504940831,26.093124890918663,1.9531882065390023,8,70.09814511949928,4.8355626017354005
2022-02-27,West,20.08505012649016,24.4454146101001,22.549983570296934,3.792590498583308,34.33343671007967,13.310227476087004,9.129485855001109,2,32.01707597051859,1.3400023378646981
2022-02-28,Central,40.716801717540164,16.87781874480346,21.995541793166602,,91.01493800224172,6.755083454049819,3.8708620663248356,6,52.032970612404014,9.354833385788343
2022-03-01,West,38.718068106797844,18.869886523723906,31.905247215974683,0.3944909634777083,41.047655691027394,19.82214093933467,10.515611202234117,7,1.9504802246976816,7.0927747901640315
2022-03-02,West,38.24631300271029,18.1977485912519,22.08578436869453,,53.34593934394046,0.9790868651430273,2.198832094703306,2,67.41070167314211,1.8983967796740333
2022-03-03,Central,32.15132232778249,8.319298830922346,25.06823804588288,1.3210505723164168,80.49080941307155,25.74086214208021,9.569431713720244,4,37.83554620886038,6.875157507119114
2022-03-04,North,30.976474434810896,15.069853149630777,15.818824310573815,2.5439324750061134,33.29668657448434,1.9614540492356503,2.234614441959767,2,70.50160085379343,1.8883429567517287
2022-03-05,West,27.634507769285243,8.852754832466355,23.911424285708634,3.5249017928963404,96.15481757242885,11.961393643506586,0.23494323150351581,6,96.4366328182462,1.5067264034565253
2022-03-06,Central,45.65177216182447,27.46819049452447,32.580952909438764,1.4564793720630855,79.6855342270859,4.299954155565411,0.7012555204679898,4,8.107980930699332,2.9374285860568863
2022-03-07,North,30.325726536459847,20.903998078905698,28.808364220500327,0.4649251544997896,44.01740273630273,14.116648288090591,9.78727257282609,0,85.94070112292809,9.756229522932863
2022-03-08,Central,35.53196066810989,16.889584244547347,18.552901800073055,2.8312234337531326,89.79511884299187,28.723652643802954,6.390991178870271,0,23.25956653892012,6.212208502456062
2022-03-09,Central,32.8043470367366,10.192227991400374,35.50663745736626,0.24521696692574724,28.02587545555021,4.279255233519108,3.855099131519014,8,24.214744021043767,3.9288106356707915
2022-03-10,South,38.50257024898544,8.894471517162708,23.37258532068183,1.8080172803574344,25.794045731530087,3.225312004436894,7.697855204513287,4,22.603177893321945,1.590934290214661
2022-03-11,North,47.48877389589617,13.635715351425352,36.94994755506048,0.1806032274890993,48.62849465771141,5.937170058988796,4.526691330529996,10,13.752522168409554,1.1403939403375847
2022-03-12,West,36.237794322883516,16.707757747328632,36.055828995391984,0.9877074930664461,32.4122777798974,28.154238548525367,9.836841776805047,9,19.61168887083604,9.04774906551068
2022-03-13,Central,31.405837408811323,21.173390432044016,18.654972479520925,0.4668001912056049,84.85448006677123,8.434886758660458,8.980817761467936,1,74.23975383679598,5.323506621714139
2022-03-14,South,36.976822739318926,15.74498461423141,37.739544043624385,2.3649347753905943,53.069619629850024,18.210526800735725,5.604614092562258,3,76.8454425915436,1.8210253398681187
2022-03-15,East,20.953239802637263,18.586587981013302,16.908380854426245,1.0734282467856526,70.23080541631774,8.657743000683974,0.13267807117826358,4,96.12520915915103,5.9067322314869
2022-03-16,East,45.32727996671439,22.958086340002872,25.35354438920837,,85.07174655185452,21.58801750090383,6.233319471712854,10,10.377125330360437,1.5870335761353926
2022-03-17,South,24.71185794964788,8.961814396513608,19.21130583709669,,36.16850452103114,18.934833302606542,4.595082846636896,8,15.057603142295683,4.647700833420595
2022-03-18,North,35.12662838697547,19.546588067400982,17.954697616862248,8.927586249982527,96.07871313185781,28.788667598635577,7.12679241372251,1,88.51399365382208,9.197016514448721
2022-03-19,East,30.63079150957287,14.265322136317746,17.84319147494891,7.390719713189564,72.56248303708267,9.865446078384183,1.928523039265349,3,56.458169282348436,9.336131919502275
2022-03-20,West,43.81931658254532,25.204694091917233,15.008727653646694,8.576447908687411,29.775094278117052,9.376988820984783,7.978209186779436,7,54.51739954138889,9.57179000237642
2022-03-21,South,46.95962606326218,15.104220672272486,34.79632878052391,1.9876900696665563,64.44167752808586,23.375129864950036,2.4747001317747723,2,77.19298081397584,2.284613612753634
2022-03-22,Central,21.739322644565902,11.735719786278661,21.547097573448713,8.442001751774164,,4.745617326066476,11.759002979847144,1,55.2970957092881,2.650256984893932
2022-03-23,South,25.7910000648901,25.36723489151623,15.230230004188146,12.10523083810221,90.54760059566341,21.843385802853977,9.827000149713891,2,6.217015683821336,8.658749252457994
2022-03-24,West,43.78135829903303,24.913298488376874,20.55357565160719,12.684577761833289,79.59228254820525,23.163268293446514,2.1739028480873643,6,89.91720890330923,1.9226659050458008
2022-03-25,South,32.71379200001868,18.206428775290803,16.412312310816795,0.5305717489826713,95.97245851361194,25.75155732904727,6.52949511511742,8,13.391614827556609,1.1115172768412866
2022-03-26,West,37.71007501667074,12.053744090477375,16.132184048156574,6.938348080846203,61.42863361263076,20.694900770476835,5.458786584765571,4,48.01435297049203,7.291590459091472
2022-03-27,West,30.390347305889847,18.40512353020418,34.86158318516635,1.6410400077351848,54.423307638541985,5.010904316963204,9.726104941354263,9,36.45321497172919,4.992359115792427
2022-03-28,South,34.961283031591776,17.720804919908375,15.325505546403331,2.3895305644087705,41.124317692994154,10.078552493557487,8.876795355216771,1,36.98744100690973,8.23216819773792
2022-03-29,South,27.472714020680566,11.236037407270587,36.620043776167655,,58.39934787566907,1.6758443854194705,3.5517012855008283,10,28.422321274061634,2.3956643930734653
2022-03-30,South,36.52201635598939,15.984492854157136,20.05144744211171,5.669524903058436,87.58617117833091,22.583508773544597,4.372108776160667,10,95.71886301370021,4.932769036654601
2022-03-31,Central,32.12279095031884,25.921151802394267,38.812800051712415,9.202510963431596,28.974585959286816,20.73434537541091,0.7222577320908177,6,8.411176152068943,8.351166194874628
2022-04-01,Central,39.07891304484444,19.066608372438292,33.93763781197232,12.662242013127804,41.353612755646154,15.445992653471748,6.807678934037817,2,80.24851097506827,3.3280431897893323
2022-04-02,West,37.027698587415856,10.84707715818216,21.129557431885964,5.87847037351891,95.9267075039045,29.360449526937554,9.107434911693698,6,39.252237676132786,5.2406485509052825
2022-04-03,East,23.743912560288145,27.459745354468478,22.315827767894348,1.099001220468703,82.69928626693252,9.594078277416395,5.027537944526451,5,5.263983636452485,6.599781077352386
2022-04-04,South,25.33385174980546,24.36827427341033,21.819276487363727,2.8403936857146,45.32541354686805,26.713335801520554,11.348519791315969,0,57.30324114121693,7.480319069161924
2022-04-05,East,20.649253352411545,19.950248780121324,20.49857234402196,1.6966717622834855,86.19846963960947,5.452690748353288,1.646381941761506,9,37.220066452248645,5.701355024870216
2022-04-06,North,30.027643938216762,13.882997673157526,21.14758984247895,8.012440487079896,35.53471747246752,28.651920501212434,10.69028453166587,4,22.059824408715624,7.506133025684468
2022-04-07,North,27.641562262238406,10.12847736714404,30.015010342145683,2.7350993843221536,73.67672005085379,8.66433211031236,0.2584926646162664,10,37.0413276213236,7.776376026547351
2022-04-08,South,22.30411987950192,24.23984831284101,31.380904223520467,7.767011523746575,39.54714455660712,24.18735569668629,10.958938244347978,0,97.71171833576363,8.500126093596446
2022-04-09,North,38.98692230244439,21.800426191614996,20.286262789682773,14.636101921664672,63.76640634544841,3.368443453622312,3.6668221882556873,6,76.59217013818736,9.172674605034059
2022-04-10,East,40.046668553384066,26.032214261646047,36.19215386617617,1.3566412025785108,71.13047476949907,12.27530373255583,1.317349766932577,10,81.99558524218827,7.326119375323276
2022-04-11,North,38.54426603561865,23.16020743991734,34.187632543854946,0.11864586149978387,78.55421160520496,28.977229356836855,11.87111750492412,5,52.55113347619872,9.074799661204803
2022-04-12,South,26.525622279838462,11.399782712151884,27.2300096678282,0.9648345942244837,91.19493863607896,9.337382175066018,8.934219948397242,8,29.547291893936045,1.5456496187168705
2022-04-13,West,37.59249573105158,17.953995164500885,18.712027912391207,4.083785936019452,82.92200086545265,23.416240824623394,6.362418165037763,10,54.81982353544228,2.17007123130802
2022-04-14,Central,30.633066201459915,14.865841459850461,24.96730556975376,6.623874971474578,46.76773310869811,14.533233635775424,4.724482425882644,3,54.55668330530716,4.6390664567309425
2022-04-15,Central,20.28716914584578,27.040013609630112,24.60986758287754,5.519755795626124,86.54405550206775,18.159678115113337,3.0610982572453853,8,14.832597651129309,2.497786010862181
2022-04-16,Central,47.09107405559934,14.02106325351637,37.52643342822489,6.497492823366508,29.57919445254961,17.95635878724369,7.169957036313908,4,66.19812576562354,4.036417050711072
2022-04-17,West,40.097152427837216,18.897356756033552,36.58251288749145,10.340785478301441,78.76014687320031,17.106994759639864,5.386898659584133,4,78.12732039387478,8.95229102759192
2022-04-18,North,26.68178119383257,20.063693459463288,15.903615336221787,1.0163859707931262,60.28042626784357,14.501190127606737,6.077666081328995,4,54.89211544929601,2.104050196413602
2022-04-19,Central,28.6635836618182,21.757936636325496,15.135485888643071,0.20537147746985335,57.09275261579421,5.718203225940729,5.542752518329266,9,39.68516352282392,6.720744839183793
2022-04-20,East,45.147049652520096,21.975522530669366,34.32435197531329,1.5921822142811057,76.13692440149691,0.3673912332862739,7.707895600449289,4,63.88479757519326,3.060128483511682
2022-04-21,North,27.138664534110223,22.203990889495415,17.7995025919589,7.690980242078981,29.426374390874216,20.320894351450733,11.087188155549232,10,53.72889646078466,5.426215048014502
2022-04-22,West,22.585520801575335,15.818332872045772,20.0184454144008,5.205192006571716,88.72707089541373,21.17921193663748,11.433988809365417,6,8.308777087410956,4.56381589164465
2022-04-23,Central,43.55091502698841,19.12661418038401,38.65308255622921,0.13430804356240048,43.903883641207436,23.21566931961184,10.021092419716805,0,37.44623722193333,8.780155738061415
2022-04-24,North,39.53354492230817,9.285523476424922,24.026883775741492,0.6721041798111329,84.43788105963077,27.92555892486001,3.2213686816865876,9,92.63313010536216,5.85063235549274
2022-04-25,West,35.19544701176085,19.60425894456501,35.98218583467573,10.620312785399001,48.56020954613949,4.876799426845391,2.973970776918648,6,6.15102853352798,8.393840198054964
2022-04-26,South,35.52074168091457,21.68563278462554,19.116426938248978,2.7421476167413052,78.58353954791109,26.714481393141977,6.92272589287293,6,28.382059872985433,4.726417774328178
2022-04-27,Central,39.25942509520823,24.37631865140775,32.00362733539058,4.087735010266663,92.11162242748813,7.075944990016022,11.695516003369615,4,85.65676919045873,6.955309434559332
2022-04-28,South,45.50235021889155,11.240688336140495,30.68119279665776,0.3960110864321384,75.4641338057208,16.265100117206142,6.621950473649945,2,0.13353360961273486,9.182437697712714
2022-04-29,South,43.02958762352175,21.637552095800547,33.38692567582783,3.4395737382937908,42.142808548177065,7.780640813448291,1.3418358926580072,6,94.11641877810261,2.3379596595830545
2022-04-30,Central,26.531129163510986,15.202259881936488,22.29456869086301,7.486822975385196,76.09411145329355,4.166689710070504,10.381318649032709,4,68.81750701497165,6.042109182946579
2022-05-01,East,38.022812458910835,16.88388641977639,18.42456579995025,9.309011325399855,76.10281479389954,1.5426188245597183,8.9611514335287,3,37.91127983246895,6.688424210729323
2022-05-02,South,38.79637228324994,18.446117221819467,16.90659562956581,2.395488614974733,92.4810604259107,10.308490382623962,2.865726152970342,8,2.849909405752904,6.554912834742049
2022-05-03,West,43.00648328470436,10.836565915266775,32.031736112122445,3.5359983096411214,,29.13982567382147,7.5589671967656145,3,4.564039035575595,5.962614844862056
2022-05-04,East,45.50809356408999,13.280019043093532,31.571456214507688,5.234336391470076,95.76284896793982,14.17656153907549,2.6953215754839404,4,29.557231262757178,8.151337072969394
2022-05-05,South,21.640590413947766,9.389949587382208,15.4377253611719,2.0365191101807607,75.01699302414164,1.127259827819489,5.1029210747253,5,65.91352567732551,1.5284385558096925
2022-05-06,South,22.645819952677485,29.43204860226823,29.98222460672832,1.382459511831834,,20.239634594916495,2.8419130322136357,10,6.726047217808562,6.966243166320014
2022-05-07,Central,22.666287376599666,12.196852295520152,18.62154193578734,0.3729154288437772,62.21275228849104,6.054045723840057,7.161292058360343,5,88.16503286788405,8.97613232863782
2022-05-08,Central,39.3801532064719,21.942221500797167,15.992528174275115,0.8697705883270256,80.61111267383731,1.752397388617526,3.6380516861982404,1,85.76440751604008,9.234084666141221
2022-05-09,North,45.99066357951494,10.541274098578041,27.9404803535034,16.22332168733106,28.462885405318296,23.77736028057933,2.017037705992719,10,28.516167397758394,2.5981223118634915
2022-05-10,Central,36.29926561300335,23.332946478012605,20.64748813629397,8.19683682662625,49.54452398019582,13.386748464732197,0.7151980073090396,2,19.446585222423586,6.415651323713281
2022-05-11,Central,35.90065044722624,27.249836078071937,28.4573636315303,1.7012379527762442,89.74716697156776,29.315739105345276,7.581622531329968,7,42.942071702558046,3.522789123852406
2022-05-12,North,43.51514796106551,18.4560196757025,32.92844208526599,7.094271488406762,32.806427673768425,21.442807723685362,7.158923290914574,8,28.233497321448485,7.505995651009534
2022-05-13,East,47.78336772065102,23.10248690816322,38.14598682044823,5.789010634964253,63.5444705580486,8.657523839193718,2.3355548370165056,5,95.04088573609324,1.715202915385463
2022-05-14,North,46.37219859581089,22.534514135564166,23.54150692576058,13.70822840969902,67.01647934554492,29.441534702821325,0.03347582299769947,0,58.27042015798811,2.115209756623405
2022-05-15,Central,36.991288440176376,22.38303438506917,25.565461894565182,0.16084896128437304,45.94988162083493,26.124355933118252,1.6334936317100066,1,73.60857005761761,7.05280551757542
2022-05-16,East,47.92988049831213,10.329565041049062,19.090333240163737,3.4605450708429166,,9.481650463514066,3.664445579662166,2,53.061451326540535,5.932319007312859
2022-05-17,North,40.250104214807955,25.96768223097408,33.038648993256814,4.826341290994618,91.44528606056069,8.715967189416796,6.277611652795763,10,83.66182158310215,9.063833230070607
2022-05-18,North,39.616354540834806,20.892994992019098,35.575495752891364,7.074273300531744,29.408523439298598,15.072843544015518,10.627198022510246,1,9.777006056139149,1.2541763674553295
2022-05-19,North,22.73492058152367,12.991989957024083,32.6035247496873,,36.78282030704035,16.253146408444607,2.523566563153834,4,72.269933093682,7.313929636999157
2022-05-20,Central,28.31795112534406,17.67707499268138,26.068686792883213,1.2954670345832044,90.78670711356266,17.359336297475075,2.5859695025119387,9,76.75711023974767,7.427660802099179
2022-05-21,South,36.3333270297353,23.951291808258738,29.00253617798959,4.863623465051891,38.08941803612051,6.525880583607753,10.130044573467224,5,36.02847352011563,8.463046941440455
2022-05-22,North,39.53444194156833,22.134501098587194,20.499142014630774,6.636482610074125,37.72135847725754,1.6401868785331275,6.098809737879002,3,8.540861805296117,7.935060932138227
2022-05-23,East,25.644660829378957,11.357678807542054,33.38481685151348,2.9017461617458706,67.66539012365453,16.245646972814438,8.296838486423521,9,65.32994399981581,5.670662616495357
2022-05-24,Central,42.6518573295595,21.218288789252817,31.53366475111843,2.780933551382874,96.85874566751335,18.19155640620572,4.160932855110084,0,30.409769740877746,3.5825247854634457
2022-05-25,East,44.518346346707254,19.18819930864251,38.1214955114405,2.327661910771685,57.62812441146651,28.738173604795897,10.066582788951006,9,58.36475112845948,4.547329642127384
2022-05-26,South,43.84866858758505,22.388511017469384,29.19129990810792,0.9317842678912387,63.1363326819206,16.310254758495358,5.397343467703629,6,88.10202242879348,5.7030506732293205
2022-05-27,East,35.048006204520604,25.257220902861484,33.732435755662195,,85.32744617829059,4.689375281623853,10.835143533992007,7,83.1971769053758,1.040466275687694
2022-05-28,North,29.515030188760736,15.238436380142627,27.515934461578844,2.7906359514077415,75.83401222171574,9.2181806905112,4.805823276196627,3,57.58893776968924,1.8142764623387089
2022-05-29,East,43.57368014539125,16.996327434644613,35.88096716423971,0.5784853636159698,97.70909413474939,1.5589312770915775,9.704737486888188,8,10.858447752510791,5.880520153846807
2022-05-30,East,40.7782360986305,21.076207264801102,29.83298874664724,9.82428626529468,69.72598219236752,0.4617305502832503,0.6682103097956622,3,44.750353863664316,9.96257016843017
2022-05-31,Central,21.059633430674403,25.206966254480633,26.624979463834535,7.452616332767102,55.63527480641583,14.338669989426984,8.193868273383751,2,72.5825870530841,4.388438339652991
2022-06-01,East,34.032516089724666,21.57197106520433,18.620051717640006,2.198225024703625,49.35167416315136,19.859756558940962,1.6983307108824532,0,56.70001810089769,8.188932336418302
2022-06-02,West,43.04574339237297,8.324635972279662,35.096278908634744,6.0891928355354725,97.08457078195869,28.54206832981347,10.765395032232593,1,32.92926516598388,4.43854649752427
2022-06-03,West,35.93842966428187,29.80212941046378,35.223189272289915,0.7270443457803316,84.01330242127173,19.00622350030043,11.575735311026977,1,30.84031769354887,2.1200171474744027
2022-06-04,Central,27.50797755611112,8.626106778399947,22.859862165173894,14.284403682264102,84.84148721080561,5.431918310079366,3.85512519642114,1,67.84509950245643,8.578479254743792
2022-06-05,West,20.462723626521957,27.101941755846767,26.082836020273405,0.3562180833029927,39.19223460903072,27.217013056736413,6.7519684377879905,7,63.16883896985406,6.91782424007879
2022-06-06,Central,26.346974190343055,27.924750838780316,25.318193156749853,8.539118479710973,58.60792023885859,26.398078164057956,4.79709310780753,1,59.225071828783825,2.1945381205013144
2022-06-07,East,37.13202197027997,12.72410358713314,23.446353455454098,24.6580923887502,26.657749954433275,12.228335533248112,7.355002725476279,0,95.20082672275946,4.924402006846301
2022-06-08,Central,27.086171568478854,25.05536223754744,27.368168680218112,1.3694024589036282,64.01261157686722,15.67464487716986,4.2533491542159645,4,89.48411610952266,3.0288211033633914
2022-06-09,West,20.318104247075166,18.48897577848374,27.621050801877708,6.6821029090586075,30.386325616513624,14.9809239460251,9.829832141754071,5,31.401583946037082,7.000663974920314
2022-06-10,North,21.958754619518682,17.186008657463237,16.947024402382375,9.809265172998604,39.378977754234185,13.210284517477476,0.37641055961994363,9,24.897613652343765,5.180857179843016
2022-06-11,North,30.635704363947667,11.230058769646853,21.484107415233566,12.192077614453845,45.58614875513568,9.893090169848954,8.895688725578086,10,92.27354186516911,3.6860435113438177
2022-06-12,West,33.01471171120471,18.126182351660738,16.395250164333316,5.102347967446289,84.6552768221818,29.604889462581188,0.1660088678663696,2,20.830631472930783,6.008679962845353
2022-06-13,North,41.254099903467264,22.025774851970937,33.18034850679623,,32.4798675935492,27.246622115803184,11.554670764653562,5,97.71576201468218,9.147783855647011
2022-06-14,Central,35.16136967309192,18.958328248724257,32.96416293574478,0.4417564103361651,91.24338302730166,10.002785308842602,0.4865820004550345,4,21.544642480888776,4.736582482103545
2022-06-15,West,41.80711609619526,12.926595921395247,22.24236889830772,2.533578701895603,66.33954342772941,18.426914860269015,9.54002465950327,5,10.82804069052381,9.693845824954275
2022-06-16,South,24.194776582606657,18.713614313563326,29.520036210680477,2.0054559869841504,32.93719391233056,2.562895637981124,8.395290325588503,2,39.06703611312089,7.405340369103654
2022-06-17,East,29.808645654673285,27.20952956357063,25.737502603796973,0.08877219544157897,97.04637591311098,22.360171684357574,10.329014293702262,3,90.09888171132431,6.423469250022979
2022-06-18,South,34.489474195154166,25.9915056952227,18.853481646593696,1.344878884455736,25.15076300243801,25.31113120954956,1.5417112271214473,2,73.13543342388674,1.537686311599987
2022-06-19,Central,20.437877352576063,12.219194614794402,31.785734545470213,5.439269567775577,36.895319789494266,14.004566685726708,4.258460885982451,8,59.85911093168106,8.290815436067293
2022-06-20,West,46.90298210764913,18.764922070069787,34.34838700641751,1.4509301747053824,38.422744036108426,2.2784600402653843,1.0321769259358562,1,70.15650385351499,7.052888833140387
2022-06-21,East,45.835662820737795,21.284059647145874,23.36646533183004,0.1365091053986266,88.37816774868607,17.47040790290268,3.4619443315242173,4,52.01582839946983,2.1423207329323093
2022-06-22,South,38.594392273950845,19.704732662557607,27.793723419732522,5.885103937086632,50.39114718849335,1.6466160493613324,7.3121482723490665,4,31.78267781394282,1.0954756833248136
2022-06-23,Central,25.976049504479015,22.53333654420265,19.543601010244984,6.608936083902518,85.94436786602654,24.478302505973225,11.638824002778545,4,49.70004245761414,9.421294853285994
2022-06-24,Central,23.860748553991595,23.05509585513976,16.50457126084123,0.11022350556880946,28.075215295712685,17.550687878161416,3.051060872206475,0,37.979218078738754,2.786074755154506
2022-06-25,North,44.86846928289119,16.891396990365365,21.582685659678006,7.2312641982628865,94.97840557113852,26.12627976028571,4.088315377628279,6,76.80225748171448,4.797698367673444
2022-06-26,East,28.057190561314556,13.32238871955169,35.48622164326002,6.376056884883554,87.32026748839314,11.368270800024685,4.894500790597881,8,16.6734220743219,4.769504512017791
2022-06-27,East,30.543902733666563,17.72908341923572,34.25437491733928,3.8805776134459613,59.73943278758059,7.504669714598574,0.3677878345383201,8,44.98545546735785,1.7737054077798398
2022-06-28,South,31.078371611644123,10.37675742765368,20.89297364493376,0.1820946097915393,36.16018104105565,28.16088218221561,8.26157711493473,10,10.666376025408175,8.237411089174245
2022-06-29,East,25.96823877300975,24.442321711377392,16.56714164515681,11.529192769417321,41.3283883878927,27.023829632713714,1.5153928798381249,10,4.329056472573178,6.432956118031706
2022-06-30,South,40.28810908317571,25.062419356203876,35.70948634492307,0.4226230947906534,41.62916273592458,1.9807645106946925,10.54097790502791,1,23.246478881456135,5.815808079156015
2022-07-01,West,36.100770768592966,28.75101142925599,30.52581399289838,5.0831328352397795,76.30384649245566,25.898591915571494,4.977567694091787,2,16.104245363249515,8.766389979645002
2022-07-02,West,44.884953771103824,27.777500699943,17.230238624337723,5.773205607479398,,27.84064507195542,10.490158938969616,8,78.18578366258683,9.192703359558292
2022-07-03,West,26.144294590580568,10.800918608675019,32.774021536270126,11.756713712204363,25.22767862620824,13.595912421540973,8.816598655377543,6,16.040752397520386,2.1579907989696645
2022-07-04,South,29.50608260584274,20.010311996335357,27.994962313826328,11.792293150022408,53.04119523127238,26.7812315817628,9.34675550743281,4,67.23470991218021,7.188380415926739
2022-07-05,South,33.851130416319904,23.521604706924464,18.444865115040344,1.3075219071390394,66.7453129665674,13.41847148550285,4.50941161788547,0,50.28746082603227,3.4146411220159045
2022-07-06,West,33.22371142633585,26.222205422142363,15.535797117068872,1.055873942445249,28.929098871594967,1.7166454987288626,9.754689642593988,2,36.113083666639525,8.023769217087493
2022-07-07,West,47.4856159737474,14.557671279739406,36.003903325444156,2.117276645337009,65.23595720726595,16.391310087461342,6.730843761271544,1,6.167377640006777,2.051101429847399
2022-07-08,East,36.69258744692167,29.7124010249674,22.117929776032533,10.95819716462249,81.71272581994731,28.080663490441992,2.0281939168408267,3,41.691030476256316,2.6919374046116658
2022-07-09,East,31.488076416589394,19.095253769998095,28.68749195027212,5.149197474597248,66.18780437319728,16.02310857803491,10.707980612215193,8,56.86988113330717,2.916805520464478
2022-07-10,South,27.986101638612467,18.170513011887607,18.72826260763376,9.72103350913143,49.192866495038714,4.1710360442372485,4.884045723214188,5,11.77022296798712,6.607131280980035
2022-07-11,North,36.16588766102322,17.283132354893937,31.961915444250938,0.9817304030109805,51.36281708756239,13.188293517401743,10.77388225945912,8,90.96386774050332,7.011737203968873
2022-07-12,North,35.30499992168676,11.916065995901565,16.355702511113176,0.28173535982694414,56.41914135580731,3.187195473313201,6.910026771558616,1,11.079932011462656,9.267235668653875
2022-07-13,East,34.22578277056638,20.27791781823605,35.90854454224301,0.10034271492476253,86.87075941044912,17.558582882366743,0.6162177753289821,1,83.0576059837061,1.6671432266651083
2022-07-14,Central,46.425736627867394,10.742848744925144,29.172002946846625,0.29569563524209985,27.315442775608236,18.740683361531982,9.418370446361497,1,78.32466841060265,7.158038465598849
2022-07-15,North,34.11771351615458,26.557727405041792,17.492542983048814,7.357722935992121,50.87031988773822,19.92381146899211,0.30662269906919315,3,88.46894408158569,1.112423040637237
2022-07-16,South,26.385092891014242,9.059244550791036,28.896705571828143,8.227083456711842,95.03651245391733,1.5867253322281616,1.1898654395469768,9,10.615329212994107,5.583733531623548
2022-07-17,Central,24.366641218315777,26.75560140665407,25.47379734082306,,85.67485159514084,25.44463479914987,4.044621256113718,2,46.018020614158836,5.144412108563443
2022-07-18,South,45.47039968801653,25.83829207054464,21.841141268480875,2.1005460172216788,34.84404812448171,27.502766990542682,7.5736847602763975,9,31.452343383320468,1.4053713137948427
2022-07-19,East,47.939282995842746,14.615291156848928,31.837571627114933,2.5087383684897877,50.906180693021696,8.603242886129568,5.134418133418839,5,68.56757850983462,2.6812335813390673
2022-07-20,South,36.585179811895706,8.78435137759134,35.25146939176185,0.8453629878955123,26.31354083995481,23.492396453813544,4.771254287909214,7,18.711571369345737,8.216201066083597
2022-07-21,North,40.35964458096726,27.458200672119894,17.92748764964304,2.3273453184454587,78.25973994723357,14.50119013555716,5.1355879140658836,3,8.997140425114969,3.7366933337657153
2022-07-22,West,31.773760136387754,25.695127399438388,21.850132063256673,0.6797570874835298,32.56032553069214,15.934142776168288,1.523673182024695,5,21.880771883755557,5.338737341427539
2022-07-23,South,44.130511836452946,21.96301126606305,18.990722466659307,3.8472154740631157,53.17240415334932,7.284445693427831,8.390441594857046,10,99.19319165114177,4.548422575003804
2022-07-24,North,29.707674999918837,9.21072012050125,26.353781169024458,0.06548002464823703,90.92171236144901,26.842125978858938,2.413400407543197,6,25.50022777702814,2.670552676269136
2022-07-25,West,20.537939257086776,19.192259947340837,15.10019211062999,2.236496050171131,34.97969450797633,28.75060115664623,5.220129842446006,2,28.661046902747866,9.468820120548767
2022-07-26,South,21.067196365561642,28.54930188310548,32.364132335594064,16.729254032845994,48.77537916840714,19.639152627738838,11.63829873425834,8,72.18561833732504,1.476616604627168
2022-07-27,Central,43.11640828635508,10.350154559028333,16.055625114899833,20.762734140838823,,4.550737348729539,11.133617747795048,3,31.174358574701444,5.1600487553797345
2022-07-28,South,31.78328717474907,19.219246833050217,19.669679250937666,5.93997406088969,71.15432301809615,16.035094169987925,9.222056875822876,7,52.84154287741728,4.02716064353865
2022-07-29,South,47.09639762238083,25.675389473980662,36.23818722553944,1.4202396604785463,80.41709515534868,9.073848484585385,10.63176432747931,2,75.08493639918899,7.000731645677805
2022-07-30,South,31.69364689632871,22.545789618283024,35.44519443217099,,95.00471435824663,13.525942130363193,8.225706330183925,2,33.484808535236155,6.822934159211135
2022-07-31,Central,46.48679024517847,16.678117670991927,30.443722221823265,0.14817550346910557,91.67486239583135,20.236228933314546,9.836477947919557,7,36.06847723674104,7.270310797016381
2022-08-01,South,33.17522311567588,27.623974695100397,32.8872097469972,2.167860619999025,45.92158025790282,2.1210796129566836,2.9793439187278734,8,22.328960871064552,5.492615333790579
2022-08-02,Central,40.207835164658746,19.595769692876793,28.898810387634708,2.4694296182032898,,6.098999481999115,5.457378540892743,2,74.99126594505582,1.996050001523396
2022-08-03,South,28.210251838558918,27.11520886061821,24.805104034096765,0.3352241122698689,31.306188965567642,22.496277984260168,3.4463418026591377,3,99.29159171011396,5.529359880407552
2022-08-04,West,35.368762047114856,21.455801754386684,21.01615337987247,8.095182750658623,52.406431308674115,1.1450575951567177,0.4556747551141034,8,6.237822323740927,8.913103001008897
2022-08-05,West,29.11581707710927,14.88434423931927,37.71392222030889,4.203421264757401,81.53479173932863,18.055958034559872,2.8838398808221575,4,40.70161811986086,3.95887447544768
2022-08-06,Central,38.95368681290189,27.771703086885783,37.4642091966263,1.9118129591305777,43.863113626538365,8.018034503496652,3.0765851823427797,0,34.32606455013487,8.97540471434117
2022-08-07,West,26.378624452646235,27.3524833541465,37.37378054583157,7.725938786800236,85.44630212311996,27.074574946182505,8.216632136315408,10,35.48063515646243,7.3255875324084965
2022-08-08,South,30.02151596929688,14.747657960671486,37.808680043634425,2.1239610222706773,,24.993036521688367,4.112160822630038,8,52.422180742541855,9.536616677853992
2022-08-09,North,37.75036120747974,12.759575062033495,34.1106942689315,,51.29345601531921,27.580058395866462,2.59172255878554,3,65.86922684324136,5.393161611435171
2022-08-10,North,28.502917395475905,29.533365654712032,37.41487051609941,2.7379057772990705,55.53130556360602,2.815929326033281,0.15524050340486895,0,49.12179054411503,3.509738108274018
2022-08-11,South,27.816260335322582,18.418511081400236,36.77558478115894,4.035549046812734,81.27941981787714,29.841515478698,4.801072537824524,8,76.13933429677864,1.659093270905308
2022-08-12,West,30.65053089876846,29.94786582761521,21.654775370423767,0.4616935678506733,48.08036655657076,4.30491668137045,9.250580371793744,1,6.3277029178738005,1.0736559841237074
2022-08-13,East,37.40666016749422,13.581929969939285,36.11608561242805,1.1941148688364487,77.31252202916002,26.1037665117835,7.528164575039039,8,80.07352590235904,9.137687164979145
2022-08-14,North,29.32886556436655,10.229607344249942,29.025536391168046,4.223852292435464,55.44184903903649,11.27905517065261,10.770747957098836,8,88.27026941357138,6.079762006582998
2022-08-15,West,32.16634494227546,8.168441176827393,27.99441193626897,2.115105337626633,84.55563586944297,28.65308329115227,6.886023216037448,7,59.74636008205517,1.966425266992928
2022-08-16,Central,20.586846800106592,14.868301739597188,18.0810581927379,0.571144293914153,40.4558736041084,0.031221253382325287,0.573980787349301,1,31.981628104058345,4.16011895882905
2022-08-17,West,39.59986977310631,20.866031396822947,36.28746241335876,0.6697191345579246,47.53546021226356,20.675113235656017,5.228541446695234,4,47.38487546857192,6.267992894066641
2022-08-18,North,42.729701850918715,13.473057427772982,22.940544570528772,4.922497705976799,61.315672667885195,29.869761971192236,5.0366306689889555,9,59.54122376224736,9.29842092781444
2022-08-19,East,43.15865131874523,20.666716842537156,20.259641691628303,4.6186207402797494,79.67259648968394,20.816013563063134,10.192723610778012,8,79.62970162611293,7.671094973789588
2022-08-20,East,35.38743956538036,9.239910960997754,35.71260398160754,5.105370094386456,36.506513827012206,21.196303085417625,7.881226041636804,4,78.38711505423099,4.76915523963846
2022-08-21,North,31.898245503650706,29.350853171799546,15.65971087556313,5.1132470747866074,90.94431706576047,20.017465404985863,3.1902213858645236,2,34.730878056271244,1.3581809099661308
2022-08-22,South,25.209379932238008,15.642008881775965,19.97061444316651,12.992929464085453,26.30098597342896,29.38117970045009,8.415058965156083,7,43.30363523315379,6.773245783936519
2022-08-23,North,38.366491842609065,29.412818143229458,27.287253059086375,14.107976367932547,26.927067706100665,21.528181249070794,9.976777236738561,2,76.52729603699314,4.279936725981278
2022-08-24,Central,36.14753016914065,19.761296582029633,37.227994051585114,2.2761463972161473,57.77407921502289,14.908063345871955,0.6853152141172458,1,42.83551628171234,1.629960384428888
2022-08-25,West,32.03509562973565,18.25803531661271,25.827449361814892,,85.4950054000899,7.432936228396559,8.65764997287869,1,63.520819676216064,8.473332221597987
2022-08-26,North,37.21146016611728,9.971286515672459,19.310941103528087,5.349788417526718,34.614035595374816,23.30989459307782,9.540602590780455,10,98.6914204511961,9.42855875265707
2022-08-27,Central,46.7195834779905,9.86491706339996,27.23625072648903,0.7610468255644723,60.43580653123841,4.8307021489498405,4.336522383163455,0,84.05840669157695,5.734347187863418
2022-08-28,South,23.803487858609664,19.30110838290556,30.72131244550922,,56.3094766746714,1.8640327928655176,11.415217985176854,6,21.801179404979965,2.043638702214748
2022-08-29,East,47.01035959062983,15.004489228035638,36.82585246673753,7.417628217729671,,22.89355044090493,9.986230235915599,5,41.18411871834071,4.62182796546074
2022-08-30,South,35.96671180697912,12.097035886236666,35.16742591178327,0.1537713128182123,40.606021646227326,11.065026443784863,3.157174921824148,3,54.52473561694213,1.6950905350663654
2022-08-31,North,43.29601076768518,10.977756032482116,34.444384990727485,2.9714709874734946,68.36343483390283,6.36497057320671,4.7200464539112446,4,59.813284912852836,8.216753686103502
2022-09-01,East,47.82474892087155,20.290501447933785,27.304445487005417,1.145807928417925,92.13110650562233,23.008431738791877,10.898537862182033,5,29.783030561739267,5.8699989224589775
2022-09-02,West,45.99718282306059,14.627371256850418,37.71422406719273,10.83591759994507,29.026899677218974,26.02898811025668,9.989595719870893,0,91.97095819561896,4.540318344570565
2022-09-03,North,31.17724950910278,25.729429071729353,36.9644386350528,0.35163623044745296,89.56513801908574,3.164753844742317,9.684700368252178,0,90.98953776508615,7.569017634061952
2022-09-04,East,32.819398256341515,9.977720702396356,34.032808142675805,4.3009909597562475,40.249780185292984,12.448461935764891,11.655114722770666,4,16.38946598884101,8.53234405090018
2022-09-05,North,36.964257441697804,8.179286963391776,34.837376305636354,,31.02561201405373,0.712604650181492,0.8929254119462402,6,92.97362576274901,8.046270601802243
2022-09-06,West,37.86322685754985,28.723574673691346,37.6453081204407,0.5147816509442883,48.299294763233206,24.829626480788146,0.7516377967565524,0,44.53998185712804,8.390047356849356
2022-09-07,North,26.39052068505528,8.379663870079412,23.574258263280456,,62.24360025426785,0.24642821137469184,5.220113192409854,0,43.821626243922786,8.8113700057018
2022-09-08,Central,46.538849979970905,26.91893932319035,38.85509280858651,1.2649155534414964,51.06810232800828,11.715357080688413,10.952379261373318,4,18.274175919680758,5.2148740740410915
2022-09-09,South,43.182515927064834,27.368065468998157,18.291995079421493,4.714837583143456,34.678576845544725,27.082295472772945,6.402344059431434,7,8.38994577720925,6.933492003806449
2022-09-10,North,23.64763123351584,28.830155252823882,36.96022737450039,1.1499500864961925,59.795833922147615,17.50102690905828,11.203593393101752,10,24.846700258681686,6.313984329649103
2022-09-11,Central,47.7569697704085,18.885345568819204,20.680115739104586,1.9917050903582054,25.14901345325017,24.085110266145165,1.8637787739530411,3,88.00803017834437,2.1507452417934623
2022-09-12,Central,47.889181413618985,21.72275653327342,28.911985517915273,1.5994460082210986,25.694777753754273,4.048904214096628,8.84664300039001,0,40.69935563009829,3.150956749883382
2022-09-13,North,29.92162799704454,16.05803969708549,29.36675796576543,3.7045693592953874,85.68393528421379,3.4406501417452273,3.8698915892952694,2,91.96206547004799,2.5460854345271713
2022-09-14,East,43.751787870885096,29.37842552347957,38.40791448010259,3.8931150641352423,66.4866239581915,10.631779463072847,8.12630902335591,3,59.971203682514016,6.842384160443034
2022-09-15,East,27.298577036301296,24.10010716905463,21.81008785415471,2.94793881334654,51.536864710561275,20.19343148257522,5.1394254824584475,3,0.8234380759345461,8.76908304120914
2022-09-16,South,24.484563577644835,23.853165275848,25.53356948415942,0.6461074522884639,54.41442268263887,4.899708541284291,3.6458091490788607,5,33.082678485896835,7.825109050955443
2022-09-17,East,43.923861638878165,15.775338682371077,18.602907012478283,4.146715099955885,58.30139729270424,1.9664154276430523,10.264451699575094,8,12.75855029291516,4.3950166053620965
2022-09-18,West,35.713695480669706,14.625760254615695,28.619677321341396,1.092856583557384,42.21104552438665,29.27489979087324,4.676085333003916,1,74.54940348559663,6.923030388516189
2022-09-19,North,21.721193976080585,20.26218186365851,24.77466969255788,2.232570525420389,78.06285599820592,8.723434699346674,2.739186276077289,9,67.7018822852903,4.689579687314412
2022-09-20,East,43.31312333520533,9.788739836700103,26.11759880952003,16.783768912448522,47.426584475559764,18.73209503215867,1.8132796680790086,10,22.849767242008678,3.470420802441981
2022-09-21,West,30.73770436661662,17.21658866457991,16.74706053196517,,67.08635646455362,19.786414279216558,2.125889223747949,1,20.857413580359406,9.04191789479067
2022-09-22,West,24.729309522935875,19.703797313510773,35.83561349499197,1.2875844138327401,34.82319347875566,1.1593074707333662,6.26865182635874,4,90.24939490393857,2.8423783873955446
2022-09-23,Central,34.760357916384464,24.50430635198538,23.831508334945,0.9862537208733643,27.01246518045651,16.977054473749877,0.6488050283721525,4,11.7387118325472,6.709811375291631
2022-09-24,East,33.16475653211721,20.576371170617268,30.913449578240222,3.35603378332148,35.897740666484225,6.009111556147201,0.9070438499908384,2,3.3010531885240058,7.755754267207967
2022-09-25,South,42.498074895077785,16.580262274955725,30.810580302981563,0.36491106888569586,50.741558111822094,2.6963414749087153,5.418307202889815,8,36.62649141657401,6.56692016797227
2022-09-26,West,33.405076800673186,8.614726173918207,30.906601601641135,2.6152263808222243,35.14668475291227,11.907282760301069,8.410316622659165,5,56.37945928647129,2.080929746732688
2022-09-27,East,38.59762033084978,23.585105472716045,20.851236031078045,2.428640023553988,73.1265262100695,23.78514118447021,8.269541293286073,8,91.90884355351352,3.426476324749699
2022-09-28,North,29.910100557887358,24.892337149258942,17.61966533126455,20.517958721971038,36.89358301902984,29.071658415418746,10.794207788708984,10,91.15473765383433,1.1312241157151561
2022-09-29,South,23.067664354036836,26.79278696818875,16.761827623808905,0.12876849055841172,84.348274618916,14.851572962052826,6.074001540601734,6,13.960412229009378,7.828142944657007
2022-09-30,East,21.215804344076147,12.358975966969425,29.228531944917258,8.353278861972843,83.10377243531565,26.624537152190143,2.6161325420957904,1,78.69625757554873,2.6656554037906677
2022-10-01,North,28.976456613996326,19.106685610548922,17.365813152416955,10.887263505823633,45.70325546764153,28.355599845561954,9.605954099381618,9,93.44427367100674,8.705874374621029
2022-10-02,West,38.719871871178356,18.128845226027963,24.952211010074592,4.171893130400677,59.00329946072406,13.288138998150355,1.7703434540190885,10,83.35236052001048,2.4891558501049
2022-10-03,West,20.2997086059332,24.737668759449583,36.90542257622286,3.109112995999919,74.86591346037775,4.360894572463315,8.083145126120215,10,41.422612892634724,4.346291300938956
2022-10-04,North,26.971949544915333,19.065598945341307,16.930401890275853,0.621236395523692,55.977021832050866,9.303145918387218,8.385996059160142,0,20.775138032262376,2.279507932645153
2022-10-05,East,24.24129932815931,25.55252334102943,31.26830944639151,4.595601131006521,30.71378466070439,11.626242895962815,2.320070337707697,7,91.55793092899468,5.794701503616023
2022-10-06,West,32.94764815228269,9.823596693986971,25.713141604292446,5.45751468995775,45.25235119835405,13.63586447590752,0.6573754939888325,9,53.201975704693325,6.344107780541337
2022-10-07,East,40.895660214380754,9.18088152848321,36.49493956372592,4.683385059824746,62.47585971461055,19.340022169235883,2.2525194195429674,3,25.31525006928954,3.056453952748286
2022-10-08,West,35.47559212691024,13.867228785296971,33.574097007277715,0.3325534542019201,84.59204973213352,19.35613480577014,9.522360133808423,6,32.35201360731222,4.665426051028237
2022-10-09,Central,37.03100842059928,18.434749913172567,17.96288790818661,6.174158409272983,30.05379868232772,16.29764761006518,10.013291939646532,3,56.1726633753453,2.054025530409533
2022-10-10,West,46.4935248026606,24.52722770956741,22.309322558289878,1.0374885840265384,37.88506729261268,6.849223623314354,3.143388162988096,1,40.62107591169956,8.09046511416829
2022-10-11,West,32.8033426949455,16.04121839216042,30.924471197827895,1.2177442320600664,92.96619640739354,10.903994823679453,6.2365015254310014,6,4.002705977456323,8.0790674911112
2022-10-12,Central,42.79378244763549,24.30466881273475,19.29109381391987,1.9871635946230373,48.222955597138125,12.40318361017577,0.6764711267203443,6,57.43811461948635,3.326306976751966
2022-10-13,South,29.627804939521457,26.29059921064911,35.04233849470685,4.338714834802648,,19.911901664259293,2.3267540334061696,2,40.58446823099341,3.37808093825468
2022-10-14,Central,37.370355096604285,19.05641232967608,21.085364210593664,3.333753951083862,73.60958246433749,4.243977598886705,6.801746381589469,2,47.344971720466454,6.486868649573826
2022-10-15,South,41.5119754638229,29.077867531885055,35.759598669021486,4.870469661183534,51.89240742529566,7.249146389271899,2.7932224200340174,1,75.26705029651957,6.480943514224942
2022-10-16,West,43.1590385887454,11.349230243267687,21.690353253007526,4.299207503279554,41.846736852909316,8.51595153705138,0.6112444235997034,10,2.5686655557610516,7.599929096208005
2022-10-17,South,26.216130803006557,14.504264378397892,20.435650130156915,4.8290350893916525,95.69729858068453,15.551080936569212,10.673816703241458,8,6.5707505358204354,1.8687557278379638
2022-10-18,North,27.13998971190834,29.946321994337968,38.54047785544366,1.4135940535795455,63.034001072817986,22.724959492823714,2.7890080241447412,2,0.1031128446425611,7.048170747629713
2022-10-19,North,30.554907951481674,11.668782829135441,30.911645380341294,4.618364995888583,52.085097456380964,25.330340535314342,9.319952815664958,3,42.468496747320636,7.6195846047780345
2022-10-20,North,27.0048669977259,28.04898004656696,28.49497073086765,6.364619200636221,80.59023865314646,22.27038643209641,5.068903008069938,1,28.046183318310035,3.510128024096432
2022-10-21,Central,35.11959819417076,28.24475168911475,16.21435655360979,0.2274168660120276,32.46218122476311,22.44505615240316,8.469214918687129,6,40.945423932130645,3.323630202838289
2022-10-22,North,42.596659545644286,22.067238112552467,22.040564407209917,11.3441278150848,90.85558277792107,7.225520600599537,4.275589473255154,6,57.719983820438856,6.981569702557536
2022-10-23,East,24.297740361954574,9.077323343648228,18.09198238806093,0.19720023115016233,84.26343982932991,26.544206264090505,7.232241476494049,0,0.8320761818999989,2.0492276190734495
2022-10-24,North,31.405636892354828,19.205941486531085,18.9879178857895,5.6202071690466315,52.48350452645831,1.576930903890762,7.8788766550253335,2,15.842448903709172,5.874205442907759
2022-10-25,West,40.34741277124388,9.522839675849331,21.563730536693953,4.1452637771599505,38.60469753087983,16.20722973380486,1.4834864991435803,8,12.768343208278864,5.51694397419044
2022-10-26,North,39.70095508687652,15.293730351344523,18.396118393424018,1.5299908919066798,87.74698795726302,2.6528963571967346,10.60667396123375,0,62.11695340616215,7.0529602439020405
2022-10-27,South,26.685760237156956,8.38055300737345,37.4893918238119,2.6003962289897884,94.79919376544304,18.02628053185681,4.234936551668325,6,59.119848230754755,6.455510388993258
2022-10-28,West,38.49143164654532,9.008903140801255,17.123231243433814,10.003150524228527,28.495017331897838,1.418704117280185,9.447266700377785,8,7.754789274695839,8.329174063091202
2022-10-29,West,47.06574022325729,23.33851396184577,36.48387300926096,7.685884342517101,,19.22703739724248,6.629152965714967,7,80.1552759223266,1.5478158721769533
2022-10-30,North,37.5353742412665,29.609418816421556,26.979545928308085,1.8205643991337521,53.201746495800634,1.010477390652944,2.197161786737638,0,16.099043147264858,6.819928057438412
2022-10-31,South,29.159443077807516,25.2166365739168,18.91029597764863,1.965997936333096,83.84800618715656,4.953451495149378,4.2633597346041725,4,17.303520037247523,7.45858619576806
2022-11-01,West,34.419649615745556,16.71244723205406,28.178164327955837,0.9687997803946716,58.41941885397893,22.601422760703862,1.0233252340070451,2,40.27295469755546,8.132165919322837
2022-11-02,West,29.4627013160337,15.422137564613559,36.527987603070386,2.1930458031783107,63.09378333486816,9.082744740773457,3.2575252956221985,5,33.19631811574493,4.33160149199454
2022-11-03,East,34.889554996775644,29.865572580379833,37.24876911852033,4.260345621222859,64.12368258395983,26.52372287392656,2.485534061406663,1,96.50551247064337,3.6320822475248593
2022-11-04,Central,43.54190608173006,13.09858967319158,23.89521728342391,2.4046973022033495,95.32561532349574,2.9438657665333166,3.2856837739017055,7,90.73140458448763,6.981455857330697
2022-11-05,South,23.748386041712536,8.85080211975667,31.75363832994032,,70.97830306105864,15.916510564998925,9.637237943055979,4,5.084344662290219,5.635313038396384
2022-11-06,North,31.562714068108225,13.746120681376153,16.647299548083357,6.5798549457439455,46.61725967635677,27.77385991502373,0.9604956882805986,6,39.198738002472446,4.386963080109272
2022-11-07,West,37.75135511581598,15.516898170875503,27.481816827862474,1.543106700948089,70.74195718675159,12.39432986475827,7.584186270148624,7,78.35805764367835,7.7056733304757445
2022-11-08,West,33.022153893865834,18.736048351780695,20.67420881525433,4.299707654228204,31.590427196012023,9.833449107180831,4.244411244224063,2,62.92744088418972,5.329731051454743
2022-11-09,Central,41.884151141835275,23.352441909986926,22.471328202592687,,49.188549676415406,28.979424598026057,5.805219645773478,9,77.16653378702335,5.121668647654532
2022-11-10,North,24.519298198970986,22.433552682625113,26.600937549759905,0.43517256847617275,37.68459513911138,12.726137655252215,2.553764418867847,0,40.71210485653521,4.226794054105555
2022-11-11,East,44.488359304918916,21.828365022324494,37.83979722062912,1.3682791330888413,,20.965160956654213,11.442445833742678,9,38.89130926800303,1.4416442094155748
2022-11-12,East,47.391722452614246,27.538410941020484,35.58570817539123,0.5226076339477124,63.82128639618826,27.59820282549205,7.963668558689091,7,76.71840352333618,8.50225340586206
2022-11-13,South,30.07703169503993,20.77369646960235,24.561082210658462,6.511065537787404,,0.32317649680849936,2.422440189335558,2,29.198030517938868,4.0846876335283
2022-11-14,Central,23.18878705279135,11.870132140325616,26.939661412237022,4.81275933811058,49.71424748342538,17.08067826451828,5.885127427922768,7,5.765495823871236,4.92908542768642
2022-11-15,Central,47.6545898927654,15.94133700302632,36.85328115788738,6.498781938594861,96.93601286080998,21.403401577759077,1.863945041349396,8,89.0330116884071,2.0627464781608307
2022-11-16,West,29.824019749667176,22.792456905411093,17.062426843147062,4.103093865043362,48.359652872790164,12.56975762934293,10.914138218164299,6,94.60950244177883,6.523607439884061
2022-11-17,West,33.780559017363004,19.555383563574907,34.41599255084662,2.924068831670724,28.8157233854049,20.18806100986595,5.651215064164048,4,61.15195715589407,6.350849760730209
2022-11-18,West,26.795336049046345,20.734800149044762,19.23107914248754,2.5809824887726784,44.741697982280684,24.192490291038034,0.8871201158150939,4,73.69211265090362,3.738611880533978
2022-11-19,West,21.55296206567254,14.562585623974146,21.969395242326737,1.6382368604570456,70.54419188679667,9.467623298276132,1.8102951252531176,9,68.95996038456408,4.223429790871492
2022-11-20,North,23.51273754170072,14.34035494364847,20.43903884728799,8.341444344675638,80.50428850523681,9.69382378901342,5.974382430118829,1,53.67251156924897,7.7424916226623814
2022-11-21,North,26.657298165176353,17.907810206046555,28.781219595654182,2.5096577252400345,42.658454732027835,2.633007628821188,2.3588034515967857,7,60.02682036824505,5.80889114732968
2022-11-22,South,47.661438607109766,8.745564224313652,20.749965586035696,0.9649757618796778,81.9420829922206,28.65063447373195,8.533179038013078,3,54.02384033865214,3.2509475071477127
2022-11-23,East,42.29833429366596,17.519796599579195,26.41287244575919,5.497713830797227,49.53460104853221,0.9880405876266007,5.110255355149881,1,11.338569744722049,6.073562988112731
2022-11-24,South,31.77558792781592,18.801008786419487,15.65242903829563,1.6468293214485012,36.97583707080557,14.121744173109466,6.772400541773096,4,31.881994198900887,8.874650988135338
2022-11-25,West,28.94074087866085,9.324943600840008,22.906071321919676,1.0116710178017956,35.251177654425625,15.98572199499287,7.418047671521991,1,1.7307847993934256,9.969897083894764
2022-11-26,Central,24.024004611120887,8.721082069112663,32.77893371283582,6.2627061215025845,84.7298986148929,4.231909778672898,11.376544436522915,7,7.708098002565256,1.815213876341336
2022-11-27,North,33.57900415821491,8.199048386467723,25.86865270042383,2.3730049263148776,42.27323466995306,14.701585914950243,11.202812389756074,7,50.83202908908263,5.029617578157603
2022-11-28,North,45.399457069396526,15.959047560746328,35.58349415872327,0.9076793763322389,41.061555679646254,8.842033559994286,4.510457704648839,9,17.78133208182574,5.022160708981053
2022-11-29,North,47.811103107726424,18.96203390972679,26.494061899100025,4.463727254792675,89.44788737811129,24.076730984726865,10.749639769153594,9,35.72486106139804,9.494425695167203
2022-11-30,North,45.25208706137683,11.801495506618648,36.89874109273594,6.791923905124567,51.62020117016174,24.693934170862224,11.927724319881179,10,83.7037124497101,9.282566386340534
2022-12-01,Central,21.840378616694572,27.70344846819135,24.86297390023247,2.043108503845948,97.29344878030896,12.983436034087958,10.558292036866145,9,8.693937449350408,5.043512901988886
2022-12-02,South,24.425929671822757,20.832406816993704,24.028057240031586,1.0603846848547545,44.671574708240755,13.034819367630309,0.6098979906125064,7,83.18576836071438,3.413972068767104
2022-12-03,North,23.964446380771474,21.146454847567718,21.420076441845232,0.09890790535305805,73.20213071203924,2.276897860794339,3.925720876476373,9,89.45935730085016,6.803705028090453
2022-12-04,West,24.523750626464572,9.447040967448231,26.546411785338307,8.106058925051647,39.19912591428423,10.71433908818422,1.3159161316710852,6,31.855176985382105,2.0849065797842448
2022-12-05,West,23.481864160900916,9.76746131709384,35.77282167732801,2.37555145375613,39.05390606124589,12.16855415462095,8.207680987930274,10,45.52822781027509,2.831171030492447
2022-12-06,South,22.697994057353647,19.10365350917394,32.84623891631709,8.759790046848053,84.05630704376665,13.398843369614902,4.19466504603369,3,41.21444636629943,8.398094782750157
2022-12-07,South,29.810188927486177,24.775378946146258,19.315426522247904,4.877380129806938,92.58556929921448,13.58714993924912,2.26249807386818,6,14.446467916582561,8.538548399315054
2022-12-08,South,24.422468512235238,26.450805692338303,38.133849718068035,2.728023645492403,90.28726974573158,2.7654311803792595,2.486704188925813,10,9.399947451173386,9.142455738618217
2022-12-09,South,24.05271955226297,19.903716728930565,26.166917775042656,4.799462948463489,85.87073229984101,4.892847189870744,4.5016342165005625,10,45.0176798073262,7.710277168823238
2022-12-10,Central,34.68510367941459,20.962063219184696,20.55928208903535,1.4908197491193609,67.57911083661443,13.01621131472404,7.146674514051691,6,56.69779988503406,2.5018971337088924
2022-12-11,North,25.688800084367635,21.517289080827208,38.47811546265069,0.8790588526428809,33.259450983728016,11.351330975001995,8.17136201347596,0,48.84609544184776,3.62433803188903
2022-12-12,Central,20.171487438822243,14.829002892218885,26.016866345668404,0.6531955135128447,49.64452323628077,4.272305255018068,0.2608565548560562,6,68.03247851559368,5.166308391603572
2022-12-13,Central,39.49137510433642,29.458900318162904,19.34335969044934,9.964631619744365,45.51619411688087,19.45975299994897,11.774496776225632,9,47.60052803360496,3.877532544624855
2022-12-14,North,29.199529592968577,29.467710871662433,35.58308980312312,5.454681905545347,43.298364766924735,3.5291956474215147,0.4889918536326987,1,86.35808193137173,5.80703855744475
2022-12-15,Central,40.63791667171457,21.74587113890561,27.507952478152582,11.003502462849648,96.04709380029774,0.15544210792987845,11.761877807367942,10,60.5159059267806,1.8535566963517143
2022-12-16,South,45.006268466795184,16.333695054991626,19.919706996845736,5.77192428225556,35.91672669504458,18.37825199068356,3.2266085993980047,6,22.629825473469133,9.569043075352644
2022-12-17,East,45.90791476415508,26.69087404955949,32.00774017784859,1.9525398970353056,59.252712856126664,2.48287239519129,10.707237463524038,10,87.61276831292926,9.815003215030293
2022-12-18,West,24.976752817499246,11.85734833455723,39.54965639988783,11.117765343893824,92.61064902936977,1.8136083223390687,10.5618864475108,9,86.06311311227176,1.6599792573788354
2022-12-19,South,38.833500311889935,21.278468920057854,17.107745286879574,3.5472548033894973,29.420327116517957,2.5726033649877653,5.808995896268042,8,37.011928654231866,1.363417950642643
2022-12-20,South,22.099133890281713,25.361584206077822,25.860237888962608,10.942125343440722,79.43088778339525,28.09039217231529,9.013584718364369,3,18.920773405755575,5.384657598868989
2022-12-21,North,32.969653101753465,8.089879323080623,27.82904931198614,0.9518479238288413,69.49246409585936,3.1609793448983323,7.975053395424082,7,77.84320635933705,2.2910606679371712
2022-12-22,East,31.94873594119895,17.498614579879344,31.529672192448587,1.864668781013207,51.295219365150146,25.1710664094367,9.862947722899587,5,5.981359181074231,2.248209856159538
2022-12-23,North,25.68863490230803,13.762817813631688,20.712164361387188,1.8804249174125909,93.48772794603647,23.297672543506923,6.672712470177247,2,42.79356560366714,4.308647905797066
2022-12-24,South,41.70003595884282,25.56195678658876,19.62123554590037,0.022895533194286662,49.466356440905116,25.236190329549764,4.038832456209581,6,45.96608826121658,9.625024052669703
2022-12-25,Central,45.572283425253275,28.319050614709585,33.547703393715125,4.709286725015807,38.773688633776516,18.155814382910204,5.010138134862255,5,62.90942898276729,9.431232751004702
2022-12-26,West,27.22657196440072,11.811436161812555,31.73363157933874,9.130549931229538,77.88880247148757,4.65331668289987,1.6724344273806193,8,27.13999142814262,9.35091659071481
2022-12-27,West,26.980598583535055,11.953510464276764,21.14408433966546,10.008240025315443,49.27400195501285,23.127168629523204,3.443611254441274,2,35.48596195366985,2.5146841253372028
2022-12-28,South,25.478066238458407,29.16146249657238,16.42147857458351,6.378718965382379,45.94107622198964,16.96395349533193,11.608753107571635,1,95.33571169429565,1.7652401189580238
2022-12-29,North,39.23409197865295,19.26338475154629,35.00371680997314,1.1740068788103624,92.9776731819216,17.049696444940203,5.151363316630238,5,87.29450407584021,1.9915183697367933
2022-12-30,East,21.57928697818109,10.151743635949138,32.05481506186241,,47.46547135405352,18.263193125964282,8.562020167286285,8,38.180872259665335,6.310814671065839
2022-12-31,East,21.785670141189698,9.67311552710797,36.994477301303604,1.6079448699924739,66.93640772040091,4.450380143880927,3.7298312511417127,4,96.69143320977396,4.052356160450399
2023-01-01,South,24.87423907971464,29.21474365730257,16.690843232870165,2.386558533816602,72.78392411518067,8.744020250584498,8.634370544749773,5,6.222579254173743,8.877591851145468
2023-01-02,East,35.28148687221121,17.503307572464394,27.18767386025099,2.4343755984692628,60.430209376113694,29.804822522337723,5.721838744166566,1,30.425969353875036,6.929796535241128
2023-01-03,North,27.075170331854757,28.72743326544084,18.990537458118514,8.84780214054327,,26.204234860611848,9.46604879181265,9,71.06723996482869,9.983219432530849
2023-01-04,East,47.6441458478713,20.691274058247252,31.87295108627554,0.44237263560459367,64.59243857958005,10.777074184340274,4.790796182805877,4,60.027643158543206,9.175252729718483
2023-01-05,North,31.065404675548073,23.887953587814028,21.237707664836925,5.6648214269160055,54.176385187928425,29.596096155010404,11.572930923016026,3,52.53439216517678,6.135936233935146
2023-01-06,South,33.16387771160389,14.138897746848748,21.5723570743245,3.4165280060176912,27.59112069723749,2.089359769802972,2.21036707029032,10,77.01680672954517,8.48223914809251
2023-01-07,East,21.830193355065955,9.485534858229524,32.873086413365,,47.55382527699078,10.464909051731553,6.06562484805875,8,97.73683967561921,2.442764790158355
2023-01-08,North,39.754570783549894,25.295628138453687,35.61964767314883,8.956570567094072,67.80563442572762,16.655979878709736,1.9716365134661933,3,69.70775820573436,8.741912203590426
2023-01-09,Central,42.08038898864635,11.701822028215751,37.76335488057913,11.332772324231103,25.926043336905778,18.62916951389255,3.1582687961739735,7,43.27146840412922,7.442830580295322
2023-01-10,East,29.358427457459378,23.75948744063384,16.95200031345894,0.04203242424814766,72.4468935732202,24.15476296849577,6.23129695087162,10,68.30132842414099,4.485450338645764
2023-01-11,West,40.32607059036262,9.662058160983518,35.166993957660836,7.692344813932673,27.264695012983903,22.099892787202503,2.102505853649606,7,52.846576754917365,8.263299246584491
2023-01-12,East,26.37564422130124,20.657061754674537,39.28753539110646,0.8015699275744496,66.0899128423494,20.640773714994097,1.2990650622966404,8,63.26888210008006,6.914395575580409
2023-01-13,East,42.3457102219058,24.569670152571,16.309532622053403,0.6756875194557571,29.452337596110112,29.230725944065373,10.16806819883042,1,67.26176649480185,1.7823052907694525
2023-01-14,Central,35.182444334397466,8.421364206563391,37.801536615507274,9.58002168945321,86.89709257705056,17.950967488181043,4.386423361915591,8,99.35612254943813,9.810356587725098
2023-01-15,East,31.122276611527624,16.544859369798537,38.849789743227674,11.329747372734344,91.4609037642215,0.19671875763282665,8.538054706297181,5,49.6440134738635,3.4405611401464546
2023-01-16,East,40.16605059668388,20.944558032734935,19.807958361387072,2.01592026363325,69.8497355543633,18.502574881715063,5.7541555641975215,6,76.42066811029193,5.925338044398055
2023-01-17,South,37.207078951094005,25.562559020560883,22.71491719060662,0.2525534434441399,34.23409003040213,22.768078952595936,8.953772850529377,3,95.0092041918448,8.823243037627758
2023-01-18,South,34.90721652048443,13.676736832911033,22.475576209965705,6.72645453097127,90.96070504095329,27.542921188018376,3.141934143535424,2,22.006765101566117,3.598312810059096
2023-01-19,North,25.908520641660395,25.957026400484274,38.73880321564188,7.488594947960531,,11.770144838165027,1.187770788870691,5,38.315863152482386,3.078126551205381
2023-01-20,West,43.78467187149977,22.254036478930537,15.4162251224753,0.9409463104923649,89.17200987907198,1.5487461678984682,6.269344024030693,0,55.61692744473349,5.998014304740351
2023-01-21,East,32.09193390867139,15.628716910054663,28.91538539576148,16.23440826923508,58.862960379292346,3.8039746063233757,7.617615249905887,7,39.46257655853663,4.1665811002740085
2023-01-22,South,32.47463478679734,14.590240548775556,29.488900205544983,6.1544139987011395,55.783420410319174,27.238157261445746,11.387256028058916,8,73.03325483279608,7.22689868907781
2023-01-23,North,25.634273328208387,23.444378973681317,31.297916033429573,2.3691539596640707,68.2767618383021,28.516963334993513,9.278451533999316,2,16.592964698294953,3.896193873398051
2023-01-24,Central,46.078456525470834,23.92966673546553,20.60452074765977,2.414482317252094,58.256189402448456,6.978076348955765,10.494021330462843,1,94.64821709050048,9.903373745974978
2023-01-25,West,35.5283472256287,22.01517802086331,26.852342465649265,1.659443882257985,37.45881536397965,20.2681519974961,8.75901225337027,3,37.68816098251789,3.54521375776711
2023-01-26,Central,32.958770378807486,17.770777441391417,25.312558046360895,5.4351748164989875,85.24797528252745,14.199841049302407,11.9376111819631,6,91.48342645246584,6.73663870071689
2023-01-27,North,47.36699651117401,8.48499979214452,25.208668307522792,3.8590106621453852,38.90324079985687,18.131085159216344,8.888220065470755,2,95.77527843819443,3.443131554303955
2023-01-28,Central,30.24762728880116,20.62815363716899,23.350728878989926,6.062961106289081,79.48891661470711,1.5103200158517949,7.8394870032717385,3,19.6495669204655,5.152889680348542
2023-01-29,East,20.887582818734668,21.468144756212197,38.583118677702316,3.078705936018243,90.03068272076978,28.920368105242652,3.801015228653727,7,56.42563190625245,3.6216546923734088
2023-01-30,Central,26.422267424038964,13.285079025080837,31.283294748565673,0.21463424936306888,63.63151454409384,14.148499763951067,2.963203300351912,0,76.17067362183958,4.742936190393312
2023-01-31,South,40.90182874086997,12.470664644322268,34.00180816402493,8.343406524312998,43.47105868695003,23.178711709275543,3.348876422231554,1,3.416835603169932,6.687464764761811
2023-02-01,South,24.37228284634174,27.01426205718653,23.0436573336983,2.409521123015549,26.567869333822635,15.497054860733268,0.3247812203498026,9,40.21927466682528,7.352084183118716
2023-02-02,Central,24.363811671002765,11.95677402014365,15.019547374278828,5.207680459226438,72.78292806321542,25.70312305091071,2.811419630399476,4,41.44556491914937,3.121103198864413
2023-02-03,West,32.76098218886927,12.615286962859447,38.80595349339736,1.1584515722618343,65.39101075691738,18.985782117684025,3.4250450947069324,6,66.54667126710963,9.092250000670072
2023-02-04,South,32.67845435888525,21.70250154488341,36.9085354580464,1.1895993775231266,75.45480721153126,9.619588510221263,1.02712468494029,6,52.16377025050911,3.9001552706615676
2023-02-05,Central,32.87670603093214,15.020666396531837,26.44670796859227,1.8195265710253807,94.44843113064913,14.95788208672612,0.13914557125183347,4,73.16708131597622,1.556604901832715
2023-02-06,East,26.142053241450675,17.705157251266392,24.64059832221023,1.6852675412318787,57.956777097754355,23.717288486856518,6.033134816786205,0,36.03746212397931,9.521889703775695
2023-02-07,South,24.717769087726005,19.662126790914492,26.117061539856593,1.3101782835807558,74.10104153701197,8.04625982432144,2.173160041291802,0,40.739619969103956,3.4509768824122937
2023-02-08,South,41.53327035653946,28.48237946838249,21.726935913624867,1.5469311681033016,35.39840479858175,23.609709362602757,2.790790516405532,5,40.70498787663948,9.97080341936003
2023-02-09,Central,36.90922668896053,13.732095464998288,30.372650875489224,0.6017856403179374,35.18830788531855,21.261690507091192,11.770798828516847,7,32.79779704097277,5.925343496545809
2023-02-10,Central,28.992386783310447,8.979407014067386,39.34172268987386,0.052021006357095605,61.01394402660365,0.24922277943136506,1.7808814294267092,7,7.825260156876457,8.639228266074102
2023-02-11,Central,25.518470600470017,10.548674329521894,16.663162004603354,14.974770303047972,67.83380207440263,26.001982856439504,0.5988353022775925,0,45.77396206927161,1.9753690332992986
2023-02-12,West,44.57370776965307,9.135541311007529,34.7401809356729,0.309684516126416,96.87345759856942,15.625342230792107,9.901630049880618,4,86.38366290668687,5.96424455709071
2023-02-13,South,23.823324846866058,24.59105449974633,16.47640391447786,1.7479834975004003,66.52064732428337,27.825342301514315,3.2478820360835057,3,42.542225912638465,1.1685031859126904
2023-02-14,East,36.34827444275688,29.580395972306757,36.476077773646324,7.2157247981074555,91.96353635778385,0.3257023708668816,6.055854506658355,1,14.344038438012296,4.417942932623432
2023-02-15,East,37.08635770562427,9.764791081039876,18.642292649521835,0.01631359667967487,82.48915880870877,25.853115772396173,10.00237652107935,8,30.71534345108692,1.370192980922433
2023-02-16,North,43.99196322908013,14.259818546389699,27.366924492353654,6.054024241657233,90.64281620987173,23.10378472023112,6.0810575185070395,8,75.82440014319815,5.1602183878041314
2023-02-17,Central,21.590722610492485,26.783199742452712,27.715549147790032,2.1777613307502093,,19.832191993387816,10.715294662958334,2,25.448311450939233,7.417764435661088
2023-02-18,North,28.616640019993064,27.744655888829477,30.764578407861435,0.9614486013179068,64.56119527069923,17.94101428592279,7.965176803576803,2,5.906373914548102,8.89810917806658
2023-02-19,North,47.04985590334965,12.758260032258084,30.13033712381519,0.6534995848104804,25.002009683502642,17.980501279313806,7.396731596020696,9,5.441900614090411,6.98583088239144
2023-02-20,West,35.92857650771719,28.21656704028875,32.560531966928664,7.205306872964165,58.2264044424445,25.167156477212725,9.079031563458718,6,60.692428562508695,7.52656092193564
2023-02-21,West,31.69688735263966,20.71372831848968,36.21517310944631,1.3548743175688973,41.01903871010943,29.818067332740632,2.6264243864803456,9,89.7848615253553,2.9601923658764964
2023-02-22,Central,28.87117845221988,29.890822997908135,15.901869549044394,2.575508616132132,77.13709057607612,13.864525579152222,2.0620812311891665,1,26.008952709489375,3.6360177987173685
2023-02-23,Central,24.1781476964362,8.494561029482751,33.45228310126494,1.7723628625935557,39.442981570893025,16.99334312018721,10.084215118480316,0,98.79420706289515,9.440034752474824
2023-02-24,Central,25.239755472556933,25.290891194030937,16.285698975644635,8.088527176612182,59.5328558565402,5.448762838673772,10.801477602150774,2,22.023549031247846,2.4678369311336708
2023-02-25,East,41.8203775604391,9.216291185250212,34.84455858243887,0.6195916908437816,26.789098549528678,11.75839489614658,1.926482661729613,5,34.608595559990086,9.916321281638771
2023-02-26,Central,26.839305172386013,24.157442762187287,34.831621271189874,,31.595060962238463,5.078725404503582,6.373724066748489,1,46.75879777350143,8.564741244616403
2023-02-27,East,26.156028598105486,28.76747255133964,19.773638777342654,0.07708431888189532,53.65166074769647,0.31305093243190085,2.033428756650366,0,10.753488327383288,8.221352416809845
2023-02-28,North,28.935732927336296,15.188761511167346,20.23122496885173,0.8886234644323788,78.29996106388153,21.70647863276012,0.36441393288214385,1,29.316817867944135,8.275363618037419
2023-03-01,Central,41.17710753941362,15.455405766779789,16.95224282357193,2.564180136438054,74.17415788308247,9.176355839331386,6.002540096571364,2,60.14481727325687,4.353814649070458
2023-03-02,South,31.769436214684657,13.264688862729916,21.006397752588015,0.7669287251675938,56.21910325789692,26.1014320874061,7.216621022538964,8,1.2114456847059252,8.13424131955955
2023-03-03,East,20.79623551621762,17.48849464279819,27.48221039376762,1.1436733294443322,38.923753303047306,14.738642827600978,5.6292537999053565,3,48.3458815011234,4.189129397296494
2023-03-04,Central,34.36523817609579,18.40177802814801,24.720227117031214,17.448251364319205,47.332896870544914,24.124302308958406,9.378168885172759,10,65.94173299051212,4.297083365714856
2023-03-05,East,27.78665214194745,20.581039544497663,20.59512890693426,3.7898792818278184,61.058937102581545,12.7098213714247,2.77176393575915,10,29.82917039610643,8.145249714137563
2023-03-06,East,32.82875702154742,23.1452060143922,30.526883055637967,0.18520840771705394,94.24586262198794,24.98245002502128,11.045078647802413,4,87.1118113409782,4.513202660854485
2023-03-07,Central,44.7330533037793,21.591720585733135,28.06962620178001,2.58614975991014,71.73790455644337,25.679135521317956,6.75799616689519,8,27.725613622727085,8.271633908311294
2023-03-08,North,25.511518656575934,10.176430469256749,18.135987911226966,3.4844991877470104,34.311436797587135,14.005108752450605,6.389099647054495,7,91.20267737611137,1.102071172702809
2023-03-09,Central,29.479608252866786,21.907171378381648,23.01868544338702,1.5982253047145938,83.71446676146013,27.99080211770946,5.4304915560087075,9,83.32410081361262,2.5444470719589676
2023-03-10,North,46.466607064047764,12.239568814630807,38.52336712255469,8.746736006647632,77.64145625494058,8.857808849466927,2.581154889657546,8,23.34723217811724,9.400520090547502
2023-03-11,North,41.65213932967768,19.76439999890968,31.838175622305144,6.64209971604262,89.86026304377987,11.217003057606924,3.3983267527085466,5,6.297902467708594,6.665078781516766
2023-03-12,Central,27.680000468065476,20.925983758625748,38.772936220209374,2.0689400114214385,69.61922707901545,14.299183755714752,6.632456310381363,2,3.160879760664992,5.212525521984618
2023-03-13,South,22.97759026265163,17.597865526108784,26.394512838701644,5.66310842543298,47.62550542884607,22.443873010641376,8.902836083182951,1,77.59601195753606,6.220672543009825
2023-03-14,South,46.150063833359965,17.190274588295452,15.508537972201928,3.01161784980836,86.87304019880199,11.960728952691387,1.6894737990338338,5,56.19680491897729,4.618661548948667
2023-03-15,North,24.071126935048763,17.35671059987174,34.80579978917331,6.712042969520485,67.1423048796803,2.51439240144145,6.27138976251505,2,17.759820115145985,2.1947677228154214
2023-03-16,East,30.21187184615221,13.168243280935313,17.362959083437076,2.679222982905384,76.29836374137406,0.06998636319347162,0.36208650106850016,3,16.408846893691397,9.02057338727208
2023-03-17,South,29.290747535799404,25.669902267013747,38.56322904050023,0.47293034490913055,59.2925246888915,26.182201569442626,2.1995343676745844,7,37.78190659704759,7.786926108980899
2023-03-18,Central,23.24838052447304,18.685826724382316,22.662189807761006,1.4857432379889637,83.72695031556974,19.197947137336172,9.643850949013487,0,8.663269286462704,7.281165230785394
2023-03-19,South,22.822779743724013,19.113705920850126,31.47096075033217,3.9112611395988703,70.66957277042073,5.100787889401066,3.3155670194488884,9,69.12522574847483,8.594391241462079
2023-03-20,East,27.906761774370672,12.061682410402275,36.15712026993283,12.730371921975301,90.01037472114926,27.063774436727172,3.394695273877457,2,94.91239969178937,7.710950268678636
2023-03-21,South,30.310189739957664,18.461405443037677,26.450226624488675,8.542422324068152,50.55278556669292,21.669038195087676,6.3721478152283275,4,41.40527120330616,5.642392492473189
2023-03-22,Central,47.12960270332459,17.619445759779136,25.752147530398428,7.316258152862423,86.8475723712829,22.958113668050288,4.454707456045588,10,86.94662571568928,2.2341432148739164
2023-03-23,Central,35.018186210965084,17.10854305850156,19.653137113474664,3.1638218387667907,82.5659512232371,13.484534893468942,10.09526452234466,8,32.71093046443504,1.9663872154361905
2023-03-24,North,45.45460863221955,17.81498044070464,33.20259512197042,0.82782435393483,51.99979850704264,22.591111257442915,5.447698808355868,6,24.6869967040381,1.2829949881048757
2023-03-25,West,23.597526697040287,13.41338250042981,23.483430398711377,0.0727367622862166,88.92656823162791,18.178585390329236,10.271710561253098,2,33.43406554681011,5.42559879452031
2023-03-26,East,26.677912788003958,25.487997106848166,30.690363907352626,1.7342796776469183,68.28158324322612,22.037670432302622,0.10718939089828172,7,20.883543757410006,2.4358315713217347
2023-03-27,South,24.55894879877472,12.29532248625605,21.165644627274272,5.839516288509977,52.149935942397946,10.151113117326418,9.701757719353388,8,23.66065683913934,3.456647842334778
2023-03-28,North,30.50214525219551,19.86470003166783,33.47647433548721,1.1527758573038194,45.12153389068553,16.050614761949753,0.3484021809606004,1,68.94893952354815,8.900741256011955
2023-03-29,West,45.69008413969492,15.093819223804365,32.4116926296969,1.3797397819468198,31.400352143253436,1.066798770816083,10.434365559328414,6,86.47554651840477,6.468582308736252
2023-03-30,West,28.23248190196737,23.817813381929934,15.216757793760522,0.511704229977584,31.751369892043364,4.869089277291726,11.419567221818047,4,38.1046435303805,9.868890883682415
2023-03-31,North,36.67610026935182,23.20619548246249,17.546340742563352,4.939462119344338,82.2506405892671,25.69201027303385,10.635490672119651,5,59.12881564665303,9.549721484116127
2023-04-01,Central,45.63540714512413,23.36296229482354,17.049415626363064,1.350830258934502,53.1408144648952,19.681537027550466,10.69064009632794,4,15.972407062386795,4.979258231328451
2023-04-02,Central,34.07420384745714,27.477349229895843,15.870434131663107,3.9610752298585354,63.19909434617194,24.8405550206671,6.641616755824404,9,75.65269709857677,6.917125158747805
2023-04-03,East,34.77559963370394,25.176917223975675,16.491690761536756,2.9705320953832315,85.9403357326419,16.83243386959129,11.36121188180388,1,8.87909209768254,9.533718808916717
2023-04-04,East,35.47029395290179,15.252041493015213,23.12567723350904,19.655102039862356,72.79508303743941,12.966315742502655,1.446070004244162,6,17.85188779078076,8.060207970088882
2023-04-05,Central,27.848403887505974,16.659405626917696,34.1482788455031,11.698041595110212,93.7871627959004,24.453908536648694,1.3441212727026173,4,41.75645099903984,6.902753516738518
2023-04-06,East,31.714778064583435,27.082523236001688,28.320364135094167,2.0047163814046907,63.19755556463162,1.4147382234017791,3.309973348702397,0,11.773538233479751,6.332440922127473
2023-04-07,East,43.728490773138546,26.121957097524593,17.655875638354363,6.48168341756673,33.112644993425434,20.599660051316988,6.5557311412573895,3,89.61527382122252,5.881980798217178
2023-04-08,South,31.192720054036133,28.26745347144569,16.30016882315398,2.0890935494475196,50.3449436860962,18.283272513968864,2.0169729268753116,5,49.24478419185494,2.248373198752028
2023-04-09,East,31.728791525735012,26.449956899043922,17.601391497102878,1.2575676927278796,35.05268621980674,1.069412729198157,10.541120703640937,7,28.533047455797124,1.9553789648786373
2023-04-10,Central,23.248181785511584,10.845360111391086,24.336940079876655,0.05877412074904958,79.57066978480219,10.068798202957097,3.126326281455231,4,13.882598069506924,3.165535924907224
2023-04-11,North,32.97908082170399,15.265480241932508,22.604228076995195,5.07447985570214,59.04227087269178,15.553154543089395,10.976555491707456,2,16.957739865224585,6.161822070982415
2023-04-12,West,22.328880535416094,14.436072039885158,32.74572306140796,1.315261795771816,29.18810455222537,0.974487612494771,3.4335244076454723,1,73.01892722920147,9.374527675474887
2023-04-13,Central,27.48268090849558,16.337632479739604,30.637284795755107,2.621922252570306,26.207864968559267,9.240923957043936,1.662381316543018,10,88.14703993577086,4.545416499058429
2023-04-14,East,47.42506719035636,14.43145887609435,36.917935020296866,0.7230960419314858,29.050404951066987,0.44561592611629064,8.915320627418525,1,64.44519645692365,8.727095591983847
2023-04-15,Central,45.33831528576093,25.266679428977458,38.70816981824957,0.2694774363632739,74.07130309330621,8.154990410975303,0.6127961852324213,2,35.694242648233065,1.1970825165255161
2023-04-16,Central,37.3967368210552,23.417706824478024,15.036080927909365,5.504533572177957,39.67674688223055,29.324447421891126,9.343639830767279,9,26.095474255881047,7.662401085689622
2023-04-17,West,39.95888938585887,12.374225793970043,20.70351099599367,1.3875754337444286,81.77082773637386,13.608876573565427,11.214282709938802,2,48.715255458414674,1.805517279410179
2023-04-18,East,26.6528565072595,11.956219253207584,16.949645645120544,1.1774699792104744,62.45270605802153,28.485712980226154,2.77360647750832,2,30.12991423796135,9.105020106545155
2023-04-19,North,24.032543340486548,12.795799739783934,22.66511243690493,1.200180868716799,67.38620034091278,24.12508707685288,9.762468094147962,2,49.55553505164488,5.35423310415049
2023-04-20,North,35.427456538100486,14.909428124538397,29.932673408683655,,37.38333262748734,7.86613409474668,11.01879515417268,7,1.121809633789972,5.567958286554519
2023-04-21,South,45.144707050044815,23.01876928714269,21.659157322612664,0.12921107693966427,89.07084048066989,28.102157410183015,3.8803298405860485,8,88.24494593526289,9.268938612414066
2023-04-22,West,43.30558194683266,16.115808925572843,19.747253267723238,0.8237817431032016,59.416701126095745,9.0027207788459,9.348721097021793,5,58.83819673167009,4.950424044697437
2023-04-23,Central,36.4963537629365,17.332701536808592,24.669304323473163,6.445023481763056,55.09489973004608,10.358818620844916,1.1953709891980089,3,48.988076195380316,9.12330346426483
2023-04-24,West,47.57154395544327,8.925232186539269,15.44026205765445,15.82823695566089,83.06112069374805,9.100815103439928,10.389305429854236,10,48.00950850163173,7.130337258307494
2023-04-25,West,26.944325592059172,18.56265564419259,39.33129184720063,,27.373644833460897,13.26808090931009,5.581758188025814,2,76.49949996617151,3.5448462729076025
2023-04-26,North,41.47141156778551,17.71490180914632,39.17654885413739,6.549762414354317,62.82196749181924,2.2093933089853204,2.9736112014858964,10,54.66680929349813,1.5466103861065257
2023-04-27,West,27.942651936814762,23.039192146499204,18.357943304185124,,77.5758901304713,24.489916413690104,6.316189272973438,0,64.10727425512303,9.142616276711408
2023-04-28,West,47.28452547619494,12.436068436244177,19.73331083427409,4.6084612253850485,83.06283099353811,2.4577251846253256,3.0888876044534936,2,79.7105588959169,3.9226745613442877
2023-04-29,Central,27.408514162316894,23.897629748118923,29.135649005257292,8.867086480854324,36.35555724380177,14.357393363524992,9.57238046535438,4,85.54470326236114,1.2208293377601858
2023-04-30,South,30.2356718420884,23.79140733687391,22.71935393371335,3.8397867131979715,53.50491576355448,2.0843720095930705,3.8614837674340157,10,55.219590137327344,9.16057647795303
2023-05-01,Central,33.33920080222687,21.692886174326546,15.30449924456581,4.832669277724459,48.42241051281291,19.643421574882588,0.8773152669516016,0,58.42288218747389,5.793546471310493
2023-05-02,West,29.007276240037754,15.877552433804755,16.35231223548934,0.422573781259303,97.42401910301238,13.506243494629901,0.42065432691944604,0,68.46520677620732,7.276361541136399
2023-05-03,South,27.715272153251917,9.291141778083393,31.83059351176622,1.7681255977465073,78.66438925401937,0.03399042744912095,3.1208002023126067,5,47.228003536767375,9.578204949029239
2023-05-04,West,33.17292745865862,13.20768409128058,20.25623685033522,0.12581526584674754,56.06204225133377,12.936741170041584,6.385334276690157,1,90.31834084266997,2.776048217787473
2023-05-05,East,42.86038737078388,28.463366691915493,28.45705089075205,0.7272798474636497,40.69325906337204,10.910913753948494,7.620216207640591,10,54.364602701652075,6.682412697214659
2023-05-06,East,41.66397318616271,27.34320453364467,21.913356607294027,1.4130315672397586,37.69522292548806,27.42396814055076,6.073883951629958,1,92.42443132055091,2.5599550396731114
2023-05-07,East,32.441175628928306,12.338135339402415,28.12321345303735,12.254209106576722,97.62325338513625,17.96938581696529,8.38317272448007,5,80.35434498061575,3.3318552048943193
2023-05-08,South,28.762890221503106,15.068459592166516,39.97322272835693,0.16557229049501837,67.58162828141624,24.815557115914146,8.173407679858347,8,36.33211746880818,5.868725677654985
2023-05-09,Central,23.67971138263504,8.217481522272982,32.26715890145833,2.4039908161428687,77.88008686468018,4.339481986853087,6.889569172448962,8,66.39050412313048,3.005918568994003
2023-05-10,South,44.35134322302484,14.830963687138198,23.66614299428648,5.903726673349546,36.480229061886384,3.7908872647450043,8.18262940020964,9,71.69163862584334,5.237486790939547
2023-05-11,West,44.804903405553574,25.613025237867358,39.13219550819603,2.8300425683668546,79.6525600836016,5.486994352537228,10.34179652984129,5,46.77022064815329,1.1440850225813963
2023-05-12,Central,21.868705502510913,20.565892262218682,15.864779588533446,3.5300584360590874,42.473310228081885,28.30971408747938,0.48356209443952425,9,70.64668391013552,6.84993721024653
2023-05-13,North,40.96223657527585,27.11562169948599,19.270998885003543,10.841996373342758,80.61447892718222,2.9825908767120435,9.994170298149111,3,24.087087757812597,7.892375414506175
2023-05-14,Central,44.748904785476256,29.15277394485078,27.46282675743066,4.213549756129849,91.73768540271648,14.503780006006346,4.27201397720699,8,28.906461728859778,3.0970074394119833
2023-05-15,Central,40.61901037092731,12.866583704503068,22.30297040974812,5.667422977509894,53.30790190374752,2.2883888209545544,3.6666287887971647,10,64.37463877801282,1.2538919358553735
2023-05-16,South,29.50959175939367,20.203842452721798,32.998301544886345,0.16117752006792532,90.94708524738273,22.762904141902624,10.357552693750065,1,48.28209687628278,1.606967697035969
2023-05-17,East,32.01056576546395,24.61334802838779,15.85687042914088,6.351684212503403,58.889006301909404,11.545183600062208,7.2825896739934395,8,38.33633497675556,6.6847228523675035
2023-05-18,South,28.416424765135623,21.676330366781116,21.849729806068588,,84.0445107768641,18.352900060478447,0.7028988931171898,3,6.664572191820617,9.997858778881518
2023-05-19,North,35.19606549567159,13.725738715246628,36.389457788155646,0.08009562706794571,58.17102300038263,2.149417688817633,2.287478180451194,10,98.39573333380925,7.172843051634414
2023-05-20,East,44.91704819683244,29.497533405578483,25.050708325474414,7.5771156538842295,35.49672283944052,12.944909648110267,11.225933554964463,6,22.790451924744293,1.083582658666188
2023-05-21,Central,38.798689205405736,22.83612032830782,20.07505864451775,12.55315130881416,73.81111737887437,4.01355231404994,4.949962755067682,5,62.24574533490805,9.44018990477369
2023-05-22,South,32.83287612027945,8.223431788512759,27.96607267714539,3.698661596203533,48.7817397299821,9.734910504707694,3.273763367023736,9,79.2130072958362,8.720128509393565
2023-05-23,North,44.08932540327994,19.357174983866177,24.15846479090046,8.789115163351482,30.52622793673922,5.665925672650833,2.3746942151529002,0,50.80080288405197,5.704451196482306
2023-05-24,South,20.025148442979088,11.65047774338652,22.062101425696756,0.8655738462780191,72.56966320845936,14.451868741133314,6.679879256091521,0,57.91254934296002,8.293782109928562
2023-05-25,Central,27.686091276392354,23.908717767807257,36.21332665926559,3.7038857515187686,67.26689359214325,26.806982852596363,11.61773379156779,4,53.13804670274834,3.647229748999752
2023-05-26,West,32.20571968664022,9.431627588617294,36.28620929521951,2.3872253674845285,92.89812493147181,11.919192619966427,1.6108070553293632,4,63.6534688625631,2.0988924317300564
2023-05-27,South,36.59007934602872,15.494549980182542,25.46117364243707,0.14913622807256616,31.383265098837164,27.108909026965325,2.8711667073479537,3,41.63484838883497,2.410717095161414
2023-05-28,South,47.87670059371247,14.897023102371682,30.09786873706974,3.949218522304062,56.41335227227306,23.248352809530886,5.946577418338924,8,35.61213561711358,3.1249890894702066
2023-05-29,West,37.90695639111509,27.612502411860305,32.96852826676455,3.4345523498397297,41.91742265066581,22.4075107797649,2.583340484716779,8,98.51744269031978,3.445801803264862
2023-05-30,South,30.683147798232195,27.219364003767513,32.59870770775716,0.18354956847939874,60.36294293077234,23.432670618577532,11.993500429163335,6,37.34863883194745,4.794475580915083
2023-05-31,North,40.296467410509216,26.11347103429329,23.318235095817233,0.9319953694849151,86.51715710197284,21.320327160464092,4.912159687648341,9,44.633579652985375,7.2085022455378
2023-06-01,East,47.55625513378125,24.41787706844452,31.52951003284115,1.3672893440641298,93.74520310620086,6.098277401928502,5.286641815179812,5,16.206153143529434,2.1863754314769954
2023-06-02,North,37.115203194957374,28.9987334456744,37.95653118539298,0.8667218917118296,52.76852282832931,25.150594418378766,2.630384471556102,10,82.72050008815874,2.790818328282282
2023-06-03,West,29.847074593409538,12.205860609613033,16.385390957904352,4.201806986800333,70.19121786558833,11.278113042817633,9.549853524566728,2,77.36538413400508,2.0250511939988174
2023-06-04,North,39.10047290406212,26.038845444501817,16.82559053804959,3.033570168861088,42.21124240765013,8.076630374404859,5.582068633725742,3,73.19224801187396,5.35351841037923
2023-06-05,North,32.99498449264379,22.815879269777987,36.31286603191708,1.830471922014824,80.62477199195824,24.992431187800378,7.781070420218903,4,86.87366583299946,7.423092217949712
2023-06-06,Central,35.001430136229104,23.431285516738118,30.06087969456503,2.266774285168002,91.18019099842836,18.51724780851046,2.0903470509808018,9,1.8565191011087112,4.984202280058154
2023-06-07,West,46.750102313393924,17.39102046465244,15.68032291408387,13.549542073793164,59.76668238985512,7.591501636989351,1.5518570070137052,1,1.796389275680943,7.697336492507678
2023-06-08,East,32.22475856318437,22.348943384368603,34.15018755605293,0.4747356932639442,88.67232850004368,26.630838875352108,6.729715832201066,2,97.70830582827087,6.110789010845553
2023-06-09,East,28.78439465711883,13.223052384095519,17.658606797140063,0.8290776694032949,96.81831813482341,16.165212411801907,2.135796431119179,3,19.205080529300567,3.847216019555011
2023-06-10,South,37.77268177731338,19.664814802145408,35.98954620882887,3.0892149721494153,69.39032710440834,0.7176094207092143,6.1829099955844935,2,88.72910731976734,5.904529464951222
2023-06-11,West,35.91367051370869,29.355272586070548,27.074620173274432,15.20817972833225,65.92868017195826,15.804251889716912,11.99047556907547,6,79.45644948700064,8.481618872818967
2023-06-12,West,31.12537687139882,23.064449302308926,22.28513273507064,5.373859937748526,52.845058671128456,28.65217950297703,5.301118377215903,6,51.98525375791767,2.556582403281151
2023-06-13,East,28.476936489715346,22.85991710290893,30.43992933593846,6.868188604252358,82.40911597293183,4.860126365122404,0.2995513849472222,6,4.299743475727191,6.069938838907347
2023-06-14,South,34.70535838100795,13.177125020197394,19.34711548199224,5.278712986597848,84.48286205401044,9.029408845455013,7.611618108901299,8,20.555883513703876,7.071437250752926
2023-06-15,North,24.576854218707954,26.497918695371947,28.44540212580559,0.3257735163298134,25.737075636796053,6.854646192492673,3.106757567698397,4,6.648391367958551,9.136089004023688
2023-06-16,East,27.500051290700167,28.314250019029508,27.249825186941962,1.389562850563675,43.42090755585048,6.609381840764495,11.288323997993638,10,77.84301259654015,6.4347876522678815
2023-06-17,West,43.818297623051535,10.38367568585467,21.00588325724904,3.1057722119493247,27.339156811153313,2.317771131775622,2.8051980425085126,3,50.34237856436968,1.3831879786904406
2023-06-18,East,45.45554293619895,17.953650462914,31.69390581140814,0.25542925943951744,81.6835527722053,13.993174208393429,11.191870570841314,5,98.64554281454768,6.1184715557306175
2023-06-19,Central,31.01245831843221,22.64868085589427,23.758874971560548,2.0347028480384832,37.944937179506795,24.553179630449947,0.21930437923200818,8,53.66890592937952,2.829192319441354
2023-06-20,Central,43.35638378022085,27.437266409524554,36.26253946520406,0.9434351648741085,32.908884114341674,7.201790558049167,11.740596123618463,5,11.291887863015514,5.177785727150279
2023-06-21,East,22.889401585495555,19.81183367103395,17.087581205434606,4.221149096630613,83.18191476625572,21.33430901236435,3.281320660848379,5,10.047994723560317,6.101517523814782
2023-06-22,Central,26.05566447773231,17.24170092749206,34.253708183148206,0.41460259532436644,66.93347952769808,17.191592788085902,9.379589565366693,4,52.39443787060897,6.927859797281553
2023-06-23,Central,36.70492255602869,8.86345974181465,25.94444062911248,,36.2021118382942,6.368033762365525,5.595834788116359,6,58.399137456721064,1.6590473036991313
2023-06-24,East,38.98135447967462,20.131089214827128,22.797060004922173,3.3834332702794083,86.65563983292056,17.089225004488533,4.445693827966588,2,15.504222515448962,8.623199068944803
2023-06-25,North,27.049413766512195,15.244814483324419,38.47200369423379,1.8672364728053485,54.70641890822358,15.677088618434347,11.49597821356867,5,15.329153139220686,9.49443960448152
2023-06-26,Central,46.31254950231431,29.848892721008767,20.000071840877563,0.6032916771485093,52.22336292373686,6.774727788029166,11.301973936658227,5,91.51504304717987,7.286725603843011
2023-06-27,West,37.45682986631297,21.15827545250233,25.57848640183658,4.454080587082983,72.58147244802967,0.5080108245989912,7.24809096268814,5,84.45403841838271,6.430514470964864
2023-06-28,West,45.80101789553029,12.721057991528184,26.602434462741797,7.301273200366541,27.6963975170502,12.206732818664179,11.2713207770139,4,1.0089162796476092,6.5689001630667425
2023-06-29,West,22.96407252856357,29.837455985270434,22.439123201917255,7.5372791594583095,49.52611958512577,9.694987045534852,9.463709527305713,5,74.65126974564558,7.281992270715176
2023-06-30,East,36.3343007284934,21.002729306877654,17.225070165938817,,30.732181458790684,8.484789700451936,4.360054508623088,0,52.70657421500219,8.925054760549742
2023-07-01,North,29.5702962494794,24.92417287105608,37.62907325262043,15.70078262215669,78.69091570459643,20.959378463167987,10.752001602542293,0,64.52364154377253,2.3543888418583405
2023-07-02,West,44.26467773930965,29.31816024860298,37.34919258062869,1.5473787140045276,45.03268221917859,21.283665557607332,4.304747078457527,6,3.966082424127493,1.3090921145298078
2023-07-03,South,20.374514462062425,24.51100883311856,30.722251572461545,1.10305287249821,86.06279527966342,27.80089353964333,11.354138261297994,2,43.74456450443424,1.6407947468369348
2023-07-04,Central,41.479423970103326,28.754245310272754,23.109395706071894,1.8524831665276102,55.56404840520702,0.8233181365160702,6.191115980020927,7,47.32836994003583,3.5032696530142693
2023-07-05,East,24.593880816970103,15.964737881825354,30.69956956811611,,89.62327029808556,27.310579059526077,8.86494934932571,2,12.812562746745238,4.62511874308033
2023-07-06,Central,44.92094799142442,9.134029568154919,39.11036854152267,3.5217745310309607,41.13762044269828,20.22784683417216,7.644196808481368,2,92.94718284841198,5.190601226650583
2023-07-07,North,32.94570238721302,29.207036152564083,37.084969474018976,3.192098012496966,72.63556838782313,19.784814563056024,8.802713334984126,8,1.1819956972524692,3.0232571595305737
2023-07-08,North,24.820825530672828,20.050141489594736,19.139333069927204,0.7353100052938506,93.97528069611754,29.76168088000524,2.16657334685041,9,9.371178139286618,1.6778548347312348
2023-07-09,West,42.900371564032795,24.96888489430386,35.404926330142885,1.3096934442806367,53.77090403288325,2.3330242363950706,10.670778706255264,4,56.883263007397986,3.238881143887542
2023-07-10,South,34.08832771551815,20.130966720528335,34.94405742187577,5.417651424773376,36.53283093806502,24.096410387574036,9.868312210349957,2,0.4327588043317232,7.951242885887456
2023-07-11,South,21.722877160607904,24.74300207458685,37.93136208213454,0.9640619567949061,65.423604992876,17.8004970243575,7.571451923110455,4,99.36671802701233,6.483917990595001
2023-07-12,West,20.916333966515985,9.312061766638285,16.18802090237809,4.726196513495734,56.53924574201772,4.851445424546722,2.542215471219737,6,2.9802140677936295,7.664192610189283
2023-07-13,East,27.100980893984246,9.470116526939751,34.162305258608754,5.66136165369767,61.94149863346665,23.12396570893597,6.876179454764902,7,63.07532925387377,5.741258747293577
2023-07-14,Central,39.98166795551909,28.235665695539424,28.65271591888765,5.5989457648435526,59.737951503669755,10.759418180863781,5.23295755658401,9,36.15312972130293,3.2936816030459646
2023-07-15,West,32.159205377714414,17.586843296400726,28.456970771416785,5.3963761786305255,,7.580438590838056,0.21589850149794243,2,11.253800621247233,9.687861835145448
2023-07-16,East,34.73636080973015,14.619297108241742,23.732977436535414,1.201816872751005,62.567812503640845,17.318798067474194,11.078063702408212,0,86.31783586498146,8.63304312820775
2023-07-17,North,23.811896469810577,28.12640516934535,34.64384401485546,2.1893262652304557,35.781347681118305,14.309717108014938,9.229999946526622,4,54.59541786508579,9.196793254344447
2023-07-18,North,40.16732723479676,29.974394492157085,25.591791724663814,2.5316895504841463,67.55531914402388,4.712741409152149,10.771452992991302,9,67.12011120019652,2.9335651879168303
2023-07-19,North,30.115245579162504,21.512750098202666,23.947869825216895,11.79765532859167,56.91157308039354,21.931749987428237,7.237532369402295,7,78.63078202748731,7.277540450576748
2023-07-20,East,29.37572378701706,20.318910356382034,39.008506692740305,1.5965938768093708,96.00032255592828,9.357360840142581,3.9884057207831742,1,55.210154868768235,5.931671736935832
2023-07-21,East,36.29211009154294,28.185304354889446,26.572061365149555,,31.933030044077334,14.760303006587485,5.2751275326312195,5,25.2245321506812,2.932341826325501
2023-07-22,Central,41.43359406332385,11.923851845016442,34.81311898317631,8.26948493533281,79.88480358460133,8.662855565806547,9.95129203462536,8,31.216069766103026,8.35726994545151
2023-07-23,North,20.67623884976129,21.92481228645849,18.479294575720772,5.79329956227813,50.498500066560304,13.20831816477295,2.392541947679363,8,82.55917408906673,1.0284284913664223
2023-07-24,West,21.371631358978536,25.738359445500457,33.50132987099036,4.650962876178517,75.90248646844418,7.489131448820526,1.8177746150033975,6,78.615825787686,2.542966190633556
2023-07-25,East,22.68875655809852,24.26820737344789,31.775771280086726,2.740275402061471,94.90922599375136,14.424821622006348,1.205226111753456,0,1.4437976687735499,2.4972348653186613
2023-07-26,South,43.69052034335825,24.46423887703227,27.772625209446456,0.5043770605636839,90.53452638716878,4.819911426749089,1.193479818663775,0,57.87963932257628,6.223362379000626
2023-07-27,Central,43.950437288165645,25.70991575779265,18.435962669795444,2.6647869333545917,33.27296616473182,8.4832831358296,5.839234918065675,1,75.33210697098592,5.6014556897681205
2023-07-28,North,37.87527088881934,12.6719896593452,18.01450814011274,0.09712888395854004,88.97700699521084,6.397367261969292,8.834797665673653,8,10.068133703038573,9.364389659656855
2023-07-29,West,21.284589063409545,20.219355396400413,31.90691832075934,2.6860007573602442,53.54070632884145,10.826337827898087,10.68475929642405,1,61.344090221994854,8.458460934270162
2023-07-30,Central,41.026147632764065,10.41600011597383,36.39516250448437,3.992613776442245,30.15591737578043,24.906891479863532,6.814859774210433,6,46.619694368461296,3.97039176365254
2023-07-31,North,44.29578101585956,9.99684770133727,29.17881525001647,2.059128560927207,40.1641196936615,14.861482433655324,5.9545889435890675,2,21.778404765484083,5.7567265117025
2023-08-01,West,45.62986966379268,25.99133425492766,26.52186069031055,0.5371677887022609,27.08464092593528,12.719822519375525,4.646468914789047,9,63.76104592371349,3.7909469831604405
2023-08-02,East,42.46892127430197,25.862535465241766,28.000380986371937,4.764524997734682,35.17683202966954,17.171622216896136,3.6080795527392504,6,29.96641263530688,2.8079666307358053
2023-08-03,South,32.55851418876379,12.01245686054449,18.91411242837091,7.382718535038223,59.120802135033244,23.53806598662661,0.4024074556221806,8,20.00085267284919,6.497376222409759
2023-08-04,North,32.84525554591994,20.442396248451892,16.30020197978378,4.103294210425286,94.00225689596378,8.909753829639776,8.770561336623162,9,44.92634243793193,8.42831313354276
2023-08-05,Central,33.918564425482316,8.857716014984275,35.72628616134136,3.4665731406037605,84.10739477341323,24.207714547510115,0.8497874307313791,9,60.15210183253481,1.2699757917554393
2023-08-06,Central,33.268031943392074,16.157370494110005,36.1604309240383,2.2030823932136068,63.79287105847763,7.487768773403548,9.097001779059848,9,43.24120581721984,1.4429893591604
2023-08-07,West,34.399019611444935,11.239162284125658,33.83064592227235,4.460325577394729,48.63216877557964,25.43814397903356,8.565092014729293,5,91.0452749302898,1.3354777658852444
2023-08-08,Central,22.282492427585716,16.193510075866637,34.29080921072875,1.5078918487211603,27.074465460546985,25.005882681915438,11.849877991571418,2,90.00711811268224,7.314832111907465
2023-08-09,Central,42.809699870620506,20.759125426877777,20.34857043364962,3.4668373075906738,29.17778532120775,17.72594277957653,0.23974996549486116,3,36.9245323950403,4.136127961504837
2023-08-10,East,20.081136595415195,25.702898521981048,17.71809567722046,1.622387994327662,78.40168203619065,10.69916533551116,2.9142030144297673,10,21.137697853856142,7.380912488718953
2023-08-11,North,20.87008247889042,19.2918413789923,18.99982256299214,3.8437141537793904,64.75109622404237,12.427710642988172,0.987335821983955,7,90.02143815362791,3.005011314991777
2023-08-12,East,20.742204883113516,28.49279239764094,30.96718612616342,2.5147216234447933,33.88259584701773,24.390751981866714,11.194461514838018,3,41.66106041023868,1.0941596834166518
2023-08-13,Central,45.20458710500295,10.224164801939796,24.933158715902586,1.0399338253426422,87.939525561303,2.4710298668868615,6.167829264331651,8,31.062991514497874,6.983857107484289
2023-08-14,South,47.87225215672443,19.854919985124603,15.393671339433919,1.262721841241919,62.800847161508074,23.603896697295845,11.468283634591273,6,95.82603521090051,2.75118801617429
2023-08-15,North,28.32231741026925,27.95671813967964,38.761153326681196,5.198569182089661,86.10746686352334,3.9982754595549617,1.8642151680991152,9,49.27727431340938,6.006865667435929
2023-08-16,South,23.514392770396185,13.155688571643944,20.757328842923414,0.7416783096888421,81.82791305856787,24.465307946578886,3.959755250135311,1,87.42405368922323,4.904257575673193
2023-08-17,Central,20.53014024059224,24.95978197577425,15.107224733589673,1.3717502288372097,49.33562731034969,27.040469897668313,7.666820335624307,4,0.9192427816982818,9.015049365589432
2023-08-18,North,45.25134500495348,13.613689767063747,24.601589792273252,5.141294298398175,76.3015575311052,15.40356715216633,3.3049691083011834,8,5.476661153112428,1.3399897350782066
2023-08-19,South,30.01526742104531,29.50919060892186,20.32493187204107,0.11201271508883039,97.44057554004542,22.586767658887595,11.06212199795302,1,47.888102968571346,5.018053543368319
2023-08-20,South,33.78380080719171,24.652789305365467,24.225875289439212,0.010434525388396966,79.6061791609611,6.073354616540609,5.265465341713701,7,65.20903547869891,8.540564313025303
2023-08-21,West,30.506546413667987,22.372399989266917,38.45890980860031,2.0068049052262182,44.29263718015443,23.150692861732132,7.365583796283326,9,47.91084062625686,7.122654694636712
2023-08-22,North,45.398516905297726,27.207674981822436,30.52534044632924,11.919415223538275,68.20602975454462,21.086243548170465,4.211867416761784,2,47.389710553110966,8.907077820004194
2023-08-23,South,43.31072211240617,20.929062422770627,31.143816731409714,0.19393976193833548,56.60556278855542,3.442410112866644,2.5061869601807514,0,33.03096716516979,9.92139799848497
2023-08-24,North,45.09479025700287,14.42950268687931,37.089845157398,9.093780275646715,46.90056519836229,15.121169822602107,9.578150703191822,3,45.63017769935417,6.011696029447162
2023-08-25,West,32.03315488465807,14.996902220768298,17.83890473779323,3.31735531714862,45.74704710816932,22.984117841413617,9.515141607222873,8,83.35332041001199,4.108534401790898
2023-08-26,North,26.070024009790806,20.953325901837523,17.503894872363542,0.41569704970136934,58.614733800267146,2.7756889672240925,9.784908083066034,2,76.14437082854383,1.7279439283215097
2023-08-27,South,36.8576737241448,19.617426159748234,36.382449286305516,7.098212862124151,47.65561593945137,19.76556987411577,3.961274091285237,1,22.946899258850173,6.653929614665554
2023-08-28,South,25.912774898731445,27.976187585167423,18.979848790656593,0.18885336857956087,35.78150940304513,24.037164777925025,10.250953283160497,1,71.88000961389349,7.992945300766523
2023-08-29,West,29.106036425442067,19.922320604101873,33.35070352540261,,80.25693534020041,10.45033407781384,3.828387417415144,1,68.41466664868409,5.494563624062143
2023-08-30,East,46.46288601232476,19.236630688899844,20.222594911705194,3.8545297458981405,46.391304323135564,11.455950967167093,4.333692863468366,1,13.365658586671536,2.845500298174424
2023-08-31,Central,44.39051843186118,17.864334741138894,26.874807731038384,4.539078742135955,52.23443303068328,8.23385116190016,3.593232906372904,10,86.35158976709401,9.14337846093675
2023-09-01,Central,32.240508679038946,10.831086661923559,24.634841180786466,1.075770654284459,90.92362077385589,5.609346443476422,5.168136203788942,2,6.015078273647944,9.062786650242272
2023-09-02,South,28.980777556615994,10.652927431214192,17.58866006327688,1.250080445066365,73.34128547687976,28.735597960150756,0.31863021049388873,3,0.468491760789691,4.448235805570196
2023-09-03,North,36.207716099551135,22.693924631444034,31.784327591720025,7.55134784820149,92.80100830697482,21.10710280035911,3.0075859050800133,3,80.54144580656025,6.916005061070719
2023-09-04,East,41.36311360477406,18.093250114025402,36.36823454775886,1.7576684704469303,68.89632131610966,1.5811811149355481,3.063123894722108,8,64.80199400077154,7.927374986820201
2023-09-05,West,25.438901183823354,20.017058336223606,17.484826080943915,2.998216237524391,50.95510302486354,27.830108944888035,10.223817850663156,0,18.99674787128065,1.9161887605443948
2023-09-06,Central,45.39303898585151,28.39575884462582,23.939389883624838,2.3604934184353055,41.25345931699924,3.4651675890060774,8.329813361699618,4,72.4390929875543,8.604797500519872
2023-09-07,East,25.251109289851524,25.225319489710255,15.708766798658184,0.7961544817412687,85.23852458777478,27.721776637375424,3.1533313064704878,2,87.93080327594022,7.593604148149291
2023-09-08,West,37.08291639538667,16.34984270801613,20.897911631522987,2.087321789209239,57.77683732674875,13.553428648697873,4.351885130565096,8,17.643384915898285,5.694911059799074
2023-09-09,South,35.39558444541244,25.11461804239961,21.50917722419741,0.17730100887934397,,14.570306204420913,11.551910227948133,8,33.49279786955709,9.281085769294323
2023-09-10,West,29.210352250375323,29.421333758906243,35.42750996032701,0.6528091932356569,79.1609092346072,16.20174266504025,7.160371093526203,5,82.16656769017942,8.06704969866525
2023-09-11,East,35.71920712146154,11.594760322152883,33.803513147586486,7.1492079872471175,42.981792981073774,2.8122587433746995,8.392040162228833,3,76.2171217754278,5.43331036357287
2023-09-12,West,44.64204570985251,27.7297445840404,35.78752121543766,10.350824666959035,96.26032387572648,19.945826350669243,11.652308022875907,1,60.62324880768727,8.89732219588108
2023-09-13,North,29.252722616567283,15.793677508844263,17.012096314312334,0.08578154479226359,42.19565911670247,19.624870700122553,7.914923158885612,8,38.966608639112465,8.888337534285187
2023-09-14,East,44.78700195802564,24.18800135577013,18.32834997192346,1.549338958325091,,17.332827276481805,4.7994824079740255,2,41.55152485932435,6.582001559482112
2023-09-15,Central,21.754779465668413,22.948022524422143,22.601297886477205,10.965898014804697,36.06308944847034,26.633490328947584,4.596145692248026,10,43.24003105857069,8.975847280891953
2023-09-16,Central,34.94529569312717,23.556355107496145,33.60891892744902,5.0859123878857515,96.13840658013682,14.35295951989213,1.344387044883916,1,92.43892936609134,7.5737906739009455
2023-09-17,South,28.202218697104037,27.622194424497255,15.625658809648014,0.04989170665592883,43.35844476709008,21.316171289112926,1.2116402490675786,8,52.216972854443156,1.8693614518184813
2023-09-18,East,46.04998509923664,21.87052757771487,18.71911106990542,0.45693403259732357,62.62439205920112,10.178546141862316,4.5345495536818365,9,51.07107719554902,8.891944467539847
2023-09-19,North,21.32017085920379,12.195433576952855,27.441268048321895,5.34439376073327,51.92863050419043,27.73903830833536,5.03103098756636,10,36.64630772050075,7.751330482514833
2023-09-20,Central,20.52416758167918,22.716387549282032,15.600086381971607,4.558895585334408,90.98849630775476,27.96335962706585,7.883213075718729,7,63.88536341796165,3.986173682712082
2023-09-21,North,42.66765790519308,15.447715563906065,17.589147407505713,8.341432999944212,63.105344059521705,14.462816691289202,5.529036470989313,9,55.36984782007844,2.2785030972625986
2023-09-22,East,40.709630809501384,28.995836907527384,22.968211603799215,5.658114508321684,74.05362771307097,22.078645693571126,8.719377211677237,9,65.4405491323851,1.6725770175519101
2023-09-23,East,24.34268653739354,14.892087881796849,20.980854730088023,,41.02947955499491,6.996653489404685,1.2035592437771014,10,94.12233423943147,9.674339406923378
2023-09-24,North,46.37773615162608,13.303844687892088,24.0230880143815,3.1325919067002284,,19.30514231145041,3.7892159376549674,9,80.51389220662813,6.3352662270294084
2023-09-25,Central,44.46751868326549,8.34257018000749,33.893630558040115,1.2214800724565358,50.92033769064574,2.5519902203594045,10.8446804505118,5,6.283876689319623,1.5697562424947626
2023-09-26,South,26.802236765009685,26.96560306162368,20.43247833929939,0.5621961125674592,32.29499231996562,25.87752517310339,0.525662045331937,6,98.3364854062864,1.2224860537432205
2023-09-27,Central,39.16381589079121,28.15341741258548,30.644941181210193,0.01830746019147576,40.925184038840506,21.64728382106913,7.88990548482336,10,24.424341803701278,1.969436809376125
2023-09-28,West,31.998910932636093,9.488038412814866,37.02206964884639,0.5339004762905908,39.17182911057398,28.647109613674427,6.649537191520559,8,64.3332960560344,7.160138053538655
2023-09-29,West,35.70078799484059,17.12168177844432,22.615032367634207,3.657909895542484,32.89731343284914,23.346580537913912,0.72439721637951,7,62.06798031114129,2.8831547014658194
2023-09-30,East,42.148677902449805,17.208993121122184,16.235588636721495,2.0820041330977865,60.85293894525932,5.4904261317949885,1.5798123458020852,5,4.490922913975104,5.63616530077933
2023-10-01,South,37.6619288619938,25.606098843416934,30.782902110143592,6.286615369672207,47.74016656662289,14.024451337966052,3.4451607301305667,0,98.66097370970948,8.485729577694205
2023-10-02,West,22.634899934743753,15.56138122835967,32.91686955485439,1.592550708482696,61.09385495399756,16.27256467308535,1.2244936427731608,7,43.06607144651885,7.9122282462699385
2023-10-03,North,36.97248392475014,15.55454941949047,26.91325397713007,1.762842683250346,30.784130834530412,24.85403708537301,4.438451467880091,10,81.09067743869373,4.595190906989176
2023-10-04,Central,25.192286731351672,15.297907699544755,25.700989250287012,3.83818570495427,67.99529260304871,16.51189165080467,8.043529702641846,2,38.34235581938138,8.58016550907996
2023-10-05,South,32.481737454892986,17.442575811412784,33.65793718866139,11.089638275744667,71.11329810790723,14.300819549828015,8.799223650128647,5,37.368787038890176,3.783130593393135
2023-10-06,South,30.998841079855175,22.138571032516552,25.411762035626243,3.575950435896337,43.59721491019482,21.390001424796175,4.402887795222194,1,66.55055668503293,3.22325669957012
2023-10-07,South,22.342531079573654,29.30826095920362,15.118760440759749,1.0490430939997297,66.542666536056,19.265106249335993,10.586839477701492,7,34.1099465774553,7.783021750799683
2023-10-08,East,22.77494219167022,19.620006737718626,37.246753472679245,,47.223639801746955,22.46334700596547,10.49408723937353,3,43.015402514389365,5.471872765590362
2023-10-09,East,42.05619048451613,16.568694691997884,21.33020929150511,10.256703000622576,36.43626564393512,14.253797335342682,1.7214254559359787,7,47.510152795568786,9.530990211012353
2023-10-10,North,36.129552623893986,8.386879833221927,30.210982334633133,6.491537114997133,74.67751678085753,21.705115340117377,8.086082268411612,6,43.1471473846306,3.4338653366446446
2023-10-11,North,47.263707232677234,11.524656893498332,28.868688258416043,0.1387811687376704,85.97405099609927,29.133169693172064,3.2097766287714298,7,30.900023322436432,5.767345417876647
2023-10-12,East,46.639456894804916,28.857748755308336,27.831063373930945,1.1714945606259675,36.211387653351906,5.448354800682963,7.125976463313287,1,79.37710042449109,2.822714673522768
2023-10-13,West,25.337729383171876,13.714126551378275,21.16021518793384,3.704934540435459,89.8285395852778,1.5692121701949235,4.512850889909666,10,80.21496423715419,1.7222970541278615
2023-10-14,Central,43.95456300291418,12.438584572366437,33.50685579764645,5.356543323014465,68.69094159716416,17.121855909001265,6.820261685664404,6,77.72880915609161,2.6891884032377176
2023-10-15,Central,29.130177751592793,11.788830587941526,21.151877233896535,0.5118951529811011,81.44066585438054,4.753507333071989,7.536087251022696,7,2.0343337701734687,1.530869149199047
2023-10-16,South,24.81943079555559,20.938078007567665,38.474525546148,2.8945066688236993,75.60278357834785,4.951645288634127,1.8106760009003868,2,51.775832274019095,2.802962937491391
2023-10-17,North,32.648792337273164,16.688904243783835,29.00568419254681,3.3063834296508676,89.49079578383866,20.16406780574049,6.033787824756219,6,80.81241861400437,1.204681528315783
2023-10-18,West,27.98518141263999,20.84640444854806,34.2504007820765,0.5173073075927906,29.3602891497399,12.658923261740581,1.9713638226696486,6,0.6683423933247279,2.229450723013637
2023-10-19,Central,34.23898236047736,29.428285599579226,33.613720712788385,2.316754388234737,97.04236356686235,0.9760400815866654,2.1655275260828857,2,23.811206601792644,4.893979223746119
2023-10-20,South,38.13924405493118,9.640697993854745,39.20739986679078,0.012429215887643869,89.24502590098083,16.84872478921545,8.939496430998236,4,52.88746343563051,3.505803269097692
2023-10-21,South,28.49109735464255,10.963813217910543,28.306160955963012,4.808227745905201,28.16237838282429,7.331633981097142,10.965625752527743,8,37.88445444424535,3.959862519958611
2023-10-22,North,35.23609034018681,20.61917779103936,16.376217670074713,0.31876751366038847,43.429822169056436,13.013505124272163,5.295077029752837,9,78.76179006064943,2.5393008764767315
2023-10-23,Central,37.51988927114876,11.607086565958689,17.20148267373243,0.6324262992079676,64.0768856161501,1.1708302355538902,9.075672943743815,5,55.459501097462315,9.37900368342576
2023-10-24,Central,37.251755362498145,22.594488090925886,23.94246688558933,6.288125836906967,87.50900055782569,1.9054387064364786,6.908565731904926,10,69.83100973778782,9.057315324975864
2023-10-25,West,45.88599752080127,25.912249577693938,24.007509150369323,2.1363467645985126,47.79937089216489,5.74643855523573,10.521882560207034,4,3.006146333230819,3.9780308160371143
2023-10-26,North,38.16057769518605,24.010392808564063,20.433728949895922,,28.63551179902331,21.548928026178544,11.168846458387778,3,13.676899505137685,9.256298690497959
2023-10-27,North,29.31242859668234,14.982155129895304,38.1440611822703,4.251662694049199,81.93066033968923,23.699499640175794,10.032832552845864,10,50.76571116707708,4.95155544007622
2023-10-28,East,22.64700444178559,26.439893401251663,26.82804029235844,0.6531718205787852,56.68065698710096,10.312830314979916,11.07897014603198,7,82.387091550204,3.660304086885699
2023-10-29,Central,33.63024005737624,19.226897482608404,37.565963497787706,0.740964102998601,80.55432842920526,3.7674715533759184,2.9984264540884653,8,6.854984402010023,9.906813593822399
2023-10-30,East,36.12913878930523,25.228277691619887,16.37779360544904,4.305072023039233,48.764399569980355,28.09216892905229,3.4700316571118814,5,1.914295627407614,4.8683200547932115
2023-10-31,West,35.575761685408864,29.161335409525172,23.70411222813174,1.0880973738119715,84.76911424306951,23.615639638057775,7.040817242660936,4,64.78383595147892,1.7520754342881553
2023-11-01,South,35.40417945155747,18.234162083912935,23.989078099369955,2.33115331516305,51.35379046979152,4.946924008813918,9.606076794417547,3,45.60248768176392,6.250428453834734
2023-11-02,North,30.509720798348184,18.23133882899608,15.9418317263607,6.888939620784528,59.77864666839165,6.8082329798374985,1.0213510774067056,7,29.641678836122253,2.6353833067156955
2023-11-03,Central,46.81657089710826,13.482441373570802,31.188619743601937,1.2800455719764139,93.42346624810813,1.0941490929760378,3.851194005120596,8,14.696134080088541,6.527140211750669
2023-11-04,East,37.16282315561005,10.705032991612528,18.551141374911857,1.6772950756443392,35.80871631744309,27.026464101906356,3.900225512571556,9,29.408836340263434,1.4325504117533123
2023-11-05,South,26.22380546661444,24.171585775948213,23.667045282740972,1.5033306617872635,67.50004395166741,27.998541896509977,10.424680119619328,7,26.397406161323154,1.9968654696925607
2023-11-06,West,20.179177557165342,24.460673852278624,39.52619621980227,5.482285300245864,84.41045044777121,2.4867180214700237,8.940079313443439,2,5.314706444050687,3.8132925977884007
2023-11-07,Central,35.96489826848864,18.874703241567826,38.25341497671897,1.5497848911727292,75.46662256018384,4.406904998325004,7.808423970096666,2,60.0621624863148,6.546944711398844
2023-11-08,Central,40.89795219199793,24.64923428423531,21.535022252290215,1.931206272416284,56.13764521677635,6.159236252974125,2.2362076479019053,4,85.49020230117081,6.815478940234094
2023-11-09,North,23.06566450390823,13.361080184416643,22.874063342628716,3.245746180550979,83.58328486186859,5.42755114318712,6.2880297159914145,6,72.69662182644902,6.828433783414026
2023-11-10,North,33.0558601327638,8.076312040934114,28.507610115832772,2.862366043984847,59.98370330219314,28.21708719418253,0.11061834741178833,1,61.7446138560762,5.591344367568404
2023-11-11,East,47.218741847107204,8.718211415392954,22.14847328687788,,72.00267965058222,7.839604447278315,2.4878870322885644,7,29.961045775172977,3.975933107792151
2023-11-12,East,33.84041692851618,20.28473329284201,33.142772457017756,,,11.245769646593597,9.623529458499176,5,52.702761778605975,8.859132632863382
2023-11-13,West,43.899203868949016,9.123778861213045,29.17776252468056,1.7505796261280608,29.19500831407494,2.0611106263542633,7.860342261509118,0,27.378973851553233,5.066773473296472
2023-11-14,South,23.937723858573715,26.248311740769164,26.81440004808508,2.4506806076916003,39.93335442932328,18.85355500280409,6.565738090885754,9,15.11877650043687,8.044153086717365
2023-11-15,West,32.65627316156715,23.701841068005297,38.93474919565381,1.8956044957701825,59.12686491708333,7.980196357804297,10.119089150621187,9,9.432923618764388,5.245964280117081
2023-11-16,Central,29.895197206302925,27.263472044087948,20.436976764980216,6.141417037516622,90.25448462573218,7.356041509836744,5.301565838196057,9,8.355555562091531,8.720859024741163
2023-11-17,East,20.791144622258912,23.15095057062395,36.463992631064514,3.107435311353163,34.619972892277254,29.313709966842787,3.36156330903305,0,46.37007057722915,1.2519651354841108
2023-11-18,West,34.59167461329871,9.362365224042897,33.17931466044247,17.55730828299127,48.109648577930216,1.1573847281987182,10.063810990172765,3,72.05811641589426,3.4142480792339076
2023-11-19,West,31.16466029976395,15.039833800891591,20.029540729765444,2.7208293137721435,49.10046972540789,5.613141785380204,3.635217340509369,6,46.85414276031952,8.02034806558716
2023-11-20,North,37.12665076118695,15.852768245816181,19.62133693113489,8.856058437347485,81.81756737215096,15.395842246829247,10.270331236379114,9,59.24158153506072,7.221974859850792
2023-11-21,West,35.30163502966329,20.769344341933923,29.43778879666582,3.410680731082576,64.69210398189695,16.86780782712047,7.958350560577401,3,56.63175045922932,9.16391012168087
2023-11-22,South,32.69713438991261,29.181379288363026,17.00121571869002,8.951125833969614,55.3644160644989,21.391526672643828,7.577211857119728,4,30.604425989234084,6.329103100825208
2023-11-23,West,22.830564683701912,24.937280576300033,27.020659399898836,4.364047703574639,29.57507994962257,6.273364563266037,0.9569258353525365,5,92.06336276679093,9.600476175926566
2023-11-24,South,32.395242001125744,13.546800607936618,23.42995539459085,0.5145998228894471,95.84443979987411,11.821583823278623,5.728911068719713,4,73.57429974377771,9.236229060845393
2023-11-25,South,47.19025203279763,10.144679750702693,36.26540832060318,0.39494361181863336,83.92268356745973,8.615432593196958,4.480291909665475,5,72.24212587769968,9.33719141748006
2023-11-26,Central,27.679073364954128,27.735459843173516,29.920211153460457,5.781305351132985,29.10996096553157,25.03484479541519,11.12602050436237,8,50.71944718644864,6.532402246403205
2023-11-27,West,30.778989526117634,20.732424249201195,31.00468527914345,4.60516868440784,28.388429159453285,10.79410309701214,0.14957316418337863,2,18.975737523959157,9.011178069813326
2023-11-28,East,43.56119129864367,11.195685047036568,23.169097010313237,2.3960231892421087,,7.833635148360996,7.236224942417046,6,43.00078137352209,4.868036920746825
2023-11-29,Central,34.561213699622634,26.40098496945957,20.412986117585515,2.2448549393555264,28.71194458387631,18.504769204310975,4.945327322714242,7,22.407621095312578,9.773228264855115
2023-11-30,North,20.057161351427958,21.914504486506218,28.422196635006486,4.324461990069005,79.09654131662893,3.225377634540733,9.658432226160578,10,18.92794004521008,2.4961863115759186
2023-12-01,West,35.105239654833674,27.571541525644804,38.61894650949162,3.2423491428104967,39.97122975433873,25.46876462214811,10.011439116363949,8,10.105559369797312,3.690572165158464
2023-12-02,Central,44.41641772255332,24.749623662461246,29.87677643151899,0.9051056280211996,89.33397885526236,8.371080429695857,5.569872383672381,6,26.77573928699709,5.607740175984656
2023-12-03,North,39.33040207988147,19.464477443950265,15.484767021964691,,69.55947617346976,24.72036940360133,1.9165807454594441,2,67.4331588675347,9.650723786020794
2023-12-04,Central,41.20094115986533,20.403668094650268,39.093282898613126,4.85894360716282,60.45001292473635,29.74131086693573,2.4532481703292324,9,77.4458173044738,6.201239410020758
2023-12-05,Central,21.07146939744571,19.51242059919463,35.8438657769173,4.216806130336682,33.184696153939385,0.6397549772723388,8.68740134976789,2,93.4887477296717,1.5633150189070353
2023-12-06,Central,25.016989572535067,9.202643169808606,37.08836874257213,2.5882722663412188,34.52848607630096,5.7591654266092664,9.87617811225039,3,49.53318896684876,6.560123365476857
2023-12-07,South,36.38471122170556,28.563591401863928,26.313250217710443,11.64748419379062,33.84673159075004,22.402647864411076,4.3989447133507085,6,65.59943132905741,9.580005834286212
2023-12-08,West,24.28639342431577,29.727701798904416,37.40706985468391,0.043643173417981365,40.459816776556764,2.4848802090465227,4.395076603686723,3,94.45567491201652,4.8951159130481265
2023-12-09,North,41.108360534389796,14.696791746343301,21.476625345162685,4.794452983895508,32.60408686514668,13.393630081406727,2.0146174773198533,4,67.19445553216477,3.711209962883024
2023-12-10,West,26.35347223891112,26.02733776130172,35.04001848182624,16.218792202914447,48.429478747739736,4.51671262809863,7.888819079817358,1,71.08373756477326,6.3913232760325425
2023-12-11,Central,28.90453389159453,29.94604330598463,30.313105822044776,3.5741062145255316,84.28621220552802,14.092608435991336,1.4435015414104102,5,78.0625005085949,7.1560125650473
2023-12-12,South,21.16635601805033,8.427035468293111,38.815055269152566,3.5987954279079886,35.695258294235984,0.376973057146327,8.439676052962714,8,24.408459976113562,4.6287389509843475
2023-12-13,East,31.93507960615544,15.09097483662245,22.408179657050436,6.317412270759794,46.851868497274076,4.516285507527316,7.17746856331041,1,77.28637688606433,1.6886838439979384
2023-12-14,Central,27.16021782038333,20.539188010264123,18.087628666926467,0.09686367312085911,57.83004348919649,8.248648040259521,9.727189031529615,7,89.1972941054479,4.364534856022039
2023-12-15,East,20.928861101250302,16.67718089427179,32.92510450075318,0.4912008731745759,69.81027199666848,5.93663536027674,7.182305277804316,10,6.623523251430397,5.384020001692697
2023-12-16,South,23.748876472020626,29.292032223807524,39.651974968524556,7.474551554795443,42.32543835260702,10.840509560418761,2.4876839822165895,6,90.75886715886303,5.674280738908151
2023-12-17,South,30.987430341715342,12.219590332903618,18.64547640348875,4.2790488903775055,69.8194569926202,4.347652431558959,6.942900683467526,10,30.234633088326913,7.307716181961794
2023-12-18,East,29.583824484813594,16.64654153485428,17.543897774351244,16.217853534910287,38.4204124776363,24.624018117675895,10.858767782151599,3,86.00075702519025,1.1480747431655263
2023-12-19,South,44.10479266369504,24.126057435309605,25.76678825827279,2.092639105140451,70.80046563491845,15.607778112091768,9.50845485277512,3,5.026004641832715,8.951364014778363
2023-12-20,East,28.47835269441206,25.53340377218703,33.00691800613336,2.369495665655214,82.56416380924529,9.304856541388428,2.0546610055354595,3,92.40422121237327,6.452707126665517
2023-12-21,South,31.62622862033586,10.222005840306588,29.91526549540233,4.360443562090569,26.689284799232706,8.855736998950295,1.120278247274956,3,31.776821149260748,5.761291576931918
2023-12-22,East,31.440267413127792,12.85725668319077,38.50244031305067,0.7970128191470364,93.33492781708489,7.319257721188373,11.507895627574166,3,77.28748775824212,2.4512176511356776
2023-12-23,East,36.77018241035269,10.906293387498502,35.231275836388754,1.3589769666885974,77.03066065562446,15.157082458155745,8.951411392803191,8,8.809475717247484,2.0889270083854115
2023-12-24,West,45.27752812877807,19.00046092825457,29.315087668223278,7.87499707294851,94.34246494154046,15.936399632425225,9.928470020050145,4,80.9307524971864,6.031718814734491
2023-12-25,South,38.88938864190869,19.71553957601616,24.02793219129236,6.497400707361629,44.32091122048944,29.747191872143915,10.803560125811089,3,35.11707461978416,7.455362039735838
2023-12-26,West,43.47487671369797,24.21904474987749,35.88300565611166,3.3858437726747104,93.4981738646725,18.870435927551817,5.6031432757414805,5,89.10802131191477,7.860882603244101
2023-12-27,West,25.239382057002057,27.21891833442557,27.207196724858715,1.7770916739831384,58.11036206621642,15.942504652434577,10.488888429097084,5,51.54107884255124,6.138764200180216
2023-12-28,East,43.504672765699596,11.024149147495095,36.877883219976596,4.045083313039513,36.066003804006925,1.1488042070778048,1.5675381729428852,2,90.81200813550684,4.193578671973843
2023-12-29,Central,39.60432614145775,19.66315982119299,30.013730332425588,0.7574645670172344,78.82155241818944,16.500677724985433,4.067147579356177,10,51.83668099270635,2.2741705793295144
2023-12-30,East,28.257461132613855,18.573001115972584,32.678811179555524,2.2706617220594496,75.71256505662859,14.848152774104088,4.097468881098508,0,87.03324602922254,6.095853732390274
